{
    "code": 0,
    "message": "OK",
    "ttl": 1,
    "data": {
        "config": {
            "id": 106,
            "type": "weekly_selected",
            "number": 102,
            "subject": "课堂叫醒服务",
            "stime": 1614268800,
            "etime": 1614873599,
            "status": 2,
            "name": "2021第102期 02.26 - 03.04",
            "label": "第102期(0305更新)",
            "hint": "",
            "color": 0,
            "cover": "",
            "share_title": "课堂叫醒服务 | B站每周必看第102期",
            "share_subtitle": "汤老师在线发问！你怎么睡得着的？！",
            "media_id": 1195119888
        },
        "reminder": "每周五晚18:00更新",
        "list": [
            {
                "aid": 331959279,
                "videos": 1,
                "tid": 22,
                "tname": "鬼畜调教",
                "copyright": 1,
                "pic": "http://i2.hdslb.com/bfs/archive/f45513c6c9ef202823c49d6f3406e5ed43a724d1.jpg",
                "title": "课 堂 叫 醒 服 务",
                "pubdate": 1614675612,
                "ctime": 1614675618,
                "desc": "长按点赞按钮可以三连这个知识点我都讲了多少遍了！你们没有学过啊！？去弹幕和评论区罚抄！\n\nBGM：JAWS",
                "state": 0,
                "duration": 101,
                "mission_id": 16440,
                "rights": {
                    "bp": 0,
                    "elec": 0,
                    "download": 0,
                    "movie": 0,
                    "pay": 0,
                    "hd5": 0,
                    "no_reprint": 1,
                    "autoplay": 1,
                    "ugc_pay": 0,
                    "is_cooperation": 0,
                    "ugc_pay_preview": 0,
                    "no_background": 0,
                    "arc_pay": 0,
                    "pay_free_watch": 0
                },
                "owner": {
                    "mid": 16054375,
                    "name": "自动鬼畜中的WZ",
                    "face": "https://i1.hdslb.com/bfs/face/e83f7de7928cdab9c628aa7b4da1045f2803574f.jpg"
                },
                "stat": {
                    "aid": 331959279,
                    "view": 30195930,
                    "danmaku": 18904,
                    "reply": 13179,
                    "favorite": 770375,
                    "coin": 737474,
                    "share": 693151,
                    "now_rank": 0,
                    "his_rank": 1,
                    "like": 1594178,
                    "dislike": 0,
                    "vt": 0,
                    "vv": 30195930,
                    "fav_g": 0,
                    "like_g": 0
                },
                "dynamic": "自从用了这个视频当铃声，哎~再也不怕上课睡着了！",
                "cid": 305165767,
                "dimension": {
                    "width": 1920,
                    "height": 1080,
                    "rotate": 0
                },
                "season_id": 1755939,
                "short_link_v2": "https://b23.tv/BV16A411K7Cn",
                "cover43": "",
                "tidv2": 2059,
                "tnamev2": "鬼畜调教",
                "pid_v2": 1007,
                "pid_name_v2": "鬼畜",
                "bvid": "BV16A411K7Cn",
                "season_type": 0,
                "is_ogv": false,
                "ogv_info": null,
                "enable_vt": 0,
                "ai_rcmd": null,
                "rcmd_reason": "别骂了别骂了！醒了！"
            },
            {
                "aid": 416927818,
                "videos": 1,
                "tid": 205,
                "tname": "社会",
                "copyright": 1,
                "pic": "http://i0.hdslb.com/bfs/archive/398d115eaa8fb68b4ead347b113c4195b34c29c1.jpg",
                "title": "你可能对人民法院 一 无 所 知",
                "pubdate": 1614335644,
                "ctime": 1614335644,
                "desc": "探秘法院“一站式”建设~",
                "state": 0,
                "duration": 286,
                "rights": {
                    "bp": 0,
                    "elec": 0,
                    "download": 0,
                    "movie": 0,
                    "pay": 0,
                    "hd5": 1,
                    "no_reprint": 1,
                    "autoplay": 1,
                    "ugc_pay": 0,
                    "is_cooperation": 0,
                    "ugc_pay_preview": 0,
                    "no_background": 0,
                    "arc_pay": 0,
                    "pay_free_watch": 0
                },
                "owner": {
                    "mid": 2026561407,
                    "name": "吃花椒的喵酱",
                    "face": "https://i0.hdslb.com/bfs/face/cb49e8804447945761979822437f76a9eabce318.jpg"
                },
                "stat": {
                    "aid": 416927818,
                    "view": 8423075,
                    "danmaku": 22850,
                    "reply": 25646,
                    "favorite": 92401,
                    "coin": 298661,
                    "share": 31413,
                    "now_rank": 0,
                    "his_rank": 2,
                    "like": 725234,
                    "dislike": 0,
                    "vt": 0,
                    "vv": 8423075,
                    "fav_g": 0,
                    "like_g": 0
                },
                "dynamic": "“法官”小王上线！",
                "cid": 303252831,
                "dimension": {
                    "width": 1920,
                    "height": 1080,
                    "rotate": 0
                },
                "short_link_v2": "https://b23.tv/BV1uV411v71R",
                "cover43": "",
                "tidv2": 2095,
                "tnamev2": "其他知识杂谈",
                "pid_v2": 1010,
                "pid_name_v2": "知识",
                "bvid": "BV1uV411v71R",
                "season_type": 0,
                "is_ogv": false,
                "ogv_info": null,
                "enable_vt": 0,
                "ai_rcmd": null,
                "rcmd_reason": "奇迹冰冰法官套装上新啦"
            },
            {
                "aid": 416939374,
                "videos": 2,
                "tid": 22,
                "tname": "鬼畜调教",
                "copyright": 1,
                "pic": "http://i2.hdslb.com/bfs/archive/0a178d053a3cf3bc649251703b72487569d265b6.jpg",
                "title": "陈冠希《借钱》单曲feat.周杰伦",
                "pubdate": 1614571210,
                "ctime": 1614521714,
                "desc": "素材来自：@霸王龙的小胳膊\n感泄：@谁叫我是耳机侠  的帮助，我对你敬礼啊\n原曲：demons part 2\n编曲：Young Taylor\n又有新歌循环了奥？",
                "state": 0,
                "duration": 236,
                "mission_id": 15860,
                "rights": {
                    "bp": 0,
                    "elec": 0,
                    "download": 0,
                    "movie": 0,
                    "pay": 0,
                    "hd5": 1,
                    "no_reprint": 1,
                    "autoplay": 1,
                    "ugc_pay": 0,
                    "is_cooperation": 0,
                    "ugc_pay_preview": 0,
                    "no_background": 0,
                    "arc_pay": 0,
                    "pay_free_watch": 0
                },
                "owner": {
                    "mid": 40966108,
                    "name": "倒悬的橘子",
                    "face": "https://i1.hdslb.com/bfs/face/440968b6694576e931ed4ec61d699029d82bcbaa.jpg"
                },
                "stat": {
                    "aid": 416939374,
                    "view": 3866963,
                    "danmaku": 4101,
                    "reply": 4278,
                    "favorite": 83207,
                    "coin": 181995,
                    "share": 55071,
                    "now_rank": 0,
                    "his_rank": 4,
                    "like": 239177,
                    "dislike": 0,
                    "vt": 0,
                    "vv": 3866963,
                    "fav_g": 0,
                    "like_g": 0
                },
                "dynamic": "",
                "cid": 304372952,
                "dimension": {
                    "width": 1920,
                    "height": 1080,
                    "rotate": 0
                },
                "short_link_v2": "https://b23.tv/BV13V411v7pV",
                "cover43": "",
                "tidv2": 2059,
                "tnamev2": "鬼畜调教",
                "pid_v2": 1007,
                "pid_name_v2": "鬼畜",
                "bvid": "BV13V411v7pV",
                "season_type": 0,
                "is_ogv": false,
                "ogv_info": null,
                "enable_vt": 0,
                "ai_rcmd": null,
                "rcmd_reason": "顶级音乐都在鬼畜区系列"
            },
            {
                "aid": 756959550,
                "videos": 1,
                "tid": 85,
                "tname": "小剧场",
                "copyright": 1,
                "pic": "http://i2.hdslb.com/bfs/archive/d06c1931b23ad7ddc326caf88ce0bfbf19e7293c.jpg",
                "title": "沙画还原经典 告别吴孟达",
                "pubdate": 1614679804,
                "ctime": 1614679804,
                "desc": "巅峰不迷恋，谷底不自怜。」\n他是一个一辈子充当绿叶来衬托红花的演员。\n是一个香港影坛黄金年代的标志之一。\n他不是任何人的配角，\n他是吴孟达。\n他是真正的无冕之王。",
                "state": 0,
                "duration": 276,
                "rights": {
                    "bp": 0,
                    "elec": 0,
                    "download": 0,
                    "movie": 0,
                    "pay": 0,
                    "hd5": 1,
                    "no_reprint": 1,
                    "autoplay": 1,
                    "ugc_pay": 0,
                    "is_cooperation": 0,
                    "ugc_pay_preview": 0,
                    "no_background": 0,
                    "arc_pay": 0,
                    "pay_free_watch": 0
                },
                "owner": {
                    "mid": 9452089,
                    "name": "方浪浪",
                    "face": "https://i1.hdslb.com/bfs/face/2ad26bd94b673eeb0d107dfc715a1bd7dd302cb4.jpg"
                },
                "stat": {
                    "aid": 756959550,
                    "view": 1746848,
                    "danmaku": 6288,
                    "reply": 3293,
                    "favorite": 52211,
                    "coin": 241650,
                    "share": 10297,
                    "now_rank": 0,
                    "his_rank": 5,
                    "like": 204545,
                    "dislike": 0,
                    "vt": 0,
                    "vv": 1746848,
                    "fav_g": 0,
                    "like_g": 0
                },
                "dynamic": "",
                "cid": 305113319,
                "dimension": {
                    "width": 2720,
                    "height": 1530,
                    "rotate": 0
                },
                "short_link_v2": "https://b23.tv/BV1Cr4y1A7TL",
                "cover43": "",
                "tidv2": 2037,
                "tnamev2": "同人动画",
                "pid_v2": 1005,
                "pid_name_v2": "二次元",
                "bvid": "BV1Cr4y1A7TL",
                "season_type": 0,
                "is_ogv": false,
                "ogv_info": null,
                "enable_vt": 0,
                "ai_rcmd": null,
                "rcmd_reason": "打开弹幕泪崩"
            },
            {
                "aid": 459398529,
                "videos": 1,
                "tid": 17,
                "tname": "单机游戏",
                "copyright": 1,
                "pic": "http://i2.hdslb.com/bfs/archive/607aa1575559261e28d4f8dfbdc100efa2ad6b18.jpg",
                "title": "10年前幻想的梦终于实现了！被贝克汉姆点名！",
                "pubdate": 1614509411,
                "ctime": 1614498285,
                "desc": "一瞬间，梦回少年时，感谢贝克汉姆！每一个小小的梦都有着大大的可能。上集：BV13h41117fT\n希望贺炜老师的话能成为指引你走出阴霾的灯塔。\n贺炜解说出自：2014-澳大利亚0-3西班牙的比赛结束阶段。",
                "state": 0,
                "duration": 287,
                "mission_id": 16177,
                "rights": {
                    "bp": 0,
                    "elec": 0,
                    "download": 0,
                    "movie": 0,
                    "pay": 0,
                    "hd5": 0,
                    "no_reprint": 1,
                    "autoplay": 1,
                    "ugc_pay": 0,
                    "is_cooperation": 0,
                    "ugc_pay_preview": 0,
                    "no_background": 0,
                    "arc_pay": 0,
                    "pay_free_watch": 0
                },
                "owner": {
                    "mid": 280127123,
                    "name": "_YMJ_",
                    "face": "https://i2.hdslb.com/bfs/face/36056e8a072010c54b99482960a24ac670d3ae21.jpg"
                },
                "stat": {
                    "aid": 459398529,
                    "view": 2093184,
                    "danmaku": 3202,
                    "reply": 6392,
                    "favorite": 47481,
                    "coin": 93914,
                    "share": 12157,
                    "now_rank": 0,
                    "his_rank": 6,
                    "like": 199603,
                    "dislike": 0,
                    "vt": 0,
                    "vv": 2093184,
                    "fav_g": 0,
                    "like_g": 0
                },
                "dynamic": "",
                "cid": 304247143,
                "dimension": {
                    "width": 1920,
                    "height": 1080,
                    "rotate": 0
                },
                "short_link_v2": "https://b23.tv/BV1k5411N77n",
                "cover43": "",
                "tidv2": 2141,
                "tnamev2": "体育赛事",
                "pid_v2": 1018,
                "pid_name_v2": "体育运动",
                "bvid": "BV1k5411N77n",
                "season_type": 0,
                "is_ogv": false,
                "ogv_info": null,
                "enable_vt": 0,
                "ai_rcmd": null,
                "rcmd_reason": "把热爱做到极致的结果"
            },
            {
                "aid": 756885743,
                "videos": 1,
                "tid": 124,
                "tname": "社科·法律·心理",
                "copyright": 1,
                "pic": "http://i1.hdslb.com/bfs/archive/40969031a8f72f8f88fb72626161892d4d284326.jpg",
                "title": "【罗翔】3月1日之后，这些行为就变成犯罪行为了！",
                "pubdate": 1614853511,
                "ctime": 1614853511,
                "desc": "3月1日之后，刑法修正案（十一）正式施行，有哪些行为开始变成犯罪了呢？最新的刑法修正案是扩张了刑罚权还是限缩了刑罚权呢？",
                "state": 0,
                "duration": 536,
                "rights": {
                    "bp": 0,
                    "elec": 0,
                    "download": 0,
                    "movie": 0,
                    "pay": 0,
                    "hd5": 1,
                    "no_reprint": 1,
                    "autoplay": 1,
                    "ugc_pay": 0,
                    "is_cooperation": 0,
                    "ugc_pay_preview": 0,
                    "no_background": 0,
                    "arc_pay": 0,
                    "pay_free_watch": 0
                },
                "owner": {
                    "mid": 517327498,
                    "name": "罗翔说刑法",
                    "face": "https://i1.hdslb.com/bfs/face/4e5d0a51273fe3f8fabc700b6a71bb8a38c9e21e.jpg"
                },
                "stat": {
                    "aid": 756885743,
                    "view": 3858983,
                    "danmaku": 32186,
                    "reply": 9057,
                    "favorite": 33929,
                    "coin": 94932,
                    "share": 13498,
                    "now_rank": 0,
                    "his_rank": 2,
                    "like": 355450,
                    "dislike": 0,
                    "vt": 0,
                    "vv": 3858983,
                    "fav_g": 0,
                    "like_g": 0
                },
                "dynamic": "3月1日之后，刑法修正案（十一）正式施行，有哪些行为开始变成犯罪了呢？",
                "cid": 305927138,
                "dimension": {
                    "width": 1920,
                    "height": 1080,
                    "rotate": 0
                },
                "short_link_v2": "https://b23.tv/BV18r4y1A7Uv",
                "pub_location": "北京",
                "cover43": "",
                "tidv2": 2088,
                "tnamev2": "社会观察",
                "pid_v2": 1010,
                "pid_name_v2": "知识",
                "bvid": "BV18r4y1A7Uv",
                "season_type": 0,
                "is_ogv": false,
                "ogv_info": null,
                "enable_vt": 0,
                "ai_rcmd": null,
                "rcmd_reason": "张二竟是我自己"
            },
            {
                "aid": 374387065,
                "videos": 1,
                "tid": 31,
                "tname": "翻唱",
                "copyright": 1,
                "pic": "http://i1.hdslb.com/bfs/archive/589cc7b6e15237075681dc536522e0b31e556bfc.jpg",
                "title": "【黄龄】浴室玩耍时间，永不失联的爱～",
                "pubdate": 1614769219,
                "ctime": 1614769226,
                "desc": "永不失联的爱",
                "state": 0,
                "duration": 246,
                "rights": {
                    "bp": 0,
                    "elec": 0,
                    "download": 0,
                    "movie": 0,
                    "pay": 0,
                    "hd5": 1,
                    "no_reprint": 1,
                    "autoplay": 1,
                    "ugc_pay": 0,
                    "is_cooperation": 0,
                    "ugc_pay_preview": 0,
                    "no_background": 0,
                    "arc_pay": 0,
                    "pay_free_watch": 0
                },
                "owner": {
                    "mid": 345630501,
                    "name": "黄龄",
                    "face": "https://i0.hdslb.com/bfs/face/b83ec09ae2451cda72d276ac95a37d10f4be52dd.jpg"
                },
                "stat": {
                    "aid": 374387065,
                    "view": 3266599,
                    "danmaku": 7323,
                    "reply": 6372,
                    "favorite": 32003,
                    "coin": 85511,
                    "share": 12696,
                    "now_rank": 0,
                    "his_rank": 28,
                    "like": 206164,
                    "dislike": 0,
                    "vt": 0,
                    "vv": 3266599,
                    "fav_g": 0,
                    "like_g": 1
                },
                "dynamic": "浴室版《永不失联的爱》",
                "cid": 305425315,
                "dimension": {
                    "width": 1920,
                    "height": 1080,
                    "rotate": 0
                },
                "short_link_v2": "https://b23.tv/BV12Z4y1A7P5",
                "cover43": "",
                "tidv2": 2020,
                "tnamev2": "翻唱",
                "pid_v2": 1003,
                "pid_name_v2": "音乐",
                "bvid": "BV12Z4y1A7P5",
                "season_type": 0,
                "is_ogv": false,
                "ogv_info": null,
                "enable_vt": 0,
                "ai_rcmd": null,
                "rcmd_reason": "开口跪！这怎么舍得失联？"
            },
            {
                "aid": 204417195,
                "videos": 1,
                "tid": 17,
                "tname": "单机游戏",
                "copyright": 1,
                "pic": "http://i1.hdslb.com/bfs/archive/6413ed6bc1919d91e0341666872f27235bd48477.jpg",
                "title": "这游戏太抽象了！",
                "pubdate": 1614916802,
                "ctime": 1614916811,
                "desc": "游戏：《GOROGOA》",
                "state": 0,
                "duration": 1491,
                "rights": {
                    "bp": 0,
                    "elec": 0,
                    "download": 0,
                    "movie": 0,
                    "pay": 0,
                    "hd5": 0,
                    "no_reprint": 1,
                    "autoplay": 1,
                    "ugc_pay": 0,
                    "is_cooperation": 0,
                    "ugc_pay_preview": 0,
                    "no_background": 0,
                    "arc_pay": 0,
                    "pay_free_watch": 0
                },
                "owner": {
                    "mid": 546195,
                    "name": "老番茄",
                    "face": "http://i0.hdslb.com/bfs/face/bc5ca101313d4db223c395d64779e76eb3482d60.jpg"
                },
                "stat": {
                    "aid": 204417195,
                    "view": 4724421,
                    "danmaku": 16878,
                    "reply": 4883,
                    "favorite": 66789,
                    "coin": 124594,
                    "share": 18809,
                    "now_rank": 0,
                    "his_rank": 2,
                    "like": 350872,
                    "dislike": 0,
                    "vt": 0,
                    "vv": 4724421,
                    "fav_g": 16,
                    "like_g": 20
                },
                "dynamic": "",
                "cid": 305995983,
                "dimension": {
                    "width": 1920,
                    "height": 1080,
                    "rotate": 0
                },
                "short_link_v2": "https://b23.tv/BV1Bh411k7fg",
                "cover43": "",
                "tidv2": 2079,
                "tnamev2": "其他游戏",
                "pid_v2": 1008,
                "pid_name_v2": "游戏",
                "bvid": "BV1Bh411k7fg",
                "season_type": 0,
                "is_ogv": false,
                "ogv_info": null,
                "enable_vt": 0,
                "ai_rcmd": null,
                "rcmd_reason": "这游戏简直像极了我上数学课"
            },
            {
                "aid": 714478140,
                "videos": 1,
                "tid": 31,
                "tname": "翻唱",
                "copyright": 1,
                "pic": "http://i1.hdslb.com/bfs/archive/e9610a1409c55ac735034ff2873d1b2d0ef99c9e.jpg",
                "title": "【翻唱表演】迪士尼在逃公主？for the first time in forever",
                "pubdate": 1614347080,
                "ctime": 1614347080,
                "desc": "上个视频好多小伙伴说我唱歌很烂我不是我没有呜呜呜。唱英文歌比中文歌好一丢丢（大概）不要骂我！！！！！",
                "state": 0,
                "duration": 79,
                "rights": {
                    "bp": 0,
                    "elec": 0,
                    "download": 0,
                    "movie": 0,
                    "pay": 0,
                    "hd5": 1,
                    "no_reprint": 1,
                    "autoplay": 1,
                    "ugc_pay": 0,
                    "is_cooperation": 0,
                    "ugc_pay_preview": 0,
                    "no_background": 0,
                    "arc_pay": 0,
                    "pay_free_watch": 0
                },
                "owner": {
                    "mid": 324529831,
                    "name": "朝烟今天唱歌了没",
                    "face": "https://i1.hdslb.com/bfs/face/cd490d3e3b57a6e0317affdf4769339919e35b38.jpg"
                },
                "stat": {
                    "aid": 714478140,
                    "view": 7833798,
                    "danmaku": 4491,
                    "reply": 8186,
                    "favorite": 65836,
                    "coin": 99536,
                    "share": 22011,
                    "now_rank": 0,
                    "his_rank": 41,
                    "like": 418227,
                    "dislike": 0,
                    "vt": 0,
                    "vv": 7833798,
                    "fav_g": 0,
                    "like_g": 4
                },
                "dynamic": "",
                "cid": 303358825,
                "dimension": {
                    "width": 1920,
                    "height": 1080,
                    "rotate": 0
                },
                "short_link_v2": "https://b23.tv/BV1xX4y1V7Hu",
                "cover43": "",
                "tidv2": 2020,
                "tnamev2": "翻唱",
                "pid_v2": 1003,
                "pid_name_v2": "音乐",
                "bvid": "BV1xX4y1V7Hu",
                "season_type": 0,
                "is_ogv": false,
                "ogv_info": null,
                "enable_vt": 0,
                "ai_rcmd": null,
                "rcmd_reason": "这妹妹吃可爱多长大的嘛？"
            },
            {
                "aid": 629301039,
                "videos": 1,
                "tid": 47,
                "tname": "同人·手书",
                "copyright": 1,
                "pic": "http://i0.hdslb.com/bfs/archive/f0882d20aebbc973136796475e5d76afb1d6082d.jpg",
                "title": "【warma】沃玛的生活更新！我家的蜘蛛变多了！【沃玛的生活/第四期】",
                "pubdate": 1614312003,
                "ctime": 1614312025,
                "desc": "第一期：BV1ak4y1B7aG\n第二期：BV1eA411Y7FN\n第三期：BV1sz4y1y7KJ\n\n脚本/绘画/配音/动画：warma\n这是一个以我平时发呆的时候想到的一些灵感组成的冷笑话合集，名字叫《沃玛的生活》，可以当作日常搞笑单元小动画来看。\n这次是我最喜欢的一期！应该是100%温馨的小动画~这次主要是小蜘蛛和沃玛的故事啦！\n如果你喜欢这个系列的话请点赞投币收藏一键三连给我一些继续制作的动力吧，我真的非常非常需要更多的动力！\n祝看得开心~\n我的微博：@_warma_",
                "state": 0,
                "duration": 374,
                "mission_id": 15940,
                "rights": {
                    "bp": 0,
                    "elec": 0,
                    "download": 0,
                    "movie": 0,
                    "pay": 0,
                    "hd5": 0,
                    "no_reprint": 1,
                    "autoplay": 1,
                    "ugc_pay": 0,
                    "is_cooperation": 0,
                    "ugc_pay_preview": 0,
                    "no_background": 0,
                    "arc_pay": 0,
                    "pay_free_watch": 0
                },
                "owner": {
                    "mid": 53456,
                    "name": "Warma",
                    "face": "https://i2.hdslb.com/bfs/face/87c0b7e4d3eedf04c458a82b9271013beaa4bc59.jpg"
                },
                "stat": {
                    "aid": 629301039,
                    "view": 5277171,
                    "danmaku": 23926,
                    "reply": 7461,
                    "favorite": 147226,
                    "coin": 376801,
                    "share": 16190,
                    "now_rank": 0,
                    "his_rank": 4,
                    "like": 517878,
                    "dislike": 0,
                    "vt": 0,
                    "vv": 5277171,
                    "fav_g": 242,
                    "like_g": 193
                },
                "dynamic": "我终于肝完啦！这是我最喜欢的一期，100%温馨（大概）",
                "cid": 302961710,
                "dimension": {
                    "width": 1920,
                    "height": 1080,
                    "rotate": 0
                },
                "season_id": 149917,
                "short_link_v2": "https://b23.tv/BV1bb4y1R7zF",
                "cover43": "",
                "tidv2": 2037,
                "tnamev2": "同人动画",
                "pid_v2": 1005,
                "pid_name_v2": "二次元",
                "bvid": "BV1bb4y1R7zF",
                "season_type": 0,
                "is_ogv": false,
                "ogv_info": null,
                "enable_vt": 0,
                "ai_rcmd": null,
                "rcmd_reason": "新概念互动视频！沃玛总是充满惊喜"
            },
            {
                "aid": 844442834,
                "videos": 1,
                "tid": 230,
                "tname": "软件应用",
                "copyright": 1,
                "pic": "http://i1.hdslb.com/bfs/archive/74833f602a791e9f6f1b14c5ab65e46366061aa4.jpg",
                "title": "这10个设置，让你的电脑用起来更加干净舒服",
                "pubdate": 1614823212,
                "ctime": 1614823219,
                "desc": "调整英文用户名：开启Administator管理员帐户代码net user administrator /active:yes\n电源卓越性能模式代码：powercfg -duplicatescheme e9a42b02-d5df-448d-aa00-03f14749eb61\nall in one runtimes官网下载：https://www.computerbase.de/downloads/systemtools/all-in-one-runtimes/",
                "state": 0,
                "duration": 800,
                "rights": {
                    "bp": 0,
                    "elec": 0,
                    "download": 0,
                    "movie": 0,
                    "pay": 0,
                    "hd5": 1,
                    "no_reprint": 1,
                    "autoplay": 1,
                    "ugc_pay": 0,
                    "is_cooperation": 0,
                    "ugc_pay_preview": 0,
                    "no_background": 0,
                    "arc_pay": 0,
                    "pay_free_watch": 0
                },
                "owner": {
                    "mid": 338748561,
                    "name": "喵喵折-好物清单",
                    "face": "https://i0.hdslb.com/bfs/face/422c9ccf56a652b059df8a8346a63be890203c49.jpg"
                },
                "stat": {
                    "aid": 844442834,
                    "view": 1971171,
                    "danmaku": 5386,
                    "reply": 3995,
                    "favorite": 145913,
                    "coin": 89801,
                    "share": 12844,
                    "now_rank": 0,
                    "his_rank": 12,
                    "like": 127429,
                    "dislike": 0,
                    "vt": 0,
                    "vv": 1971171,
                    "fav_g": 0,
                    "like_g": 0
                },
                "dynamic": "",
                "cid": 305941674,
                "dimension": {
                    "width": 3840,
                    "height": 2160,
                    "rotate": 0
                },
                "short_link_v2": "https://b23.tv/BV1954y1h7y3",
                "cover43": "",
                "tidv2": 2099,
                "tnamev2": "电脑",
                "pid_v2": 1012,
                "pid_name_v2": "科技数码",
                "bvid": "BV1954y1h7y3",
                "season_type": 0,
                "is_ogv": false,
                "ogv_info": null,
                "enable_vt": 0,
                "ai_rcmd": null,
                "rcmd_reason": "亲测有效！省心~"
            },
            {
                "aid": 714378932,
                "videos": 1,
                "tid": 138,
                "tname": "搞笑",
                "copyright": 1,
                "pic": "http://i1.hdslb.com/bfs/archive/33b789dae333ddc961b0a23b166ab900532c12a6.jpg",
                "title": "《奔跑吧！铁子》",
                "pubdate": 1614772425,
                "ctime": 1614772425,
                "desc": "希望观众老爷喜欢这个系列！\n（希望你们喜欢，记得素质三连！）",
                "state": 0,
                "duration": 449,
                "mission_id": 16438,
                "rights": {
                    "bp": 0,
                    "elec": 0,
                    "download": 0,
                    "movie": 0,
                    "pay": 0,
                    "hd5": 0,
                    "no_reprint": 1,
                    "autoplay": 1,
                    "ugc_pay": 0,
                    "is_cooperation": 0,
                    "ugc_pay_preview": 0,
                    "no_background": 0,
                    "arc_pay": 0,
                    "pay_free_watch": 0
                },
                "owner": {
                    "mid": 5970160,
                    "name": "小潮院长",
                    "face": "https://i1.hdslb.com/bfs/face/834eb0de8d2f470bf03e4ea92831b14f3824c863.jpg"
                },
                "stat": {
                    "aid": 714378932,
                    "view": 16716606,
                    "danmaku": 45605,
                    "reply": 8299,
                    "favorite": 129040,
                    "coin": 253669,
                    "share": 27623,
                    "now_rank": 0,
                    "his_rank": 1,
                    "like": 752272,
                    "dislike": 0,
                    "vt": 0,
                    "vv": 16716606,
                    "fav_g": 931,
                    "like_g": 881
                },
                "dynamic": "《奔跑吧！铁子》",
                "cid": 305555816,
                "dimension": {
                    "width": 1920,
                    "height": 1080,
                    "rotate": 0
                },
                "short_link_v2": "https://b23.tv/BV1XX4y1G7Zi",
                "cover43": "",
                "tidv2": 2207,
                "tnamev2": "随拍·综合",
                "pid_v2": 1032,
                "pid_name_v2": "其他",
                "bvid": "BV1XX4y1G7Zi",
                "season_type": 0,
                "is_ogv": false,
                "ogv_info": null,
                "enable_vt": 0,
                "ai_rcmd": null,
                "rcmd_reason": "最喜欢撕名牌了！"
            },
            {
                "aid": 671941882,
                "videos": 2,
                "tid": 76,
                "tname": "美食制作",
                "copyright": 1,
                "pic": "http://i2.hdslb.com/bfs/archive/59d56eeca3e5cfbdd56507f4ca5cf388e2117b7d.jpg",
                "title": "金拱门你欺人太甚！！！！",
                "pubdate": 1614846608,
                "ctime": 1614772854,
                "desc": "PS:不是广告！没有恰饭！\n麦麦虐我千百遍，我待麦麦如初恋",
                "state": 0,
                "duration": 428,
                "mission_id": 16490,
                "rights": {
                    "bp": 0,
                    "elec": 0,
                    "download": 0,
                    "movie": 0,
                    "pay": 0,
                    "hd5": 1,
                    "no_reprint": 1,
                    "autoplay": 1,
                    "ugc_pay": 0,
                    "is_cooperation": 1,
                    "ugc_pay_preview": 0,
                    "no_background": 0,
                    "arc_pay": 0,
                    "pay_free_watch": 0
                },
                "owner": {
                    "mid": 1420982,
                    "name": "黑猫厨房",
                    "face": "https://i2.hdslb.com/bfs/face/4d3af34f4b4f4b17910cb759a1cee0fbd1de1a92.jpg"
                },
                "stat": {
                    "aid": 671941882,
                    "view": 3575052,
                    "danmaku": 5791,
                    "reply": 3155,
                    "favorite": 29092,
                    "coin": 145448,
                    "share": 11951,
                    "now_rank": 0,
                    "his_rank": 6,
                    "like": 284905,
                    "dislike": 0,
                    "vt": 0,
                    "vv": 3575052,
                    "fav_g": 2,
                    "like_g": 1
                },
                "dynamic": "不是广告！没有恰饭！\n【我麻麻和麦当当的恩怨情仇】",
                "cid": 305953505,
                "dimension": {
                    "width": 3412,
                    "height": 1920,
                    "rotate": 0
                },
                "short_link_v2": "https://b23.tv/BV1wU4y1p7p8",
                "cover43": "",
                "tidv2": 2149,
                "tnamev2": "美食制作",
                "pid_v2": 1020,
                "pid_name_v2": "美食",
                "bvid": "BV1wU4y1p7p8",
                "season_type": 0,
                "is_ogv": false,
                "ogv_info": null,
                "enable_vt": 0,
                "ai_rcmd": null,
                "rcmd_reason": "提问！是宝宝可爱还是妈妈可爱？"
            },
            {
                "aid": 886909620,
                "videos": 1,
                "tid": 183,
                "tname": "影视剪辑",
                "copyright": 1,
                "pic": "http://i1.hdslb.com/bfs/archive/94a8e21192b58db3cac4f597385dfd182961f658.jpg",
                "title": "【温客行】过于疯魔 我都要以为他是反派了!",
                "pubdate": 1614750262,
                "ctime": 1614750262,
                "desc": "bgm：囍 - 葛东琪\n单人安利向，莫名觉得这首bgm太配了～\n红衣白发封神 高光名场面 疯批美人 古装男神",
                "state": 0,
                "duration": 92,
                "mission_id": 16279,
                "rights": {
                    "bp": 0,
                    "elec": 0,
                    "download": 0,
                    "movie": 0,
                    "pay": 0,
                    "hd5": 1,
                    "no_reprint": 1,
                    "autoplay": 1,
                    "ugc_pay": 0,
                    "is_cooperation": 0,
                    "ugc_pay_preview": 0,
                    "no_background": 0,
                    "arc_pay": 0,
                    "pay_free_watch": 0
                },
                "owner": {
                    "mid": 12855280,
                    "name": "颜值爆表啦",
                    "face": "https://i1.hdslb.com/bfs/face/ade5b2b07eb95266499d5b959b8c5042dbe7138c.jpg"
                },
                "stat": {
                    "aid": 886909620,
                    "view": 6151439,
                    "danmaku": 17687,
                    "reply": 17247,
                    "favorite": 131681,
                    "coin": 114416,
                    "share": 38191,
                    "now_rank": 0,
                    "his_rank": 28,
                    "like": 265074,
                    "dislike": 0,
                    "vt": 0,
                    "vv": 6151439,
                    "fav_g": 0,
                    "like_g": 0
                },
                "dynamic": " #影视剪辑# #影视混剪# #龚俊#",
                "cid": 305418387,
                "dimension": {
                    "width": 1920,
                    "height": 1080,
                    "rotate": 0
                },
                "short_link_v2": "https://b23.tv/BV17K4y1J7JN",
                "up_from_v2": 9,
                "cover43": "",
                "tidv2": 2002,
                "tnamev2": "影视剪辑",
                "pid_v2": 1001,
                "pid_name_v2": "影视",
                "bvid": "BV17K4y1J7JN",
                "season_type": 0,
                "is_ogv": false,
                "ogv_info": null,
                "enable_vt": 0,
                "ai_rcmd": null,
                "rcmd_reason": "绝了绝了！我接受安利"
            },
            {
                "aid": 671777774,
                "videos": 1,
                "tid": 17,
                "tname": "单机游戏",
                "copyright": 1,
                "pic": "http://i0.hdslb.com/bfs/archive/55cc96ceeeb5d54c16d2e0082c8c895a432fd287.jpg",
                "title": "天王吟咒，怪鸟赋诗【龙崎黑神话解析02】",
                "pubdate": 1614591017,
                "ctime": 1614591018,
                "desc": "",
                "state": 0,
                "duration": 1333,
                "mission_id": 16177,
                "rights": {
                    "bp": 0,
                    "elec": 0,
                    "download": 0,
                    "movie": 0,
                    "pay": 0,
                    "hd5": 1,
                    "no_reprint": 1,
                    "autoplay": 1,
                    "ugc_pay": 0,
                    "is_cooperation": 0,
                    "ugc_pay_preview": 0,
                    "no_background": 0,
                    "arc_pay": 0,
                    "pay_free_watch": 0
                },
                "owner": {
                    "mid": 4564056,
                    "name": "龙崎棒棒糖",
                    "face": "https://i0.hdslb.com/bfs/face/74b6d0663e92c0595c40033a1f3495aff7d27f4b.jpg"
                },
                "stat": {
                    "aid": 671777774,
                    "view": 2287923,
                    "danmaku": 11678,
                    "reply": 9180,
                    "favorite": 44409,
                    "coin": 119736,
                    "share": 9666,
                    "now_rank": 0,
                    "his_rank": 7,
                    "like": 157024,
                    "dislike": 0,
                    "vt": 0,
                    "vv": 2287923,
                    "fav_g": 0,
                    "like_g": 0
                },
                "dynamic": "",
                "cid": 301051268,
                "dimension": {
                    "width": 1920,
                    "height": 1080,
                    "rotate": 0
                },
                "season_id": 609412,
                "short_link_v2": "https://b23.tv/BV19U4y1W7PH",
                "cover43": "",
                "tidv2": 2066,
                "tnamev2": "单机主机类游戏",
                "pid_v2": 1008,
                "pid_name_v2": "游戏",
                "bvid": "BV19U4y1W7PH",
                "season_type": 0,
                "is_ogv": false,
                "ogv_info": null,
                "enable_vt": 0,
                "ai_rcmd": null,
                "rcmd_reason": "你对国产游戏的文化考究一无所知"
            },
            {
                "aid": 844384077,
                "videos": 1,
                "tid": 213,
                "tname": "美食测评",
                "copyright": 1,
                "pic": "http://i0.hdslb.com/bfs/archive/f6a9d62b6bfba890629c64bf4c826a6f34d01110.jpg",
                "title": "小伙再战皇帝蟹，做巨无霸甲壳烧，吃一口满满的幸福感",
                "pubdate": 1614499203,
                "ctime": 1614499204,
                "desc": "这个视频存了好久了，上次预告后一直被催，所以藏不住了，期待三连，感谢感谢",
                "state": 0,
                "duration": 659,
                "mission_id": 15844,
                "rights": {
                    "bp": 0,
                    "elec": 0,
                    "download": 0,
                    "movie": 0,
                    "pay": 0,
                    "hd5": 0,
                    "no_reprint": 1,
                    "autoplay": 1,
                    "ugc_pay": 0,
                    "is_cooperation": 0,
                    "ugc_pay_preview": 0,
                    "no_background": 0,
                    "arc_pay": 0,
                    "pay_free_watch": 0
                },
                "owner": {
                    "mid": 476704454,
                    "name": "小文哥吃吃吃",
                    "face": "https://i2.hdslb.com/bfs/face/a70aa74915d9e1e3282312b2b6759bc4aae1ed18.jpg"
                },
                "stat": {
                    "aid": 844384077,
                    "view": 13719478,
                    "danmaku": 19808,
                    "reply": 4082,
                    "favorite": 56215,
                    "coin": 313877,
                    "share": 35168,
                    "now_rank": 0,
                    "his_rank": 1,
                    "like": 577707,
                    "dislike": 0,
                    "vt": 0,
                    "vv": 13719478,
                    "fav_g": 114,
                    "like_g": 89
                },
                "dynamic": "十几斤的巨大皇帝蟹来了，绝了 #皇帝蟹# #螃蟹#",
                "cid": 303334590,
                "dimension": {
                    "width": 1920,
                    "height": 1080,
                    "rotate": 0
                },
                "season_id": 317544,
                "short_link_v2": "https://b23.tv/BV1454y1h7Sh",
                "pub_location": "福建",
                "cover43": "",
                "tidv2": 2149,
                "tnamev2": "美食制作",
                "pid_v2": 1020,
                "pid_name_v2": "美食",
                "bvid": "BV1454y1h7Sh",
                "season_type": 0,
                "is_ogv": false,
                "ogv_info": null,
                "enable_vt": 0,
                "ai_rcmd": null,
                "rcmd_reason": "8分40秒体验入口即化"
            },
            {
                "aid": 971965138,
                "videos": 1,
                "tid": 201,
                "tname": "科学科普",
                "copyright": 1,
                "pic": "http://i0.hdslb.com/bfs/archive/ddd186ad15307c386f4926b1cdca21cca220ca45.jpg",
                "title": "【医学博士】脖子酸痛？测测你是否有颈椎病 I 颈椎病会瘫?",
                "pubdate": 1614504679,
                "ctime": 1614504679,
                "desc": "点赞15W咱们更新头痛、减肥干货、工作细胞《杂菌篇》《Black篇》、HPV疫苗、猫爪病...（装备强化我尽力争取...） 肯定不能鸽！\n大家还有什么有关颜值方面的问题，尽管在评论区提，让咱们把《颜知》这个系列做下去！十分感谢大家的支持！\n您可能还喜欢：\n【工作细胞】：BV1Jz4y1U7WU\n【科学减肥】：BV1mt4y1z7B9\n【科学失忆】：BV1iv41147gQ\n【考研复习】：BV1iv411r7Ez\n【眼泪齁咸】：BV1cX4y1L7nq\n本期部分BGM：BV1oa4y1s71b",
                "state": 0,
                "duration": 461,
                "mission_id": 15975,
                "rights": {
                    "bp": 0,
                    "elec": 0,
                    "download": 0,
                    "movie": 0,
                    "pay": 0,
                    "hd5": 1,
                    "no_reprint": 1,
                    "autoplay": 1,
                    "ugc_pay": 0,
                    "is_cooperation": 0,
                    "ugc_pay_preview": 0,
                    "no_background": 0,
                    "arc_pay": 0,
                    "pay_free_watch": 0
                },
                "owner": {
                    "mid": 7788379,
                    "name": "兔叭咯",
                    "face": "https://i1.hdslb.com/bfs/face/7ab577c36aac95d53f03c9b6f92ea24ab1edfe98.jpg"
                },
                "stat": {
                    "aid": 971965138,
                    "view": 1959313,
                    "danmaku": 5271,
                    "reply": 2781,
                    "favorite": 45065,
                    "coin": 56831,
                    "share": 19354,
                    "now_rank": 0,
                    "his_rank": 10,
                    "like": 151563,
                    "dislike": 0,
                    "vt": 0,
                    "vv": 1959313,
                    "fav_g": 0,
                    "like_g": 1
                },
                "dynamic": "来了！来了！我想问我呢大家你有没有脖子酸痛的经历？这点千万不能小瞧！绝对的干货满满！建议转发收藏！",
                "cid": 746968758,
                "dimension": {
                    "width": 1920,
                    "height": 1080,
                    "rotate": 0
                },
                "season_id": 102,
                "short_link_v2": "https://b23.tv/BV16p4y1H7sH",
                "first_frame": "http://i0.hdslb.com/bfs/storyff/n220614a211kc7bbvbdi0ia5pxba9s4n_firsti.jpg",
                "cover43": "",
                "tidv2": 2179,
                "tnamev2": "健康科普",
                "pid_v2": 1026,
                "pid_name_v2": "医疗保健",
                "bvid": "BV16p4y1H7sH",
                "season_type": 0,
                "is_ogv": false,
                "ogv_info": null,
                "enable_vt": 0,
                "ai_rcmd": null,
                "rcmd_reason": "干货！自救必备"
            },
            {
                "aid": 204393373,
                "videos": 1,
                "tid": 47,
                "tname": "同人·手书",
                "copyright": 1,
                "pic": "http://i1.hdslb.com/bfs/archive/0271598683e3dde4cc8b5b30f582622c1ff1357c.jpg",
                "title": "💣💥 两只可莉爱跳舞 💥 💣",
                "pubdate": 1614729605,
                "ctime": 1614729610,
                "desc": "大家好(。・∀・)ノ我是新人up主Arice_夜声，感谢大家的收看\n\n素材灵感来源：原神角色 可莉 小可爱\n动作转描参考:  原版为ぱにぽにだっしゅ! op2的动作，后有布卡娘的翻版流传出来。\n\n如果喜欢这个视频不要忘记点一个小小的赞哟 喜欢我的小伙伴可以关注我鸭ο(=•ω＜=)ρ⌒☆ 谢谢大家的支持",
                "state": 0,
                "duration": 128,
                "mission_id": 16348,
                "rights": {
                    "bp": 0,
                    "elec": 0,
                    "download": 0,
                    "movie": 0,
                    "pay": 0,
                    "hd5": 1,
                    "no_reprint": 1,
                    "autoplay": 1,
                    "ugc_pay": 0,
                    "is_cooperation": 0,
                    "ugc_pay_preview": 0,
                    "no_background": 0,
                    "arc_pay": 0,
                    "pay_free_watch": 0
                },
                "owner": {
                    "mid": 17033341,
                    "name": "Arice_夜声",
                    "face": "https://i1.hdslb.com/bfs/face/4aa4c65a994a8cbf09336db665c75b035e91d0c3.jpg"
                },
                "stat": {
                    "aid": 204393373,
                    "view": 4777159,
                    "danmaku": 3856,
                    "reply": 3315,
                    "favorite": 152849,
                    "coin": 192009,
                    "share": 35851,
                    "now_rank": 0,
                    "his_rank": 8,
                    "like": 368431,
                    "dislike": 0,
                    "vt": 0,
                    "vv": 4777159,
                    "fav_g": 0,
                    "like_g": 4
                },
                "dynamic": "～两只可莉爱跳舞～你的可莉小可爱已经上线(*≧ω≦)#原神#可莉",
                "cid": 305174809,
                "dimension": {
                    "width": 1920,
                    "height": 1080,
                    "rotate": 0
                },
                "short_link_v2": "https://b23.tv/BV1Hh411k7uF",
                "cover43": "",
                "tidv2": 2037,
                "tnamev2": "同人动画",
                "pid_v2": 1005,
                "pid_name_v2": "二次元",
                "bvid": "BV1Hh411k7uF",
                "season_type": 0,
                "is_ogv": false,
                "ogv_info": null,
                "enable_vt": 0,
                "ai_rcmd": null,
                "rcmd_reason": "awsl！可莉跳舞好可爱"
            },
            {
                "aid": 971965215,
                "videos": 1,
                "tid": 253,
                "tname": "动漫杂谈",
                "copyright": 1,
                "pic": "http://i1.hdslb.com/bfs/archive/77ee99551db80afe0a69f490c3d8717a6fe2020b.jpg",
                "title": "你管这叫自相矛盾？【阅片无数动漫篇23】",
                "pubdate": 1614780004,
                "ctime": 1614780005,
                "desc": "第二是二期BV1vo4y197Lc：花了一天把所有角色认出来了\n第二十一期BV1cV411B7RY：我佛了！孙悟空竟然还打过变形金刚\n第二十期BV1wV411b715：这才是大人该看的二次元英语书\n第十九期BV1ri4y1F7Rg：我麻了! 这动画太离谱了\n更多生活中的凉风请参见→微博@凉风Kaze\n另外一些不适合在视频解答的题，之后会放在微博",
                "state": 0,
                "duration": 699,
                "rights": {
                    "bp": 0,
                    "elec": 0,
                    "download": 0,
                    "movie": 0,
                    "pay": 0,
                    "hd5": 1,
                    "no_reprint": 1,
                    "autoplay": 1,
                    "ugc_pay": 0,
                    "is_cooperation": 0,
                    "ugc_pay_preview": 0,
                    "no_background": 0,
                    "arc_pay": 0,
                    "pay_free_watch": 0
                },
                "owner": {
                    "mid": 14110780,
                    "name": "凉风Kaze",
                    "face": "https://i1.hdslb.com/bfs/face/e0cc906bb531195e9ee9f3b575effdd2b056eaea.jpg"
                },
                "stat": {
                    "aid": 971965215,
                    "view": 3317964,
                    "danmaku": 21784,
                    "reply": 4765,
                    "favorite": 23758,
                    "coin": 75153,
                    "share": 3832,
                    "now_rank": 0,
                    "his_rank": 4,
                    "like": 310002,
                    "dislike": 0,
                    "vt": 0,
                    "vv": 3317964,
                    "fav_g": 0,
                    "like_g": 0
                },
                "dynamic": "佛了！本期#阅片无数#动漫篇带你们看看这奇怪的教科书插图",
                "cid": 305222610,
                "dimension": {
                    "width": 1920,
                    "height": 1080,
                    "rotate": 0
                },
                "season_id": 175,
                "short_link_v2": "https://b23.tv/BV16p4y1H7YF",
                "pub_location": "上海",
                "cover43": "",
                "tidv2": 2042,
                "tnamev2": "动漫评论",
                "pid_v2": 1005,
                "pid_name_v2": "二次元",
                "bvid": "BV16p4y1H7YF",
                "season_type": 0,
                "is_ogv": false,
                "ogv_info": null,
                "enable_vt": 0,
                "ai_rcmd": null,
                "rcmd_reason": "3分35秒高能！"
            },
            {
                "aid": 844425881,
                "videos": 1,
                "tid": 230,
                "tname": "软件应用",
                "copyright": 1,
                "pic": "http://i2.hdslb.com/bfs/archive/18a89266a7335dedb446a2e6ce01da797d787e8c.jpg",
                "title": "你的C盘怎么又满了？刚买电脑这5款软件必须安装上！windows电脑清理|卸载|电脑死机|截图",
                "pubdate": 1614328877,
                "ctime": 1614328877,
                "desc": "这是windows软件推荐的第02期；\n--\n这期视频推荐了5款必装软件：\n1️⃣cleanmypc：全方面电脑文件垃圾满理\n2️⃣geek：最轻便且卸载最干禪淨的卸载软件\n3️⃣snipaste：最轻便的多功能截图小工具\n4️⃣utools：集成多种办公小插件\n5️⃣SpaceSniffer：对C盘等磁盘空问进行优化；\n--\n软件下载：\n关注公众号【小周的成长手记】即可下载所有windows软件；",
                "state": 0,
                "duration": 72,
                "mission_id": 16212,
                "rights": {
                    "bp": 0,
                    "elec": 0,
                    "download": 0,
                    "movie": 0,
                    "pay": 0,
                    "hd5": 1,
                    "no_reprint": 1,
                    "autoplay": 1,
                    "ugc_pay": 0,
                    "is_cooperation": 0,
                    "ugc_pay_preview": 0,
                    "no_background": 0,
                    "arc_pay": 0,
                    "pay_free_watch": 0
                },
                "owner": {
                    "mid": 88243794,
                    "name": "人类行为设计师-小周",
                    "face": "https://i0.hdslb.com/bfs/face/188e3be95fd50b48682a2ddfe6e6b19acc3507f6.jpg"
                },
                "stat": {
                    "aid": 844425881,
                    "view": 3334724,
                    "danmaku": 1147,
                    "reply": 3731,
                    "favorite": 514080,
                    "coin": 115526,
                    "share": 18691,
                    "now_rank": 0,
                    "his_rank": 4,
                    "like": 332559,
                    "dislike": 0,
                    "vt": 0,
                    "vv": 3334724,
                    "fav_g": 0,
                    "like_g": 1
                },
                "dynamic": "5款电脑必装的软件（第02期），你安装了哪一款？\n软件下载链接在评论区。",
                "cid": 303187674,
                "dimension": {
                    "width": 1080,
                    "height": 1920,
                    "rotate": 0
                },
                "season_id": 201302,
                "short_link_v2": "https://b23.tv/BV1z54y1h7iG",
                "cover43": "",
                "tidv2": 2099,
                "tnamev2": "电脑",
                "pid_v2": 1012,
                "pid_name_v2": "科技数码",
                "bvid": "BV1z54y1h7iG",
                "season_type": 0,
                "is_ogv": false,
                "ogv_info": null,
                "enable_vt": 0,
                "ai_rcmd": null,
                "rcmd_reason": "拯救被内存逼疯的你"
            },
            {
                "aid": 756912569,
                "videos": 1,
                "tid": 253,
                "tname": "动漫杂谈",
                "copyright": 1,
                "pic": "http://i0.hdslb.com/bfs/archive/bf9c72066ee21c5414ac048121dc202cf19d1c82.jpg",
                "title": "新番时光机！十年前的观众都在看什么神片？「2011年1月新番导视」",
                "pubdate": 1614417449,
                "ctime": 1614417449,
                "desc": "新番时光机，回顾十年前的日本动画！第二期为2011年1月\n求三连求三连求三连求三连求三连求三连求三连求三连求三连求三连求三连求三连",
                "state": 0,
                "duration": 579,
                "rights": {
                    "bp": 0,
                    "elec": 0,
                    "download": 0,
                    "movie": 0,
                    "pay": 0,
                    "hd5": 0,
                    "no_reprint": 1,
                    "autoplay": 1,
                    "ugc_pay": 0,
                    "is_cooperation": 0,
                    "ugc_pay_preview": 0,
                    "no_background": 0,
                    "arc_pay": 0,
                    "pay_free_watch": 0
                },
                "owner": {
                    "mid": 63231,
                    "name": "泛式",
                    "face": "https://i0.hdslb.com/bfs/face/2608aaa45309c77ac88fbfaa40e160b8c7892985.jpg"
                },
                "stat": {
                    "aid": 756912569,
                    "view": 3626985,
                    "danmaku": 27493,
                    "reply": 8419,
                    "favorite": 43509,
                    "coin": 90973,
                    "share": 5443,
                    "now_rank": 0,
                    "his_rank": 6,
                    "like": 254703,
                    "dislike": 0,
                    "vt": 0,
                    "vv": 3626985,
                    "fav_g": 0,
                    "like_g": 22
                },
                "dynamic": "泛式队长，回忆更新！",
                "cid": 303703175,
                "dimension": {
                    "width": 1920,
                    "height": 1080,
                    "rotate": 0
                },
                "season_id": 21183,
                "short_link_v2": "https://b23.tv/BV16r4y1A7w4",
                "pub_location": "上海",
                "cover43": "",
                "tidv2": 2042,
                "tnamev2": "动漫评论",
                "pid_v2": 1005,
                "pid_name_v2": "二次元",
                "bvid": "BV16r4y1A7w4",
                "season_type": 0,
                "is_ogv": false,
                "ogv_info": null,
                "enable_vt": 0,
                "ai_rcmd": null,
                "rcmd_reason": "十年前动画味儿也太冲了"
            },
            {
                "aid": 714271644,
                "videos": 1,
                "tid": 208,
                "tname": "校园学习",
                "copyright": 1,
                "pic": "http://i0.hdslb.com/bfs/archive/493cc0256b183b9499800c50720da310924a40a3.jpg",
                "title": "教你如何打完游戏后只用15秒就进入学习状态",
                "pubdate": 1614335418,
                "ctime": 1614317610,
                "desc": "*这期的录音是在凌晨录的状态不太好，请见谅哇（嘤\n\n纯纯的学习干货来了！\n比之前更辛苦的一期，如果对你有用的话给个三连吧嘿嘿！",
                "state": 0,
                "duration": 436,
                "mission_id": 15975,
                "rights": {
                    "bp": 0,
                    "elec": 0,
                    "download": 0,
                    "movie": 0,
                    "pay": 0,
                    "hd5": 0,
                    "no_reprint": 1,
                    "autoplay": 1,
                    "ugc_pay": 0,
                    "is_cooperation": 0,
                    "ugc_pay_preview": 0,
                    "no_background": 0,
                    "arc_pay": 0,
                    "pay_free_watch": 0
                },
                "owner": {
                    "mid": 106685726,
                    "name": "二二酸酸",
                    "face": "https://i2.hdslb.com/bfs/face/fbcd640668be54fd4cc09489c74bb772cd207663.jpg"
                },
                "stat": {
                    "aid": 714271644,
                    "view": 2686368,
                    "danmaku": 34466,
                    "reply": 4179,
                    "favorite": 182607,
                    "coin": 103242,
                    "share": 15397,
                    "now_rank": 0,
                    "his_rank": 17,
                    "like": 210722,
                    "dislike": 0,
                    "vt": 0,
                    "vv": 2686368,
                    "fav_g": 40,
                    "like_g": 26
                },
                "dynamic": "学习是要搞的！游戏也是要打的！\n两个我都要！",
                "cid": 303017010,
                "dimension": {
                    "width": 1920,
                    "height": 1080,
                    "rotate": 0
                },
                "season_id": 61757,
                "short_link_v2": "https://b23.tv/BV1QX4y157mJ",
                "cover43": "",
                "tidv2": 2095,
                "tnamev2": "其他知识杂谈",
                "pid_v2": 1010,
                "pid_name_v2": "知识",
                "bvid": "BV1QX4y157mJ",
                "season_type": 0,
                "is_ogv": false,
                "ogv_info": null,
                "enable_vt": 0,
                "ai_rcmd": null,
                "rcmd_reason": "结果满屏的晚安？"
            },
            {
                "aid": 671986012,
                "videos": 4,
                "tid": 172,
                "tname": "手机游戏",
                "copyright": 1,
                "pic": "http://i0.hdslb.com/bfs/archive/c527e7faae1be576615af8de48ce44c9d6a863b8.jpg",
                "title": "《原神》角色演示-「胡桃：生人勿近」",
                "pubdate": 1614571210,
                "ctime": 1614338234,
                "desc": "往生堂重要的仪式，人人都该敬而远之。\n既然你们不「识趣」，那就给你们一点「有趣」的惩罚吧！\n\nCV：\n胡桃——陶典\n李丁——安志\n李当——化身伊陆\n\n《原神》bilibili服下载地址：\nhttp://www.biligame.com/detail/?id=103496",
                "state": 0,
                "duration": 402,
                "rights": {
                    "bp": 0,
                    "elec": 0,
                    "download": 0,
                    "movie": 0,
                    "pay": 0,
                    "hd5": 0,
                    "no_reprint": 1,
                    "autoplay": 1,
                    "ugc_pay": 0,
                    "is_cooperation": 0,
                    "ugc_pay_preview": 0,
                    "no_background": 0,
                    "arc_pay": 0,
                    "pay_free_watch": 0
                },
                "owner": {
                    "mid": 401742377,
                    "name": "原神",
                    "face": "https://i2.hdslb.com/bfs/face/853c4a846793dfbdafd8f16a40d6d8065bdb7c6f.jpg"
                },
                "stat": {
                    "aid": 671986012,
                    "view": 11138311,
                    "danmaku": 52725,
                    "reply": 24394,
                    "favorite": 133287,
                    "coin": 195468,
                    "share": 111282,
                    "now_rank": 0,
                    "his_rank": 2,
                    "like": 417356,
                    "dislike": 0,
                    "vt": 0,
                    "vv": 11138311,
                    "fav_g": 86,
                    "like_g": 117
                },
                "dynamic": "#原神# #米哈游# #miHoYo# #胡桃#\n《原神》角色演示-「胡桃：生人勿近」",
                "cid": 303267467,
                "dimension": {
                    "width": 1920,
                    "height": 1080,
                    "rotate": 0
                },
                "short_link_v2": "https://b23.tv/BV1jU4y1p73u",
                "pub_location": "上海",
                "cover43": "",
                "tidv2": 2064,
                "tnamev2": "单人RPG游戏",
                "pid_v2": 1008,
                "pid_name_v2": "游戏",
                "bvid": "BV1jU4y1p73u",
                "season_type": 0,
                "is_ogv": false,
                "ogv_info": null,
                "enable_vt": 0,
                "ai_rcmd": null,
                "rcmd_reason": "听说三连的人都出货还愿了"
            },
            {
                "aid": 929447698,
                "videos": 1,
                "tid": 239,
                "tname": "家居房产",
                "copyright": 1,
                "pic": "http://i1.hdslb.com/bfs/archive/56a910443bf0a69403699a37e2a3a935a2b70e7f.jpg",
                "title": "66平英国学生公寓大公开！独居月租1w+市中心豪宅 一人一猫",
                "pubdate": 1614510004,
                "ctime": 1614510010,
                "desc": "谢谢大家的支持喜欢和鼓励",
                "state": 0,
                "duration": 715,
                "mission_id": 15871,
                "rights": {
                    "bp": 0,
                    "elec": 0,
                    "download": 0,
                    "movie": 0,
                    "pay": 0,
                    "hd5": 1,
                    "no_reprint": 1,
                    "autoplay": 1,
                    "ugc_pay": 0,
                    "is_cooperation": 0,
                    "ugc_pay_preview": 0,
                    "no_background": 0,
                    "arc_pay": 0,
                    "pay_free_watch": 0
                },
                "owner": {
                    "mid": 26139491,
                    "name": "假美食po主",
                    "face": "http://i2.hdslb.com/bfs/face/dd151788db4e32540d5ab59210397a5d1c82e11c.jpg"
                },
                "stat": {
                    "aid": 929447698,
                    "view": 2204876,
                    "danmaku": 14298,
                    "reply": 3721,
                    "favorite": 22689,
                    "coin": 88154,
                    "share": 7699,
                    "now_rank": 0,
                    "his_rank": 9,
                    "like": 166759,
                    "dislike": 0,
                    "vt": 0,
                    "vv": 2204876,
                    "fav_g": 0,
                    "like_g": 0
                },
                "dynamic": "第四个ROOMTOUR！",
                "cid": 304028752,
                "dimension": {
                    "width": 1920,
                    "height": 1080,
                    "rotate": 0
                },
                "short_link_v2": "https://b23.tv/BV1GK4y1D73X",
                "cover43": "",
                "tidv2": 2120,
                "tnamev2": "买房租房",
                "pid_v2": 1015,
                "pid_name_v2": "家装房产",
                "bvid": "BV1GK4y1D73X",
                "season_type": 0,
                "is_ogv": false,
                "ogv_info": null,
                "enable_vt": 0,
                "ai_rcmd": null,
                "rcmd_reason": "为了6分12秒，停了十几遍"
            },
            {
                "aid": 714403562,
                "videos": 1,
                "tid": 138,
                "tname": "搞笑",
                "copyright": 1,
                "pic": "http://i1.hdslb.com/bfs/archive/6b3cd7e3409b2b61abbdf02ae856c518180ea476.jpg",
                "title": "史上最贵企划！66W日元清空最贵扭蛋机！究竟能中多少大奖呢！",
                "pubdate": 1614403423,
                "ctime": 1614403423,
                "desc": "9000日元扭蛋系列终于完结~感谢大家支持这期视频终极下本钱别忘记来个三连么么哒爱你们！\n\n全过程回顾：\n初次碰见第一次挑战：BV1UV411q7uX\n有备而来第二次挑战：BV1YT4y1P7ca",
                "state": 0,
                "duration": 856,
                "mission_id": 16421,
                "rights": {
                    "bp": 0,
                    "elec": 0,
                    "download": 0,
                    "movie": 0,
                    "pay": 0,
                    "hd5": 0,
                    "no_reprint": 1,
                    "autoplay": 1,
                    "ugc_pay": 0,
                    "is_cooperation": 0,
                    "ugc_pay_preview": 0,
                    "no_background": 0,
                    "arc_pay": 0,
                    "pay_free_watch": 0
                },
                "owner": {
                    "mid": 11100920,
                    "name": "飞社长",
                    "face": "https://i2.hdslb.com/bfs/face/f2fc0ef190d0aa051d8bc1b4d8a906db8728e4ef.jpg"
                },
                "stat": {
                    "aid": 714403562,
                    "view": 6855674,
                    "danmaku": 59943,
                    "reply": 7830,
                    "favorite": 87673,
                    "coin": 500897,
                    "share": 21858,
                    "now_rank": 0,
                    "his_rank": 1,
                    "like": 575033,
                    "dislike": 0,
                    "vt": 0,
                    "vv": 6855674,
                    "fav_g": 0,
                    "like_g": 12
                },
                "dynamic": "我，飞，9000，清，速来",
                "cid": 303609412,
                "dimension": {
                    "width": 1920,
                    "height": 1080,
                    "rotate": 0
                },
                "short_link_v2": "https://b23.tv/BV1DX4y1G7h7",
                "cover43": "",
                "tidv2": 2156,
                "tnamev2": "UP主小综艺",
                "pid_v2": 1021,
                "pid_name_v2": "小剧场",
                "bvid": "BV1DX4y1G7h7",
                "season_type": 0,
                "is_ogv": false,
                "ogv_info": null,
                "enable_vt": 0,
                "ai_rcmd": null,
                "rcmd_reason": "老板大气"
            },
            {
                "aid": 886956853,
                "videos": 1,
                "tid": 124,
                "tname": "社科·法律·心理",
                "copyright": 1,
                "pic": "http://i1.hdslb.com/bfs/archive/e10b12763a60ff30183ae991cb6ec02b37303d32.jpg",
                "title": "【半佛】伸向孩子的手，必须被正义制裁。",
                "pubdate": 1614686857,
                "ctime": 1614685853,
                "desc": "有些东西，是不能动的。",
                "state": 0,
                "duration": 627,
                "rights": {
                    "bp": 0,
                    "elec": 0,
                    "download": 0,
                    "movie": 0,
                    "pay": 0,
                    "hd5": 1,
                    "no_reprint": 1,
                    "autoplay": 1,
                    "ugc_pay": 0,
                    "is_cooperation": 1,
                    "ugc_pay_preview": 0,
                    "no_background": 0,
                    "arc_pay": 0,
                    "pay_free_watch": 0
                },
                "owner": {
                    "mid": 37663924,
                    "name": "硬核的半佛仙人",
                    "face": "https://i1.hdslb.com/bfs/face/aaf33dced1941af0946f37c62f4b48fcaba9c9a2.jpg"
                },
                "stat": {
                    "aid": 886956853,
                    "view": 1470323,
                    "danmaku": 6046,
                    "reply": 3267,
                    "favorite": 16742,
                    "coin": 59135,
                    "share": 4063,
                    "now_rank": 0,
                    "his_rank": 15,
                    "like": 135800,
                    "dislike": 0,
                    "vt": 0,
                    "vv": 1470323,
                    "fav_g": 0,
                    "like_g": 0
                },
                "dynamic": "孩子，是所有人的底线。",
                "cid": 305139972,
                "dimension": {
                    "width": 1920,
                    "height": 1080,
                    "rotate": 0
                },
                "short_link_v2": "https://b23.tv/BV1pK4y1J7Rb",
                "cover43": "",
                "tidv2": 2088,
                "tnamev2": "社会观察",
                "pid_v2": 1010,
                "pid_name_v2": "知识",
                "bvid": "BV1pK4y1J7Rb",
                "season_type": 0,
                "is_ogv": false,
                "ogv_info": null,
                "enable_vt": 0,
                "ai_rcmd": null,
                "rcmd_reason": "正道的光"
            },
            {
                "aid": 886876677,
                "videos": 1,
                "tid": 76,
                "tname": "美食制作",
                "copyright": 1,
                "pic": "http://i0.hdslb.com/bfs/archive/e311bc844c0d4ae5511e545583a824cc91aeac9b.jpg",
                "title": "三勺汤，二两肉，一口增重。。。",
                "pubdate": 1614830830,
                "ctime": 1614829178,
                "desc": "日更微博@绵羊料理\n微信公众号：绵羊料理\n油管同步更新：https://www.youtube.com/c/sheephoho",
                "state": 0,
                "duration": 358,
                "mission_id": 16490,
                "rights": {
                    "bp": 0,
                    "elec": 0,
                    "download": 0,
                    "movie": 0,
                    "pay": 0,
                    "hd5": 1,
                    "no_reprint": 1,
                    "autoplay": 1,
                    "ugc_pay": 0,
                    "is_cooperation": 0,
                    "ugc_pay_preview": 0,
                    "no_background": 0,
                    "arc_pay": 0,
                    "pay_free_watch": 0
                },
                "owner": {
                    "mid": 18202105,
                    "name": "绵羊料理",
                    "face": "https://i1.hdslb.com/bfs/face/54b5c9c2ad7f1baff195090bfd6afa365ef20c37.jpg"
                },
                "stat": {
                    "aid": 886876677,
                    "view": 5044367,
                    "danmaku": 12418,
                    "reply": 3538,
                    "favorite": 27228,
                    "coin": 119422,
                    "share": 9109,
                    "now_rank": 0,
                    "his_rank": 5,
                    "like": 304918,
                    "dislike": 0,
                    "vt": 0,
                    "vv": 5044367,
                    "fav_g": 12,
                    "like_g": 8
                },
                "dynamic": "之前在各个粉丝群征集了选题意见，然后就做了你们最想看的肉类料理，好家活，看着简单，做起来就...#美食##厨艺##料理制作##春天的100种味道#",
                "cid": 305710421,
                "dimension": {
                    "width": 1920,
                    "height": 1080,
                    "rotate": 0
                },
                "season_id": 134,
                "short_link_v2": "https://b23.tv/BV1TK4y1J7qw",
                "cover43": "",
                "tidv2": 2149,
                "tnamev2": "美食制作",
                "pid_v2": 1020,
                "pid_name_v2": "美食",
                "bvid": "BV1TK4y1J7qw",
                "season_type": 0,
                "is_ogv": false,
                "ogv_info": null,
                "enable_vt": 0,
                "ai_rcmd": null,
                "rcmd_reason": "鸽子蛋果然不靠谱"
            },
            {
                "aid": 544489561,
                "videos": 1,
                "tid": 86,
                "tname": "特摄",
                "copyright": 1,
                "pic": "http://i1.hdslb.com/bfs/archive/3597670adce722fa3720f0086c255f8971d0b0c4.jpg",
                "title": "好哥哥就这？开扒《艾斯奥特曼》中奥特兄弟二度团灭的黑历史",
                "pubdate": 1614428994,
                "ctime": 1614428994,
                "desc": "点个关注再走哦~",
                "state": 0,
                "duration": 624,
                "mission_id": 15859,
                "rights": {
                    "bp": 0,
                    "elec": 0,
                    "download": 0,
                    "movie": 0,
                    "pay": 0,
                    "hd5": 1,
                    "no_reprint": 1,
                    "autoplay": 1,
                    "ugc_pay": 0,
                    "is_cooperation": 0,
                    "ugc_pay_preview": 0,
                    "no_background": 0,
                    "arc_pay": 0,
                    "pay_free_watch": 0
                },
                "owner": {
                    "mid": 730732,
                    "name": "瓶子君152",
                    "face": "https://i1.hdslb.com/bfs/face/c894b369f73e720da9c350a487f3cd8cd8349986.jpg"
                },
                "stat": {
                    "aid": 544489561,
                    "view": 4127850,
                    "danmaku": 7284,
                    "reply": 2694,
                    "favorite": 31357,
                    "coin": 69602,
                    "share": 7631,
                    "now_rank": 0,
                    "his_rank": 11,
                    "like": 195410,
                    "dislike": 0,
                    "vt": 0,
                    "vv": 4127850,
                    "fav_g": 0,
                    "like_g": 22
                },
                "dynamic": "#特摄##动漫杂谈##奥特曼#\n这期瓶大叔又给大家讲了一个1972年第二次奥特兄弟被团灭的故事\n看团灭发动机衰仔如何带着哥哥送，不知道各位觉得有没有含金量啊？\n本期点赞过12w照理的加更，麻烦进行一个赞的点，谢谢大家",
                "cid": 303813959,
                "dimension": {
                    "width": 1920,
                    "height": 1080,
                    "rotate": 0
                },
                "short_link_v2": "https://b23.tv/BV1ai4y1N7xq",
                "cover43": "",
                "tidv2": 2048,
                "tnamev2": "特摄",
                "pid_v2": 1005,
                "pid_name_v2": "二次元",
                "bvid": "BV1ai4y1N7xq",
                "season_type": 0,
                "is_ogv": false,
                "ogv_info": null,
                "enable_vt": 0,
                "ai_rcmd": null,
                "rcmd_reason": "好家伙！细思极恐"
            },
            {
                "aid": 801943465,
                "videos": 1,
                "tid": 182,
                "tname": "影视杂谈",
                "copyright": 1,
                "pic": "http://i2.hdslb.com/bfs/archive/9001d2f7a74288a25110549b0731786952c985f0.jpg",
                "title": "细读经典 112: 导演深入黑帮横行的贫民窟，数次遇险，拍出了最生猛的犯罪电影",
                "pubdate": 1614775508,
                "ctime": 1614775508,
                "desc": "本期我来聊聊2002年，由费尔南多•梅里尔斯与卡提亚•兰德共同执导的巴西犯罪片《上帝之城》。",
                "state": 0,
                "duration": 1850,
                "mission_id": 16279,
                "rights": {
                    "bp": 0,
                    "elec": 0,
                    "download": 0,
                    "movie": 0,
                    "pay": 0,
                    "hd5": 1,
                    "no_reprint": 1,
                    "autoplay": 1,
                    "ugc_pay": 0,
                    "is_cooperation": 0,
                    "ugc_pay_preview": 0,
                    "no_background": 0,
                    "arc_pay": 0,
                    "pay_free_watch": 0
                },
                "owner": {
                    "mid": 17819768,
                    "name": "电影最TOP",
                    "face": "http://i2.hdslb.com/bfs/face/6b2ade215ea603b495648875c925172a863d16d4.jpg"
                },
                "stat": {
                    "aid": 801943465,
                    "view": 2579471,
                    "danmaku": 8557,
                    "reply": 1645,
                    "favorite": 34206,
                    "coin": 159625,
                    "share": 2720,
                    "now_rank": 0,
                    "his_rank": 10,
                    "like": 208484,
                    "dislike": 0,
                    "vt": 0,
                    "vv": 2579471,
                    "fav_g": 0,
                    "like_g": 0
                },
                "dynamic": "豆瓣9分？低了！",
                "cid": 305385311,
                "dimension": {
                    "width": 1920,
                    "height": 1080,
                    "rotate": 0
                },
                "short_link_v2": "https://b23.tv/BV1xy4y177rz",
                "cover43": "",
                "tidv2": 2001,
                "tnamev2": "影视解读",
                "pid_v2": 1001,
                "pid_name_v2": "影视",
                "bvid": "BV1xy4y177rz",
                "season_type": 0,
                "is_ogv": false,
                "ogv_info": null,
                "enable_vt": 0,
                "ai_rcmd": null,
                "rcmd_reason": "拍电影吗？贼刺激（要命）的那种"
            },
            {
                "aid": 416812701,
                "videos": 1,
                "tid": 222,
                "tname": "小宠异宠",
                "copyright": 1,
                "pic": "http://i1.hdslb.com/bfs/archive/672390b7cc6f2806f229e48825e55448ea739ceb.jpg",
                "title": "【4K】再一次被逼成液体的仓鼠【仓鼠大逃亡】",
                "pubdate": 1614155401,
                "ctime": 1613803726,
                "desc": "在出演了众多大片之后，今天给仓鼠安排一点简单轻松的健身活动。\n\n大家好！我们是专门为仓鼠制作迷宫帮TA们锻炼身体的仓鼠大逃亡，喜欢就三连并且点个关注吧~\n\n视频中的仓鼠都很茁壮健康，没有受到任何伤害。视频中的叫声及音效都为后期效果。",
                "state": 0,
                "duration": 601,
                "mission_id": 15896,
                "rights": {
                    "bp": 0,
                    "elec": 0,
                    "download": 0,
                    "movie": 0,
                    "pay": 0,
                    "hd5": 1,
                    "no_reprint": 1,
                    "autoplay": 1,
                    "ugc_pay": 0,
                    "is_cooperation": 0,
                    "ugc_pay_preview": 0,
                    "no_background": 0,
                    "arc_pay": 0,
                    "pay_free_watch": 0
                },
                "owner": {
                    "mid": 1473156869,
                    "name": "仓鼠大逃亡",
                    "face": "https://i2.hdslb.com/bfs/face/90584596c91a54bcddd70f0679a854b0676064c3.jpg"
                },
                "stat": {
                    "aid": 416812701,
                    "view": 11379843,
                    "danmaku": 9874,
                    "reply": 3441,
                    "favorite": 44461,
                    "coin": 64072,
                    "share": 47580,
                    "now_rank": 0,
                    "his_rank": 31,
                    "like": 213798,
                    "dislike": 0,
                    "vt": 0,
                    "vv": 11379843,
                    "fav_g": 4,
                    "like_g": 5
                },
                "dynamic": "",
                "cid": 299677058,
                "dimension": {
                    "width": 3840,
                    "height": 2160,
                    "rotate": 0
                },
                "short_link_v2": "https://b23.tv/BV1kV411e7s4",
                "pub_location": "浙江",
                "cover43": "",
                "tidv2": 2169,
                "tnamev2": "小宠异宠",
                "pid_v2": 1024,
                "pid_name_v2": "动物",
                "bvid": "BV1kV411e7s4",
                "season_type": 0,
                "is_ogv": false,
                "ogv_info": null,
                "enable_vt": 0,
                "ai_rcmd": null,
                "rcmd_reason": "真 · 鼠道难"
            },
            {
                "aid": 799492055,
                "videos": 2,
                "tid": 157,
                "tname": "美妆护肤",
                "copyright": 1,
                "pic": "http://i2.hdslb.com/bfs/archive/ffd3d654a65681ab56234ec66cacd5ac4f600ff1.jpg",
                "title": "全干货！新手底妆误区解析/一次性解决卡粉浮粉糊墙底妆～清透原相机感",
                "pubdate": 1614421804,
                "ctime": 1614408942,
                "desc": "适合新手的底妆干货视频 手把手教学\n解决底妆不服帖 斑驳 起皮 卡纹 浮粉 等\n以及如何上防晒 才不会搓泥假白\n告别厚重假面 还原一个皮肤原本的好质感\n追求清透干净的妈生感底妆 完美hold住原相机\n雅漾*",
                "state": 0,
                "duration": 1832,
                "mission_id": 15981,
                "rights": {
                    "bp": 0,
                    "elec": 0,
                    "download": 0,
                    "movie": 0,
                    "pay": 0,
                    "hd5": 0,
                    "no_reprint": 1,
                    "autoplay": 1,
                    "ugc_pay": 0,
                    "is_cooperation": 0,
                    "ugc_pay_preview": 0,
                    "no_background": 0,
                    "arc_pay": 0,
                    "pay_free_watch": 0
                },
                "owner": {
                    "mid": 28962573,
                    "name": "七二十七",
                    "face": "https://i0.hdslb.com/bfs/face/630a0b95af85240f0facd598627bc918c7babfd0.jpg"
                },
                "stat": {
                    "aid": 799492055,
                    "view": 4658202,
                    "danmaku": 5980,
                    "reply": 2435,
                    "favorite": 280287,
                    "coin": 109833,
                    "share": 25258,
                    "now_rank": 0,
                    "his_rank": 23,
                    "like": 234625,
                    "dislike": 0,
                    "vt": 0,
                    "vv": 4658202,
                    "fav_g": 10,
                    "like_g": 4
                },
                "dynamic": "轻松hold住原相机的妈生感底妆来了\n手把手教学～不可能学不会！",
                "cid": 303603560,
                "dimension": {
                    "width": 1920,
                    "height": 1080,
                    "rotate": 0
                },
                "short_link_v2": "https://b23.tv/BV1vy4y1a7dY",
                "pub_location": "浙江",
                "cover43": "",
                "tidv2": 2111,
                "tnamev2": "美妆",
                "pid_v2": 1014,
                "pid_name_v2": "时尚美妆",
                "bvid": "BV1vy4y1a7dY",
                "season_type": 0,
                "is_ogv": false,
                "ogv_info": null,
                "enable_vt": 0,
                "ai_rcmd": null,
                "rcmd_reason": "错误用法全部踩坑系列"
            },
            {
                "aid": 204406508,
                "videos": 1,
                "tid": 47,
                "tname": "同人·手书",
                "copyright": 1,
                "pic": "http://i0.hdslb.com/bfs/archive/0611f9dc0bf2d1833079f2d83e5c7fb30aa7ec07.jpg",
                "title": "面壁者，你坐啊【三体】",
                "pubdate": 1614440892,
                "ctime": 1614440892,
                "desc": "-1  终于给云天明做了一个专属ed\n0   包含水滴宣战等诸多名场面\n1   有一个时间线bug请无视,影响不大。\n2   和以前的视频不太一样 大概会更严肃 希望多多支持\n3   体\n3.5 真的画了超级久  真的不是我想鸽\n4    其实有好多好多点子，但是啊 要把你坐啊这个梗和宣战表达清楚 已经很长了 再加其他的就太长了 估计也不会好看\n5    币过万必出下集 下集将回归要素爆炸阴间展开模式 同时有更多想得到的想不到的名场景 还有可爱的程心和天明\n6     最近人状态不太好 所以视频比以前沉重",
                "state": 0,
                "duration": 418,
                "mission_id": 15940,
                "rights": {
                    "bp": 0,
                    "elec": 0,
                    "download": 0,
                    "movie": 0,
                    "pay": 0,
                    "hd5": 1,
                    "no_reprint": 1,
                    "autoplay": 1,
                    "ugc_pay": 0,
                    "is_cooperation": 0,
                    "ugc_pay_preview": 0,
                    "no_background": 0,
                    "arc_pay": 0,
                    "pay_free_watch": 0
                },
                "owner": {
                    "mid": 378595726,
                    "name": "叶络行",
                    "face": "https://i1.hdslb.com/bfs/face/05f697a11833c73dc8a12a7850ca6b6330ac66c7.jpg"
                },
                "stat": {
                    "aid": 204406508,
                    "view": 1944840,
                    "danmaku": 4363,
                    "reply": 2597,
                    "favorite": 44771,
                    "coin": 95356,
                    "share": 10056,
                    "now_rank": 0,
                    "his_rank": 22,
                    "like": 126921,
                    "dislike": 0,
                    "vt": 0,
                    "vv": 1944840,
                    "fav_g": 61,
                    "like_g": 54
                },
                "dynamic": "更新：在片尾增加了下集預告、部分細節調整\n画了很久希望不要沉了。\n有一个时间线bug请无视,影响不大。\n最近心态有些..所以视频有点沉重  希望大家支持。",
                "cid": 25711412536,
                "dimension": {
                    "width": 1920,
                    "height": 1080,
                    "rotate": 0
                },
                "season_id": 977387,
                "short_link_v2": "https://b23.tv/BV1sh411k7sa",
                "first_frame": "http://i2.hdslb.com/bfs/storyff/n240903sa18x2j80kmcagl3t9vm6zvss_firsti.jpg",
                "pub_location": "广东",
                "cover43": "",
                "tidv2": 2037,
                "tnamev2": "同人动画",
                "pid_v2": 1005,
                "pid_name_v2": "二次元",
                "bvid": "BV1sh411k7sa",
                "season_type": 0,
                "is_ogv": false,
                "ogv_info": null,
                "enable_vt": 0,
                "ai_rcmd": null,
                "rcmd_reason": "梦幻联动，双厨狂喜"
            }
        ]
    }
}