{
    "code": 0,
    "message": "OK",
    "ttl": 1,
    "data": {
        "config": {
            "id": 14,
            "type": "weekly_selected",
            "number": 13,
            "subject": "千与千寻",
            "stime": 1560441600,
            "etime": 1561046399,
            "status": 2,
            "name": "2019第13期 06.14 - 06.20",
            "label": "第13期(0621更新)",
            "hint": "本周热词：",
            "color": 2,
            "cover": "http://i0.hdslb.com/bfs/archive/5e91b848b5c150c16186cc326f9a14dfd2514b70.jpg",
            "share_title": "千与千寻 | B站每周必看2019年第13期",
            "share_subtitle": "这一次，让我们在大银幕上重温儿时的感动。",
            "media_id": 478096588
        },
        "reminder": "每周五晚18:00更新",
        "list": [
            {
                "aid": 55571607,
                "videos": 1,
                "tid": 31,
                "tname": "翻唱",
                "copyright": 1,
                "pic": "http://i0.hdslb.com/bfs/archive/f01115ca0cedf962848f8570b019f4a88eff7e17.jpg",
                "title": "亲爱的旅人啊【千与千寻】",
                "pubdate": 1560514600,
                "ctime": 1560514600,
                "desc": "《亲爱的旅人啊》\n原曲：いつも何度でも\n曲作：木村 弓\n原词：觉和歌子\n原唱：木村 弓\n填词：沃特艾文儿\n编曲／演奏：郭一凡\n制作人：徐威／周深\n音频制作：徐威\n视频剪辑：麽麽\n\n此歌仅代表对【千与千寻】的喜爱\n侵删。\nCover by 卡布叻_周深",
                "state": 0,
                "duration": 255,
                "mission_id": 11527,
                "rights": {
                    "bp": 0,
                    "elec": 0,
                    "download": 0,
                    "movie": 0,
                    "pay": 0,
                    "hd5": 0,
                    "no_reprint": 1,
                    "autoplay": 1,
                    "ugc_pay": 0,
                    "is_cooperation": 0,
                    "ugc_pay_preview": 0,
                    "no_background": 0,
                    "arc_pay": 0,
                    "pay_free_watch": 0
                },
                "owner": {
                    "mid": 3404595,
                    "name": "卡布叻_周深",
                    "face": "https://i0.hdslb.com/bfs/face/618411a743d0a9f22ab45a8c312ad8681e2032be.jpg"
                },
                "stat": {
                    "aid": 55571607,
                    "view": 12144940,
                    "danmaku": 48808,
                    "reply": 22995,
                    "favorite": 378365,
                    "coin": 406723,
                    "share": 109972,
                    "now_rank": 0,
                    "his_rank": 2,
                    "like": 522320,
                    "dislike": 0,
                    "vt": 0,
                    "vv": 12144940,
                    "fav_g": 168,
                    "like_g": 103
                },
                "dynamic": "",
                "cid": 97160161,
                "dimension": {
                    "width": 1280,
                    "height": 720,
                    "rotate": 0
                },
                "short_link_v2": "https://b23.tv/BV1A4411N7Kb",
                "cover43": "",
                "tidv2": 2017,
                "tnamev2": "MV",
                "pid_v2": 1003,
                "pid_name_v2": "音乐",
                "bvid": "BV1A4411N7Kb",
                "season_type": 0,
                "is_ogv": false,
                "ogv_info": null,
                "enable_vt": 0,
                "ai_rcmd": null,
                "rcmd_reason": "年更UP主回归！让我们在电影院重温儿时的感动吧。"
            },
            {
                "aid": 55564027,
                "videos": 1,
                "tid": 228,
                "tname": "人文历史",
                "copyright": 1,
                "pic": "http://i2.hdslb.com/bfs/archive/804aa37a4fc8e8aa4fe2a50707b428148a7b4de0.jpg",
                "title": "小学语文课本里一共有多少假课文？（第一期）【阿健】",
                "pubdate": 1560506461,
                "ctime": 1560506461,
                "desc": "【简介】教科书的重要性无需多言，宣传美好品质和尊重历史并不矛盾\n【BGM1】林海 - 远方的寂静\n【BGM2】石川真也 - WHITE ALBUM PIANO\n【配音】本色出演的室友酱",
                "state": 0,
                "duration": 408,
                "mission_id": 11441,
                "rights": {
                    "bp": 0,
                    "elec": 0,
                    "download": 0,
                    "movie": 0,
                    "pay": 0,
                    "hd5": 0,
                    "no_reprint": 1,
                    "autoplay": 1,
                    "ugc_pay": 0,
                    "is_cooperation": 0,
                    "ugc_pay_preview": 0,
                    "no_background": 0,
                    "arc_pay": 0,
                    "pay_free_watch": 0
                },
                "owner": {
                    "mid": 18690024,
                    "name": "-阿健-",
                    "face": "https://i0.hdslb.com/bfs/face/5317b06e372a7aa90a39b00051194623d964eac8.jpg"
                },
                "stat": {
                    "aid": 55564027,
                    "view": 2911312,
                    "danmaku": 19475,
                    "reply": 9400,
                    "favorite": 96579,
                    "coin": 160545,
                    "share": 24474,
                    "now_rank": 0,
                    "his_rank": 3,
                    "like": 214109,
                    "dislike": 0,
                    "vt": 0,
                    "vv": 2911312,
                    "fav_g": 0,
                    "like_g": 2
                },
                "dynamic": "#课文##语文##教材#",
                "cid": 97146718,
                "dimension": {
                    "width": 1920,
                    "height": 1080,
                    "rotate": 0
                },
                "short_link_v2": "https://b23.tv/BV1F4411N7UE",
                "cover43": "",
                "tidv2": 2084,
                "tnamev2": "应试教育",
                "pid_v2": 1010,
                "pid_name_v2": "知识",
                "bvid": "BV1F4411N7UE",
                "season_type": 0,
                "is_ogv": false,
                "ogv_info": null,
                "enable_vt": 0,
                "ai_rcmd": null,
                "rcmd_reason": "那些年我们一起学过的课文居然都是假的？"
            },
            {
                "aid": 55735598,
                "videos": 1,
                "tid": 242,
                "tname": "娱乐粉丝创作",
                "copyright": 1,
                "pic": "http://i2.hdslb.com/bfs/archive/5de1ed6c3eead9b1201b6da2ac1a8f2a6d5073a1.jpg",
                "title": "游乐入驻",
                "pubdate": 1560642418,
                "ctime": 1560642418,
                "desc": "-",
                "state": 0,
                "duration": 34,
                "rights": {
                    "bp": 0,
                    "elec": 0,
                    "download": 0,
                    "movie": 0,
                    "pay": 0,
                    "hd5": 0,
                    "no_reprint": 1,
                    "autoplay": 1,
                    "ugc_pay": 0,
                    "is_cooperation": 0,
                    "ugc_pay_preview": 0,
                    "no_background": 0,
                    "arc_pay": 0,
                    "pay_free_watch": 0
                },
                "owner": {
                    "mid": 433187833,
                    "name": "游乐王子-袁奇峰",
                    "face": "https://i1.hdslb.com/bfs/face/5b0a6af5839da82f771dbf651198611858f247ff.jpg"
                },
                "stat": {
                    "aid": 55735598,
                    "view": 8829288,
                    "danmaku": 46826,
                    "reply": 29653,
                    "favorite": 39520,
                    "coin": 138533,
                    "share": 25038,
                    "now_rank": 0,
                    "his_rank": 1,
                    "like": 341413,
                    "dislike": 0,
                    "vt": 0,
                    "vv": 8829288,
                    "fav_g": 0,
                    "like_g": 0
                },
                "dynamic": "#演员##明星##娱乐#",
                "cid": 97427831,
                "dimension": {
                    "width": 720,
                    "height": 720,
                    "rotate": 0
                },
                "short_link_v2": "https://b23.tv/BV1o4411V7bf",
                "up_from_v2": 9,
                "cover43": "",
                "tidv2": 2063,
                "tnamev2": "鬼畜综合",
                "pid_v2": 1007,
                "pid_name_v2": "鬼畜",
                "bvid": "BV1o4411V7bf",
                "season_type": 0,
                "is_ogv": false,
                "ogv_info": null,
                "enable_vt": 0,
                "ai_rcmd": null,
                "rcmd_reason": "欢迎袁奇峰老师本人入驻B站！"
            },
            {
                "aid": 55966278,
                "videos": 1,
                "tid": 22,
                "tname": "鬼畜调教",
                "copyright": 1,
                "pic": "http://i0.hdslb.com/bfs/archive/8f98126b2470d7802be994dc4feeab4441bf0be5.jpg",
                "title": "采访第一个出考场的村霸",
                "pubdate": 1560832379,
                "ctime": 1560832379,
                "desc": "采访第一个出考场的华农兄弟",
                "state": 0,
                "duration": 163,
                "rights": {
                    "bp": 0,
                    "elec": 0,
                    "download": 0,
                    "movie": 0,
                    "pay": 0,
                    "hd5": 1,
                    "no_reprint": 1,
                    "autoplay": 1,
                    "ugc_pay": 0,
                    "is_cooperation": 0,
                    "ugc_pay_preview": 0,
                    "no_background": 0,
                    "arc_pay": 0,
                    "pay_free_watch": 0
                },
                "owner": {
                    "mid": 25333161,
                    "name": "白熊ONEヽ",
                    "face": "https://i0.hdslb.com/bfs/face/2055f87819281a20f64c62361805e818193f3699.jpg"
                },
                "stat": {
                    "aid": 55966278,
                    "view": 1458273,
                    "danmaku": 3113,
                    "reply": 1057,
                    "favorite": 14601,
                    "coin": 25232,
                    "share": 4723,
                    "now_rank": 0,
                    "his_rank": 0,
                    "like": 59732,
                    "dislike": 0,
                    "vt": 0,
                    "vv": 1458273,
                    "fav_g": 0,
                    "like_g": 0
                },
                "dynamic": "#林同学##华农##竹鼠#",
                "cid": 97960715,
                "dimension": {
                    "width": 1920,
                    "height": 1080,
                    "rotate": 0
                },
                "short_link_v2": "https://b23.tv/BV1x4411G7ea",
                "cover43": "",
                "tidv2": 2060,
                "tnamev2": "鬼畜剧场",
                "pid_v2": 1007,
                "pid_name_v2": "鬼畜",
                "bvid": "BV1x4411G7ea",
                "season_type": 0,
                "is_ogv": false,
                "ogv_info": null,
                "enable_vt": 0,
                "ai_rcmd": null,
                "rcmd_reason": "走出考场直奔兄弟家，不愧是华农兄弟。"
            },
            {
                "aid": 55622541,
                "videos": 1,
                "tid": 183,
                "tname": "影视剪辑",
                "copyright": 1,
                "pic": "http://i1.hdslb.com/bfs/archive/336707c69a326a87104b67422e76c619661a59c7.jpg",
                "title": "被新垣结衣狂撩6分钟，这谁顶得住…",
                "pubdate": 1560562226,
                "ctime": 1560562226,
                "desc": "来自冲绳夏日的治愈笑容。",
                "state": 0,
                "duration": 380,
                "rights": {
                    "bp": 0,
                    "elec": 0,
                    "download": 0,
                    "movie": 0,
                    "pay": 0,
                    "hd5": 1,
                    "no_reprint": 1,
                    "autoplay": 1,
                    "ugc_pay": 0,
                    "is_cooperation": 0,
                    "ugc_pay_preview": 0,
                    "no_background": 0,
                    "arc_pay": 0,
                    "pay_free_watch": 0
                },
                "owner": {
                    "mid": 13805828,
                    "name": "陌上人如钰Q",
                    "face": "https://i2.hdslb.com/bfs/face/7ed7d29de3b7b90714945b1b699fd96098909e6d.jpg"
                },
                "stat": {
                    "aid": 55622541,
                    "view": 1862923,
                    "danmaku": 5939,
                    "reply": 2701,
                    "favorite": 40407,
                    "coin": 34098,
                    "share": 16357,
                    "now_rank": 0,
                    "his_rank": 7,
                    "like": 45764,
                    "dislike": 0,
                    "vt": 0,
                    "vv": 1862923,
                    "fav_g": 7,
                    "like_g": 0
                },
                "dynamic": "#新垣结衣##GAKKI##日本国民老婆#",
                "cid": 97244372,
                "dimension": {
                    "width": 1920,
                    "height": 1080,
                    "rotate": 0
                },
                "short_link_v2": "https://b23.tv/BV1h4411V7oF",
                "cover43": "",
                "tidv2": 2010,
                "tnamev2": "明星剪辑",
                "pid_v2": 1002,
                "pid_name_v2": "娱乐",
                "bvid": "BV1h4411V7oF",
                "season_type": 0,
                "is_ogv": false,
                "ogv_info": null,
                "enable_vt": 0,
                "ai_rcmd": null,
                "rcmd_reason": "醒醒，人家才不是你们的老婆呢。"
            },
            {
                "aid": 55262387,
                "videos": 1,
                "tid": 164,
                "tname": "健身",
                "copyright": 1,
                "pic": "http://i0.hdslb.com/bfs/archive/eb486118aae50b6735e639a3eddc680c4a0ba11d.jpg",
                "title": "改掉脖子前探/头前倾，只需要2个动作，每天5分钟！",
                "pubdate": 1560240356,
                "ctime": 1560240356,
                "desc": "改掉脖子前探/头前倾，只需要2个动作，每天5分钟！\n头前倾自测：自然站立，如果你的耳垂和肩峰不在一条垂线上，那就有头前倾的问题。",
                "state": 0,
                "duration": 154,
                "mission_id": 11479,
                "rights": {
                    "bp": 0,
                    "elec": 0,
                    "download": 0,
                    "movie": 0,
                    "pay": 0,
                    "hd5": 1,
                    "no_reprint": 1,
                    "autoplay": 1,
                    "ugc_pay": 0,
                    "is_cooperation": 0,
                    "ugc_pay_preview": 0,
                    "no_background": 0,
                    "arc_pay": 0,
                    "pay_free_watch": 0
                },
                "owner": {
                    "mid": 434378423,
                    "name": "闫帅奇",
                    "face": "https://i2.hdslb.com/bfs/face/44e5f42034d48ea71dc7e4be0e6a9a5a6845629b.jpg"
                },
                "stat": {
                    "aid": 55262387,
                    "view": 2963811,
                    "danmaku": 3389,
                    "reply": 3021,
                    "favorite": 242306,
                    "coin": 100724,
                    "share": 25179,
                    "now_rank": 0,
                    "his_rank": 3,
                    "like": 128969,
                    "dislike": 0,
                    "vt": 0,
                    "vv": 2963811,
                    "fav_g": 0,
                    "like_g": 13
                },
                "dynamic": "#成为健身偶像##健身##健身房#",
                "cid": 96632254,
                "dimension": {
                    "width": 1920,
                    "height": 1080,
                    "rotate": 0
                },
                "short_link_v2": "https://b23.tv/BV174411K7Y9",
                "cover43": "",
                "tidv2": 2128,
                "tnamev2": "健身科普",
                "pid_v2": 1017,
                "pid_name_v2": "健身",
                "bvid": "BV174411K7Y9",
                "season_type": 0,
                "is_ogv": false,
                "ogv_info": null,
                "enable_vt": 0,
                "ai_rcmd": null,
                "rcmd_reason": "分享改善体态的简单小技巧，你学会了吗？"
            },
            {
                "aid": 56008708,
                "videos": 1,
                "tid": 21,
                "tname": "日常",
                "copyright": 1,
                "pic": "http://i1.hdslb.com/bfs/archive/8e094bc7ddf860b9cc3743285760b3229b2a33ce.jpg",
                "title": "假装不懂中文去外语最好的学校问路，看北外学生英语水平怎样！",
                "pubdate": 1560862287,
                "ctime": 1560862288,
                "desc": "",
                "state": 0,
                "duration": 679,
                "rights": {
                    "bp": 0,
                    "elec": 0,
                    "download": 0,
                    "movie": 0,
                    "pay": 0,
                    "hd5": 1,
                    "no_reprint": 1,
                    "autoplay": 1,
                    "ugc_pay": 0,
                    "is_cooperation": 0,
                    "ugc_pay_preview": 0,
                    "no_background": 0,
                    "arc_pay": 0,
                    "pay_free_watch": 0
                },
                "owner": {
                    "mid": 24801003,
                    "name": "口语老炮儿马思瑞",
                    "face": "https://i0.hdslb.com/bfs/face/f6807e60ad2c822e2581075945b4776bc84078da.jpg"
                },
                "stat": {
                    "aid": 56008708,
                    "view": 2609331,
                    "danmaku": 11134,
                    "reply": 2962,
                    "favorite": 14265,
                    "coin": 22259,
                    "share": 5413,
                    "now_rank": 0,
                    "his_rank": 28,
                    "like": 82938,
                    "dislike": 0,
                    "vt": 0,
                    "vv": 2609331,
                    "fav_g": 0,
                    "like_g": 0
                },
                "dynamic": "大家都太谦虚了，英语说得都很不错！也谢谢夸奖我的中文！如果大家喜欢这类视频，可以评论下次希望我去哪里~",
                "cid": 97902620,
                "dimension": {
                    "width": 1920,
                    "height": 1080,
                    "rotate": 0
                },
                "short_link_v2": "https://b23.tv/BV1D4411G7go",
                "cover43": "",
                "tidv2": 2157,
                "tnamev2": "街头采访",
                "pid_v2": 1021,
                "pid_name_v2": "小剧场",
                "bvid": "BV1D4411G7go",
                "season_type": 0,
                "is_ogv": false,
                "ogv_info": null,
                "enable_vt": 0,
                "ai_rcmd": null,
                "rcmd_reason": "万万没想，这个外国人普通话说得比国人还溜。"
            },
            {
                "aid": 56137492,
                "videos": 1,
                "tid": 21,
                "tname": "日常",
                "copyright": 1,
                "pic": "http://i1.hdslb.com/bfs/archive/1f0ad28312e7d6a31f9d31f218c2ea815c55f916.jpg",
                "title": "【全职新手】01-煎饼摊工作9小时，我竟然期待月入过万",
                "pubdate": 1561003228,
                "ctime": 1560999717,
                "desc": "感谢那天排队光顾煎饼摊的观众老爷们，第一次挑战煎饼师傅这个职业，虽然被虐得酸爽，但是体会到这个职业的不易还是很值得的！喜欢这个视频就给我素质三连吧，下周五第二集不见不散！",
                "state": 0,
                "duration": 1146,
                "rights": {
                    "bp": 0,
                    "elec": 0,
                    "download": 0,
                    "movie": 0,
                    "pay": 0,
                    "hd5": 1,
                    "no_reprint": 1,
                    "autoplay": 1,
                    "ugc_pay": 0,
                    "is_cooperation": 0,
                    "ugc_pay_preview": 0,
                    "no_background": 0,
                    "arc_pay": 0,
                    "pay_free_watch": 0
                },
                "owner": {
                    "mid": 562197,
                    "name": "中国BOY超级大猩猩",
                    "face": "https://i0.hdslb.com/bfs/face/ffb50dd4e712386eb888030ebc6f4aea3a65cd8e.jpg"
                },
                "stat": {
                    "aid": 56137492,
                    "view": 3366847,
                    "danmaku": 82213,
                    "reply": 6043,
                    "favorite": 54189,
                    "coin": 203344,
                    "share": 7036,
                    "now_rank": 0,
                    "his_rank": 5,
                    "like": 217544,
                    "dislike": 0,
                    "vt": 0,
                    "vv": 3366847,
                    "fav_g": 0,
                    "like_g": 1
                },
                "dynamic": "#中国BOY##全职新手##Vlog星制造#《全职新手》第一集上线啦！第一次摊煎饼，观众姥爷们给点鼓励呗，猜猜看我一天9小时最后卖了几个煎饼果子？",
                "cid": 98123103,
                "dimension": {
                    "width": 1920,
                    "height": 1080,
                    "rotate": 0
                },
                "season_id": 56,
                "short_link_v2": "https://b23.tv/BV1U4411g7FA",
                "cover43": "",
                "tidv2": 2196,
                "tnamev2": "职业vlog",
                "pid_v2": 1029,
                "pid_name_v2": "vlog",
                "bvid": "BV1U4411g7FA",
                "season_type": 0,
                "is_ogv": false,
                "ogv_info": null,
                "enable_vt": 0,
                "ai_rcmd": null,
                "rcmd_reason": "煎饼摊举办粉丝见面会第一人。"
            },
            {
                "aid": 56031367,
                "videos": 1,
                "tid": 183,
                "tname": "影视剪辑",
                "copyright": 1,
                "pic": "http://i1.hdslb.com/bfs/archive/14efc982fced289f5ebb22cced700a808c7a2d76.jpg",
                "title": "【超燃/热血】这盛世如你所愿—10分钟爆燃中国近代史电影混剪（传承先烈遗志，共筑强国盛世）",
                "pubdate": 1560876513,
                "ctime": 1560876513,
                "desc": "本视频受B站UP主山人很随意，百万剪辑狮两位大神类似作品启发，采用了相同的近代史叙事手法，通过三个星期的自学和编辑，终于尝试完成了这样一部电影混剪作品。",
                "state": 0,
                "duration": 634,
                "mission_id": 11395,
                "rights": {
                    "bp": 0,
                    "elec": 0,
                    "download": 0,
                    "movie": 0,
                    "pay": 0,
                    "hd5": 1,
                    "no_reprint": 1,
                    "autoplay": 1,
                    "ugc_pay": 0,
                    "is_cooperation": 0,
                    "ugc_pay_preview": 0,
                    "no_background": 0,
                    "arc_pay": 0,
                    "pay_free_watch": 0
                },
                "owner": {
                    "mid": 4561197,
                    "name": "御前带刀厨子",
                    "face": "https://i0.hdslb.com/bfs/face/f5c8a6fd976910128aafe20c8473e0b797c9c9ca.jpg"
                },
                "stat": {
                    "aid": 56031367,
                    "view": 13516342,
                    "danmaku": 72335,
                    "reply": 0,
                    "favorite": 614608,
                    "coin": 769023,
                    "share": 163397,
                    "now_rank": 0,
                    "his_rank": 4,
                    "like": 869627,
                    "dislike": 0,
                    "vt": 0,
                    "vv": 13516342,
                    "fav_g": 14,
                    "like_g": 16
                },
                "dynamic": "",
                "cid": 97939268,
                "dimension": {
                    "width": 1920,
                    "height": 1080,
                    "rotate": 0
                },
                "short_link_v2": "https://b23.tv/BV114411G7Xh",
                "cover43": "",
                "tidv2": 2002,
                "tnamev2": "影视剪辑",
                "pid_v2": 1001,
                "pid_name_v2": "影视",
                "bvid": "BV114411G7Xh",
                "season_type": 0,
                "is_ogv": false,
                "ogv_info": null,
                "enable_vt": 0,
                "ai_rcmd": null,
                "rcmd_reason": "和平来之不易，历史值得铭记。"
            },
            {
                "aid": 55787449,
                "videos": 1,
                "tid": 21,
                "tname": "日常",
                "copyright": 1,
                "pic": "http://i0.hdslb.com/bfs/archive/f74c175fe14fdf25fcc8e263a390ca7e4638a035.jpg",
                "title": "小伙看抖音竟可以用泡面修桌子，到底是真的假的？亲身实验告诉你",
                "pubdate": 1560677563,
                "ctime": 1560677563,
                "desc": "抖音牛人竟可以用泡面修桌子，小伙不信亲身实验了一次，能修好吗",
                "state": 0,
                "duration": 324,
                "rights": {
                    "bp": 0,
                    "elec": 0,
                    "download": 0,
                    "movie": 0,
                    "pay": 0,
                    "hd5": 0,
                    "no_reprint": 1,
                    "autoplay": 1,
                    "ugc_pay": 0,
                    "is_cooperation": 0,
                    "ugc_pay_preview": 0,
                    "no_background": 0,
                    "arc_pay": 0,
                    "pay_free_watch": 0
                },
                "owner": {
                    "mid": 196356191,
                    "name": "翔翔大作战",
                    "face": "https://i2.hdslb.com/bfs/face/2834cc59f3bf789d8b5d02c741eeaaebc52f1659.jpg"
                },
                "stat": {
                    "aid": 55787449,
                    "view": 3055565,
                    "danmaku": 18135,
                    "reply": 3701,
                    "favorite": 6718,
                    "coin": 39895,
                    "share": 3007,
                    "now_rank": 0,
                    "his_rank": 9,
                    "like": 84687,
                    "dislike": 0,
                    "vt": 0,
                    "vv": 3055565,
                    "fav_g": 0,
                    "like_g": 0
                },
                "dynamic": "你们看过泡面修破烂家具的视频吗？\n\n#抖音##泡面#",
                "cid": 97509585,
                "dimension": {
                    "width": 1920,
                    "height": 1080,
                    "rotate": 0
                },
                "short_link_v2": "https://b23.tv/BV1H441157np",
                "cover43": "",
                "tidv2": 2104,
                "tnamev2": "自制发明/设备",
                "pid_v2": 1012,
                "pid_name_v2": "科技数码",
                "bvid": "BV1H441157np",
                "season_type": 0,
                "is_ogv": false,
                "ogv_info": null,
                "enable_vt": 0,
                "ai_rcmd": null,
                "rcmd_reason": "翻车一时爽，一直翻车一直爽。"
            },
            {
                "aid": 55938320,
                "videos": 1,
                "tid": 213,
                "tname": "美食测评",
                "copyright": 1,
                "pic": "http://i2.hdslb.com/bfs/archive/db3bd88596560493a753b02c5817ede0b8fb4a5c.jpg",
                "title": "自制鱼子酱黑松露三明治！",
                "pubdate": 1560852012,
                "ctime": 1560852016,
                "desc": "视频每周二周五晚上更新~\n你的点赞投币是对我最大的鼓励！爱你们么么大！\n微博@大祥哥来了，欢迎关注~~\nBGM：\n幻華楽 - 少女綺想曲 ~Dream Battle\nThe Screen Tones - エレキのツンドラ\nTLV - Time（Cover：MKJ）",
                "state": 0,
                "duration": 412,
                "rights": {
                    "bp": 0,
                    "elec": 0,
                    "download": 0,
                    "movie": 0,
                    "pay": 0,
                    "hd5": 1,
                    "no_reprint": 1,
                    "autoplay": 1,
                    "ugc_pay": 0,
                    "is_cooperation": 0,
                    "ugc_pay_preview": 0,
                    "no_background": 0,
                    "arc_pay": 0,
                    "pay_free_watch": 0
                },
                "owner": {
                    "mid": 2920960,
                    "name": "大祥哥来了",
                    "face": "https://i1.hdslb.com/bfs/face/c72fee3b75a352f6a8d6c3e98bf0e050afa0caa0.jpg"
                },
                "stat": {
                    "aid": 55938320,
                    "view": 2887656,
                    "danmaku": 19883,
                    "reply": 4811,
                    "favorite": 10243,
                    "coin": 85063,
                    "share": 3279,
                    "now_rank": 0,
                    "his_rank": 5,
                    "like": 113511,
                    "dislike": 0,
                    "vt": 0,
                    "vv": 2887656,
                    "fav_g": 0,
                    "like_g": 0
                },
                "dynamic": "#美食##搞笑##吃播#",
                "cid": 97781767,
                "dimension": {
                    "width": 1920,
                    "height": 1080,
                    "rotate": 0
                },
                "short_link_v2": "https://b23.tv/BV144411G7sX",
                "cover43": "",
                "tidv2": 2149,
                "tnamev2": "美食制作",
                "pid_v2": 1020,
                "pid_name_v2": "美食",
                "bvid": "BV144411G7sX",
                "season_type": 0,
                "is_ogv": false,
                "ogv_info": null,
                "enable_vt": 0,
                "ai_rcmd": null,
                "rcmd_reason": "这么贵的三明治会是什么味道？"
            },
            {
                "aid": 55936015,
                "videos": 1,
                "tid": 17,
                "tname": "单机游戏",
                "copyright": 1,
                "pic": "http://i1.hdslb.com/bfs/archive/de856ce9d1b3a2773a3f87c115013495d68e8c36.jpg",
                "title": "灭虫大师老番茄",
                "pubdate": 1560830419,
                "ctime": 1560830425,
                "desc": "实况游戏：Don't Escape: 4 Days in Wasteland",
                "state": 0,
                "duration": 1122,
                "rights": {
                    "bp": 0,
                    "elec": 0,
                    "download": 0,
                    "movie": 0,
                    "pay": 0,
                    "hd5": 0,
                    "no_reprint": 1,
                    "autoplay": 1,
                    "ugc_pay": 0,
                    "is_cooperation": 0,
                    "ugc_pay_preview": 0,
                    "no_background": 0,
                    "arc_pay": 0,
                    "pay_free_watch": 0
                },
                "owner": {
                    "mid": 546195,
                    "name": "老番茄",
                    "face": "http://i0.hdslb.com/bfs/face/bc5ca101313d4db223c395d64779e76eb3482d60.jpg"
                },
                "stat": {
                    "aid": 55936015,
                    "view": 5907270,
                    "danmaku": 21878,
                    "reply": 3903,
                    "favorite": 23050,
                    "coin": 49997,
                    "share": 2170,
                    "now_rank": 0,
                    "his_rank": 1,
                    "like": 141114,
                    "dislike": 0,
                    "vt": 0,
                    "vv": 5907270,
                    "fav_g": 6,
                    "like_g": 10
                },
                "dynamic": "#老番茄##dont escape#",
                "cid": 97780797,
                "dimension": {
                    "width": 1920,
                    "height": 1080,
                    "rotate": 0
                },
                "short_link_v2": "https://b23.tv/BV144411G7od",
                "cover43": "",
                "tidv2": 2079,
                "tnamev2": "其他游戏",
                "pid_v2": 1008,
                "pid_name_v2": "游戏",
                "bvid": "BV144411G7od",
                "season_type": 0,
                "is_ogv": false,
                "ogv_info": null,
                "enable_vt": 0,
                "ai_rcmd": null,
                "rcmd_reason": "老番茄带你体验荒原求生。"
            }
        ]
    }
}