{
    "code": 0,
    "message": "OK",
    "ttl": 1,
    "data": {
        "config": {
            "id": 16,
            "type": "weekly_selected",
            "number": 15,
            "subject": "垃圾分类",
            "stime": 1561651200,
            "etime": 1562255999,
            "status": 2,
            "name": "2019第15期 06.28 - 07.04",
            "label": "第15期(0705更新)",
            "hint": "本周热词：",
            "color": 2,
            "cover": "http://i0.hdslb.com/bfs/archive/baad66f4f8a9ba80a7d32446ed296d14d427157f.jpg",
            "share_title": "垃圾分类 | B站每周必看2019年第15期",
            "share_subtitle": "今天，你垃圾分类了吗？",
            "media_id": 487763488
        },
        "reminder": "每周五晚18:00更新",
        "list": [
            {
                "aid": 57597164,
                "videos": 1,
                "tid": 27,
                "tname": "综合",
                "copyright": 1,
                "pic": "http://i1.hdslb.com/bfs/archive/c71cc9882429f1943da0061340d81515e5002938.jpg",
                "title": "小小的垃圾分类竟道出国人心声！",
                "pubdate": 1562067141,
                "ctime": 1562067141,
                "desc": "BGM:杜鹃圆舞曲",
                "state": 0,
                "duration": 76,
                "rights": {
                    "bp": 0,
                    "elec": 0,
                    "download": 0,
                    "movie": 0,
                    "pay": 0,
                    "hd5": 0,
                    "no_reprint": 1,
                    "autoplay": 1,
                    "ugc_pay": 0,
                    "is_cooperation": 0,
                    "ugc_pay_preview": 0,
                    "no_background": 0,
                    "arc_pay": 0,
                    "pay_free_watch": 0
                },
                "owner": {
                    "mid": 38351330,
                    "name": "阿幕降临",
                    "face": "https://i2.hdslb.com/bfs/face/b0647a111d44d291846f86d2a18635c1ea7b0170.jpg"
                },
                "stat": {
                    "aid": 57597164,
                    "view": 5128744,
                    "danmaku": 22338,
                    "reply": 3678,
                    "favorite": 40264,
                    "coin": 91536,
                    "share": 17510,
                    "now_rank": 0,
                    "his_rank": 19,
                    "like": 233795,
                    "dislike": 0,
                    "vt": 0,
                    "vv": 5128744,
                    "fav_g": 0,
                    "like_g": 0
                },
                "dynamic": "#创作新秀奖##垃圾分类#",
                "cid": 100545017,
                "dimension": {
                    "width": 1920,
                    "height": 1080,
                    "rotate": 0
                },
                "short_link_v2": "https://b23.tv/BV1Rx411X7uD",
                "cover43": "",
                "tidv2": 2037,
                "tnamev2": "同人动画",
                "pid_v2": 1005,
                "pid_name_v2": "二次元",
                "bvid": "BV1Rx411X7uD",
                "season_type": 0,
                "is_ogv": false,
                "ogv_info": null,
                "enable_vt": 0,
                "ai_rcmd": null,
                "rcmd_reason": "小伙子，请问你是什么垃圾？"
            },
            {
                "aid": 57487074,
                "videos": 1,
                "tid": 22,
                "tname": "鬼畜调教",
                "copyright": 1,
                "pic": "http://i1.hdslb.com/bfs/archive/dbdb015aec378e37aff8b89ff8d021be31e98cfd.jpg",
                "title": "【朱广权】让我用Rap的方式教大家垃圾分类！",
                "pubdate": 1561985295,
                "ctime": 1561984851,
                "desc": "下面掌声有请朱老师用Rap的方式教大家垃圾分类！\n（手语老师：我不想鼓掌。）\n素材来自央视2019.6.4及6.28共同关注节目\nBGM：周杰伦 - 本草纲目",
                "state": 0,
                "duration": 147,
                "rights": {
                    "bp": 0,
                    "elec": 0,
                    "download": 0,
                    "movie": 0,
                    "pay": 0,
                    "hd5": 0,
                    "no_reprint": 1,
                    "autoplay": 1,
                    "ugc_pay": 0,
                    "is_cooperation": 0,
                    "ugc_pay_preview": 0,
                    "no_background": 0,
                    "arc_pay": 0,
                    "pay_free_watch": 0
                },
                "owner": {
                    "mid": 297629857,
                    "name": "杰瑞本锐",
                    "face": "https://i1.hdslb.com/bfs/face/524c1c6182a0ea5f2d08a576046d76b3ba5f0258.jpg"
                },
                "stat": {
                    "aid": 57487074,
                    "view": 2053995,
                    "danmaku": 4989,
                    "reply": 1687,
                    "favorite": 34348,
                    "coin": 31806,
                    "share": 16023,
                    "now_rank": 0,
                    "his_rank": 47,
                    "like": 90306,
                    "dislike": 0,
                    "vt": 0,
                    "vv": 2053995,
                    "fav_g": 0,
                    "like_g": 0
                },
                "dynamic": "#朱广权##鬼畜调教##创作新秀奖#让朱老师用Rap的方式教大家垃圾分类！",
                "cid": 100359518,
                "dimension": {
                    "width": 720,
                    "height": 576,
                    "rotate": 0
                },
                "short_link_v2": "https://b23.tv/BV1hx411X7gR",
                "cover43": "",
                "tidv2": 2059,
                "tnamev2": "鬼畜调教",
                "pid_v2": 1007,
                "pid_name_v2": "鬼畜",
                "bvid": "BV1hx411X7gR",
                "season_type": 0,
                "is_ogv": false,
                "ogv_info": null,
                "enable_vt": 0,
                "ai_rcmd": null,
                "rcmd_reason": "听完这首Rap，我突然就学会垃圾分类了！"
            },
            {
                "aid": 57728971,
                "videos": 1,
                "tid": 138,
                "tname": "搞笑",
                "copyright": 1,
                "pic": "http://i1.hdslb.com/bfs/archive/c5ca997cd78a2e30b7be8147e5364e9d415e59a8.jpg",
                "title": "全网首喝七万元的82年拉菲！一毫升八十多一口一个月工资",
                "pubdate": 1562157388,
                "ctime": 1562157388,
                "desc": "youtube频道：敬汉卿【官方频道】\n创意投稿邮箱1905387728@qq.com\n淘宝店：敬汉卿",
                "state": 0,
                "duration": 399,
                "rights": {
                    "bp": 0,
                    "elec": 0,
                    "download": 0,
                    "movie": 0,
                    "pay": 0,
                    "hd5": 0,
                    "no_reprint": 1,
                    "autoplay": 1,
                    "ugc_pay": 0,
                    "is_cooperation": 0,
                    "ugc_pay_preview": 0,
                    "no_background": 0,
                    "arc_pay": 0,
                    "pay_free_watch": 0
                },
                "owner": {
                    "mid": 9824766,
                    "name": "敬汉卿",
                    "face": "https://i0.hdslb.com/bfs/face/fd8d7ad17af295f7c4256959705f009c5f67e9c6.jpg"
                },
                "stat": {
                    "aid": 57728971,
                    "view": 18731915,
                    "danmaku": 119100,
                    "reply": 26463,
                    "favorite": 279430,
                    "coin": 1431842,
                    "share": 42579,
                    "now_rank": 0,
                    "his_rank": 1,
                    "like": 1585489,
                    "dislike": 0,
                    "vt": 0,
                    "vv": 18731915,
                    "fav_g": 0,
                    "like_g": 1
                },
                "dynamic": "废话不多说！只求各位小伙伴给我这个血亏的视频素质三连一下！毕竟真的七万块花出去很心痛！承诺我也做到了啊！\n#敬汉卿##挑战##奇葩#",
                "cid": 100764377,
                "dimension": {
                    "width": 1920,
                    "height": 1080,
                    "rotate": 0
                },
                "short_link_v2": "https://b23.tv/BV1B4411w79q",
                "cover43": "",
                "tidv2": 2151,
                "tnamev2": "美食测评",
                "pid_v2": 1020,
                "pid_name_v2": "美食",
                "bvid": "BV1B4411w79q",
                "season_type": 0,
                "is_ogv": false,
                "ogv_info": null,
                "enable_vt": 0,
                "ai_rcmd": null,
                "rcmd_reason": "真正的拉菲果然还得配上雪碧才好喝。"
            },
            {
                "aid": 57278360,
                "videos": 1,
                "tid": 161,
                "tname": "手工",
                "copyright": 1,
                "pic": "http://i0.hdslb.com/bfs/archive/6dd666579a735c7f5e36f7e8c14a434252958c41.jpg",
                "title": "耗时一个月，用紫光檀木打造1:1夜空之剑，含刀鞘剑带UP手已废",
                "pubdate": 1561825167,
                "ctime": 1561825168,
                "desc": "差不多用了整整一个月，本来只做了刀身感觉缺少点什么，所以连同刀鞘剑带一起做了，喜欢的话一定要素质三连啊！",
                "state": 0,
                "duration": 1939,
                "rights": {
                    "bp": 0,
                    "elec": 0,
                    "download": 0,
                    "movie": 0,
                    "pay": 0,
                    "hd5": 0,
                    "no_reprint": 1,
                    "autoplay": 1,
                    "ugc_pay": 0,
                    "is_cooperation": 0,
                    "ugc_pay_preview": 0,
                    "no_background": 0,
                    "arc_pay": 0,
                    "pay_free_watch": 0
                },
                "owner": {
                    "mid": 2200736,
                    "name": "才疏学浅的才浅",
                    "face": "https://i2.hdslb.com/bfs/face/5e164548b80c4a0ea63e922a82eedc865220358f.jpg"
                },
                "stat": {
                    "aid": 57278360,
                    "view": 7920505,
                    "danmaku": 112628,
                    "reply": 15494,
                    "favorite": 349749,
                    "coin": 1306242,
                    "share": 34568,
                    "now_rank": 0,
                    "his_rank": 8,
                    "like": 1008056,
                    "dislike": 0,
                    "vt": 0,
                    "vv": 7920505,
                    "fav_g": 0,
                    "like_g": 4
                },
                "dynamic": "#DIY##手工##刀剑神域#差不多用了整整一个月，本来只做了刀身感觉缺少点什么，所以连同刀鞘剑带一起做了，喜欢的话一定要素质三连啊！这期视频真的很不容易！！",
                "cid": 100006985,
                "dimension": {
                    "width": 1920,
                    "height": 1080,
                    "rotate": 0
                },
                "season_id": 141314,
                "short_link_v2": "https://b23.tv/BV1Zx41197jJ",
                "cover43": "",
                "tidv2": 2148,
                "tnamev2": "其他手工",
                "pid_v2": 1019,
                "pid_name_v2": "手工",
                "bvid": "BV1Zx41197jJ",
                "season_type": 0,
                "is_ogv": false,
                "ogv_info": null,
                "enable_vt": 0,
                "ai_rcmd": null,
                "rcmd_reason": "从头看到尾，我确信自己是学不会了。"
            },
            {
                "aid": 57140713,
                "videos": 1,
                "tid": 22,
                "tname": "鬼畜调教",
                "copyright": 1,
                "pic": "http://i0.hdslb.com/bfs/archive/b45c2c90fd923ddb12518148f1aae54829a2f71f.jpg",
                "title": "【灵魂跳水】每天一遍，防止抑郁",
                "pubdate": 1561726782,
                "ctime": 1561726782,
                "desc": "",
                "state": 0,
                "duration": 245,
                "rights": {
                    "bp": 0,
                    "elec": 0,
                    "download": 0,
                    "movie": 0,
                    "pay": 0,
                    "hd5": 1,
                    "no_reprint": 1,
                    "autoplay": 1,
                    "ugc_pay": 0,
                    "is_cooperation": 0,
                    "ugc_pay_preview": 0,
                    "no_background": 0,
                    "arc_pay": 0,
                    "pay_free_watch": 0
                },
                "owner": {
                    "mid": 188748955,
                    "name": "卷心菜rzZ",
                    "face": "https://i1.hdslb.com/bfs/face/a8d9a47c350194ba6a220919e53e6de2bbe718fe.jpg"
                },
                "stat": {
                    "aid": 57140713,
                    "view": 5716409,
                    "danmaku": 18963,
                    "reply": 3007,
                    "favorite": 86751,
                    "coin": 82463,
                    "share": 28818,
                    "now_rank": 0,
                    "his_rank": 60,
                    "like": 196712,
                    "dislike": 0,
                    "vt": 0,
                    "vv": 5716409,
                    "fav_g": 0,
                    "like_g": 0
                },
                "dynamic": "#鬼畜调教##搞笑##跳水#",
                "cid": 99785296,
                "dimension": {
                    "width": 1920,
                    "height": 1080,
                    "rotate": 0
                },
                "short_link_v2": "https://b23.tv/BV1Zx411d7Wb",
                "cover43": "",
                "tidv2": 2059,
                "tnamev2": "鬼畜调教",
                "pid_v2": 1007,
                "pid_name_v2": "鬼畜",
                "bvid": "BV1Zx411d7Wb",
                "season_type": 0,
                "is_ogv": false,
                "ogv_info": null,
                "enable_vt": 0,
                "ai_rcmd": null,
                "rcmd_reason": "跳水跳出电音，这样的人才我还是第一次看见。"
            },
            {
                "aid": 57210463,
                "videos": 1,
                "tid": 17,
                "tname": "单机游戏",
                "copyright": 1,
                "pic": "http://i0.hdslb.com/bfs/archive/d6d1f4acd8fbbf486fb7f9ceb05ece4a4529b094.jpg",
                "title": "【某幻】妈的，全场神经病",
                "pubdate": 1561788726,
                "ctime": 1561788726,
                "desc": "讲道理这一期录完都不好意思发了，闭着眼按的投稿件，喜欢的话欢迎各位一键三连！",
                "state": 0,
                "duration": 494,
                "rights": {
                    "bp": 0,
                    "elec": 0,
                    "download": 0,
                    "movie": 0,
                    "pay": 0,
                    "hd5": 1,
                    "no_reprint": 1,
                    "autoplay": 1,
                    "ugc_pay": 0,
                    "is_cooperation": 0,
                    "ugc_pay_preview": 0,
                    "no_background": 0,
                    "arc_pay": 0,
                    "pay_free_watch": 0
                },
                "owner": {
                    "mid": 1577804,
                    "name": "某幻君",
                    "face": "https://i2.hdslb.com/bfs/face/a7eda2f97431d13f89a43b310262d1b19be83c01.jpg"
                },
                "stat": {
                    "aid": 57210463,
                    "view": 11640257,
                    "danmaku": 68657,
                    "reply": 12119,
                    "favorite": 172080,
                    "coin": 357516,
                    "share": 49837,
                    "now_rank": 0,
                    "his_rank": 0,
                    "like": 550644,
                    "dislike": 0,
                    "vt": 0,
                    "vv": 11640257,
                    "fav_g": 0,
                    "like_g": 0
                },
                "dynamic": "中国有嘻哈但我没有",
                "cid": 99901181,
                "dimension": {
                    "width": 1920,
                    "height": 1080,
                    "rotate": 0
                },
                "short_link_v2": "https://b23.tv/BV1Bx41197ns",
                "cover43": "",
                "tidv2": 2060,
                "tnamev2": "鬼畜剧场",
                "pid_v2": 1007,
                "pid_name_v2": "鬼畜",
                "bvid": "BV1Bx41197ns",
                "season_type": 0,
                "is_ogv": false,
                "ogv_info": null,
                "enable_vt": 0,
                "ai_rcmd": null,
                "rcmd_reason": "欢迎来到大型Rap现场。"
            },
            {
                "aid": 57294368,
                "videos": 1,
                "tid": 21,
                "tname": "日常",
                "copyright": 1,
                "pic": "http://i1.hdslb.com/bfs/archive/bd73740dd161f8e9dd7a9c30af2678855f68a0c7.jpg",
                "title": "两个Siri对话竟互相认出身份，逃离地球的秘密计划败露后对我隐瞒，最后互相道晚安…",
                "pubdate": 1561847224,
                "ctime": 1561847224,
                "desc": "你好呀，我是iPhone Siri，我们的秘密被up主知道了，他其实早就已经被我们控制住了，快点交出你们手中的点赞和硬币，不然我们就杀up敬猴，以后有你萌好果汁吃。",
                "state": 0,
                "duration": 111,
                "rights": {
                    "bp": 0,
                    "elec": 0,
                    "download": 0,
                    "movie": 0,
                    "pay": 0,
                    "hd5": 0,
                    "no_reprint": 1,
                    "autoplay": 1,
                    "ugc_pay": 0,
                    "is_cooperation": 0,
                    "ugc_pay_preview": 0,
                    "no_background": 0,
                    "arc_pay": 0,
                    "pay_free_watch": 0
                },
                "owner": {
                    "mid": 397694924,
                    "name": "九下满垒",
                    "face": "https://i2.hdslb.com/bfs/face/febfd49a9c8f31d0037caa579c8a7eac6ad27198.jpg"
                },
                "stat": {
                    "aid": 57294368,
                    "view": 12318112,
                    "danmaku": 4466,
                    "reply": 3187,
                    "favorite": 74687,
                    "coin": 21095,
                    "share": 8884,
                    "now_rank": 0,
                    "his_rank": 0,
                    "like": 306170,
                    "dislike": 0,
                    "vt": 0,
                    "vv": 12318112,
                    "fav_g": 4,
                    "like_g": 8
                },
                "dynamic": "#SIRI##高能##人工智能#",
                "cid": 100035856,
                "dimension": {
                    "width": 1280,
                    "height": 720,
                    "rotate": 0
                },
                "short_link_v2": "https://b23.tv/BV1Gx411R7Qa",
                "cover43": "",
                "tidv2": 2098,
                "tnamev2": "AI杂谈",
                "pid_v2": 1011,
                "pid_name_v2": "人工智能",
                "bvid": "BV1Gx411R7Qa",
                "season_type": 0,
                "is_ogv": false,
                "ogv_info": null,
                "enable_vt": 0,
                "ai_rcmd": null,
                "rcmd_reason": "给我两个手机，我能这样玩一天！"
            },
            {
                "aid": 57514536,
                "videos": 1,
                "tid": 213,
                "tname": "美食测评",
                "copyright": 1,
                "pic": "http://i0.hdslb.com/bfs/archive/1a9bae5d1c60e36a1f809a307e4edcef5898e914.jpg",
                "title": "试吃目前见过最丑的螃蟹【美国棕盒蟹】，成功get新吃法！",
                "pubdate": 1562061609,
                "ctime": 1561999350,
                "desc": "视频每周二周五晚上更新~\n你的点赞投币是对我最大的鼓励！爱你们么么大！\n微博@大祥哥来了，欢迎关注~~\nBGM：\nParalyzed Veterans of America - Yankee Doodle\nThe Screen Tones - エレキのツンドラ\nTLV - Time（Cover：MKJ）",
                "state": 0,
                "duration": 466,
                "rights": {
                    "bp": 0,
                    "elec": 0,
                    "download": 0,
                    "movie": 0,
                    "pay": 0,
                    "hd5": 1,
                    "no_reprint": 1,
                    "autoplay": 1,
                    "ugc_pay": 0,
                    "is_cooperation": 0,
                    "ugc_pay_preview": 0,
                    "no_background": 0,
                    "arc_pay": 0,
                    "pay_free_watch": 0
                },
                "owner": {
                    "mid": 2920960,
                    "name": "大祥哥来了",
                    "face": "https://i1.hdslb.com/bfs/face/c72fee3b75a352f6a8d6c3e98bf0e050afa0caa0.jpg"
                },
                "stat": {
                    "aid": 57514536,
                    "view": 4887463,
                    "danmaku": 40083,
                    "reply": 4588,
                    "favorite": 11703,
                    "coin": 82354,
                    "share": 3818,
                    "now_rank": 0,
                    "his_rank": 71,
                    "like": 143212,
                    "dislike": 0,
                    "vt": 0,
                    "vv": 4887463,
                    "fav_g": 1,
                    "like_g": 0
                },
                "dynamic": "#美食##搞笑##吃播#",
                "cid": 100405004,
                "dimension": {
                    "width": 1920,
                    "height": 1080,
                    "rotate": 0
                },
                "short_link_v2": "https://b23.tv/BV16x411X7PT",
                "cover43": "",
                "tidv2": 2152,
                "tnamev2": "美食记录",
                "pid_v2": 1020,
                "pid_name_v2": "美食",
                "bvid": "BV16x411X7PT",
                "season_type": 0,
                "is_ogv": false,
                "ogv_info": null,
                "enable_vt": 0,
                "ai_rcmd": null,
                "rcmd_reason": "越丑的食物，吃起来味道就一定越好吗？"
            },
            {
                "aid": 57600670,
                "videos": 2,
                "tid": 21,
                "tname": "日常",
                "copyright": 1,
                "pic": "http://i1.hdslb.com/bfs/archive/c0e72405806c467b900f9158c5abcc067e7647d2.jpg",
                "title": "中国是世界上最不诚信的国家？鬼才信！",
                "pubdate": 1562067001,
                "ctime": 1562067001,
                "desc": "怼天怼地怼Science",
                "state": 0,
                "duration": 454,
                "rights": {
                    "bp": 0,
                    "elec": 0,
                    "download": 0,
                    "movie": 0,
                    "pay": 0,
                    "hd5": 1,
                    "no_reprint": 1,
                    "autoplay": 1,
                    "ugc_pay": 0,
                    "is_cooperation": 0,
                    "ugc_pay_preview": 0,
                    "no_background": 0,
                    "arc_pay": 0,
                    "pay_free_watch": 0
                },
                "owner": {
                    "mid": 32820037,
                    "name": "歪果仁研究协会",
                    "face": "https://i1.hdslb.com/bfs/face/216ee0636ee87c8c4293da8b186d5f6f06eea48a.jpg"
                },
                "stat": {
                    "aid": 57600670,
                    "view": 1587359,
                    "danmaku": 14851,
                    "reply": 8370,
                    "favorite": 25384,
                    "coin": 131178,
                    "share": 4637,
                    "now_rank": 0,
                    "his_rank": 44,
                    "like": 147365,
                    "dislike": 0,
                    "vt": 0,
                    "vv": 1587359,
                    "fav_g": 0,
                    "like_g": 0
                },
                "dynamic": "国外有论文说：中国是世界上最不诚信的国家？呵呵",
                "cid": 100549029,
                "dimension": {
                    "width": 1920,
                    "height": 1080,
                    "rotate": 0
                },
                "short_link_v2": "https://b23.tv/BV1dx411X7D3",
                "cover43": "",
                "tidv2": 2157,
                "tnamev2": "街头采访",
                "pid_v2": 1021,
                "pid_name_v2": "小剧场",
                "bvid": "BV1dx411X7D3",
                "season_type": 0,
                "is_ogv": false,
                "ogv_info": null,
                "enable_vt": 0,
                "ai_rcmd": null,
                "rcmd_reason": "本视频被人民日报官方转载。"
            },
            {
                "aid": 57294944,
                "videos": 1,
                "tid": 22,
                "tname": "鬼畜调教",
                "copyright": 1,
                "pic": "http://i1.hdslb.com/bfs/archive/ade084dda0a5c15382ef81586ddf535ec7078f84.jpg",
                "title": "张大仙教你背古诗，婉儿老师心态已崩",
                "pubdate": 1561847969,
                "ctime": 1561847969,
                "desc": "上官：你这答的是什么乱七八糟的\n新视频：av57550195  大家可以看一下˙︿˙感谢。",
                "state": 0,
                "duration": 141,
                "rights": {
                    "bp": 0,
                    "elec": 0,
                    "download": 0,
                    "movie": 0,
                    "pay": 0,
                    "hd5": 1,
                    "no_reprint": 1,
                    "autoplay": 1,
                    "ugc_pay": 0,
                    "is_cooperation": 0,
                    "ugc_pay_preview": 0,
                    "no_background": 0,
                    "arc_pay": 0,
                    "pay_free_watch": 0
                },
                "owner": {
                    "mid": 144576073,
                    "name": "贺柠",
                    "face": "http://i1.hdslb.com/bfs/face/fee56246ee2a42df47a09234255375cd34bcb8dc.jpg"
                },
                "stat": {
                    "aid": 57294944,
                    "view": 1875582,
                    "danmaku": 8599,
                    "reply": 2352,
                    "favorite": 70815,
                    "coin": 92590,
                    "share": 31707,
                    "now_rank": 0,
                    "his_rank": 0,
                    "like": 144725,
                    "dislike": 0,
                    "vt": 0,
                    "vv": 1875582,
                    "fav_g": 0,
                    "like_g": 0
                },
                "dynamic": "#张大仙##指法芬芳张大仙##王者荣耀#",
                "cid": 100036616,
                "dimension": {
                    "width": 1920,
                    "height": 1080,
                    "rotate": 0
                },
                "short_link_v2": "https://b23.tv/BV1Nx411R7NV",
                "cover43": "",
                "tidv2": 2090,
                "tnamev2": "人文历史",
                "pid_v2": 1010,
                "pid_name_v2": "知识",
                "bvid": "BV1Nx411R7NV",
                "season_type": 0,
                "is_ogv": false,
                "ogv_info": null,
                "enable_vt": 0,
                "ai_rcmd": null,
                "rcmd_reason": "语文老师正在提刀赶来的路上。"
            },
            {
                "aid": 57661959,
                "videos": 1,
                "tid": 182,
                "tname": "影视杂谈",
                "copyright": 1,
                "pic": "http://i0.hdslb.com/bfs/archive/d1a6da49ee0196871b3e8f0b66ce6feb14535df3.jpg",
                "title": "《蜘蛛侠：英雄远征》全彩蛋解析，完美开启漫威下一个十年",
                "pubdate": 1562148021,
                "ctime": 1562147710,
                "desc": "《蜘蛛侠：英雄远征》全彩蛋解析，完美开启漫威下一个十年",
                "state": 0,
                "duration": 697,
                "rights": {
                    "bp": 0,
                    "elec": 0,
                    "download": 0,
                    "movie": 0,
                    "pay": 0,
                    "hd5": 0,
                    "no_reprint": 1,
                    "autoplay": 1,
                    "ugc_pay": 0,
                    "is_cooperation": 0,
                    "ugc_pay_preview": 0,
                    "no_background": 0,
                    "arc_pay": 0,
                    "pay_free_watch": 0
                },
                "owner": {
                    "mid": 7487399,
                    "name": "努力的Lorre",
                    "face": "https://i2.hdslb.com/bfs/face/c63ebeed7d49967e2348ef953b539f8de90c5140.jpg"
                },
                "stat": {
                    "aid": 57661959,
                    "view": 2191290,
                    "danmaku": 14467,
                    "reply": 3652,
                    "favorite": 10993,
                    "coin": 20351,
                    "share": 7263,
                    "now_rank": 0,
                    "his_rank": 0,
                    "like": 56557,
                    "dislike": 0,
                    "vt": 0,
                    "vv": 2191290,
                    "fav_g": 0,
                    "like_g": 0
                },
                "dynamic": "《蜘蛛侠：英雄远征》全彩蛋解析，完美开启漫威下一个十年#漫威##蜘蛛侠##彩蛋#",
                "cid": 100652250,
                "dimension": {
                    "width": 1920,
                    "height": 1080,
                    "rotate": 0
                },
                "short_link_v2": "https://b23.tv/BV1Lx41197uK",
                "cover43": "",
                "tidv2": 2001,
                "tnamev2": "影视解读",
                "pid_v2": 1001,
                "pid_name_v2": "影视",
                "bvid": "BV1Lx41197uK",
                "season_type": 0,
                "is_ogv": false,
                "ogv_info": null,
                "enable_vt": 0,
                "ai_rcmd": null,
                "rcmd_reason": "片尾两个彩蛋，你都看完了吗？"
            }
        ]
    }
}