{
    "code": 0,
    "message": "OK",
    "ttl": 1,
    "data": {
        "config": {
            "id": 23,
            "type": "weekly_selected",
            "number": 19,
            "subject": "哪吒之魔童降世",
            "stime": 1564070400,
            "etime": 1564675199,
            "status": 2,
            "name": "2019第19期 07.26 - 08.01",
            "label": "第19期(0802更新)",
            "hint": "",
            "color": 0,
            "cover": "",
            "share_title": "哪吒之魔童降世 | B站每周必看2019年第19期",
            "share_subtitle": "这个暑假最火的国产动画电影，你看了没？",
            "media_id": 700856188
        },
        "reminder": "每周五晚18:00更新",
        "list": [
            {
                "aid": 61140081,
                "videos": 1,
                "tid": 168,
                "tname": "国产原创相关",
                "copyright": 1,
                "pic": "http://i1.hdslb.com/bfs/archive/5ede396e674d50f989fe2cb98c4f3c016d287025.jpg",
                "title": "《哪吒之魔童降世》中那些你不知道的彩蛋/细节",
                "pubdate": 1564306166,
                "ctime": 1564306166,
                "desc": "《哪吒之魔童降世》中那些你不知道的彩蛋/细节，这些是我知道的细节和彩蛋，希望大家在评论区积极补充，因为还有更多的彩蛋的~",
                "state": 0,
                "duration": 601,
                "mission_id": 11600,
                "rights": {
                    "bp": 0,
                    "elec": 0,
                    "download": 0,
                    "movie": 0,
                    "pay": 0,
                    "hd5": 1,
                    "no_reprint": 1,
                    "autoplay": 1,
                    "ugc_pay": 0,
                    "is_cooperation": 0,
                    "ugc_pay_preview": 0,
                    "no_background": 0,
                    "arc_pay": 0,
                    "pay_free_watch": 0
                },
                "owner": {
                    "mid": 8797300,
                    "name": "紫银风",
                    "face": "https://i1.hdslb.com/bfs/face/dde23a76419f69cf77571c29fc469191267ba081.jpg"
                },
                "stat": {
                    "aid": 61140081,
                    "view": 2818479,
                    "danmaku": 23044,
                    "reply": 6581,
                    "favorite": 45142,
                    "coin": 62231,
                    "share": 17675,
                    "now_rank": 0,
                    "his_rank": 13,
                    "like": 118906,
                    "dislike": 0,
                    "vt": 0,
                    "vv": 2818479,
                    "fav_g": 0,
                    "like_g": 0
                },
                "dynamic": "#紫银风##哪吒之魔童降世##哪吒#",
                "cid": 106369909,
                "dimension": {
                    "width": 1440,
                    "height": 1080,
                    "rotate": 0
                },
                "short_link_v2": "https://b23.tv/BV1xt411w71m",
                "cover43": "",
                "tidv2": 2042,
                "tnamev2": "动漫评论",
                "pid_v2": 1005,
                "pid_name_v2": "二次元",
                "bvid": "BV1xt411w71m",
                "season_type": 0,
                "is_ogv": false,
                "ogv_info": null,
                "enable_vt": 0,
                "ai_rcmd": null,
                "rcmd_reason": "关于哪吒的彩蛋与背景知识科普。"
            },
            {
                "aid": 61239982,
                "videos": 1,
                "tid": 168,
                "tname": "国产原创相关",
                "copyright": 1,
                "pic": "http://i2.hdslb.com/bfs/archive/f09fcb108d6019817a5c511744350e69d3c40682.jpg",
                "title": "这部国漫为何口碑爆炸？被观众一致赞扬！票房神话《哪吒之魔童降世》好看吗？【无剧透影评】",
                "pubdate": 1564369425,
                "ctime": 1564369425,
                "desc": "影片中“人能否改变自己的命运”“人心中的成见是一座大山”？这是一个非常具有讨论价值的话题！各位小伙伴也可以在评论区踊跃发言哦，对于国漫有着偏见的小可爱，不妨放下偏见，试着去一睹国漫的风采佳作吧！",
                "state": 0,
                "duration": 611,
                "rights": {
                    "bp": 0,
                    "elec": 0,
                    "download": 0,
                    "movie": 0,
                    "pay": 0,
                    "hd5": 1,
                    "no_reprint": 1,
                    "autoplay": 1,
                    "ugc_pay": 0,
                    "is_cooperation": 0,
                    "ugc_pay_preview": 0,
                    "no_background": 0,
                    "arc_pay": 0,
                    "pay_free_watch": 0
                },
                "owner": {
                    "mid": 18775476,
                    "name": "奇思Cheers",
                    "face": "https://i0.hdslb.com/bfs/face/b87707530ae35197135257dc249df6af5a43042c.jpg"
                },
                "stat": {
                    "aid": 61239982,
                    "view": 1271906,
                    "danmaku": 6191,
                    "reply": 4021,
                    "favorite": 8362,
                    "coin": 21863,
                    "share": 1659,
                    "now_rank": 0,
                    "his_rank": 20,
                    "like": 47523,
                    "dislike": 0,
                    "vt": 0,
                    "vv": 1271906,
                    "fav_g": 0,
                    "like_g": 0
                },
                "dynamic": "自己眼瞎看错了！实在是抱歉\n奇思日夜连续爆肝，不求转发安利一番，跪求三连数据好看，数据阔以继续日肝。\n好啦，我是奇思，一个要日肝的男人，也是一个致力于国产动画行业的UP主\n#国产动画##国漫##国漫良心##奇思##哪吒之魔童降世#",
                "cid": 106533881,
                "dimension": {
                    "width": 1920,
                    "height": 1080,
                    "rotate": 0
                },
                "short_link_v2": "https://b23.tv/BV1ft411w7L3",
                "cover43": "",
                "tidv2": 2042,
                "tnamev2": "动漫评论",
                "pid_v2": 1005,
                "pid_name_v2": "二次元",
                "bvid": "BV1ft411w7L3",
                "season_type": 0,
                "is_ogv": false,
                "ogv_info": null,
                "enable_vt": 0,
                "ai_rcmd": null,
                "rcmd_reason": "哪吒备受好评的N个理由。"
            },
            {
                "aid": 61420235,
                "videos": 1,
                "tid": 138,
                "tname": "搞笑",
                "copyright": 1,
                "pic": "http://i2.hdslb.com/bfs/archive/8b22f261c8f5cb2ffd8381087bfcac776aeb6b99.png",
                "title": "【美人鱼名场面】乔碧萝殿下粉丝的诉苦",
                "pubdate": 1564475256,
                "ctime": 1564475256,
                "desc": "续集指路：av61741052\n好久不更视频了……真的好久了，这次玩一玩配音……，除了我忍你好久了那句实在配不出灵魂其他都没有用原声",
                "state": 0,
                "duration": 216,
                "rights": {
                    "bp": 0,
                    "elec": 0,
                    "download": 0,
                    "movie": 0,
                    "pay": 0,
                    "hd5": 0,
                    "no_reprint": 1,
                    "autoplay": 1,
                    "ugc_pay": 0,
                    "is_cooperation": 0,
                    "ugc_pay_preview": 0,
                    "no_background": 0,
                    "arc_pay": 0,
                    "pay_free_watch": 0
                },
                "owner": {
                    "mid": 11164789,
                    "name": "拖杯糕",
                    "face": "https://i1.hdslb.com/bfs/face/e013362cffc80f13cccefcbc2b0ca1b1ae1af9e8.jpg"
                },
                "stat": {
                    "aid": 61420235,
                    "view": 6315187,
                    "danmaku": 25913,
                    "reply": 4177,
                    "favorite": 138036,
                    "coin": 243865,
                    "share": 92037,
                    "now_rank": 0,
                    "his_rank": 3,
                    "like": 397900,
                    "dislike": 0,
                    "vt": 0,
                    "vv": 6315187,
                    "fav_g": 0,
                    "like_g": 0
                },
                "dynamic": "",
                "cid": 106843583,
                "dimension": {
                    "width": 1280,
                    "height": 720,
                    "rotate": 0
                },
                "short_link_v2": "https://b23.tv/BV1pt411c7rj",
                "cover43": "",
                "tidv2": 2002,
                "tnamev2": "影视剪辑",
                "pid_v2": 1001,
                "pid_name_v2": "影视",
                "bvid": "BV1pt411c7rj",
                "season_type": 0,
                "is_ogv": false,
                "ogv_info": null,
                "enable_vt": 0,
                "ai_rcmd": null,
                "rcmd_reason": "我是网友，我已经报警了！"
            },
            {
                "aid": 60731116,
                "videos": 1,
                "tid": 22,
                "tname": "鬼畜调教",
                "copyright": 1,
                "pic": "http://i1.hdslb.com/bfs/archive/3e2e1e0b3c1108b83148bd2f51b3d28fc94c3b63.jpg",
                "title": "【派大星的独白】一个关于正常人的故事",
                "pubdate": 1564199758,
                "ctime": 1564168973,
                "desc": "BGM: Flower dance--Dj Okawari\n以此视频为自己最喜欢的一个视频作纪念。\n视频素材出处为《海绵宝宝》，是一部由舍曼·科恩、沃特·杜赫、山姆·亨德森、保罗·蒂比特等导的美国喜剧动画。\n本视频音频部分节选自央配版海绵宝宝，其主要配音演员为陈浩，李易，孙悦斌，白涛等。\n黄绿合战Day.9 对阵作品：av60738739 投票传送门：https://www.bilibili.com/blackboard/activity-yellowVSgreen4th.html",
                "state": 0,
                "duration": 222,
                "mission_id": 11658,
                "rights": {
                    "bp": 0,
                    "elec": 0,
                    "download": 0,
                    "movie": 0,
                    "pay": 0,
                    "hd5": 1,
                    "no_reprint": 1,
                    "autoplay": 1,
                    "ugc_pay": 0,
                    "is_cooperation": 0,
                    "ugc_pay_preview": 0,
                    "no_background": 0,
                    "arc_pay": 0,
                    "pay_free_watch": 0
                },
                "owner": {
                    "mid": 30222764,
                    "name": "洛温阿特金森",
                    "face": "https://i2.hdslb.com/bfs/face/8991695154e980e8986b35a78e44bf52c8173b06.jpg"
                },
                "stat": {
                    "aid": 60731116,
                    "view": 93424482,
                    "danmaku": 669568,
                    "reply": 92099,
                    "favorite": 3547821,
                    "coin": 5773749,
                    "share": 1201346,
                    "now_rank": 0,
                    "his_rank": 1,
                    "like": 5686964,
                    "dislike": 0,
                    "vt": 0,
                    "vv": 93424482,
                    "fav_g": 504,
                    "like_g": 479
                },
                "dynamic": "艺术就是派大星。喜欢的话请为黄队投上一票！！！\n#黄绿合战4th#黄绿合战Day.9 对阵作品：av60738739  投票传送门：https://www.bilibili.com/blackboard/activity-yellowVSgreen4th.html",
                "cid": 106015992,
                "dimension": {
                    "width": 1920,
                    "height": 1080,
                    "rotate": 0
                },
                "season_id": 588646,
                "short_link_v2": "https://b23.tv/BV1qt411j7fV",
                "pub_location": "福建",
                "cover43": "",
                "tidv2": 2041,
                "tnamev2": "动漫剪辑",
                "pid_v2": 1005,
                "pid_name_v2": "二次元",
                "bvid": "BV1qt411j7fV",
                "season_type": 0,
                "is_ogv": false,
                "ogv_info": null,
                "enable_vt": 0,
                "ai_rcmd": null,
                "rcmd_reason": "欢乐是如何消失的呢，海绵宝宝？"
            },
            {
                "aid": 61519712,
                "videos": 1,
                "tid": 170,
                "tname": "资讯",
                "copyright": 1,
                "pic": "http://i0.hdslb.com/bfs/archive/d6700a88c88169d7c4e3244be230a7f01c88b870.jpg",
                "title": "【哔哔Q第3期】哪吒续作预定？打破成见，做自己的英雄！",
                "pubdate": 1564541676,
                "ctime": 1564541676,
                "desc": "为什么让哪吒以熊孩子形象登场？龙王盘的柱子是定海神针吗？敖丙的蛋从哪里来？完全解开乾坤圈的哪吒和敖丙相比哪个比较厉害？鬼才导演饺子vs国创姬会产生怎样的碰撞~",
                "state": 0,
                "duration": 748,
                "redirect_url": "https://www.bilibili.com/bangumi/play/ep427180",
                "rights": {
                    "bp": 0,
                    "elec": 0,
                    "download": 0,
                    "movie": 0,
                    "pay": 0,
                    "hd5": 1,
                    "no_reprint": 1,
                    "autoplay": 0,
                    "ugc_pay": 0,
                    "is_cooperation": 0,
                    "ugc_pay_preview": 0,
                    "no_background": 0,
                    "arc_pay": 0,
                    "pay_free_watch": 0
                },
                "owner": {
                    "mid": 98627270,
                    "name": "哔哩哔哩国创",
                    "face": "https://i2.hdslb.com/bfs/face/ae8149db0fe146563cdbf7ff346eb9bb3dc25a12.jpg"
                },
                "stat": {
                    "aid": 61519712,
                    "view": 3094937,
                    "danmaku": 33086,
                    "reply": 6513,
                    "favorite": 5379,
                    "coin": 40232,
                    "share": 12201,
                    "now_rank": 0,
                    "his_rank": 8,
                    "like": 100546,
                    "dislike": 0,
                    "vt": 0,
                    "vv": 3094937,
                    "fav_g": 0,
                    "like_g": 9
                },
                "dynamic": "#哪吒##哪吒之魔童降世##哔哔Q#为什么让哪吒以熊孩子形象登场？龙王盘的柱子是定海神针吗？敖丙的蛋从哪里来？完全解开乾坤圈的哪吒和敖丙相比哪个比较厉害？鬼才导演饺子vs国创姬会产生怎样的碰撞~",
                "cid": 107083637,
                "dimension": {
                    "width": 1920,
                    "height": 1080,
                    "rotate": 0
                },
                "short_link_v2": "https://b23.tv/BV1Xt411c7CX",
                "pub_location": "上海",
                "cover43": "",
                "tidv2": 2054,
                "tnamev2": "二次元其他",
                "pid_v2": 1005,
                "pid_name_v2": "二次元",
                "bvid": "BV1Xt411c7CX",
                "season_type": 0,
                "is_ogv": false,
                "ogv_info": null,
                "enable_vt": 0,
                "ai_rcmd": null,
                "rcmd_reason": "导演独家专访，信息量超大。"
            },
            {
                "aid": 61144237,
                "videos": 1,
                "tid": 17,
                "tname": "单机游戏",
                "copyright": 1,
                "pic": "http://i0.hdslb.com/bfs/archive/9629f413145576d5acc3abee0b323cca2e474c18.jpg",
                "title": "如何用3首歌的时间通关我的世界",
                "pubdate": 1564306958,
                "ctime": 1564306958,
                "desc": "做这种视频还是挺累的，快一年没玩找手感用了挺长的时间。mc的速通也不是只有外国人才做的到。",
                "state": 0,
                "duration": 371,
                "rights": {
                    "bp": 0,
                    "elec": 0,
                    "download": 0,
                    "movie": 0,
                    "pay": 0,
                    "hd5": 0,
                    "no_reprint": 1,
                    "autoplay": 1,
                    "ugc_pay": 0,
                    "is_cooperation": 0,
                    "ugc_pay_preview": 0,
                    "no_background": 0,
                    "arc_pay": 0,
                    "pay_free_watch": 0
                },
                "owner": {
                    "mid": 1384726,
                    "name": "星川杏_",
                    "face": "https://i1.hdslb.com/bfs/face/a90f940d35a04b40bd7de6143a5a9c5a0c762666.jpg"
                },
                "stat": {
                    "aid": 61144237,
                    "view": 2347557,
                    "danmaku": 24113,
                    "reply": 5763,
                    "favorite": 133776,
                    "coin": 342455,
                    "share": 29023,
                    "now_rank": 0,
                    "his_rank": 5,
                    "like": 324627,
                    "dislike": 0,
                    "vt": 0,
                    "vv": 2347557,
                    "fav_g": 0,
                    "like_g": 2
                },
                "dynamic": "#MINECRAFT##我的世界#好。",
                "cid": 106380838,
                "dimension": {
                    "width": 1920,
                    "height": 1080,
                    "rotate": 0
                },
                "short_link_v2": "https://b23.tv/BV14t411w7Zh",
                "cover43": "",
                "tidv2": 2078,
                "tnamev2": "沙盒类",
                "pid_v2": 1008,
                "pid_name_v2": "游戏",
                "bvid": "BV14t411w7Zh",
                "season_type": 0,
                "is_ogv": false,
                "ogv_info": null,
                "enable_vt": 0,
                "ai_rcmd": null,
                "rcmd_reason": "欢迎来到别人的世界。"
            },
            {
                "aid": 61301483,
                "videos": 1,
                "tid": 203,
                "tname": "热点",
                "copyright": 2,
                "pic": "http://i2.hdslb.com/bfs/archive/d7e4d3cc2875dc88b8d927c607dfd0758127b5fb.jpg",
                "title": "【令人喷饭 番外】新闻联播怼的你灰头土脸、哑口无言，我还气定神闲",
                "pubdate": 1564401311,
                "ctime": 1564401312,
                "desc": "央视新闻\n【令人喷饭 番外】新闻联播怼的你灰头土脸、哑口无言，我还气定神闲",
                "state": 0,
                "duration": 67,
                "rights": {
                    "bp": 0,
                    "elec": 0,
                    "download": 0,
                    "movie": 0,
                    "pay": 0,
                    "hd5": 0,
                    "no_reprint": 0,
                    "autoplay": 1,
                    "ugc_pay": 0,
                    "is_cooperation": 0,
                    "ugc_pay_preview": 0,
                    "no_background": 0,
                    "arc_pay": 0,
                    "pay_free_watch": 0
                },
                "owner": {
                    "mid": 20165629,
                    "name": "共青团中央",
                    "face": "https://i1.hdslb.com/bfs/face/05725218e6cd8d0916da4f27ab56ca0957545c48.jpg"
                },
                "stat": {
                    "aid": 61301483,
                    "view": 5480051,
                    "danmaku": 22269,
                    "reply": 8488,
                    "favorite": 91419,
                    "coin": 159975,
                    "share": 30193,
                    "now_rank": 0,
                    "his_rank": 2,
                    "like": 544864,
                    "dislike": 0,
                    "vt": 0,
                    "vv": 5480051,
                    "fav_g": 0,
                    "like_g": 0
                },
                "dynamic": "【令人喷饭 番外】新闻联播怼的你灰头土脸、哑口无言，我还气定神闲#令人喷饭##新闻联播##康辉#",
                "cid": 106641093,
                "dimension": {
                    "width": 1080,
                    "height": 1920,
                    "rotate": 0
                },
                "short_link_v2": "https://b23.tv/BV17t411A78E",
                "cover43": "",
                "tidv2": 2088,
                "tnamev2": "社会观察",
                "pid_v2": 1010,
                "pid_name_v2": "知识",
                "bvid": "BV17t411A78E",
                "season_type": 0,
                "is_ogv": false,
                "ogv_info": null,
                "enable_vt": 0,
                "ai_rcmd": null,
                "rcmd_reason": "第二个朱广权冉冉升起。"
            },
            {
                "aid": 61438509,
                "videos": 1,
                "tid": 22,
                "tname": "鬼畜调教",
                "copyright": 1,
                "pic": "http://i0.hdslb.com/bfs/archive/9af71e2246e7bc8bad91de3330128b60b8a25bd9.jpg",
                "title": "【鬼畜新世界23】 环太平洋2019",
                "pubdate": 1564545301,
                "ctime": 1564484120,
                "desc": "燃 就完事了！\n黄绿合战Day.13 对阵作品：av61430909\n投票传送门：https://www.bilibili.com/blackboard/activity-yellowVSgreen4th.html",
                "state": 0,
                "duration": 886,
                "mission_id": 11657,
                "rights": {
                    "bp": 0,
                    "elec": 0,
                    "download": 0,
                    "movie": 0,
                    "pay": 0,
                    "hd5": 1,
                    "no_reprint": 1,
                    "autoplay": 1,
                    "ugc_pay": 0,
                    "is_cooperation": 0,
                    "ugc_pay_preview": 0,
                    "no_background": 0,
                    "arc_pay": 0,
                    "pay_free_watch": 0
                },
                "owner": {
                    "mid": 11997177,
                    "name": "三木刃",
                    "face": "https://i0.hdslb.com/bfs/face/785f79f302e6166079ad2fef933dcbfd435cca4b.jpg"
                },
                "stat": {
                    "aid": 61438509,
                    "view": 15075300,
                    "danmaku": 250319,
                    "reply": 12003,
                    "favorite": 702467,
                    "coin": 1678477,
                    "share": 199778,
                    "now_rank": 0,
                    "his_rank": 1,
                    "like": 1433422,
                    "dislike": 0,
                    "vt": 0,
                    "vv": 15075300,
                    "fav_g": 0,
                    "like_g": 0
                },
                "dynamic": "#黄绿合战4th#黄绿合战Day.13\n对阵作品：av61430909  投票传送门：https://www.bilibili.com/blackboard/activity-yellowVSgreen4th.html",
                "cid": 106872601,
                "dimension": {
                    "width": 1920,
                    "height": 1080,
                    "rotate": 0
                },
                "short_link_v2": "https://b23.tv/BV17t411c7j4",
                "cover43": "",
                "tidv2": 2060,
                "tnamev2": "鬼畜剧场",
                "pid_v2": 1007,
                "pid_name_v2": "鬼畜",
                "bvid": "BV17t411c7j4",
                "season_type": 0,
                "is_ogv": false,
                "ogv_info": null,
                "enable_vt": 0,
                "ai_rcmd": null,
                "rcmd_reason": "要素超多的鬼畜大制作。"
            },
            {
                "aid": 61025509,
                "videos": 1,
                "tid": 138,
                "tname": "搞笑",
                "copyright": 1,
                "pic": "http://i1.hdslb.com/bfs/archive/5423daccecffc4f823e7b9b130e77784eea47acd.jpg",
                "title": "【朱一旦】33 旦我，像爱惜羽毛一样爱惜人才",
                "pubdate": 1564231011,
                "ctime": 1564231011,
                "desc": "Bgm 美丽拍档\n微博@朱一旦的枯燥生活",
                "state": 0,
                "duration": 63,
                "rights": {
                    "bp": 0,
                    "elec": 0,
                    "download": 0,
                    "movie": 0,
                    "pay": 0,
                    "hd5": 1,
                    "no_reprint": 1,
                    "autoplay": 1,
                    "ugc_pay": 0,
                    "is_cooperation": 0,
                    "ugc_pay_preview": 0,
                    "no_background": 0,
                    "arc_pay": 0,
                    "pay_free_watch": 0
                },
                "owner": {
                    "mid": 437316738,
                    "name": "朱一旦的枯燥生活",
                    "face": "https://i0.hdslb.com/bfs/face/48ad92f9e0eb9516f491ed18457e2a73e865ea8c.jpg"
                },
                "stat": {
                    "aid": 61025509,
                    "view": 6117390,
                    "danmaku": 1794,
                    "reply": 2470,
                    "favorite": 23112,
                    "coin": 109300,
                    "share": 5273,
                    "now_rank": 0,
                    "his_rank": 13,
                    "like": 168472,
                    "dislike": 0,
                    "vt": 0,
                    "vv": 6117390,
                    "fav_g": 0,
                    "like_g": 0
                },
                "dynamic": "#朱一旦# #劳力士# #枯燥#",
                "cid": 106178943,
                "dimension": {
                    "width": 1080,
                    "height": 1920,
                    "rotate": 0
                },
                "short_link_v2": "https://b23.tv/BV1kt411P7VZ",
                "cover43": "",
                "tidv2": 2154,
                "tnamev2": "剧情演绎",
                "pid_v2": 1021,
                "pid_name_v2": "小剧场",
                "bvid": "BV1kt411P7VZ",
                "season_type": 0,
                "is_ogv": false,
                "ogv_info": null,
                "enable_vt": 0,
                "ai_rcmd": null,
                "rcmd_reason": "旦总又拯救了一个前途无量的小伙。"
            },
            {
                "aid": 61452211,
                "videos": 1,
                "tid": 21,
                "tname": "日常",
                "copyright": 1,
                "pic": "http://i1.hdslb.com/bfs/archive/5b3bd0d69895790cd7498c636d839880089ab6e9.jpg",
                "title": "又有小孩被困车内，小伙亲自体验被困车内半小时，气温逼近50度",
                "pubdate": 1564565412,
                "ctime": 1564491185,
                "desc": "小伙亲自体验被困车内半小时，气温逼近50度，成年人都受不了",
                "state": 0,
                "duration": 422,
                "rights": {
                    "bp": 0,
                    "elec": 0,
                    "download": 0,
                    "movie": 0,
                    "pay": 0,
                    "hd5": 0,
                    "no_reprint": 1,
                    "autoplay": 1,
                    "ugc_pay": 0,
                    "is_cooperation": 0,
                    "ugc_pay_preview": 0,
                    "no_background": 0,
                    "arc_pay": 0,
                    "pay_free_watch": 0
                },
                "owner": {
                    "mid": 196356191,
                    "name": "翔翔大作战",
                    "face": "https://i2.hdslb.com/bfs/face/2834cc59f3bf789d8b5d02c741eeaaebc52f1659.jpg"
                },
                "stat": {
                    "aid": 61452211,
                    "view": 3429614,
                    "danmaku": 25813,
                    "reply": 6672,
                    "favorite": 31172,
                    "coin": 205530,
                    "share": 6896,
                    "now_rank": 0,
                    "his_rank": 3,
                    "like": 247475,
                    "dislike": 0,
                    "vt": 0,
                    "vv": 3429614,
                    "fav_g": 0,
                    "like_g": 0
                },
                "dynamic": "小翔哥又流了一斤汗....瘦了瘦了\n\n#日常##挑战#",
                "cid": 106892861,
                "dimension": {
                    "width": 1920,
                    "height": 1080,
                    "rotate": 0
                },
                "short_link_v2": "https://b23.tv/BV1ht411c7Wv",
                "cover43": "",
                "tidv2": 2088,
                "tnamev2": "社会观察",
                "pid_v2": 1010,
                "pid_name_v2": "知识",
                "bvid": "BV1ht411c7Wv",
                "season_type": 0,
                "is_ogv": false,
                "ogv_info": null,
                "enable_vt": 0,
                "ai_rcmd": null,
                "rcmd_reason": "重视儿童安全，让意外不再发生。"
            },
            {
                "aid": 60658391,
                "videos": 1,
                "tid": 21,
                "tname": "日常",
                "copyright": 1,
                "pic": "http://i1.hdslb.com/bfs/archive/62973a06197580be686d1512e5505203e4dd12c2.jpg",
                "title": "送粉丝5000元去高档餐厅吃饭 服务员:您吃得起么？",
                "pubdate": 1564045246,
                "ctime": 1564021517,
                "desc": "点赞破20W，\n下期5200块， \n去热评第一城市撒币！",
                "state": 0,
                "duration": 895,
                "mission_id": 11588,
                "rights": {
                    "bp": 0,
                    "elec": 0,
                    "download": 0,
                    "movie": 0,
                    "pay": 0,
                    "hd5": 0,
                    "no_reprint": 1,
                    "autoplay": 1,
                    "ugc_pay": 0,
                    "is_cooperation": 0,
                    "ugc_pay_preview": 0,
                    "no_background": 0,
                    "arc_pay": 0,
                    "pay_free_watch": 0
                },
                "owner": {
                    "mid": 7552204,
                    "name": "啊吗粽",
                    "face": "https://i1.hdslb.com/bfs/face/61fc06811d9bb41a10a932b9f95ecc3632d82799.jpg"
                },
                "stat": {
                    "aid": 60658391,
                    "view": 2720569,
                    "danmaku": 43504,
                    "reply": 11625,
                    "favorite": 34701,
                    "coin": 164183,
                    "share": 1790,
                    "now_rank": 0,
                    "his_rank": 10,
                    "like": 370873,
                    "dislike": 0,
                    "vt": 0,
                    "vv": 2720569,
                    "fav_g": 0,
                    "like_g": 1
                },
                "dynamic": "点赞过20W，继续莽下一期，这个视频一定看到最后！\n高档西餐厅服务员直接质疑我们能不能吃得起。。。忍不了！\n#Vlog夏日大作战#",
                "cid": 105573701,
                "dimension": {
                    "width": 1920,
                    "height": 1080,
                    "rotate": 0
                },
                "short_link_v2": "https://b23.tv/BV17t411j7g9",
                "cover43": "",
                "tidv2": 2207,
                "tnamev2": "随拍·综合",
                "pid_v2": 1032,
                "pid_name_v2": "其他",
                "bvid": "BV17t411j7g9",
                "season_type": 0,
                "is_ogv": false,
                "ogv_info": null,
                "enable_vt": 0,
                "ai_rcmd": null,
                "rcmd_reason": "UP主实力宠粉的一天。"
            },
            {
                "aid": 61000067,
                "videos": 1,
                "tid": 214,
                "tname": "田园美食",
                "copyright": 1,
                "pic": "http://i0.hdslb.com/bfs/archive/85f8e620805c7e4c523c89313021e8864699aa5d.jpg",
                "title": "华农兄弟：这个竹鼠光吃不长肉，这样下去不行的，拿去河边烤了",
                "pubdate": 1564284623,
                "ctime": 1564284625,
                "desc": "华农兄弟：这个竹鼠光吃不长肉，这样下去不行的，拿去河边烤了",
                "state": 0,
                "duration": 418,
                "rights": {
                    "bp": 0,
                    "elec": 0,
                    "download": 0,
                    "movie": 0,
                    "pay": 0,
                    "hd5": 0,
                    "no_reprint": 1,
                    "autoplay": 1,
                    "ugc_pay": 0,
                    "is_cooperation": 0,
                    "ugc_pay_preview": 0,
                    "no_background": 0,
                    "arc_pay": 0,
                    "pay_free_watch": 0
                },
                "owner": {
                    "mid": 250858633,
                    "name": "华农兄弟",
                    "face": "https://i1.hdslb.com/bfs/face/bac504655c69ab937b0be4557e27535f794b0c66.jpg"
                },
                "stat": {
                    "aid": 61000067,
                    "view": 3383167,
                    "danmaku": 54992,
                    "reply": 6707,
                    "favorite": 7976,
                    "coin": 48638,
                    "share": 5327,
                    "now_rank": 0,
                    "his_rank": 5,
                    "like": 138460,
                    "dislike": 0,
                    "vt": 0,
                    "vv": 3383167,
                    "fav_g": 0,
                    "like_g": 0
                },
                "dynamic": "华农兄弟：这个竹鼠光吃不长肉，这样下去不行的，拿去河边烤了",
                "cid": 106134507,
                "dimension": {
                    "width": 1920,
                    "height": 1080,
                    "rotate": 0
                },
                "short_link_v2": "https://b23.tv/BV1st411P7em",
                "cover43": "",
                "tidv2": 2149,
                "tnamev2": "美食制作",
                "pid_v2": 1020,
                "pid_name_v2": "美食",
                "bvid": "BV1st411P7em",
                "season_type": 0,
                "is_ogv": false,
                "ogv_info": null,
                "enable_vt": 0,
                "ai_rcmd": null,
                "rcmd_reason": "竹鼠数量-1。"
            }
        ]
    }
}