{
    "code": 0,
    "message": "OK",
    "ttl": 1,
    "data": {
        "config": {
            "id": 2,
            "type": "weekly_selected",
            "number": 2,
            "subject": "噬元兽大战哥斯拉",
            "stime": 1553788800,
            "etime": 1554393599,
            "status": 2,
            "name": "2019第2期 03.29 - 04.04",
            "label": "第2期(0405更新)",
            "hint": "本周热词：",
            "color": 2,
            "cover": "http://i0.hdslb.com/bfs/archive/dbf0c941c74668f64faa1e07044ccee979daa260.jpg",
            "share_title": "噬元兽大战哥斯拉  | B站每周必看2019年第2期",
            "share_subtitle": "调皮铲屎官又耍花招，装扮成恐龙吓唬猫咪！还是亲妈最会玩！",
            "media_id": 448239888
        },
        "reminder": "每周五晚18:00更新",
        "list": [
            {
                "aid": 47661833,
                "videos": 1,
                "tid": 218,
                "tname": "喵星人",
                "copyright": 1,
                "pic": "http://i2.hdslb.com/bfs/archive/799b2a3d2613be6ee698b554677464f6b4981609.jpg",
                "title": "女主人扮恐龙把猫吓的到处飞，直接六亲不认，一脱衣服，猫：妈？",
                "pubdate": 1553851043,
                "ctime": 1553851043,
                "desc": "调皮铲屎官又耍花招\n装扮成恐龙吓唬猫咪\n不出意料！\n果然猫咪被吓得撒腿就跑！\n猫：这是什么鬼东西呀！也太吓人了吧，呜呜呜~\n一起来看看当猫咪遇上恐龙会有什么反应吧\n喜欢记得长按点赞，素质三连呀~\n关注微博@花花与三猫CatLive 上面会发一些小视频和日常",
                "state": 0,
                "duration": 311,
                "mission_id": 11273,
                "rights": {
                    "bp": 0,
                    "elec": 0,
                    "download": 0,
                    "movie": 0,
                    "pay": 0,
                    "hd5": 1,
                    "no_reprint": 1,
                    "autoplay": 1,
                    "ugc_pay": 0,
                    "is_cooperation": 0,
                    "ugc_pay_preview": 0,
                    "no_background": 0,
                    "arc_pay": 0,
                    "pay_free_watch": 0
                },
                "owner": {
                    "mid": 9008159,
                    "name": "花花与三猫CatLive",
                    "face": "https://i2.hdslb.com/bfs/face/1871c834255ffea531f699164e70f0daebc7558b.jpg"
                },
                "stat": {
                    "aid": 47661833,
                    "view": 2748603,
                    "danmaku": 12844,
                    "reply": 4206,
                    "favorite": 25261,
                    "coin": 89635,
                    "share": 12198,
                    "now_rank": 0,
                    "his_rank": 11,
                    "like": 121838,
                    "dislike": 0,
                    "vt": 0,
                    "vv": 2748603,
                    "fav_g": 0,
                    "like_g": 0
                },
                "dynamic": "哥斯拉：你让我撸猫？",
                "cid": 83471931,
                "dimension": {
                    "width": 1920,
                    "height": 1080,
                    "rotate": 0
                },
                "short_link_v2": "https://b23.tv/BV1Qb411x71C",
                "cover43": "",
                "tidv2": 2167,
                "tnamev2": "猫",
                "pid_v2": 1024,
                "pid_name_v2": "动物",
                "bvid": "BV1Qb411x71C",
                "season_type": 0,
                "is_ogv": false,
                "ogv_info": null,
                "enable_vt": 0,
                "ai_rcmd": null,
                "rcmd_reason": "调皮铲屎官又耍花招，装扮成恐龙吓唬猫咪！还是亲妈最会玩_(:3」∠)_"
            },
            {
                "aid": 47749169,
                "videos": 1,
                "tid": 219,
                "tname": "汪星人",
                "copyright": 1,
                "pic": "http://i2.hdslb.com/bfs/archive/4e51bcc6c702bc54edda078bd825bbbd6396fa26.jpg",
                "title": "华农兄弟：狗狗走丢了一只，用无人机去找一下，看能不能找到",
                "pubdate": 1553943621,
                "ctime": 1553943626,
                "desc": "华农兄弟：狗狗走丢了一只，用无人机去找一下，看能不能找到",
                "state": 0,
                "duration": 204,
                "rights": {
                    "bp": 0,
                    "elec": 0,
                    "download": 0,
                    "movie": 0,
                    "pay": 0,
                    "hd5": 1,
                    "no_reprint": 1,
                    "autoplay": 1,
                    "ugc_pay": 0,
                    "is_cooperation": 0,
                    "ugc_pay_preview": 0,
                    "no_background": 0,
                    "arc_pay": 0,
                    "pay_free_watch": 0
                },
                "owner": {
                    "mid": 250858633,
                    "name": "华农兄弟",
                    "face": "https://i1.hdslb.com/bfs/face/bac504655c69ab937b0be4557e27535f794b0c66.jpg"
                },
                "stat": {
                    "aid": 47749169,
                    "view": 2900107,
                    "danmaku": 11440,
                    "reply": 14784,
                    "favorite": 6268,
                    "coin": 39334,
                    "share": 1901,
                    "now_rank": 0,
                    "his_rank": 8,
                    "like": 101696,
                    "dislike": 0,
                    "vt": 0,
                    "vv": 2900107,
                    "fav_g": 0,
                    "like_g": 2
                },
                "dynamic": "华农兄弟：狗狗走丢了一只，用无人机去找一下，看能不能找到",
                "cid": 83640254,
                "dimension": {
                    "width": 3840,
                    "height": 2160,
                    "rotate": 0
                },
                "short_link_v2": "https://b23.tv/BV12b411W7WM",
                "cover43": "",
                "tidv2": 2168,
                "tnamev2": "狗",
                "pid_v2": 1024,
                "pid_name_v2": "动物",
                "bvid": "BV12b411W7WM",
                "season_type": 0,
                "is_ogv": false,
                "ogv_info": null,
                "enable_vt": 0,
                "ai_rcmd": null,
                "rcmd_reason": "心疼村霸，希望剩下的那只狗子能够早日回家(´；ω；`)"
            },
            {
                "aid": 47916943,
                "videos": 1,
                "tid": 171,
                "tname": "电子竞技",
                "copyright": 1,
                "pic": "http://i2.hdslb.com/bfs/archive/4c2fb16501f5d179172e49c7f0e7196d8df9a48b.jpg",
                "title": "【真人炉石】暗影崛起-最秀新卡发布！",
                "pubdate": 1554080432,
                "ctime": 1554044066,
                "desc": "非常荣幸连续第三次在B站全球首发炉石新卡！这次依旧是传说卡牌！\n这期新卡发布的工作量是以往两倍，夜以继日爆肝到最后时刻才得以完成。同时也算是实现了我们对户外卡牌战斗的遐想。如果喜欢，分享视频给更多炉石爱好者吧！",
                "state": 0,
                "duration": 286,
                "rights": {
                    "bp": 0,
                    "elec": 0,
                    "download": 0,
                    "movie": 0,
                    "pay": 0,
                    "hd5": 1,
                    "no_reprint": 1,
                    "autoplay": 1,
                    "ugc_pay": 0,
                    "is_cooperation": 0,
                    "ugc_pay_preview": 0,
                    "no_background": 0,
                    "arc_pay": 0,
                    "pay_free_watch": 0
                },
                "owner": {
                    "mid": 3380239,
                    "name": "神奇的老皮",
                    "face": "https://i1.hdslb.com/bfs/face/e7c191e9be6764107415069b36f7d9564f149c86.gif"
                },
                "stat": {
                    "aid": 47916943,
                    "view": 4906973,
                    "danmaku": 13420,
                    "reply": 12107,
                    "favorite": 139220,
                    "coin": 439125,
                    "share": 70246,
                    "now_rank": 0,
                    "his_rank": 1,
                    "like": 312702,
                    "dislike": 0,
                    "vt": 0,
                    "vv": 4906973,
                    "fav_g": 0,
                    "like_g": 1
                },
                "dynamic": "",
                "cid": 83927541,
                "dimension": {
                    "width": 1920,
                    "height": 1080,
                    "rotate": 0
                },
                "short_link_v2": "https://b23.tv/BV1Bb411s7m9",
                "cover43": "",
                "tidv2": 2039,
                "tnamev2": "cosplay",
                "pid_v2": 1005,
                "pid_name_v2": "二次元",
                "bvid": "BV1Bb411s7m9",
                "season_type": 0,
                "is_ogv": false,
                "ogv_info": null,
                "enable_vt": 0,
                "ai_rcmd": null,
                "rcmd_reason": "强力推荐！真人版炉石传说，大片级特效秀翻全场！"
            },
            {
                "aid": 48092641,
                "videos": 1,
                "tid": 76,
                "tname": "美食制作",
                "copyright": 1,
                "pic": "http://i2.hdslb.com/bfs/archive/1fa8eef9ce167f5f1736c4479c9649b342077aff.jpg",
                "title": "哎呀妈呀！不用烤箱也能做出这么棒的【流心芝士挞】吗？",
                "pubdate": 1554205977,
                "ctime": 1554205977,
                "desc": "BGM：おっちょこちょい ——羽毛田丈史\n配方改良自：@delishkitchen.tv",
                "state": 0,
                "duration": 191,
                "rights": {
                    "bp": 0,
                    "elec": 0,
                    "download": 0,
                    "movie": 0,
                    "pay": 0,
                    "hd5": 0,
                    "no_reprint": 1,
                    "autoplay": 1,
                    "ugc_pay": 0,
                    "is_cooperation": 0,
                    "ugc_pay_preview": 0,
                    "no_background": 0,
                    "arc_pay": 0,
                    "pay_free_watch": 0
                },
                "owner": {
                    "mid": 17409016,
                    "name": "爱做饭的芋头SAMA",
                    "face": "http://i1.hdslb.com/bfs/face/2182d21ff5ae520f392f55b59022bc17f43b4943.jpg"
                },
                "stat": {
                    "aid": 48092641,
                    "view": 3359967,
                    "danmaku": 3562,
                    "reply": 3409,
                    "favorite": 83223,
                    "coin": 73619,
                    "share": 13145,
                    "now_rank": 0,
                    "his_rank": 3,
                    "like": 148558,
                    "dislike": 0,
                    "vt": 0,
                    "vv": 3359967,
                    "fav_g": 0,
                    "like_g": 0
                },
                "dynamic": "久等啦~今天做个不用烤箱的小甜点！(●ˇ∀ˇ●) 超简单的！你们一定要试试呀~！",
                "cid": 84242529,
                "dimension": {
                    "width": 1920,
                    "height": 1080,
                    "rotate": 0
                },
                "short_link_v2": "https://b23.tv/BV1rb411p7W9",
                "cover43": "",
                "tidv2": 2149,
                "tnamev2": "美食制作",
                "pid_v2": 1020,
                "pid_name_v2": "美食",
                "bvid": "BV1rb411p7W9",
                "season_type": 0,
                "is_ogv": false,
                "ogv_info": null,
                "enable_vt": 0,
                "ai_rcmd": null,
                "rcmd_reason": "新技能get√ 高颜值甜品做法居然这么简单，你学会了吗？"
            },
            {
                "aid": 47919350,
                "videos": 1,
                "tid": 205,
                "tname": "社会",
                "copyright": 1,
                "pic": "http://i1.hdslb.com/bfs/archive/b1a57320634669d843605083227cb19677078bb4.jpg",
                "title": "1818黄金眼【在路上：打完电话 他爆发了】",
                "pubdate": 1554080252,
                "ctime": 1554046423,
                "desc": "杭州文一路文菁路口附近，傅警官正带队整治电动车的交通违法行为，一位小伙骑单车逆行而来，交警把他拦下后，小伙接到一个电话，没想到，打完电话，小伙子爆发了。",
                "state": 0,
                "duration": 257,
                "rights": {
                    "bp": 0,
                    "elec": 0,
                    "download": 0,
                    "movie": 0,
                    "pay": 0,
                    "hd5": 0,
                    "no_reprint": 1,
                    "autoplay": 1,
                    "ugc_pay": 0,
                    "is_cooperation": 0,
                    "ugc_pay_preview": 0,
                    "no_background": 0,
                    "arc_pay": 0,
                    "pay_free_watch": 0
                },
                "owner": {
                    "mid": 354077280,
                    "name": "1818黄金眼",
                    "face": "https://i0.hdslb.com/bfs/face/30f3ff3f2af66abbbcc6a93c8b65e7886d33b88c.jpg"
                },
                "stat": {
                    "aid": 47919350,
                    "view": 403801,
                    "danmaku": 2748,
                    "reply": 3431,
                    "favorite": 2825,
                    "coin": 3615,
                    "share": 4728,
                    "now_rank": 0,
                    "his_rank": 0,
                    "like": 8334,
                    "dislike": 0,
                    "vt": 0,
                    "vv": 403801,
                    "fav_g": 0,
                    "like_g": 0
                },
                "dynamic": "#1818黄金眼#杭州文一路文菁路口附近，傅警官正带队整治电动车的交通违法行为，一位小伙骑单车逆行而来，交警把他拦下后，小伙接到一个电话，没想到，打完电话，小伙子爆发了。",
                "cid": 83933747,
                "dimension": {
                    "width": 720,
                    "height": 576,
                    "rotate": 0
                },
                "short_link_v2": "https://b23.tv/BV16b411s7NL",
                "cover43": "",
                "tidv2": 2088,
                "tnamev2": "社会观察",
                "pid_v2": 1010,
                "pid_name_v2": "知识",
                "bvid": "BV16b411s7NL",
                "season_type": 0,
                "is_ogv": false,
                "ogv_info": null,
                "enable_vt": 0,
                "ai_rcmd": null,
                "rcmd_reason": "成年人的生活中没有“容易”二字，几分钟的视频触动了无数网友 。"
            },
            {
                "aid": 47794330,
                "videos": 3,
                "tid": 171,
                "tname": "电子竞技",
                "copyright": 1,
                "pic": "http://i1.hdslb.com/bfs/archive/a364a54e1a89d1d99d3fdb8447112af1f9649515.jpg",
                "title": "[LPL春季赛] 3月30日 IG vs EDG",
                "pubdate": 1553953444,
                "ctime": 1553953445,
                "desc": "[LPL春季赛] 3月30日 IG vs EDG",
                "state": 0,
                "duration": 10433,
                "rights": {
                    "bp": 0,
                    "elec": 0,
                    "download": 0,
                    "movie": 0,
                    "pay": 0,
                    "hd5": 0,
                    "no_reprint": 0,
                    "autoplay": 1,
                    "ugc_pay": 0,
                    "is_cooperation": 0,
                    "ugc_pay_preview": 0,
                    "no_background": 0,
                    "arc_pay": 0,
                    "pay_free_watch": 0
                },
                "owner": {
                    "mid": 50329118,
                    "name": "哔哩哔哩英雄联盟赛事",
                    "face": "https://i2.hdslb.com/bfs/face/544c89e68f2b1f12ffcbb8b3c062a3328e8692d9.jpg"
                },
                "stat": {
                    "aid": 47794330,
                    "view": 2910590,
                    "danmaku": 62821,
                    "reply": 14905,
                    "favorite": 21552,
                    "coin": 26841,
                    "share": 6782,
                    "now_rank": 0,
                    "his_rank": 5,
                    "like": 36505,
                    "dislike": 0,
                    "vt": 0,
                    "vv": 2910590,
                    "fav_g": 0,
                    "like_g": 0
                },
                "dynamic": "#电子竞技##英雄联盟##LPL#",
                "cid": 83719718,
                "dimension": {
                    "width": 1920,
                    "height": 1080,
                    "rotate": 0
                },
                "short_link_v2": "https://b23.tv/BV1Db411W7FN",
                "pub_location": "上海",
                "cover43": "",
                "tidv2": 2070,
                "tnamev2": "MOBA游戏",
                "pid_v2": 1008,
                "pid_name_v2": "游戏",
                "bvid": "BV1Db411W7FN",
                "season_type": 0,
                "is_ogv": false,
                "ogv_info": null,
                "enable_vt": 0,
                "ai_rcmd": null,
                "rcmd_reason": "20血极限翻盘！众所周知，英雄联盟是一款恐怖、紧张、刺激的回合制游戏……"
            },
            {
                "aid": 47641877,
                "videos": 1,
                "tid": 138,
                "tname": "搞笑",
                "copyright": 1,
                "pic": "http://i2.hdslb.com/bfs/archive/80802e0d32f218c7540ae37f70cc220c7ec3a2b5.jpg",
                "title": "号外！全新弹幕功能进入内测阶段！",
                "pubdate": 1554048019,
                "ctime": 1553835335,
                "desc": "这一次，小电视邀请力元君为各位观众姥爷们揭开全新弹幕功能的神秘面纱！~",
                "state": 0,
                "duration": 169,
                "rights": {
                    "bp": 0,
                    "elec": 0,
                    "download": 0,
                    "movie": 0,
                    "pay": 0,
                    "hd5": 1,
                    "no_reprint": 1,
                    "autoplay": 1,
                    "ugc_pay": 0,
                    "is_cooperation": 1,
                    "ugc_pay_preview": 0,
                    "no_background": 0,
                    "arc_pay": 0,
                    "pay_free_watch": 0
                },
                "owner": {
                    "mid": 8047632,
                    "name": "哔哩哔哩弹幕网",
                    "face": "https://i0.hdslb.com/bfs/face/0c84b9f4ad546d3f20324809d45fc439a2a8ddab.jpg"
                },
                "stat": {
                    "aid": 47641877,
                    "view": 860796,
                    "danmaku": 9348,
                    "reply": 20716,
                    "favorite": 4467,
                    "coin": 6321,
                    "share": 3402,
                    "now_rank": 0,
                    "his_rank": 9,
                    "like": 32142,
                    "dislike": 0,
                    "vt": 0,
                    "vv": 860796,
                    "fav_g": 0,
                    "like_g": 0
                },
                "dynamic": "你们听说过弹幕人吗?ε=( o｀ω′)ノ",
                "cid": 83442568,
                "dimension": {
                    "width": 1920,
                    "height": 1080,
                    "rotate": 0
                },
                "short_link_v2": "https://b23.tv/BV11b411x7VP",
                "pub_location": "上海",
                "cover43": "",
                "tidv2": 2063,
                "tnamev2": "鬼畜综合",
                "pid_v2": 1007,
                "pid_name_v2": "鬼畜",
                "bvid": "BV11b411x7VP",
                "season_type": 0,
                "is_ogv": false,
                "ogv_info": null,
                "enable_vt": 0,
                "ai_rcmd": null,
                "rcmd_reason": "全新弹幕功能"
            },
            {
                "aid": 47559559,
                "videos": 1,
                "tid": 253,
                "tname": "动漫杂谈",
                "copyright": 1,
                "pic": "http://i0.hdslb.com/bfs/archive/20d550e2843f3cb4bb1293c857357d570da87d87.jpg",
                "title": "比《复联4》更虐！漫威不敢拍的复联10次团灭",
                "pubdate": 1553768279,
                "ctime": 1553768279,
                "desc": "比《复联4》更虐！漫威不敢拍的复联10次团灭",
                "state": 0,
                "duration": 624,
                "rights": {
                    "bp": 0,
                    "elec": 0,
                    "download": 0,
                    "movie": 0,
                    "pay": 0,
                    "hd5": 0,
                    "no_reprint": 1,
                    "autoplay": 1,
                    "ugc_pay": 0,
                    "is_cooperation": 0,
                    "ugc_pay_preview": 0,
                    "no_background": 0,
                    "arc_pay": 0,
                    "pay_free_watch": 0
                },
                "owner": {
                    "mid": 7487399,
                    "name": "努力的Lorre",
                    "face": "https://i2.hdslb.com/bfs/face/c63ebeed7d49967e2348ef953b539f8de90c5140.jpg"
                },
                "stat": {
                    "aid": 47559559,
                    "view": 2434253,
                    "danmaku": 4645,
                    "reply": 2395,
                    "favorite": 16132,
                    "coin": 34370,
                    "share": 2420,
                    "now_rank": 0,
                    "his_rank": 9,
                    "like": 67932,
                    "dislike": 0,
                    "vt": 0,
                    "vv": 2434253,
                    "fav_g": 0,
                    "like_g": 0
                },
                "dynamic": "比《复联4》更虐！漫威不敢拍的复联10次团灭",
                "cid": 83337831,
                "dimension": {
                    "width": 1920,
                    "height": 1080,
                    "rotate": 0
                },
                "short_link_v2": "https://b23.tv/BV1hb411x7wM",
                "pub_location": "北京",
                "cover43": "",
                "tidv2": 2043,
                "tnamev2": "动漫速读",
                "pid_v2": 1005,
                "pid_name_v2": "二次元",
                "bvid": "BV1hb411x7wM",
                "season_type": 0,
                "is_ogv": false,
                "ogv_info": null,
                "enable_vt": 0,
                "ai_rcmd": null,
                "rcmd_reason": ""
            },
            {
                "aid": 47638140,
                "videos": 1,
                "tid": 172,
                "tname": "手机游戏",
                "copyright": 1,
                "pic": "http://i0.hdslb.com/bfs/archive/bb752b10f8e765b3f56099f5d003108d34e626dd.jpg",
                "title": "【游戏侦查冰】揭秘游戏氪金抽卡的“黑幕”",
                "pubdate": 1553831102,
                "ctime": 1553831102,
                "desc": "非洲人和欧洲人。。。",
                "state": 0,
                "duration": 763,
                "rights": {
                    "bp": 0,
                    "elec": 0,
                    "download": 0,
                    "movie": 0,
                    "pay": 0,
                    "hd5": 0,
                    "no_reprint": 1,
                    "autoplay": 1,
                    "ugc_pay": 0,
                    "is_cooperation": 0,
                    "ugc_pay_preview": 0,
                    "no_background": 0,
                    "arc_pay": 0,
                    "pay_free_watch": 0
                },
                "owner": {
                    "mid": 617285,
                    "name": "芒果冰OL",
                    "face": "https://i2.hdslb.com/bfs/face/f40b734ef61f95f8adb3beca5b7b693db399c50e.jpg"
                },
                "stat": {
                    "aid": 47638140,
                    "view": 2323210,
                    "danmaku": 27172,
                    "reply": 11141,
                    "favorite": 85215,
                    "coin": 270267,
                    "share": 36775,
                    "now_rank": 0,
                    "his_rank": 1,
                    "like": 223475,
                    "dislike": 0,
                    "vt": 0,
                    "vv": 2323210,
                    "fav_g": 0,
                    "like_g": 0
                },
                "dynamic": "记得点赞硬币收藏然后把这期视频转给正在玩氪金手游的玩家哦",
                "cid": 83443650,
                "dimension": {
                    "width": 1920,
                    "height": 1080,
                    "rotate": 0
                },
                "season_id": 1509908,
                "short_link_v2": "https://b23.tv/BV1yb411x7P3",
                "cover43": "",
                "tidv2": 2079,
                "tnamev2": "其他游戏",
                "pid_v2": 1008,
                "pid_name_v2": "游戏",
                "bvid": "BV1yb411x7P3",
                "season_type": 0,
                "is_ogv": false,
                "ogv_info": null,
                "enable_vt": 0,
                "ai_rcmd": null,
                "rcmd_reason": ""
            },
            {
                "aid": 48034188,
                "videos": 1,
                "tid": 212,
                "tname": "美食侦探",
                "copyright": 1,
                "pic": "http://i1.hdslb.com/bfs/archive/64a3c510413d36aeecbe9bce6c89731c308e2ff0.jpg",
                "title": "云南奇葩蔬菜竟这么多！为啥美国蔬菜品种都一样？",
                "pubdate": 1554174010,
                "ctime": 1554174011,
                "desc": "第一次逛云南普洱菜市场，云南竟然有这么多我从来没见过的蔬菜和食物。\n\n为啥在美国我们全国都吃一样的蔬菜？",
                "state": 0,
                "duration": 316,
                "rights": {
                    "bp": 0,
                    "elec": 0,
                    "download": 0,
                    "movie": 0,
                    "pay": 0,
                    "hd5": 1,
                    "no_reprint": 1,
                    "autoplay": 1,
                    "ugc_pay": 0,
                    "is_cooperation": 0,
                    "ugc_pay_preview": 0,
                    "no_background": 0,
                    "arc_pay": 0,
                    "pay_free_watch": 0
                },
                "owner": {
                    "mid": 176037767,
                    "name": "我是郭杰瑞",
                    "face": "http://i2.hdslb.com/bfs/face/6182455e4d61159121c223ddc7a3a381f2d4d056.jpg"
                },
                "stat": {
                    "aid": 48034188,
                    "view": 1907073,
                    "danmaku": 11386,
                    "reply": 4319,
                    "favorite": 3899,
                    "coin": 15179,
                    "share": 3022,
                    "now_rank": 0,
                    "his_rank": 7,
                    "like": 59620,
                    "dislike": 0,
                    "vt": 0,
                    "vv": 1907073,
                    "fav_g": 0,
                    "like_g": 1
                },
                "dynamic": "蚂蚁蛋是什么蛋？",
                "cid": 84017748,
                "dimension": {
                    "width": 1920,
                    "height": 1080,
                    "rotate": 0
                },
                "short_link_v2": "https://b23.tv/BV1Wb411p76H",
                "cover43": "",
                "tidv2": 2150,
                "tnamev2": "美食探店",
                "pid_v2": 1020,
                "pid_name_v2": "美食",
                "bvid": "BV1Wb411p76H",
                "season_type": 0,
                "is_ogv": false,
                "ogv_info": null,
                "enable_vt": 0,
                "ai_rcmd": null,
                "rcmd_reason": ""
            },
            {
                "aid": 48180183,
                "videos": 1,
                "tid": 137,
                "tname": "明星综合",
                "copyright": 1,
                "pic": "http://i1.hdslb.com/bfs/archive/89d7a4e1b72410a842a98914b1225cea35576536.jpg",
                "title": "我是超杀女，我来了！",
                "pubdate": 1554289159,
                "ctime": 1554289159,
                "desc": "Hello，我是Chloe Moretz，从今天起我就正式入驻bilibili啦！\n欢迎大家关注我的账号，给我留言发弹幕，有时间我会回复大家的。\n期待和大家成为朋友，爱你们（づ￣3￣）づ╭❤～",
                "state": 0,
                "duration": 49,
                "rights": {
                    "bp": 0,
                    "elec": 0,
                    "download": 0,
                    "movie": 0,
                    "pay": 0,
                    "hd5": 0,
                    "no_reprint": 1,
                    "autoplay": 1,
                    "ugc_pay": 0,
                    "is_cooperation": 0,
                    "ugc_pay_preview": 0,
                    "no_background": 0,
                    "arc_pay": 0,
                    "pay_free_watch": 0
                },
                "owner": {
                    "mid": 401544129,
                    "name": "科洛莫瑞兹ChloeMoretz",
                    "face": "http://i0.hdslb.com/bfs/face/ecde7213407db16adc6693da6b821fcecbf24972.jpg"
                },
                "stat": {
                    "aid": 48180183,
                    "view": 1435351,
                    "danmaku": 2659,
                    "reply": 8900,
                    "favorite": 9153,
                    "coin": 29981,
                    "share": 4786,
                    "now_rank": 0,
                    "his_rank": 6,
                    "like": 55063,
                    "dislike": 0,
                    "vt": 0,
                    "vv": 1435351,
                    "fav_g": 0,
                    "like_g": 0
                },
                "dynamic": "Hi, 我是超杀女，很开心能够在b站和大家见面~ 大家有什么想问我的问题么？快点在留言和弹幕中留下你们的问题，下次回答你们！",
                "cid": 84392116,
                "dimension": {
                    "width": 1280,
                    "height": 720,
                    "rotate": 0
                },
                "short_link_v2": "https://b23.tv/BV17b411W7Yj",
                "cover43": "",
                "tidv2": 2008,
                "tnamev2": "影视综合",
                "pid_v2": 1001,
                "pid_name_v2": "影视",
                "bvid": "BV17b411W7Yj",
                "season_type": 0,
                "is_ogv": false,
                "ogv_info": null,
                "enable_vt": 0,
                "ai_rcmd": null,
                "rcmd_reason": ""
            },
            {
                "aid": 47631172,
                "videos": 1,
                "tid": 17,
                "tname": "单机游戏",
                "copyright": 1,
                "pic": "http://i2.hdslb.com/bfs/archive/31533f9eb47df9a5cdae9459e463fa83afc3f04b.jpg",
                "title": "【C菌】只能用耳朵玩的国产推理游戏！",
                "pubdate": 1553862631,
                "ctime": 1553826923,
                "desc": "《疑案追声》的玩法很新颖，玩家扮演侦探，通过听取犯罪现场声音记录来推测凶手！\n喜欢请点收藏，收藏过3万的话2天内再更一部视频\n微博@渗透之C菌\nInstagram@roshinichi",
                "state": 0,
                "duration": 1897,
                "order_id": 10001267,
                "rights": {
                    "bp": 0,
                    "elec": 0,
                    "download": 0,
                    "movie": 0,
                    "pay": 0,
                    "hd5": 0,
                    "no_reprint": 1,
                    "autoplay": 1,
                    "ugc_pay": 0,
                    "is_cooperation": 0,
                    "ugc_pay_preview": 0,
                    "no_background": 0,
                    "arc_pay": 0,
                    "pay_free_watch": 0
                },
                "owner": {
                    "mid": 4162287,
                    "name": "渗透之C君",
                    "face": "https://i0.hdslb.com/bfs/face/a12790be51aa6c9e3583fa94cb9b11cbfe0dacc2.jpg"
                },
                "stat": {
                    "aid": 47631172,
                    "view": 1373144,
                    "danmaku": 14933,
                    "reply": 3643,
                    "favorite": 31471,
                    "coin": 49461,
                    "share": 5592,
                    "now_rank": 0,
                    "his_rank": 8,
                    "like": 67387,
                    "dislike": 0,
                    "vt": 0,
                    "vv": 1373144,
                    "fav_g": 0,
                    "like_g": 0
                },
                "dynamic": "#C菌# 这款国产侦探解密游戏智商没有150玩不了！只能用耳朵玩，非常有挑战性！已登录Steam，强烈安利！",
                "cid": 83429791,
                "dimension": {
                    "width": 1920,
                    "height": 1080,
                    "rotate": 0
                },
                "short_link_v2": "https://b23.tv/BV1rb411x7We",
                "cover43": "",
                "tidv2": 2079,
                "tnamev2": "其他游戏",
                "pid_v2": 1008,
                "pid_name_v2": "游戏",
                "bvid": "BV1rb411x7We",
                "season_type": 0,
                "is_ogv": false,
                "ogv_info": null,
                "enable_vt": 0,
                "ai_rcmd": null,
                "rcmd_reason": ""
            },
            {
                "aid": 48096021,
                "videos": 1,
                "tid": 251,
                "tname": "三农",
                "copyright": 1,
                "pic": "http://i1.hdslb.com/bfs/archive/31ffe7ea70cd04d55a4118c6ef937401e0d6fd29.jpg",
                "title": "点外卖的时候备注：”往死里加辣“会怎么样",
                "pubdate": 1554211122,
                "ctime": 1554211122,
                "desc": "微博@无敌张帅比\n有什么搞笑，智障，尴尬，恐怖的视频可以发到邮箱：laozhanghenshuai@163.com",
                "state": 0,
                "duration": 557,
                "mission_id": 11225,
                "rights": {
                    "bp": 0,
                    "elec": 0,
                    "download": 0,
                    "movie": 0,
                    "pay": 0,
                    "hd5": 0,
                    "no_reprint": 1,
                    "autoplay": 1,
                    "ugc_pay": 0,
                    "is_cooperation": 0,
                    "ugc_pay_preview": 0,
                    "no_background": 0,
                    "arc_pay": 0,
                    "pay_free_watch": 0
                },
                "owner": {
                    "mid": 28642491,
                    "name": "楼上的老张",
                    "face": "https://i0.hdslb.com/bfs/face/f3950d544c9090a89e6369ef52232b7f8d450a45.jpg"
                },
                "stat": {
                    "aid": 48096021,
                    "view": 3566578,
                    "danmaku": 31047,
                    "reply": 7001,
                    "favorite": 12704,
                    "coin": 47528,
                    "share": 2406,
                    "now_rank": 0,
                    "his_rank": 9,
                    "like": 111683,
                    "dislike": 0,
                    "vt": 0,
                    "vv": 3566578,
                    "fav_g": 1,
                    "like_g": 13
                },
                "dynamic": "我离暴毙就差那么一丁点",
                "cid": 84252699,
                "dimension": {
                    "width": 1920,
                    "height": 1080,
                    "rotate": 0
                },
                "short_link_v2": "https://b23.tv/BV1Cb411p7TY",
                "cover43": "",
                "tidv2": 2152,
                "tnamev2": "美食记录",
                "pid_v2": 1020,
                "pid_name_v2": "美食",
                "bvid": "BV1Cb411p7TY",
                "season_type": 0,
                "is_ogv": false,
                "ogv_info": null,
                "enable_vt": 0,
                "ai_rcmd": null,
                "rcmd_reason": ""
            },
            {
                "aid": 47584289,
                "videos": 1,
                "tid": 171,
                "tname": "电子竞技",
                "copyright": 1,
                "pic": "http://i2.hdslb.com/bfs/archive/107827f531e0dfe46ec82e9fb23d31991e68e96e.jpg",
                "title": "靠谱盘点33：笑疯！Faker首次传授独家中单秘诀，厂长变身食肉型打野，各赛区爆笑吐槽",
                "pubdate": 1553772612,
                "ctime": 1553772612,
                "desc": "相关游戏：英雄联盟\n简介补充：喜欢这期视频的话铁汁们点个关注！做视频不容易，长按大拇指字词一下可以吗5555哭辣 收藏v我1w，下周四准时周更！！@超carry的柴西 @靠谱电竞",
                "state": 0,
                "duration": 366,
                "rights": {
                    "bp": 0,
                    "elec": 0,
                    "download": 0,
                    "movie": 0,
                    "pay": 0,
                    "hd5": 1,
                    "no_reprint": 1,
                    "autoplay": 1,
                    "ugc_pay": 0,
                    "is_cooperation": 0,
                    "ugc_pay_preview": 0,
                    "no_background": 0,
                    "arc_pay": 0,
                    "pay_free_watch": 0
                },
                "owner": {
                    "mid": 279991456,
                    "name": "靠谱电竞",
                    "face": "https://i1.hdslb.com/bfs/face/f5694c95af22cfe15189a61d9874414128f1781b.jpg"
                },
                "stat": {
                    "aid": 47584289,
                    "view": 1886696,
                    "danmaku": 4665,
                    "reply": 2675,
                    "favorite": 34335,
                    "coin": 199827,
                    "share": 4711,
                    "now_rank": 0,
                    "his_rank": 3,
                    "like": 141177,
                    "dislike": 0,
                    "vt": 0,
                    "vv": 1886696,
                    "fav_g": 0,
                    "like_g": 0
                },
                "dynamic": "#电子竞技##英雄联盟##搞笑#\n快乐袁泉来辣！！！25小时做视频不容易！！救救孩子吧！！来个三连吧！！",
                "cid": 83396791,
                "dimension": {
                    "width": 1920,
                    "height": 1080,
                    "rotate": 0
                },
                "season_id": 93,
                "short_link_v2": "https://b23.tv/BV1qb411x7Dr",
                "cover43": "",
                "tidv2": 2070,
                "tnamev2": "MOBA游戏",
                "pid_v2": 1008,
                "pid_name_v2": "游戏",
                "bvid": "BV1qb411x7Dr",
                "season_type": 0,
                "is_ogv": false,
                "ogv_info": null,
                "enable_vt": 0,
                "ai_rcmd": null,
                "rcmd_reason": ""
            },
            {
                "aid": 48004093,
                "videos": 1,
                "tid": 182,
                "tname": "影视杂谈",
                "copyright": 1,
                "pic": "http://i2.hdslb.com/bfs/archive/2ac29f728c5c0cd7fbb9e9b3b1045cab5d73ac48.jpg",
                "title": "【嘻咦啊看】这个抛妻弃子的男人赢得了所有人的喝彩",
                "pubdate": 1554122366,
                "ctime": 1554122366,
                "desc": "唐僧当年要是有这教练，早上西天了。\n\n电影:《胖男孩快跑》 Run Fatboy Run (2007)\n \nIMDb评分：6.6  / 豆瓣评分：7.1\n导演：大卫•休默\n编剧：西蒙•佩吉 / 迈克尔•伊恩•布莱克\n主演： 西蒙•佩吉 / 坦迪•牛顿 / 汉克•阿扎利亚 / 迪兰•莫兰 / 哈里什•帕特尔",
                "state": 0,
                "duration": 897,
                "rights": {
                    "bp": 0,
                    "elec": 0,
                    "download": 0,
                    "movie": 0,
                    "pay": 0,
                    "hd5": 1,
                    "no_reprint": 1,
                    "autoplay": 1,
                    "ugc_pay": 0,
                    "is_cooperation": 0,
                    "ugc_pay_preview": 0,
                    "no_background": 0,
                    "arc_pay": 0,
                    "pay_free_watch": 0
                },
                "owner": {
                    "mid": 123938419,
                    "name": "嘻咦啊看",
                    "face": "http://i1.hdslb.com/bfs/face/170e1009846dd3ad8cdcd4050527b9cf2ecf67ab.jpg"
                },
                "stat": {
                    "aid": 48004093,
                    "view": 1631642,
                    "danmaku": 10310,
                    "reply": 3807,
                    "favorite": 9946,
                    "coin": 43655,
                    "share": 5166,
                    "now_rank": 0,
                    "his_rank": 6,
                    "like": 49109,
                    "dislike": 0,
                    "vt": 0,
                    "vv": 1631642,
                    "fav_g": 0,
                    "like_g": 0
                },
                "dynamic": "#嘻咦啊看#",
                "cid": 84087394,
                "dimension": {
                    "width": 1920,
                    "height": 1080,
                    "rotate": 0
                },
                "short_link_v2": "https://b23.tv/BV1Vb411p7tP",
                "cover43": "",
                "tidv2": 2001,
                "tnamev2": "影视解读",
                "pid_v2": 1001,
                "pid_name_v2": "影视",
                "bvid": "BV1Vb411p7tP",
                "season_type": 0,
                "is_ogv": false,
                "ogv_info": null,
                "enable_vt": 0,
                "ai_rcmd": null,
                "rcmd_reason": ""
            }
        ]
    }
}