{
    "code": 0,
    "message": "OK",
    "ttl": 1,
    "data": {
        "config": {
            "id": 29,
            "type": "weekly_selected",
            "number": 25,
            "subject": "iPhone11",
            "stime": 1567699200,
            "etime": 1568303999,
            "status": 2,
            "name": "2019第25期 09.06 - 09.12",
            "label": "第25期(0913更新)",
            "hint": "",
            "color": 0,
            "cover": "",
            "share_title": "新款iPhone香不香？ | B站每周必看2019年第25期",
            "share_subtitle": "摄像头，一万块钱四个，嘿嘿~~",
            "media_id": 726269388
        },
        "reminder": "每周五晚18:00更新",
        "list": [
            {
                "aid": 67319816,
                "videos": 1,
                "tid": 95,
                "tname": "数码",
                "copyright": 1,
                "pic": "http://i1.hdslb.com/bfs/archive/0fbf3def9277d5f3ae8e4bc8e559275d8ed2d015.jpg",
                "title": "搞机零距离：iPhone 11 Pro首发体验 午夜绿磨砂后盖你喜欢吗？",
                "pubdate": 1568151490,
                "ctime": 1568151490,
                "desc": "午夜绿色今年应该会大卖吧。微博：钟文泽",
                "state": 0,
                "duration": 492,
                "rights": {
                    "bp": 0,
                    "elec": 0,
                    "download": 0,
                    "movie": 0,
                    "pay": 0,
                    "hd5": 0,
                    "no_reprint": 1,
                    "autoplay": 1,
                    "ugc_pay": 0,
                    "is_cooperation": 0,
                    "ugc_pay_preview": 0,
                    "no_background": 0,
                    "arc_pay": 0,
                    "pay_free_watch": 0
                },
                "owner": {
                    "mid": 25910292,
                    "name": "钟文泽",
                    "face": "http://i0.hdslb.com/bfs/face/6f7ef32a25419744130c42f63ff6b11c624f19e3.jpg"
                },
                "stat": {
                    "aid": 67319816,
                    "view": 1606068,
                    "danmaku": 16817,
                    "reply": 7899,
                    "favorite": 1930,
                    "coin": 3231,
                    "share": 6799,
                    "now_rank": 0,
                    "his_rank": 18,
                    "like": 13779,
                    "dislike": 0,
                    "vt": 0,
                    "vv": 1606068,
                    "fav_g": 0,
                    "like_g": 0
                },
                "dynamic": "午夜绿色今年应该会大卖吧。微博：钟文泽",
                "cid": 116723164,
                "dimension": {
                    "width": 2160,
                    "height": 1080,
                    "rotate": 0
                },
                "short_link_v2": "https://b23.tv/BV1YJ411K7uk",
                "cover43": "",
                "tidv2": 2100,
                "tnamev2": "手机",
                "pid_v2": 1012,
                "pid_name_v2": "科技数码",
                "bvid": "BV1YJ411K7uk",
                "season_type": 0,
                "is_ogv": false,
                "ogv_info": null,
                "enable_vt": 0,
                "ai_rcmd": null,
                "rcmd_reason": "摄像头，一万块钱四个，嘿嘿~~"
            },
            {
                "aid": 66615043,
                "videos": 1,
                "tid": 161,
                "tname": "手工",
                "copyright": 1,
                "pic": "http://i1.hdslb.com/bfs/archive/70e7100e8f0cf8cef9c5c7261beb2c0f8b9b9bf4.jpg",
                "title": "老板：这个瓜请给我削成一般人吃不起的样子！",
                "pubdate": 1567645218,
                "ctime": 1567598966,
                "desc": "老板：这个瓜请给我削成一般人吃不起的样子！三毛水果艺术原创出品",
                "state": 0,
                "duration": 224,
                "mission_id": 11875,
                "rights": {
                    "bp": 0,
                    "elec": 0,
                    "download": 0,
                    "movie": 0,
                    "pay": 0,
                    "hd5": 0,
                    "no_reprint": 1,
                    "autoplay": 1,
                    "ugc_pay": 0,
                    "is_cooperation": 0,
                    "ugc_pay_preview": 0,
                    "no_background": 0,
                    "arc_pay": 0,
                    "pay_free_watch": 0
                },
                "owner": {
                    "mid": 352248648,
                    "name": "三毛水果艺术",
                    "face": "https://i0.hdslb.com/bfs/face/6d4af542204dbaa87a786cb7c6aa3fca63bee5bd.jpg"
                },
                "stat": {
                    "aid": 66615043,
                    "view": 17122494,
                    "danmaku": 89894,
                    "reply": 10988,
                    "favorite": 293976,
                    "coin": 1688089,
                    "share": 40230,
                    "now_rank": 0,
                    "his_rank": 2,
                    "like": 1742733,
                    "dislike": 0,
                    "vt": 0,
                    "vv": 17122494,
                    "fav_g": 1,
                    "like_g": 0
                },
                "dynamic": "老板：这个瓜请给我削成一般人吃不起的样子！#三毛水果艺术##手工达人##水果雕刻#",
                "cid": 115528948,
                "dimension": {
                    "width": 1920,
                    "height": 1088,
                    "rotate": 0
                },
                "season_id": 2120,
                "short_link_v2": "https://b23.tv/BV1D4411C7Ap",
                "cover43": "",
                "tidv2": 2145,
                "tnamev2": "传统手工艺",
                "pid_v2": 1019,
                "pid_name_v2": "手工",
                "bvid": "BV1D4411C7Ap",
                "season_type": 0,
                "is_ogv": false,
                "ogv_info": null,
                "enable_vt": 0,
                "ai_rcmd": null,
                "rcmd_reason": "不要问值多少钱，因为艺术无价。"
            },
            {
                "aid": 67003350,
                "videos": 1,
                "tid": 21,
                "tname": "日常",
                "copyright": 1,
                "pic": "http://i0.hdslb.com/bfs/archive/d1cef58f4220ad032a1475d9c406bbfc786d6af9.jpg",
                "title": "为了追到学姐，我撒钱逗她开心，我的一个故事05",
                "pubdate": 1567904980,
                "ctime": 1567904981,
                "desc": "没想到吧，这集有他喵的30分钟！\n第一集：av59788155\n第二集：av60945180\n第三集：av62262162\n第四集：av63618635",
                "state": 0,
                "duration": 1621,
                "mission_id": 11878,
                "rights": {
                    "bp": 0,
                    "elec": 0,
                    "download": 0,
                    "movie": 0,
                    "pay": 0,
                    "hd5": 1,
                    "no_reprint": 1,
                    "autoplay": 1,
                    "ugc_pay": 0,
                    "is_cooperation": 0,
                    "ugc_pay_preview": 0,
                    "no_background": 0,
                    "arc_pay": 0,
                    "pay_free_watch": 0
                },
                "owner": {
                    "mid": 3116281,
                    "name": "钢铁直男必老板",
                    "face": "https://i1.hdslb.com/bfs/face/9a76285ea5639ee7b0e401d5526081ac97bce642.jpg"
                },
                "stat": {
                    "aid": 67003350,
                    "view": 3779056,
                    "danmaku": 67660,
                    "reply": 7988,
                    "favorite": 92480,
                    "coin": 300711,
                    "share": 36930,
                    "now_rank": 0,
                    "his_rank": 1,
                    "like": 243233,
                    "dislike": 0,
                    "vt": 0,
                    "vv": 3779056,
                    "fav_g": 0,
                    "like_g": 0
                },
                "dynamic": "#生活##自制##校园#",
                "cid": 116185921,
                "dimension": {
                    "width": 1920,
                    "height": 1080,
                    "rotate": 0
                },
                "short_link_v2": "https://b23.tv/BV1u4411C7TA",
                "cover43": "",
                "tidv2": 2043,
                "tnamev2": "动漫速读",
                "pid_v2": 1005,
                "pid_name_v2": "二次元",
                "bvid": "BV1u4411C7TA",
                "season_type": 0,
                "is_ogv": false,
                "ogv_info": null,
                "enable_vt": 0,
                "ai_rcmd": null,
                "rcmd_reason": "无中生友系列宣告完结？"
            },
            {
                "aid": 66831615,
                "videos": 1,
                "tid": 71,
                "tname": "综艺",
                "copyright": 1,
                "pic": "http://i2.hdslb.com/bfs/archive/910637e1465907b6121cf00906c2d17d65e4ce34.jpg",
                "title": "【大事件】第六季，最终回！暴走大事件第六季 33",
                "pubdate": 1567774080,
                "ctime": 1567774080,
                "desc": "两千名员工齐聚一堂，欢送大头最后一程；金凤凰老年广场舞队正式出道，首场演出便送别故人；阿香再出神曲欢庆完结；各界大佬亲临现场为大头送上最后一份“祝福”；大头自拍留下最后的遗愿；老友竟然用这种方式与王大头做最后的道别？！",
                "state": 0,
                "duration": 1583,
                "redirect_url": "https://www.bilibili.com/bangumi/play/ep391301",
                "rights": {
                    "bp": 0,
                    "elec": 0,
                    "download": 0,
                    "movie": 0,
                    "pay": 0,
                    "hd5": 1,
                    "no_reprint": 1,
                    "autoplay": 0,
                    "ugc_pay": 0,
                    "is_cooperation": 0,
                    "ugc_pay_preview": 0,
                    "no_background": 0,
                    "arc_pay": 0,
                    "pay_free_watch": 0
                },
                "owner": {
                    "mid": 883968,
                    "name": "暴走漫画",
                    "face": "https://i0.hdslb.com/bfs/face/c93ff5df2cd0c0c9384b139c86d1a56a9540c9a2.jpg"
                },
                "stat": {
                    "aid": 66831615,
                    "view": 6885241,
                    "danmaku": 136620,
                    "reply": 16363,
                    "favorite": 2719,
                    "coin": 347120,
                    "share": 21525,
                    "now_rank": 0,
                    "his_rank": 2,
                    "like": 324783,
                    "dislike": 0,
                    "vt": 0,
                    "vv": 6885241,
                    "fav_g": 0,
                    "like_g": 0
                },
                "dynamic": "#综艺##搞笑##娱乐##暴走大事件##大事件第六季##完结#你们一定要好好学习，努力加油啊，无聊的时候记得去微博、微信、知乎总之就是各种网站上关注大头啊，一定要持续关注我们的进展鸭~（狗头）",
                "cid": 116100091,
                "dimension": {
                    "width": 1920,
                    "height": 1080,
                    "rotate": 0
                },
                "short_link_v2": "https://b23.tv/BV1o4411y77d",
                "cover43": "",
                "tidv2": 2014,
                "tnamev2": "娱乐综艺正片",
                "pid_v2": 1002,
                "pid_name_v2": "娱乐",
                "bvid": "BV1o4411y77d",
                "season_type": 0,
                "is_ogv": false,
                "ogv_info": null,
                "enable_vt": 0,
                "ai_rcmd": null,
                "rcmd_reason": "第七季不见不散！"
            },
            {
                "aid": 66884419,
                "videos": 2,
                "tid": 199,
                "tname": "明星舞蹈",
                "copyright": 1,
                "pic": "http://i0.hdslb.com/bfs/archive/48a7d0182d2607eb12c79afc4a4cb90796af3275.jpg",
                "title": "爸妈不在家，偷偷跳个舞……",
                "pubdate": 1567822384,
                "ctime": 1567822384,
                "desc": "这个夏天怎么能不蹦迪呢？好像似乎有几天没投稿了咕咕……\n在家瞎玩一下，换掉睡衣，穿上高跟，我就是全家最靓的仔。\n如果你喜欢，请一定三连支持哦！\n\n舞蹈:momoland《I'm so hot》",
                "state": 0,
                "duration": 228,
                "rights": {
                    "bp": 0,
                    "elec": 0,
                    "download": 0,
                    "movie": 0,
                    "pay": 0,
                    "hd5": 1,
                    "no_reprint": 1,
                    "autoplay": 1,
                    "ugc_pay": 0,
                    "is_cooperation": 0,
                    "ugc_pay_preview": 0,
                    "no_background": 0,
                    "arc_pay": 0,
                    "pay_free_watch": 0
                },
                "owner": {
                    "mid": 8366990,
                    "name": "-欣小萌-",
                    "face": "https://i2.hdslb.com/bfs/face/60368b5e2850cc569328e8b562d90cb28ce5b2cd.jpg"
                },
                "stat": {
                    "aid": 66884419,
                    "view": 3729025,
                    "danmaku": 6068,
                    "reply": 2765,
                    "favorite": 40759,
                    "coin": 48924,
                    "share": 7081,
                    "now_rank": 0,
                    "his_rank": 5,
                    "like": 76622,
                    "dislike": 0,
                    "vt": 0,
                    "vv": 3729025,
                    "fav_g": 38,
                    "like_g": 122
                },
                "dynamic": "穿上高跟，我就是全家最靓的仔！",
                "cid": 115980904,
                "dimension": {
                    "width": 1920,
                    "height": 1080,
                    "rotate": 0
                },
                "short_link_v2": "https://b23.tv/BV1k4411k7vs",
                "pub_location": "江苏",
                "cover43": "",
                "tidv2": 2031,
                "tnamev2": "明星舞蹈",
                "pid_v2": 1004,
                "pid_name_v2": "舞蹈",
                "bvid": "BV1k4411k7vs",
                "season_type": 0,
                "is_ogv": false,
                "ogv_info": null,
                "enable_vt": 0,
                "ai_rcmd": null,
                "rcmd_reason": "换掉睡衣，你就是全家最靓的仔。"
            },
            {
                "aid": 66947962,
                "videos": 1,
                "tid": 214,
                "tname": "田园美食",
                "copyright": 1,
                "pic": "http://i0.hdslb.com/bfs/archive/2407adc769eb573c3342a6e00bfe750d89350178.jpg",
                "title": "华农兄弟：兄弟王刚来我们家玩，带他们去池塘里面抓点鱼",
                "pubdate": 1567913436,
                "ctime": 1567913438,
                "desc": "华农兄弟：兄弟王刚来我们家玩，带他们去池塘里面抓点鱼",
                "state": 0,
                "duration": 434,
                "rights": {
                    "bp": 0,
                    "elec": 0,
                    "download": 0,
                    "movie": 0,
                    "pay": 0,
                    "hd5": 0,
                    "no_reprint": 1,
                    "autoplay": 1,
                    "ugc_pay": 0,
                    "is_cooperation": 0,
                    "ugc_pay_preview": 0,
                    "no_background": 0,
                    "arc_pay": 0,
                    "pay_free_watch": 0
                },
                "owner": {
                    "mid": 250858633,
                    "name": "华农兄弟",
                    "face": "https://i1.hdslb.com/bfs/face/bac504655c69ab937b0be4557e27535f794b0c66.jpg"
                },
                "stat": {
                    "aid": 66947962,
                    "view": 5542815,
                    "danmaku": 57323,
                    "reply": 9109,
                    "favorite": 11331,
                    "coin": 50286,
                    "share": 7689,
                    "now_rank": 0,
                    "his_rank": 5,
                    "like": 184705,
                    "dislike": 0,
                    "vt": 0,
                    "vv": 5542815,
                    "fav_g": 0,
                    "like_g": 0
                },
                "dynamic": "华农兄弟：兄弟王刚来我们家玩，带他们去池塘里面抓点鱼",
                "cid": 116085418,
                "dimension": {
                    "width": 1920,
                    "height": 1080,
                    "rotate": 0
                },
                "short_link_v2": "https://b23.tv/BV1c4411C75e",
                "cover43": "",
                "tidv2": 2164,
                "tnamev2": "打野采摘",
                "pid_v2": 1023,
                "pid_name_v2": "三农",
                "bvid": "BV1c4411C75e",
                "season_type": 0,
                "is_ogv": false,
                "ogv_info": null,
                "enable_vt": 0,
                "ai_rcmd": null,
                "rcmd_reason": "华农男团又添新成员。"
            },
            {
                "aid": 67455292,
                "videos": 1,
                "tid": 17,
                "tname": "单机游戏",
                "copyright": 1,
                "pic": "http://i0.hdslb.com/bfs/archive/6389747f721e2d5b720d18e28da999d07a6233cb.jpg",
                "title": "【敖厂长】1989年炸裂级沙盒游戏 30年前的无人深空",
                "pubdate": 1568275179,
                "ctime": 1568275179,
                "desc": "中秋快乐小伙伴们 ,充电投币收藏来砸我吧",
                "state": 0,
                "duration": 630,
                "rights": {
                    "bp": 0,
                    "elec": 0,
                    "download": 0,
                    "movie": 0,
                    "pay": 0,
                    "hd5": 1,
                    "no_reprint": 1,
                    "autoplay": 1,
                    "ugc_pay": 0,
                    "is_cooperation": 0,
                    "ugc_pay_preview": 0,
                    "no_background": 0,
                    "arc_pay": 0,
                    "pay_free_watch": 0
                },
                "owner": {
                    "mid": 122879,
                    "name": "敖厂长",
                    "face": "https://i2.hdslb.com/bfs/face/71d85b84b0b2aa59009cd6af09b53aac309c3461.jpg"
                },
                "stat": {
                    "aid": 67455292,
                    "view": 4996751,
                    "danmaku": 35009,
                    "reply": 6715,
                    "favorite": 85468,
                    "coin": 313914,
                    "share": 18404,
                    "now_rank": 0,
                    "his_rank": 1,
                    "like": 308372,
                    "dislike": 0,
                    "vt": 0,
                    "vv": 4996751,
                    "fav_g": 1,
                    "like_g": 3
                },
                "dynamic": "#敖厂长#中秋特别视频发布！1989年炸裂级沙盒游戏！30年前就有无人深空~！",
                "cid": 116960664,
                "dimension": {
                    "width": 1920,
                    "height": 1080,
                    "rotate": 0
                },
                "short_link_v2": "https://b23.tv/BV1pJ411P7Sa",
                "cover43": "",
                "tidv2": 2066,
                "tnamev2": "单机主机类游戏",
                "pid_v2": 1008,
                "pid_name_v2": "游戏",
                "bvid": "BV1pJ411P7Sa",
                "season_type": 0,
                "is_ogv": false,
                "ogv_info": null,
                "enable_vt": 0,
                "ai_rcmd": null,
                "rcmd_reason": "512K的游戏，装下了一个真实的宇宙。"
            },
            {
                "aid": 66945121,
                "videos": 1,
                "tid": 21,
                "tname": "日常",
                "copyright": 1,
                "pic": "http://i1.hdslb.com/bfs/archive/437b6196f1237088cb225080f53c9443dd13bb57.jpg",
                "title": "和易烊千玺一起军训是种什么体验？",
                "pubdate": 1567856845,
                "ctime": 1567856845,
                "desc": "",
                "state": 0,
                "duration": 647,
                "mission_id": 11816,
                "rights": {
                    "bp": 0,
                    "elec": 0,
                    "download": 0,
                    "movie": 0,
                    "pay": 0,
                    "hd5": 0,
                    "no_reprint": 1,
                    "autoplay": 1,
                    "ugc_pay": 0,
                    "is_cooperation": 0,
                    "ugc_pay_preview": 0,
                    "no_background": 0,
                    "arc_pay": 0,
                    "pay_free_watch": 0
                },
                "owner": {
                    "mid": 3787867,
                    "name": "雨里待",
                    "face": "https://i1.hdslb.com/bfs/face/e298c85b6cc9c34caa3ba4a8168ae00620e33cc1.jpg"
                },
                "stat": {
                    "aid": 66945121,
                    "view": 3349101,
                    "danmaku": 38642,
                    "reply": 5853,
                    "favorite": 48391,
                    "coin": 64971,
                    "share": 31895,
                    "now_rank": 0,
                    "his_rank": 6,
                    "like": 214658,
                    "dislike": 0,
                    "vt": 0,
                    "vv": 3349101,
                    "fav_g": 0,
                    "like_g": 2
                },
                "dynamic": "久等",
                "cid": 116086798,
                "dimension": {
                    "width": 1920,
                    "height": 1080,
                    "rotate": 0
                },
                "short_link_v2": "https://b23.tv/BV1c4411C7BP",
                "cover43": "",
                "tidv2": 2015,
                "tnamev2": "娱乐综合",
                "pid_v2": 1002,
                "pid_name_v2": "娱乐",
                "bvid": "BV1c4411C7BP",
                "season_type": 0,
                "is_ogv": false,
                "ogv_info": null,
                "enable_vt": 0,
                "ai_rcmd": null,
                "rcmd_reason": "追星的正确示范。"
            },
            {
                "aid": 66892552,
                "videos": 1,
                "tid": 130,
                "tname": "音乐综合",
                "copyright": 1,
                "pic": "http://i0.hdslb.com/bfs/archive/8247a3bfa616d99395a07ab890032a90a28c5afd.jpg",
                "title": "东北第一狠人孙红雷领衔极限男人帮版《野狼disco》，什么水平？",
                "pubdate": 1567828268,
                "ctime": 1567828268,
                "desc": "自制；喜欢的话欢迎点赞投币收藏啦～\n如果受欢迎的话会考虑继续出《极限挑战》的二创视频\n\n剪辑素材来源自：\n《极限挑战1》上海滩2015、悠长假期之猫鼠大战、异次元特工、冲出黎明；\n《极限挑战2》说走就走的旅行、花样男子、极限公益联欢会；\n《极限挑战3》大时代、长大成人。",
                "state": 0,
                "duration": 201,
                "mission_id": 11878,
                "rights": {
                    "bp": 0,
                    "elec": 0,
                    "download": 0,
                    "movie": 0,
                    "pay": 0,
                    "hd5": 1,
                    "no_reprint": 1,
                    "autoplay": 1,
                    "ugc_pay": 0,
                    "is_cooperation": 0,
                    "ugc_pay_preview": 0,
                    "no_background": 0,
                    "arc_pay": 0,
                    "pay_free_watch": 0
                },
                "owner": {
                    "mid": 10977842,
                    "name": "董润祺",
                    "face": "https://i2.hdslb.com/bfs/face/ab15bec6cd360bdcd1382315b33db80f8fc5c508.jpg"
                },
                "stat": {
                    "aid": 66892552,
                    "view": 12783725,
                    "danmaku": 13010,
                    "reply": 7237,
                    "favorite": 180511,
                    "coin": 254199,
                    "share": 75430,
                    "now_rank": 0,
                    "his_rank": 2,
                    "like": 417357,
                    "dislike": 0,
                    "vt": 0,
                    "vv": 12783725,
                    "fav_g": 0,
                    "like_g": 71
                },
                "dynamic": "这！就是原版\n#极限挑战##孙红雷##野狼disco##MV#",
                "cid": 116033339,
                "dimension": {
                    "width": 1920,
                    "height": 1080,
                    "rotate": 0
                },
                "season_id": 52802,
                "short_link_v2": "https://b23.tv/BV114411k7w6",
                "cover43": "",
                "tidv2": 2009,
                "tnamev2": "娱乐评论",
                "pid_v2": 1002,
                "pid_name_v2": "娱乐",
                "bvid": "BV114411k7w6",
                "season_type": 0,
                "is_ogv": false,
                "ogv_info": null,
                "enable_vt": 0,
                "ai_rcmd": null,
                "rcmd_reason": "又拿原版MV来骗我们？"
            },
            {
                "aid": 66825348,
                "videos": 1,
                "tid": 138,
                "tname": "搞笑",
                "copyright": 1,
                "pic": "http://i0.hdslb.com/bfs/archive/5573680b27d178cab5effcd7a5342aeebf01d9fb.jpg",
                "title": "十分钟做好的佛跳墙卖你五百块！三口解决完感觉我又血亏了！",
                "pubdate": 1567770163,
                "ctime": 1567770163,
                "desc": "youtube频道：敬汉卿【官方频道】\n创意投稿邮箱1905387728@qq.com\n淘宝店：敬汉卿",
                "state": 0,
                "duration": 283,
                "rights": {
                    "bp": 0,
                    "elec": 0,
                    "download": 0,
                    "movie": 0,
                    "pay": 0,
                    "hd5": 0,
                    "no_reprint": 1,
                    "autoplay": 1,
                    "ugc_pay": 0,
                    "is_cooperation": 0,
                    "ugc_pay_preview": 0,
                    "no_background": 0,
                    "arc_pay": 0,
                    "pay_free_watch": 0
                },
                "owner": {
                    "mid": 9824766,
                    "name": "敬汉卿",
                    "face": "https://i0.hdslb.com/bfs/face/fd8d7ad17af295f7c4256959705f009c5f67e9c6.jpg"
                },
                "stat": {
                    "aid": 66825348,
                    "view": 5950790,
                    "danmaku": 16199,
                    "reply": 6307,
                    "favorite": 18838,
                    "coin": 80374,
                    "share": 3144,
                    "now_rank": 0,
                    "his_rank": 11,
                    "like": 230137,
                    "dislike": 0,
                    "vt": 0,
                    "vv": 5950790,
                    "fav_g": 0,
                    "like_g": 2
                },
                "dynamic": "我觉得我应该去福建吃最正宗的佛跳墙了！\n#奇葩##敬汉卿##幽默#",
                "cid": 115890025,
                "dimension": {
                    "width": 1920,
                    "height": 1080,
                    "rotate": 0
                },
                "short_link_v2": "https://b23.tv/BV1P441117cH",
                "cover43": "",
                "tidv2": 2150,
                "tnamev2": "美食探店",
                "pid_v2": 1020,
                "pid_name_v2": "美食",
                "bvid": "BV1P441117cH",
                "season_type": 0,
                "is_ogv": false,
                "ogv_info": null,
                "enable_vt": 0,
                "ai_rcmd": null,
                "rcmd_reason": "这就是有钱人的生活吗？"
            },
            {
                "aid": 67267617,
                "videos": 1,
                "tid": 161,
                "tname": "手工",
                "copyright": 1,
                "pic": "http://i2.hdslb.com/bfs/archive/0b0a5ec95c25aa04dabac1bafa72958e85353e28.jpg",
                "title": "自制省力穿鞋鞋盒",
                "pubdate": 1568111374,
                "ctime": 1568111374,
                "desc": "-",
                "state": 0,
                "duration": 54,
                "mission_id": 11875,
                "rights": {
                    "bp": 0,
                    "elec": 0,
                    "download": 0,
                    "movie": 0,
                    "pay": 0,
                    "hd5": 1,
                    "no_reprint": 1,
                    "autoplay": 1,
                    "ugc_pay": 0,
                    "is_cooperation": 0,
                    "ugc_pay_preview": 0,
                    "no_background": 0,
                    "arc_pay": 0,
                    "pay_free_watch": 0
                },
                "owner": {
                    "mid": 280793434,
                    "name": "手工耿",
                    "face": "https://i1.hdslb.com/bfs/face/b8a75ae7d2a0e2af1d36ca9f1084d850eebb28e3.jpg"
                },
                "stat": {
                    "aid": 67267617,
                    "view": 3656189,
                    "danmaku": 5938,
                    "reply": 4922,
                    "favorite": 7762,
                    "coin": 38245,
                    "share": 5111,
                    "now_rank": 0,
                    "his_rank": 6,
                    "like": 147191,
                    "dislike": 0,
                    "vt": 0,
                    "vv": 3656189,
                    "fav_g": 0,
                    "like_g": 0
                },
                "dynamic": "#手工达人挑战# #自制# #创意#",
                "cid": 116638175,
                "dimension": {
                    "width": 1080,
                    "height": 1920,
                    "rotate": 0
                },
                "short_link_v2": "https://b23.tv/BV1KJ411K77r",
                "cover43": "",
                "tidv2": 2104,
                "tnamev2": "自制发明/设备",
                "pid_v2": 1012,
                "pid_name_v2": "科技数码",
                "bvid": "BV1KJ411K77r",
                "season_type": 0,
                "is_ogv": false,
                "ogv_info": null,
                "enable_vt": 0,
                "ai_rcmd": null,
                "rcmd_reason": "这次的发明好像真的很有用！"
            },
            {
                "aid": 66816636,
                "videos": 1,
                "tid": 138,
                "tname": "搞笑",
                "copyright": 1,
                "pic": "http://i1.hdslb.com/bfs/archive/caa66d839762b0e8b7e7cbd57417e91021122ec6.jpg",
                "title": "【朱一旦】61  感谢“看见真相”栏目组，《非洲真相》综艺节目即将上映！",
                "pubdate": 1567765790,
                "ctime": 1567765790,
                "desc": "微博@朱一旦的枯燥生活",
                "state": 0,
                "duration": 98,
                "rights": {
                    "bp": 0,
                    "elec": 0,
                    "download": 0,
                    "movie": 0,
                    "pay": 0,
                    "hd5": 1,
                    "no_reprint": 1,
                    "autoplay": 1,
                    "ugc_pay": 0,
                    "is_cooperation": 0,
                    "ugc_pay_preview": 0,
                    "no_background": 0,
                    "arc_pay": 0,
                    "pay_free_watch": 0
                },
                "owner": {
                    "mid": 437316738,
                    "name": "朱一旦的枯燥生活",
                    "face": "https://i0.hdslb.com/bfs/face/48ad92f9e0eb9516f491ed18457e2a73e865ea8c.jpg"
                },
                "stat": {
                    "aid": 66816636,
                    "view": 4715811,
                    "danmaku": 6334,
                    "reply": 2939,
                    "favorite": 23341,
                    "coin": 80099,
                    "share": 17401,
                    "now_rank": 0,
                    "his_rank": 15,
                    "like": 234128,
                    "dislike": 0,
                    "vt": 0,
                    "vv": 4715811,
                    "fav_g": 0,
                    "like_g": 0
                },
                "dynamic": "#朱一旦# #枯燥# #劳力士#",
                "cid": 115875482,
                "dimension": {
                    "width": 1080,
                    "height": 1920,
                    "rotate": 0
                },
                "short_link_v2": "https://b23.tv/BV1w441117AD",
                "cover43": "",
                "tidv2": 2154,
                "tnamev2": "剧情演绎",
                "pid_v2": 1021,
                "pid_name_v2": "小剧场",
                "bvid": "BV1w441117AD",
                "season_type": 0,
                "is_ogv": false,
                "ogv_info": null,
                "enable_vt": 0,
                "ai_rcmd": null,
                "rcmd_reason": "我们所看到的，一定是真相吗？"
            },
            {
                "aid": 67356469,
                "videos": 1,
                "tid": 171,
                "tname": "电子竞技",
                "copyright": 1,
                "pic": "http://i1.hdslb.com/bfs/archive/3ccdddf792aaf5bbc8ea884ad41e3a3e22e29c13.jpg",
                "title": "【2019星之守护者动画】《光与蚀》",
                "pubdate": 1568214024,
                "ctime": 1568192464,
                "desc": "一道来自宇宙的黑暗正在扩张，三名被误以为早已阵亡的队员，正在那黑暗中渐渐沉沦。\n出品方：拳头游戏\n联合出品：腾讯游戏\n承制方：绘梦动画\n音乐制作：泽野弘之",
                "state": 0,
                "duration": 211,
                "rights": {
                    "bp": 0,
                    "elec": 0,
                    "download": 0,
                    "movie": 0,
                    "pay": 0,
                    "hd5": 1,
                    "no_reprint": 1,
                    "autoplay": 1,
                    "ugc_pay": 0,
                    "is_cooperation": 0,
                    "ugc_pay_preview": 0,
                    "no_background": 0,
                    "arc_pay": 0,
                    "pay_free_watch": 0
                },
                "owner": {
                    "mid": 178778949,
                    "name": "英雄联盟",
                    "face": "https://i0.hdslb.com/bfs/face/bc7be03e4cd671a4e11fcb86f4ed9ea222f6868a.jpg"
                },
                "stat": {
                    "aid": 67356469,
                    "view": 4838946,
                    "danmaku": 6644,
                    "reply": 9234,
                    "favorite": 81433,
                    "coin": 96991,
                    "share": 69855,
                    "now_rank": 0,
                    "his_rank": 4,
                    "like": 133903,
                    "dislike": 0,
                    "vt": 0,
                    "vv": 4838946,
                    "fav_g": 0,
                    "like_g": 1
                },
                "dynamic": "#英雄联盟##星之守护者##魔法少女#一道来自宇宙的黑暗正在扩张，三名被误以为早已阵亡的队员，正在那黑暗中渐渐沉沦。",
                "cid": 116788489,
                "dimension": {
                    "width": 3840,
                    "height": 2160,
                    "rotate": 0
                },
                "season_id": 5231790,
                "short_link_v2": "https://b23.tv/BV1eJ411K7Rr",
                "pub_location": "广东",
                "cover43": "",
                "tidv2": 2041,
                "tnamev2": "动漫剪辑",
                "pid_v2": 1005,
                "pid_name_v2": "二次元",
                "bvid": "BV1eJ411K7Rr",
                "season_type": 0,
                "is_ogv": false,
                "ogv_info": null,
                "enable_vt": 0,
                "ai_rcmd": null,
                "rcmd_reason": "音乐：泽野弘之。"
            },
            {
                "aid": 67279486,
                "videos": 1,
                "tid": 213,
                "tname": "美食测评",
                "copyright": 1,
                "pic": "http://i1.hdslb.com/bfs/archive/150054f79ede871040de7ab9e73cd602de504f55.jpg",
                "title": "试吃世界三大美食“黑松露”，真是千奇百怪的味道，一个也没吃完",
                "pubdate": 1568117151,
                "ctime": 1568117151,
                "desc": "试吃被誉为世界三大美食之一的“黑松露”到底是什么味道",
                "state": 0,
                "duration": 388,
                "rights": {
                    "bp": 0,
                    "elec": 0,
                    "download": 0,
                    "movie": 0,
                    "pay": 0,
                    "hd5": 0,
                    "no_reprint": 1,
                    "autoplay": 1,
                    "ugc_pay": 0,
                    "is_cooperation": 0,
                    "ugc_pay_preview": 0,
                    "no_background": 0,
                    "arc_pay": 0,
                    "pay_free_watch": 0
                },
                "owner": {
                    "mid": 196356191,
                    "name": "翔翔大作战",
                    "face": "https://i2.hdslb.com/bfs/face/2834cc59f3bf789d8b5d02c741eeaaebc52f1659.jpg"
                },
                "stat": {
                    "aid": 67279486,
                    "view": 3237588,
                    "danmaku": 14838,
                    "reply": 4430,
                    "favorite": 11231,
                    "coin": 73248,
                    "share": 4886,
                    "now_rank": 0,
                    "his_rank": 2,
                    "like": 140740,
                    "dislike": 0,
                    "vt": 0,
                    "vv": 3237588,
                    "fav_g": 0,
                    "like_g": 0
                },
                "dynamic": "你们猜今天视频有没有小乖...\n\n#美食##吃货#",
                "cid": 116657381,
                "dimension": {
                    "width": 1920,
                    "height": 1080,
                    "rotate": 0
                },
                "short_link_v2": "https://b23.tv/BV1nJ411K7Ta",
                "cover43": "",
                "tidv2": 2152,
                "tnamev2": "美食记录",
                "pid_v2": 1020,
                "pid_name_v2": "美食",
                "bvid": "BV1nJ411K7Ta",
                "season_type": 0,
                "is_ogv": false,
                "ogv_info": null,
                "enable_vt": 0,
                "ai_rcmd": null,
                "rcmd_reason": ""
            },
            {
                "aid": 67099564,
                "videos": 1,
                "tid": 21,
                "tname": "日常",
                "copyright": 1,
                "pic": "http://i2.hdslb.com/bfs/archive/3235977966723431bd28dbf7a8c534bc55dc2e42.jpg",
                "title": "百万粉up创作激励能有多少? 兑现承诺一次花掉！！!",
                "pubdate": 1567955385,
                "ctime": 1567955385,
                "desc": "玩儿去喽~~~~\n你们拿我有什么法 没有法 哈哈！！！",
                "state": 0,
                "duration": 418,
                "rights": {
                    "bp": 0,
                    "elec": 0,
                    "download": 0,
                    "movie": 0,
                    "pay": 0,
                    "hd5": 1,
                    "no_reprint": 1,
                    "autoplay": 1,
                    "ugc_pay": 0,
                    "is_cooperation": 0,
                    "ugc_pay_preview": 0,
                    "no_background": 0,
                    "arc_pay": 0,
                    "pay_free_watch": 0
                },
                "owner": {
                    "mid": 51896064,
                    "name": "罗汉解说",
                    "face": "https://i0.hdslb.com/bfs/face/a2f144b849cc7352db4f6359b1ebdbb40b326742.jpg"
                },
                "stat": {
                    "aid": 67099564,
                    "view": 3428612,
                    "danmaku": 16601,
                    "reply": 8459,
                    "favorite": 201541,
                    "coin": 934005,
                    "share": 5963,
                    "now_rank": 0,
                    "his_rank": 1,
                    "like": 623595,
                    "dislike": 0,
                    "vt": 0,
                    "vv": 3428612,
                    "fav_g": 0,
                    "like_g": 0
                },
                "dynamic": "#罗汉解说##大爱清尘##公益#",
                "cid": 116347485,
                "dimension": {
                    "width": 1920,
                    "height": 1080,
                    "rotate": 0
                },
                "short_link_v2": "https://b23.tv/BV1q4411C7aD",
                "cover43": "",
                "tidv2": 2207,
                "tnamev2": "随拍·综合",
                "pid_v2": 1032,
                "pid_name_v2": "其他",
                "bvid": "BV1q4411C7aD",
                "season_type": 0,
                "is_ogv": false,
                "ogv_info": null,
                "enable_vt": 0,
                "ai_rcmd": null,
                "rcmd_reason": ""
            },
            {
                "aid": 66724105,
                "videos": 1,
                "tid": 21,
                "tname": "日常",
                "copyright": 1,
                "pic": "http://i0.hdslb.com/bfs/archive/62480e7c37a3d6d371e87090cfd5de0361493457.jpg",
                "title": "十年来最冷清的香港机场，有些害怕的旅客",
                "pubdate": 1567689593,
                "ctime": 1567689593,
                "desc": "未来几天歪果仁研究协会会持续更新。\n预告 av66592980\n第二集：香港地铁 av66825014\n第三集：香港司机 av66979495\n第四集：香港市民 av67084752\n第五集：香港警嫂 av67172538\n总结 av67274873",
                "state": 0,
                "duration": 474,
                "rights": {
                    "bp": 0,
                    "elec": 0,
                    "download": 0,
                    "movie": 0,
                    "pay": 0,
                    "hd5": 0,
                    "no_reprint": 1,
                    "autoplay": 1,
                    "ugc_pay": 0,
                    "is_cooperation": 0,
                    "ugc_pay_preview": 0,
                    "no_background": 0,
                    "arc_pay": 0,
                    "pay_free_watch": 0
                },
                "owner": {
                    "mid": 32820037,
                    "name": "歪果仁研究协会",
                    "face": "https://i1.hdslb.com/bfs/face/216ee0636ee87c8c4293da8b186d5f6f06eea48a.jpg"
                },
                "stat": {
                    "aid": 66724105,
                    "view": 2948899,
                    "danmaku": 20586,
                    "reply": 5152,
                    "favorite": 26990,
                    "coin": 135493,
                    "share": 7960,
                    "now_rank": 0,
                    "his_rank": 6,
                    "like": 193283,
                    "dislike": 0,
                    "vt": 0,
                    "vv": 2948899,
                    "fav_g": 0,
                    "like_g": 0
                },
                "dynamic": "香港机场的真实情况，和工作人员还有旅客聊了聊\n预告 av66592980\n第二集：香港地铁 av66825014\n第三集：香港司机 av66979495\n第四集：香港市民 av67084752\n第五集：香港警嫂 av67172538\n总结 av67274873",
                "cid": 115707653,
                "dimension": {
                    "width": 1920,
                    "height": 1080,
                    "rotate": 0
                },
                "season_id": 261,
                "short_link_v2": "https://b23.tv/BV1e4411y7US",
                "cover43": "",
                "tidv2": 2088,
                "tnamev2": "社会观察",
                "pid_v2": 1010,
                "pid_name_v2": "知识",
                "bvid": "BV1e4411y7US",
                "season_type": 0,
                "is_ogv": false,
                "ogv_info": null,
                "enable_vt": 0,
                "ai_rcmd": null,
                "rcmd_reason": ""
            },
            {
                "aid": 67220916,
                "videos": 1,
                "tid": 213,
                "tname": "美食测评",
                "copyright": 1,
                "pic": "http://i2.hdslb.com/bfs/archive/307ac98b5ca2f5ea7817cba8c3163fdc5e66beba.jpg",
                "title": "试吃超级大松茸和普通杏鲍菇有什么区别？",
                "pubdate": 1568109653,
                "ctime": 1568109661,
                "desc": "大祥哥淘宝传送门：https://dxgll.taobao.com\n（虽然酒卖完了，但大家可以关注下哟，感谢支持！）\n厨具天猫传送门：http://cuisinartlyj.tmall.com\n（我的店是：美膳雅乐肴居专卖店！大家不要迷路呀！）\n\nBGM：\nDevilтАЩs Trill Sonata\n美味 - Misaki大祥哥\nTLV - Time（Cover：MKJ）",
                "state": 0,
                "duration": 486,
                "rights": {
                    "bp": 0,
                    "elec": 0,
                    "download": 0,
                    "movie": 0,
                    "pay": 0,
                    "hd5": 1,
                    "no_reprint": 1,
                    "autoplay": 1,
                    "ugc_pay": 0,
                    "is_cooperation": 0,
                    "ugc_pay_preview": 0,
                    "no_background": 0,
                    "arc_pay": 0,
                    "pay_free_watch": 0
                },
                "owner": {
                    "mid": 2920960,
                    "name": "大祥哥来了",
                    "face": "https://i1.hdslb.com/bfs/face/c72fee3b75a352f6a8d6c3e98bf0e050afa0caa0.jpg"
                },
                "stat": {
                    "aid": 67220916,
                    "view": 3079294,
                    "danmaku": 20393,
                    "reply": 4265,
                    "favorite": 9571,
                    "coin": 58535,
                    "share": 6507,
                    "now_rank": 0,
                    "his_rank": 5,
                    "like": 118432,
                    "dislike": 0,
                    "vt": 0,
                    "vv": 3079294,
                    "fav_g": 0,
                    "like_g": 1
                },
                "dynamic": "#美食##搞笑##吃播#",
                "cid": 116556175,
                "dimension": {
                    "width": 1920,
                    "height": 1080,
                    "rotate": 0
                },
                "short_link_v2": "https://b23.tv/BV1AJ411K77u",
                "cover43": "",
                "tidv2": 2151,
                "tnamev2": "美食测评",
                "pid_v2": 1020,
                "pid_name_v2": "美食",
                "bvid": "BV1AJ411K77u",
                "season_type": 0,
                "is_ogv": false,
                "ogv_info": null,
                "enable_vt": 0,
                "ai_rcmd": null,
                "rcmd_reason": ""
            },
            {
                "aid": 66839997,
                "videos": 1,
                "tid": 22,
                "tname": "鬼畜调教",
                "copyright": 1,
                "pic": "http://i1.hdslb.com/bfs/archive/b0927e2d934e8c1ad4162a139cce67d27b1da18d.jpg",
                "title": "我们研究了一下 这可能是《芒种》最初原版",
                "pubdate": 1567776987,
                "ctime": 1567776987,
                "desc": "混音：饭団子P",
                "state": 0,
                "duration": 113,
                "rights": {
                    "bp": 0,
                    "elec": 0,
                    "download": 0,
                    "movie": 0,
                    "pay": 0,
                    "hd5": 1,
                    "no_reprint": 1,
                    "autoplay": 1,
                    "ugc_pay": 0,
                    "is_cooperation": 0,
                    "ugc_pay_preview": 0,
                    "no_background": 0,
                    "arc_pay": 0,
                    "pay_free_watch": 0
                },
                "owner": {
                    "mid": 548824,
                    "name": "鸡鸡·夫斯基",
                    "face": "http://i1.hdslb.com/bfs/face/5a2bf1243bce2403c7cd7b284882212492ee1370.jpg"
                },
                "stat": {
                    "aid": 66839997,
                    "view": 5341966,
                    "danmaku": 14021,
                    "reply": 3664,
                    "favorite": 110470,
                    "coin": 150159,
                    "share": 39541,
                    "now_rank": 0,
                    "his_rank": 13,
                    "like": 227103,
                    "dislike": 0,
                    "vt": 0,
                    "vv": 5341966,
                    "fav_g": 0,
                    "like_g": 0
                },
                "dynamic": "#鬼畜调教##芒种##搞笑#太真实了",
                "cid": 115913038,
                "dimension": {
                    "width": 1920,
                    "height": 1080,
                    "rotate": 0
                },
                "short_link_v2": "https://b23.tv/BV1f4411y7SC",
                "cover43": "",
                "tidv2": 2061,
                "tnamev2": "人力VOCALOID",
                "pid_v2": 1007,
                "pid_name_v2": "鬼畜",
                "bvid": "BV1f4411y7SC",
                "season_type": 0,
                "is_ogv": false,
                "ogv_info": null,
                "enable_vt": 0,
                "ai_rcmd": null,
                "rcmd_reason": ""
            },
            {
                "aid": 67246642,
                "videos": 1,
                "tid": 168,
                "tname": "国产原创相关",
                "copyright": 1,
                "pic": "http://i2.hdslb.com/bfs/archive/bdb43227f17f5ddda0e308e7635b591257bade17.jpg",
                "title": "前方剧毒！进来就出不去啦！！！每日亿遍，快乐无上限！",
                "pubdate": 1568095018,
                "ctime": 1568095018,
                "desc": "虽然画风差异过大，但我没被绑架！\n片子是我做的QwQ\n看了罗小黑以后感觉应该安利大家\n然后偶然听到了这个曲子\n就有了这个作品QwQ\n是兄弟就别问制作的心路历程\n知道泪目就完事了",
                "state": 0,
                "duration": 89,
                "mission_id": 11878,
                "rights": {
                    "bp": 0,
                    "elec": 0,
                    "download": 0,
                    "movie": 0,
                    "pay": 0,
                    "hd5": 1,
                    "no_reprint": 1,
                    "autoplay": 1,
                    "ugc_pay": 0,
                    "is_cooperation": 0,
                    "ugc_pay_preview": 0,
                    "no_background": 0,
                    "arc_pay": 0,
                    "pay_free_watch": 0
                },
                "owner": {
                    "mid": 81174791,
                    "name": "纸鸢_Somnium",
                    "face": "https://i2.hdslb.com/bfs/face/89963d2f90c4b0ff50773760c238b4c56b533f6a.jpg"
                },
                "stat": {
                    "aid": 67246642,
                    "view": 3493108,
                    "danmaku": 3394,
                    "reply": 1162,
                    "favorite": 55550,
                    "coin": 53100,
                    "share": 16532,
                    "now_rank": 0,
                    "his_rank": 6,
                    "like": 173275,
                    "dislike": 0,
                    "vt": 0,
                    "vv": 3493108,
                    "fav_g": 0,
                    "like_g": 0
                },
                "dynamic": "#洗脑##新人向##搞笑#",
                "cid": 116601537,
                "dimension": {
                    "width": 3440,
                    "height": 1440,
                    "rotate": 0
                },
                "short_link_v2": "https://b23.tv/BV1gJ411K7Wy",
                "cover43": "",
                "tidv2": 2041,
                "tnamev2": "动漫剪辑",
                "pid_v2": 1005,
                "pid_name_v2": "二次元",
                "bvid": "BV1gJ411K7Wy",
                "season_type": 0,
                "is_ogv": false,
                "ogv_info": null,
                "enable_vt": 0,
                "ai_rcmd": null,
                "rcmd_reason": ""
            },
            {
                "aid": 66833577,
                "videos": 1,
                "tid": 182,
                "tname": "影视杂谈",
                "copyright": 1,
                "pic": "http://i2.hdslb.com/bfs/archive/dc0ebe092b0d36b9494c92b9aedf93d11c19d3aa.jpg",
                "title": "豆瓣9.0，中国崛起之路，最应该重映的电影，这部神片竟然不到8000人看？《横空出世》",
                "pubdate": 1567775549,
                "ctime": 1567775549,
                "desc": "",
                "state": 0,
                "duration": 1653,
                "rights": {
                    "bp": 0,
                    "elec": 0,
                    "download": 0,
                    "movie": 0,
                    "pay": 0,
                    "hd5": 1,
                    "no_reprint": 1,
                    "autoplay": 1,
                    "ugc_pay": 0,
                    "is_cooperation": 0,
                    "ugc_pay_preview": 0,
                    "no_background": 0,
                    "arc_pay": 0,
                    "pay_free_watch": 0
                },
                "owner": {
                    "mid": 33488229,
                    "name": "扁豆看电影",
                    "face": "https://i0.hdslb.com/bfs/face/c6c549aa69a41f01347dc44986e7a5924d8320ea.jpg"
                },
                "stat": {
                    "aid": 66833577,
                    "view": 2673385,
                    "danmaku": 31420,
                    "reply": 5941,
                    "favorite": 74746,
                    "coin": 190393,
                    "share": 19470,
                    "now_rank": 0,
                    "his_rank": 6,
                    "like": 187815,
                    "dislike": 0,
                    "vt": 0,
                    "vv": 2673385,
                    "fav_g": 0,
                    "like_g": 2
                },
                "dynamic": "",
                "cid": 115902667,
                "dimension": {
                    "width": 1920,
                    "height": 1080,
                    "rotate": 0
                },
                "short_link_v2": "https://b23.tv/BV1d4411y7kZ",
                "cover43": "",
                "tidv2": 2001,
                "tnamev2": "影视解读",
                "pid_v2": 1001,
                "pid_name_v2": "影视",
                "bvid": "BV1d4411y7kZ",
                "season_type": 0,
                "is_ogv": false,
                "ogv_info": null,
                "enable_vt": 0,
                "ai_rcmd": null,
                "rcmd_reason": ""
            },
            {
                "aid": 66779018,
                "videos": 1,
                "tid": 161,
                "tname": "手工",
                "copyright": 1,
                "pic": "http://i0.hdslb.com/bfs/archive/4b9943f31b9748065166fbeb3364d379cd3f98ac.jpg",
                "title": "【DIY木刀】紫光檀1:1可拉刀光龙刃 看到最后一定不会后悔",
                "pubdate": 1567760402,
                "ctime": 1567750136,
                "desc": "危险操作请勿模仿，答应大家的拉刀光，拖得有点久确实没办法，材料试了很多种，终于是成功了，效果出乎意料的好，发视频头一天晚上加bgm时突然脑子一抽想弄踩点，结果搞了一个通宵。一定不要忘记素质三连啊啊啊啊啊！本期视频真的很不容易！！\nbgm:源氏(GenJi)\nFluctuate\nFriends\nLone Walker",
                "state": 0,
                "duration": 996,
                "mission_id": 11875,
                "rights": {
                    "bp": 0,
                    "elec": 0,
                    "download": 0,
                    "movie": 0,
                    "pay": 0,
                    "hd5": 0,
                    "no_reprint": 1,
                    "autoplay": 1,
                    "ugc_pay": 0,
                    "is_cooperation": 0,
                    "ugc_pay_preview": 0,
                    "no_background": 0,
                    "arc_pay": 0,
                    "pay_free_watch": 0
                },
                "owner": {
                    "mid": 2200736,
                    "name": "才疏学浅的才浅",
                    "face": "https://i2.hdslb.com/bfs/face/5e164548b80c4a0ea63e922a82eedc865220358f.jpg"
                },
                "stat": {
                    "aid": 66779018,
                    "view": 5248523,
                    "danmaku": 34254,
                    "reply": 5769,
                    "favorite": 167310,
                    "coin": 513154,
                    "share": 36159,
                    "now_rank": 0,
                    "his_rank": 9,
                    "like": 482121,
                    "dislike": 0,
                    "vt": 0,
                    "vv": 5248523,
                    "fav_g": 37,
                    "like_g": 10
                },
                "dynamic": "#手工##DIY##源氏#\n来了来了！！！拉刀光来了！！！很抱歉让大家久等了，实在没办法材料试了很多种，终于是成功了，效果出乎意料的好，发视频头一天晚上加bgm时突然脑子一抽想弄踩点，结果搞了一个通宵。一定不要忘记素质三连啊啊啊啊啊！本期视频真的很不容易！！！",
                "cid": 115805544,
                "dimension": {
                    "width": 1920,
                    "height": 1080,
                    "rotate": 0
                },
                "season_id": 141314,
                "short_link_v2": "https://b23.tv/BV164411y7kX",
                "cover43": "",
                "tidv2": 2148,
                "tnamev2": "其他手工",
                "pid_v2": 1019,
                "pid_name_v2": "手工",
                "bvid": "BV164411y7kX",
                "season_type": 0,
                "is_ogv": false,
                "ogv_info": null,
                "enable_vt": 0,
                "ai_rcmd": null,
                "rcmd_reason": ""
            },
            {
                "aid": 66906554,
                "videos": 1,
                "tid": 212,
                "tname": "美食侦探",
                "copyright": 1,
                "pic": "http://i1.hdslb.com/bfs/archive/54f9389181c4ce6996b8a965b817c130c52843cb.jpg",
                "title": "日本的1人烤肉店专门店，竟为单身狗量身定制？中国男子试吃完后说…",
                "pubdate": 1567852543,
                "ctime": 1567838424,
                "desc": "在日本撩妹结果 av59353355\n日本街头搭讪妹子 av52786308\n\n↓↓↓ 无限自助↓↓↓\n炸串自助av60726967\n寿司自助 av57919782\n\n↓↓↓美食周记↓↓↓\n生吃A5和牛av53498875\n大盆烤鸡芝士av50421414\n生鱼盖饭 av47198838\n50厘米生肉寿司av41530827\n炸牛排饭av40280500\n满满鱼子饭av38803370\n日本最骚披萨 av37582233\n免费续肉饭 av3579271",
                "state": 0,
                "duration": 297,
                "mission_id": 11778,
                "rights": {
                    "bp": 0,
                    "elec": 0,
                    "download": 0,
                    "movie": 0,
                    "pay": 0,
                    "hd5": 0,
                    "no_reprint": 1,
                    "autoplay": 1,
                    "ugc_pay": 0,
                    "is_cooperation": 0,
                    "ugc_pay_preview": 0,
                    "no_background": 0,
                    "arc_pay": 0,
                    "pay_free_watch": 0
                },
                "owner": {
                    "mid": 4474705,
                    "name": "孤独的美食基",
                    "face": "https://i1.hdslb.com/bfs/face/df188387360d6ad90f9e36ac4aaea68ed9f3c9be.jpg"
                },
                "stat": {
                    "aid": 66906554,
                    "view": 3264747,
                    "danmaku": 15697,
                    "reply": 5093,
                    "favorite": 27258,
                    "coin": 78140,
                    "share": 5906,
                    "now_rank": 0,
                    "his_rank": 15,
                    "like": 141383,
                    "dislike": 0,
                    "vt": 0,
                    "vv": 3264747,
                    "fav_g": 1,
                    "like_g": 0
                },
                "dynamic": "硬朗男子体验日本的【单身狗专用烤肉店】，吃完一口他就...\n#萌新UP报到##美食圈##vlog#",
                "cid": 116017926,
                "dimension": {
                    "width": 1920,
                    "height": 1080,
                    "rotate": 0
                },
                "short_link_v2": "https://b23.tv/BV1B4411k7ut",
                "cover43": "",
                "tidv2": 2150,
                "tnamev2": "美食探店",
                "pid_v2": 1020,
                "pid_name_v2": "美食",
                "bvid": "BV1B4411k7ut",
                "season_type": 0,
                "is_ogv": false,
                "ogv_info": null,
                "enable_vt": 0,
                "ai_rcmd": null,
                "rcmd_reason": ""
            },
            {
                "aid": 67366825,
                "videos": 1,
                "tid": 253,
                "tname": "动漫杂谈",
                "copyright": 1,
                "pic": "http://i0.hdslb.com/bfs/archive/0bef3c278de4277420395f256134344b6b9511f3.jpg",
                "title": "请问up，在男厕所遇到萌妹子是什么动画？【阅片无数13】",
                "pubdate": 1568210478,
                "ctime": 1568201029,
                "desc": "想看更多的阅片无数小伙伴们转发四连搞起来哦\n第十二期阅片无数→av66596391\n第十一期阅片无数→av65727035\n第十期阅片无数→av64704564\n第九期阅片无数→av63668779\n第八期阅片无数→av62634529\n第七期阅片无数→av61591842\n第六期阅片无数→av60559213\n第五期阅片无数→av59579131\n第四期阅片无数→av58901356\n第三期阅片无数→av57969144\n第二期阅片无数→av57208326\n第一期阅片无数→av57114947\n\n更多",
                "state": 0,
                "duration": 686,
                "order_id": 10012156,
                "rights": {
                    "bp": 0,
                    "elec": 0,
                    "download": 0,
                    "movie": 0,
                    "pay": 0,
                    "hd5": 1,
                    "no_reprint": 1,
                    "autoplay": 1,
                    "ugc_pay": 0,
                    "is_cooperation": 0,
                    "ugc_pay_preview": 0,
                    "no_background": 0,
                    "arc_pay": 0,
                    "pay_free_watch": 0
                },
                "owner": {
                    "mid": 14110780,
                    "name": "凉风Kaze",
                    "face": "https://i1.hdslb.com/bfs/face/e0cc906bb531195e9ee9f3b575effdd2b056eaea.jpg"
                },
                "stat": {
                    "aid": 67366825,
                    "view": 2391367,
                    "danmaku": 18093,
                    "reply": 7454,
                    "favorite": 26459,
                    "coin": 72500,
                    "share": 2850,
                    "now_rank": 0,
                    "his_rank": 19,
                    "like": 146224,
                    "dislike": 0,
                    "vt": 0,
                    "vv": 2391367,
                    "fav_g": 0,
                    "like_g": 0
                },
                "dynamic": "苍老师配音的动画是？问番就算了还有问课文的？欢迎走进阅片无数第十三期，四连请交给我吧！",
                "cid": 116843705,
                "dimension": {
                    "width": 1920,
                    "height": 1080,
                    "rotate": 0
                },
                "season_id": 175,
                "short_link_v2": "https://b23.tv/BV1iJ411K7kb",
                "pub_location": "上海",
                "cover43": "",
                "tidv2": 2042,
                "tnamev2": "动漫评论",
                "pid_v2": 1005,
                "pid_name_v2": "二次元",
                "bvid": "BV1iJ411K7kb",
                "season_type": 0,
                "is_ogv": false,
                "ogv_info": null,
                "enable_vt": 0,
                "ai_rcmd": null,
                "rcmd_reason": ""
            }
        ]
    }
}