{
    "code": 0,
    "message": "OK",
    "ttl": 1,
    "data": {
        "config": {
            "id": 32,
            "type": "weekly_selected",
            "number": 28,
            "subject": "国庆特辑",
            "stime": 1569513600,
            "etime": 1570118399,
            "status": 2,
            "name": "2019第28期 09.27 - 10.03",
            "label": "第28期(1004更新)",
            "hint": "",
            "color": 0,
            "cover": "",
            "share_title": "热烈祝贺祖国七十华诞 | B站每周必看2019年第28期",
            "share_subtitle": "愿祖国繁荣昌盛，锦绣山河永存",
            "media_id": 737596088
        },
        "reminder": "每周五晚18:00更新",
        "list": [
            {
                "aid": 69597630,
                "videos": 1,
                "tid": 203,
                "tname": "热点",
                "copyright": 1,
                "pic": "http://i1.hdslb.com/bfs/archive/928ccfbb9bd4c15dc8af8b53a64d258a833bcc79.jpg",
                "title": "此刻，转起来，为伟大的祖国点赞！",
                "pubdate": 1569904222,
                "ctime": 1569904222,
                "desc": "这首熟悉的《检阅进行曲》，今天#央视频#给你不一样的打开方式！点赞新中国！",
                "state": 0,
                "duration": 113,
                "rights": {
                    "bp": 0,
                    "elec": 0,
                    "download": 0,
                    "movie": 0,
                    "pay": 0,
                    "hd5": 1,
                    "no_reprint": 1,
                    "autoplay": 1,
                    "ugc_pay": 0,
                    "is_cooperation": 0,
                    "ugc_pay_preview": 0,
                    "no_background": 0,
                    "arc_pay": 0,
                    "pay_free_watch": 0
                },
                "owner": {
                    "mid": 433587902,
                    "name": "央视频",
                    "face": "https://i2.hdslb.com/bfs/face/2650856709fe272aa5cf9c89a053c095d7b252e4.jpg"
                },
                "stat": {
                    "aid": 69597630,
                    "view": 1389448,
                    "danmaku": 9759,
                    "reply": 2811,
                    "favorite": 26400,
                    "coin": 74542,
                    "share": 6703,
                    "now_rank": 0,
                    "his_rank": 10,
                    "like": 138648,
                    "dislike": 0,
                    "vt": 0,
                    "vv": 1389448,
                    "fav_g": 0,
                    "like_g": 0
                },
                "dynamic": "这首熟悉的《检阅进行曲》，今天#央视频#给你不一样的打开方式！点赞新中国！#独家##阅兵#",
                "cid": 120620101,
                "dimension": {
                    "width": 1920,
                    "height": 1080,
                    "rotate": 0
                },
                "short_link_v2": "https://b23.tv/BV1QE411X72J",
                "cover43": "",
                "tidv2": 2207,
                "tnamev2": "随拍·综合",
                "pid_v2": 1032,
                "pid_name_v2": "其他",
                "bvid": "BV1QE411X72J",
                "season_type": 0,
                "is_ogv": false,
                "ogv_info": null,
                "enable_vt": 0,
                "ai_rcmd": null,
                "rcmd_reason": "阿中哥哥勇敢飞，中华儿女永相随"
            },
            {
                "aid": 69619044,
                "videos": 1,
                "tid": 203,
                "tname": "热点",
                "copyright": 1,
                "pic": "http://i0.hdslb.com/bfs/archive/c83d54a5749fa9f70517acdc40c773487cee0a75.jpg",
                "title": "【回放】庆祝中华人民共和国成立70周年大会 阅兵式+群众游行",
                "pubdate": 1569917479,
                "ctime": 1569917479,
                "desc": "【回放】庆祝中华人民共和国成立70周年大会 阅兵式+群众游行",
                "state": 0,
                "duration": 10362,
                "mission_id": 12090,
                "rights": {
                    "bp": 0,
                    "elec": 0,
                    "download": 0,
                    "movie": 0,
                    "pay": 0,
                    "hd5": 0,
                    "no_reprint": 1,
                    "autoplay": 1,
                    "ugc_pay": 0,
                    "is_cooperation": 0,
                    "ugc_pay_preview": 0,
                    "no_background": 0,
                    "arc_pay": 0,
                    "pay_free_watch": 0
                },
                "owner": {
                    "mid": 20165629,
                    "name": "共青团中央",
                    "face": "https://i1.hdslb.com/bfs/face/05725218e6cd8d0916da4f27ab56ca0957545c48.jpg"
                },
                "stat": {
                    "aid": 69619044,
                    "view": 10156616,
                    "danmaku": 0,
                    "reply": 0,
                    "favorite": 286015,
                    "coin": 425032,
                    "share": 44654,
                    "now_rank": 0,
                    "his_rank": 3,
                    "like": 501714,
                    "dislike": 0,
                    "vt": 0,
                    "vv": 10156616,
                    "fav_g": 0,
                    "like_g": 0
                },
                "dynamic": "【回放】庆祝中华人民共和国成立70周年大会 阅兵式+群众游行#阅兵##中国##我和国旗合个影#",
                "cid": 120652445,
                "dimension": {
                    "width": 1280,
                    "height": 720,
                    "rotate": 0
                },
                "short_link_v2": "https://b23.tv/BV1ZE411X7vJ",
                "cover43": "",
                "tidv2": 2207,
                "tnamev2": "随拍·综合",
                "pid_v2": 1032,
                "pid_name_v2": "其他",
                "bvid": "BV1ZE411X7vJ",
                "season_type": 0,
                "is_ogv": false,
                "ogv_info": null,
                "enable_vt": 0,
                "ai_rcmd": null,
                "rcmd_reason": "牢记奋斗历史，传承红色基因，从胜利走向新的胜利！"
            },
            {
                "aid": 69488137,
                "videos": 1,
                "tid": 183,
                "tname": "影视剪辑",
                "copyright": 1,
                "pic": "http://i1.hdslb.com/bfs/archive/d4b7f0fe55bf78ff2b161ed092a0e1b92a410d8b.jpg",
                "title": "【混剪】让全世界都看到中国人，新中国 生日快乐！",
                "pubdate": 1569859229,
                "ctime": 1569828549,
                "desc": "#bilibili星访问##生日企划#谨以此片祝祖国母亲生日快乐！",
                "state": 0,
                "duration": 214,
                "rights": {
                    "bp": 0,
                    "elec": 0,
                    "download": 0,
                    "movie": 0,
                    "pay": 0,
                    "hd5": 1,
                    "no_reprint": 1,
                    "autoplay": 1,
                    "ugc_pay": 0,
                    "is_cooperation": 1,
                    "ugc_pay_preview": 0,
                    "no_background": 0,
                    "arc_pay": 0,
                    "pay_free_watch": 0
                },
                "owner": {
                    "mid": 32660634,
                    "name": "bilibili星访问",
                    "face": "https://i0.hdslb.com/bfs/face/47dd9e50e2087178aced7efb6fe98b030cc7d6e4.jpg"
                },
                "stat": {
                    "aid": 69488137,
                    "view": 1871277,
                    "danmaku": 14231,
                    "reply": 2156,
                    "favorite": 49071,
                    "coin": 89115,
                    "share": 10350,
                    "now_rank": 0,
                    "his_rank": 8,
                    "like": 128988,
                    "dislike": 0,
                    "vt": 0,
                    "vv": 1871277,
                    "fav_g": 0,
                    "like_g": 0
                },
                "dynamic": "#bilibili星访问##生日企划#谨以此片祝祖国母亲生日快乐！",
                "cid": 120614353,
                "dimension": {
                    "width": 1920,
                    "height": 1080,
                    "rotate": 0
                },
                "short_link_v2": "https://b23.tv/BV17E411X7kG",
                "pub_location": "上海",
                "cover43": "",
                "tidv2": 2002,
                "tnamev2": "影视剪辑",
                "pid_v2": 1001,
                "pid_name_v2": "影视",
                "bvid": "BV17E411X7kG",
                "season_type": 0,
                "is_ogv": false,
                "ogv_info": null,
                "enable_vt": 0,
                "ai_rcmd": null,
                "rcmd_reason": "致敬每一位保卫、建设新中国的炎黄子孙！"
            },
            {
                "aid": 69162538,
                "videos": 1,
                "tid": 203,
                "tname": "热点",
                "copyright": 2,
                "pic": "http://i0.hdslb.com/bfs/archive/f28f01636f05e7cb0d1a0a72a06625a61e0485dd.jpg",
                "title": "新中国密码：15665，611612！",
                "pubdate": 1569579428,
                "ctime": 1569579428,
                "desc": "新华社\n视频来源：新华社",
                "state": 0,
                "duration": 795,
                "rights": {
                    "bp": 0,
                    "elec": 0,
                    "download": 0,
                    "movie": 0,
                    "pay": 0,
                    "hd5": 0,
                    "no_reprint": 0,
                    "autoplay": 1,
                    "ugc_pay": 0,
                    "is_cooperation": 0,
                    "ugc_pay_preview": 0,
                    "no_background": 0,
                    "arc_pay": 0,
                    "pay_free_watch": 0
                },
                "owner": {
                    "mid": 20165629,
                    "name": "共青团中央",
                    "face": "https://i1.hdslb.com/bfs/face/05725218e6cd8d0916da4f27ab56ca0957545c48.jpg"
                },
                "stat": {
                    "aid": 69162538,
                    "view": 1680847,
                    "danmaku": 444,
                    "reply": 0,
                    "favorite": 47744,
                    "coin": 57765,
                    "share": 15225,
                    "now_rank": 0,
                    "his_rank": 20,
                    "like": 160108,
                    "dislike": 0,
                    "vt": 0,
                    "vv": 1680847,
                    "fav_g": 0,
                    "like_g": 0
                },
                "dynamic": "新中国密码：15665，611612！",
                "cid": 119866700,
                "dimension": {
                    "width": 864,
                    "height": 486,
                    "rotate": 0
                },
                "short_link_v2": "https://b23.tv/BV12J411T75k",
                "up_from_v2": 8,
                "cover43": "",
                "tidv2": 2090,
                "tnamev2": "人文历史",
                "pid_v2": 1010,
                "pid_name_v2": "知识",
                "bvid": "BV12J411T75k",
                "season_type": 0,
                "is_ogv": false,
                "ogv_info": null,
                "enable_vt": 0,
                "ai_rcmd": null,
                "rcmd_reason": "没有共产党，就没有新中国!"
            },
            {
                "aid": 68736420,
                "videos": 3,
                "tid": 29,
                "tname": "音乐现场",
                "copyright": 1,
                "pic": "http://i1.hdslb.com/bfs/archive/d176566cdf8fa3c8497c1788fe6100d58e93057b.jpg",
                "title": "【BML2019官方回播】BILIBILI MACRO LINK 2019 IN SHANGHAI",
                "pubdate": 1569639613,
                "ctime": 1569232141,
                "desc": "BILIBILI MACRO LINK 2019 IN SHANGHAI官方回播正式公开！本次的up主和现场的小伙伴们也是非常给力！！6小时的现场演出有大家而更精彩！BILIBILI MACRO LINK 2019 IN GUANGZHOU确定将在12月7日于广州宝能国际体育演绎中心举办，大家请多关注后续消息哦！",
                "state": 0,
                "duration": 20694,
                "redirect_url": "https://www.bilibili.com/bangumi/play/ep316345",
                "rights": {
                    "bp": 0,
                    "elec": 0,
                    "download": 0,
                    "movie": 0,
                    "pay": 0,
                    "hd5": 1,
                    "no_reprint": 1,
                    "autoplay": 0,
                    "ugc_pay": 0,
                    "is_cooperation": 1,
                    "ugc_pay_preview": 0,
                    "no_background": 0,
                    "arc_pay": 0,
                    "pay_free_watch": 0
                },
                "owner": {
                    "mid": 403748305,
                    "name": "BML制作指挥部",
                    "face": "https://i1.hdslb.com/bfs/face/924fb698bc68802a95c123c1f1ff41b3be1e9c9e.jpg"
                },
                "stat": {
                    "aid": 68736420,
                    "view": 3785978,
                    "danmaku": 90324,
                    "reply": 4397,
                    "favorite": 2405,
                    "coin": 114844,
                    "share": 16438,
                    "now_rank": 0,
                    "his_rank": 4,
                    "like": 94979,
                    "dislike": 0,
                    "vt": 0,
                    "vv": 3785978,
                    "fav_g": 0,
                    "like_g": 5
                },
                "dynamic": "#BML2019#BILIBILI MACRO LINK 2019 IN SHANGHAI官方回播正式公开！本次的up主和现场的小伙伴们也是非常给力！！6小时的现场演出有大家而更精彩！BILIBILI MACRO LINK 2019 IN GUANGZHOU确定将在12月7日于广州宝能国际体育演绎中心举办，大家请多关注后续消息哦！",
                "cid": 123017728,
                "dimension": {
                    "width": 1920,
                    "height": 1080,
                    "rotate": 0
                },
                "short_link_v2": "https://b23.tv/BV1jJ411M7HV",
                "pub_location": "上海",
                "cover43": "",
                "tidv2": 2018,
                "tnamev2": "音乐现场",
                "pid_v2": 1003,
                "pid_name_v2": "音乐",
                "bvid": "BV1jJ411M7HV",
                "season_type": 0,
                "is_ogv": false,
                "ogv_info": null,
                "enable_vt": 0,
                "ai_rcmd": null,
                "rcmd_reason": "跨界、跨次元联合大会，bilibili( ゜- ゜)つロ干杯~"
            },
            {
                "aid": 69241910,
                "videos": 2,
                "tid": 124,
                "tname": "社科·法律·心理",
                "copyright": 1,
                "pic": "http://i0.hdslb.com/bfs/archive/181ebe27c0f8adde87b5cfc4b5017bf425d66949.jpg",
                "title": "【盛世中华】超燃！数百位8KRAW摄影师联合摄制，10分钟带你看绝美祖国大好河山！",
                "pubdate": 1569649791,
                "ctime": 1569649791,
                "desc": "8KRAW摄影师联合摄制，10分钟的山河壮阔，960万平方公里的华夏大地，14亿人民的生息之所。\n谨以此片，献礼新中国成立七十周年！\n片名：盛世中华\n策划：王源宗、LingChen\n视频制作：LingChen\n出品：8KRAW.COM\n视频拍摄/图：8KRAW摄影师（名单见片尾）\n制片统筹/文：鹿游原\nBGM：Northwind by BrunuhVile、Dance of the River Spirits by Marcus Warner",
                "state": 0,
                "duration": 1353,
                "mission_id": 11877,
                "rights": {
                    "bp": 0,
                    "elec": 0,
                    "download": 0,
                    "movie": 0,
                    "pay": 0,
                    "hd5": 1,
                    "no_reprint": 1,
                    "autoplay": 1,
                    "ugc_pay": 0,
                    "is_cooperation": 0,
                    "ugc_pay_preview": 0,
                    "no_background": 0,
                    "arc_pay": 0,
                    "pay_free_watch": 0
                },
                "owner": {
                    "mid": 21151219,
                    "name": "8KRAW",
                    "face": "https://i1.hdslb.com/bfs/face/837496ba7225f5ae78c888407716340ad73eed0d.jpg"
                },
                "stat": {
                    "aid": 69241910,
                    "view": 11964293,
                    "danmaku": 116053,
                    "reply": 11398,
                    "favorite": 725021,
                    "coin": 846837,
                    "share": 292860,
                    "now_rank": 0,
                    "his_rank": 1,
                    "like": 892970,
                    "dislike": 0,
                    "vt": 0,
                    "vv": 11964293,
                    "fav_g": 0,
                    "like_g": 134
                },
                "dynamic": "看！我们的盛世中华！\n这部片子做了很久，还请大家多多支持！",
                "cid": 120004475,
                "dimension": {
                    "width": 1920,
                    "height": 1080,
                    "rotate": 0
                },
                "short_link_v2": "https://b23.tv/BV19E41197Kc",
                "cover43": "",
                "tidv2": 2102,
                "tnamev2": "摄影摄像",
                "pid_v2": 1012,
                "pid_name_v2": "科技数码",
                "bvid": "BV19E41197Kc",
                "season_type": 0,
                "is_ogv": false,
                "ogv_info": null,
                "enable_vt": 0,
                "ai_rcmd": null,
                "rcmd_reason": "盛世中华，山河秀丽，永远昌盛"
            },
            {
                "aid": 69269057,
                "videos": 1,
                "tid": 184,
                "tname": "预告·资讯",
                "copyright": 1,
                "pic": "http://i2.hdslb.com/bfs/archive/94b3041c49a82d6f25f9ba9019ef2588eee5e536.jpg",
                "title": "再来亿遍！吴京把哔哩哔哩说成呷哺呷哺？？——9.27《攀登者》主创见面会【bilibili观影团·线下活动】",
                "pubdate": 1569658674,
                "ctime": 1569658674,
                "desc": "新鲜火热的9月27日《攀登者》观影&主创见面会官方视频。",
                "state": 0,
                "duration": 306,
                "rights": {
                    "bp": 0,
                    "elec": 0,
                    "download": 0,
                    "movie": 0,
                    "pay": 0,
                    "hd5": 0,
                    "no_reprint": 1,
                    "autoplay": 1,
                    "ugc_pay": 0,
                    "is_cooperation": 0,
                    "ugc_pay_preview": 0,
                    "no_background": 0,
                    "arc_pay": 0,
                    "pay_free_watch": 0
                },
                "owner": {
                    "mid": 32708626,
                    "name": "哔斯卡金像奖",
                    "face": "https://i1.hdslb.com/bfs/face/7d746e4459bfe8127ecc147c17c7f49b44a4ab82.jpg"
                },
                "stat": {
                    "aid": 69269057,
                    "view": 3531514,
                    "danmaku": 9189,
                    "reply": 11438,
                    "favorite": 16812,
                    "coin": 8797,
                    "share": 6770,
                    "now_rank": 0,
                    "his_rank": 10,
                    "like": 89737,
                    "dislike": 0,
                    "vt": 0,
                    "vv": 3531514,
                    "fav_g": 0,
                    "like_g": 0
                },
                "dynamic": "#bilibili观影团##攀登者##吴京把哔哩哔哩说成呷脯呷脯#源头出处来了！的新鲜火热的9月27日《攀登者》B站观影&主创见面会官方现场repo！",
                "cid": 120259630,
                "dimension": {
                    "width": 1920,
                    "height": 1080,
                    "rotate": 0
                },
                "short_link_v2": "https://b23.tv/BV1XE41197qK",
                "pub_location": "上海",
                "cover43": "",
                "tidv2": 2008,
                "tnamev2": "影视综合",
                "pid_v2": 1001,
                "pid_name_v2": "影视",
                "bvid": "BV1XE41197qK",
                "season_type": 0,
                "is_ogv": false,
                "ogv_info": null,
                "enable_vt": 0,
                "ai_rcmd": null,
                "rcmd_reason": "呷哺呷哺，干锅!"
            },
            {
                "aid": 69640740,
                "videos": 1,
                "tid": 203,
                "tname": "热点",
                "copyright": 1,
                "pic": "http://i1.hdslb.com/bfs/archive/fd42293baae5e94c2c184384bc341dc7266fe300.jpg",
                "title": "国庆大阅兵装备，精华都在这里了！",
                "pubdate": 1569922457,
                "ctime": 1569922457,
                "desc": "来了来了！从空中到地面，本次阅兵的装备精华都在这里了！就问你骄不骄傲？",
                "state": 0,
                "duration": 194,
                "rights": {
                    "bp": 0,
                    "elec": 0,
                    "download": 0,
                    "movie": 0,
                    "pay": 0,
                    "hd5": 0,
                    "no_reprint": 1,
                    "autoplay": 1,
                    "ugc_pay": 0,
                    "is_cooperation": 0,
                    "ugc_pay_preview": 0,
                    "no_background": 0,
                    "arc_pay": 0,
                    "pay_free_watch": 0
                },
                "owner": {
                    "mid": 10330740,
                    "name": "观察者网",
                    "face": "https://i0.hdslb.com/bfs/face/3d0dba3789065512f5217387ab135a093ae10c45.jpg"
                },
                "stat": {
                    "aid": 69640740,
                    "view": 994172,
                    "danmaku": 3191,
                    "reply": 4524,
                    "favorite": 9100,
                    "coin": 7843,
                    "share": 2205,
                    "now_rank": 0,
                    "his_rank": 0,
                    "like": 29783,
                    "dislike": 0,
                    "vt": 0,
                    "vv": 994172,
                    "fav_g": 0,
                    "like_g": 0
                },
                "dynamic": "来了来了！从空中到地面，本次阅兵的装备精华都在这里了！就问你骄不骄傲？",
                "cid": 120689257,
                "dimension": {
                    "width": 1280,
                    "height": 720,
                    "rotate": 0
                },
                "short_link_v2": "https://b23.tv/BV1jE41197B8",
                "pub_location": "上海",
                "cover43": "",
                "tidv2": 2103,
                "tnamev2": "工程机械",
                "pid_v2": 1012,
                "pid_name_v2": "科技数码",
                "bvid": "BV1jE41197B8",
                "season_type": 0,
                "is_ogv": false,
                "ogv_info": null,
                "enable_vt": 0,
                "ai_rcmd": null,
                "rcmd_reason": "从空中到地面，装备精华都在这里了！就问你骄不骄傲？"
            },
            {
                "aid": 69692251,
                "videos": 1,
                "tid": 17,
                "tname": "单机游戏",
                "copyright": 1,
                "pic": "http://i0.hdslb.com/bfs/archive/01feb89cbb7884f90155228f4ffbe98d71b113bd.jpg",
                "title": "【老番茄】史上最骚杀手(第六集)",
                "pubdate": 1569988806,
                "ctime": 1569988821,
                "desc": "第一集：av45629276 ； 第二集：av46295706； 第三集：av48138432；第四集：av49534383；第五集：av50276557\n心血来潮又做了一期杀手！这次请到了王老菊（董事长）客串！作为响当当和阿飞的狂热粉丝，实在是喜不自胜！！同时感谢Dariux提供了部分的视频素材！\n喜欢的话可以三连支持一下！",
                "state": 0,
                "duration": 723,
                "rights": {
                    "bp": 0,
                    "elec": 0,
                    "download": 0,
                    "movie": 0,
                    "pay": 0,
                    "hd5": 0,
                    "no_reprint": 1,
                    "autoplay": 1,
                    "ugc_pay": 0,
                    "is_cooperation": 0,
                    "ugc_pay_preview": 0,
                    "no_background": 0,
                    "arc_pay": 0,
                    "pay_free_watch": 0
                },
                "owner": {
                    "mid": 546195,
                    "name": "老番茄",
                    "face": "http://i0.hdslb.com/bfs/face/bc5ca101313d4db223c395d64779e76eb3482d60.jpg"
                },
                "stat": {
                    "aid": 69692251,
                    "view": 17825440,
                    "danmaku": 98429,
                    "reply": 12760,
                    "favorite": 287293,
                    "coin": 760639,
                    "share": 28153,
                    "now_rank": 0,
                    "his_rank": 1,
                    "like": 885893,
                    "dislike": 0,
                    "vt": 0,
                    "vv": 17825440,
                    "fav_g": 2,
                    "like_g": 0
                },
                "dynamic": "那个最骚的杀手又lei了。",
                "cid": 120769562,
                "dimension": {
                    "width": 1920,
                    "height": 1080,
                    "rotate": 0
                },
                "season_id": 14014,
                "short_link_v2": "https://b23.tv/BV1nE41197d9",
                "cover43": "",
                "tidv2": 2079,
                "tnamev2": "其他游戏",
                "pid_v2": 1008,
                "pid_name_v2": "游戏",
                "bvid": "BV1nE41197d9",
                "season_type": 0,
                "is_ogv": false,
                "ogv_info": null,
                "enable_vt": 0,
                "ai_rcmd": null,
                "rcmd_reason": "王老菊老师有客串哦~"
            },
            {
                "aid": 69400725,
                "videos": 1,
                "tid": 138,
                "tname": "搞笑",
                "copyright": 1,
                "pic": "http://i0.hdslb.com/bfs/archive/29fd11b991dda715c229f8d40257fe1ffb9fd248.jpg",
                "title": "【朱一旦】77 致富有道，别学小暴，破产之日，虽迟旦到",
                "pubdate": 1569757206,
                "ctime": 1569757206,
                "desc": "微博@朱一旦的枯燥生活\nYouTube 朱一旦的枯燥生活 官方频道",
                "state": 0,
                "duration": 73,
                "rights": {
                    "bp": 0,
                    "elec": 0,
                    "download": 0,
                    "movie": 0,
                    "pay": 0,
                    "hd5": 1,
                    "no_reprint": 1,
                    "autoplay": 1,
                    "ugc_pay": 0,
                    "is_cooperation": 0,
                    "ugc_pay_preview": 0,
                    "no_background": 0,
                    "arc_pay": 0,
                    "pay_free_watch": 0
                },
                "owner": {
                    "mid": 437316738,
                    "name": "朱一旦的枯燥生活",
                    "face": "https://i0.hdslb.com/bfs/face/48ad92f9e0eb9516f491ed18457e2a73e865ea8c.jpg"
                },
                "stat": {
                    "aid": 69400725,
                    "view": 4730325,
                    "danmaku": 832,
                    "reply": 1875,
                    "favorite": 4438,
                    "coin": 13804,
                    "share": 2794,
                    "now_rank": 0,
                    "his_rank": 12,
                    "like": 91940,
                    "dislike": 0,
                    "vt": 0,
                    "vv": 4730325,
                    "fav_g": 0,
                    "like_g": 0
                },
                "dynamic": "破产这不就安排上了\n#朱一旦# #枯燥# #劳力士#",
                "cid": 120282443,
                "dimension": {
                    "width": 1080,
                    "height": 1920,
                    "rotate": 0
                },
                "short_link_v2": "https://b23.tv/BV1YE411R7Kg",
                "cover43": "",
                "tidv2": 2154,
                "tnamev2": "剧情演绎",
                "pid_v2": 1021,
                "pid_name_v2": "小剧场",
                "bvid": "BV1YE411R7Kg",
                "season_type": 0,
                "is_ogv": false,
                "ogv_info": null,
                "enable_vt": 0,
                "ai_rcmd": null,
                "rcmd_reason": "各位看官且听题：请认真观看此视频并写一则观后感，以飨小编"
            },
            {
                "aid": 69565838,
                "videos": 1,
                "tid": 183,
                "tname": "影视剪辑",
                "copyright": 1,
                "pic": "http://i1.hdslb.com/bfs/archive/8152224c795b8872488073d039cef8c5ecda1dce.jpg",
                "title": "唐悠悠，你喊的都是什么玩意！",
                "pubdate": 1569884548,
                "ctime": 1569884548,
                "desc": "我好骚啊～",
                "state": 0,
                "duration": 128,
                "rights": {
                    "bp": 0,
                    "elec": 0,
                    "download": 0,
                    "movie": 0,
                    "pay": 0,
                    "hd5": 1,
                    "no_reprint": 1,
                    "autoplay": 1,
                    "ugc_pay": 0,
                    "is_cooperation": 0,
                    "ugc_pay_preview": 0,
                    "no_background": 0,
                    "arc_pay": 0,
                    "pay_free_watch": 0
                },
                "owner": {
                    "mid": 352896967,
                    "name": "大橘也饿了",
                    "face": "https://i1.hdslb.com/bfs/face/ea4dba15493d230f40ff38aae15b95ed751861c9.jpg"
                },
                "stat": {
                    "aid": 69565838,
                    "view": 4252546,
                    "danmaku": 12114,
                    "reply": 3236,
                    "favorite": 82756,
                    "coin": 110787,
                    "share": 48457,
                    "now_rank": 0,
                    "his_rank": 15,
                    "like": 282141,
                    "dislike": 0,
                    "vt": 0,
                    "vv": 4252546,
                    "fav_g": 0,
                    "like_g": 0
                },
                "dynamic": "#鬼畜调教# #唐悠悠# #窝窝头#",
                "cid": 120563557,
                "dimension": {
                    "width": 1920,
                    "height": 1080,
                    "rotate": 0
                },
                "short_link_v2": "https://b23.tv/BV1rE411X7Cx",
                "cover43": "",
                "tidv2": 2059,
                "tnamev2": "鬼畜调教",
                "pid_v2": 1007,
                "pid_name_v2": "鬼畜",
                "bvid": "BV1rE411X7Cx",
                "season_type": 0,
                "is_ogv": false,
                "ogv_info": null,
                "enable_vt": 0,
                "ai_rcmd": null,
                "rcmd_reason": "真当小姨妈不上B站了？"
            },
            {
                "aid": 69160134,
                "videos": 1,
                "tid": 244,
                "tname": "音乐教学",
                "copyright": 1,
                "pic": "http://i1.hdslb.com/bfs/archive/a69c061d1577b5cffd9d0e362639bd1f43540f27.jpg",
                "title": "【震惊】我竟发现了歌曲《我和我的祖国》乐谱中不为人知的秘密",
                "pubdate": 1569580241,
                "ctime": 1569580241,
                "desc": "值祖国七十周年之际，举国上下无论个人还是单位，不管社会还是学校，无论专业的还是非专业的，都在唱我和我的祖国，以此为祖国庆生，表达对祖国的敬爱，当然我也不能幸免，但是我想着大家都在唱，我就不唱了，做个器乐版吧，结果刚把主歌部分的钢琴录下来，缩小一看，我就惊呆了，这些零零散散的音符拼在一起，竟然形似一幅中国地图，我可没有故意要做中国地图的，我就正常的即兴了一遍录下来了，这也太巧了吧，平复完心情，我挪动鼠标，稍加修改，就赶紧把这个惊天秘密分享出来了，祝祖国生日快乐，愿祖国越来越好！",
                "state": 0,
                "duration": 45,
                "mission_id": 12041,
                "rights": {
                    "bp": 0,
                    "elec": 0,
                    "download": 0,
                    "movie": 0,
                    "pay": 0,
                    "hd5": 0,
                    "no_reprint": 1,
                    "autoplay": 1,
                    "ugc_pay": 0,
                    "is_cooperation": 0,
                    "ugc_pay_preview": 0,
                    "no_background": 0,
                    "arc_pay": 0,
                    "pay_free_watch": 0
                },
                "owner": {
                    "mid": 30057852,
                    "name": "安念Lanny",
                    "face": "https://i0.hdslb.com/bfs/face/49dfb1336ec74d69d3aabd57e0f4f26b28d8929e.jpg"
                },
                "stat": {
                    "aid": 69160134,
                    "view": 4608129,
                    "danmaku": 22921,
                    "reply": 4550,
                    "favorite": 88980,
                    "coin": 109587,
                    "share": 19979,
                    "now_rank": 0,
                    "his_rank": 9,
                    "like": 344405,
                    "dislike": 0,
                    "vt": 0,
                    "vv": 4608129,
                    "fav_g": 0,
                    "like_g": 2
                },
                "dynamic": "#水果##编曲##我和我的祖国#值祖国七十周年之际，举国上下无论个人还是单位，不管社会还是学校，无论专业的还是非专业的，都在唱我和我的祖国，以此为祖国庆生，表达对祖国的敬爱，当然我也不能幸免，但是我想着大家都在唱，我就不唱了，做个器乐版吧，结果刚把主歌部分的钢琴录下来，缩小一看，我就惊呆了，这些零零散散的音符拼在一起，竟然形似一幅中国地图，我可没有故意要做中国地图的，我就正常的即兴了一遍录下来了，这也太巧了吧，平复完心情，我挪动鼠标，稍加修改，就赶紧把这个惊天秘",
                "cid": 119860658,
                "dimension": {
                    "width": 1920,
                    "height": 1080,
                    "rotate": 0
                },
                "short_link_v2": "https://b23.tv/BV1yJ411T7G7",
                "cover43": "",
                "tidv2": 2016,
                "tnamev2": "原创音乐",
                "pid_v2": 1003,
                "pid_name_v2": "音乐",
                "bvid": "BV1yJ411T7G7",
                "season_type": 0,
                "is_ogv": false,
                "ogv_info": null,
                "enable_vt": 0,
                "ai_rcmd": null,
                "rcmd_reason": "用音符拼凑成中国地图"
            },
            {
                "aid": 69345014,
                "videos": 1,
                "tid": 95,
                "tname": "数码",
                "copyright": 1,
                "pic": "http://i2.hdslb.com/bfs/archive/14fe284bcd158d3890b294eb39dc09904ccb29f5.jpg",
                "title": "超震撼！数万架次无人机编队献礼祖国70华诞",
                "pubdate": 1569722915,
                "ctime": 1569722915,
                "desc": "庆祝新中国70周年，@航拍网 @编队网 发起“#我和我的祖国#优秀无人机编队”影片内容征集，投稿内容各具特色，展现中国科技创新，文化传承，城市发展等；70年披荆斩棘、70年风雨兼程，以无人机编队形式，向祖国70华诞献礼。征集活动开展后，得到无人机编队行业知名且优秀的团队支持：零度智控、高巨创新、大漠大智控、魔方飞行、一飞智控等（排名不分先后），积极投稿参与，来稿内容包含中国传统节日庆祝、民俗文化传承、城市地标点亮、体育赛事开幕、表白祖国系列等，见证中国科技发展，繁荣富强。",
                "state": 0,
                "duration": 206,
                "mission_id": 12090,
                "rights": {
                    "bp": 0,
                    "elec": 0,
                    "download": 0,
                    "movie": 0,
                    "pay": 0,
                    "hd5": 1,
                    "no_reprint": 1,
                    "autoplay": 1,
                    "ugc_pay": 0,
                    "is_cooperation": 0,
                    "ugc_pay_preview": 0,
                    "no_background": 0,
                    "arc_pay": 0,
                    "pay_free_watch": 0
                },
                "owner": {
                    "mid": 447634415,
                    "name": "航拍网",
                    "face": "http://i2.hdslb.com/bfs/face/dfe29c3fe4dc9417fa963cd3ac5f3b1c2eeb64ab.jpg"
                },
                "stat": {
                    "aid": 69345014,
                    "view": 844919,
                    "danmaku": 4342,
                    "reply": 1726,
                    "favorite": 23427,
                    "coin": 43507,
                    "share": 11138,
                    "now_rank": 0,
                    "his_rank": 14,
                    "like": 62043,
                    "dislike": 0,
                    "vt": 0,
                    "vv": 844919,
                    "fav_g": 0,
                    "like_g": 0
                },
                "dynamic": "#无人机##无人机编队##航拍网#",
                "cid": 120184448,
                "dimension": {
                    "width": 1920,
                    "height": 1080,
                    "rotate": 0
                },
                "short_link_v2": "https://b23.tv/BV1sE411R7BA",
                "cover43": "",
                "tidv2": 2102,
                "tnamev2": "摄影摄像",
                "pid_v2": 1012,
                "pid_name_v2": "科技数码",
                "bvid": "BV1sE411R7BA",
                "season_type": 0,
                "is_ogv": false,
                "ogv_info": null,
                "enable_vt": 0,
                "ai_rcmd": null,
                "rcmd_reason": "雄伟、壮观、惊艳，鸡皮疙瘩都起来了！"
            },
            {
                "aid": 69572336,
                "videos": 1,
                "tid": 213,
                "tname": "美食测评",
                "copyright": 1,
                "pic": "http://i0.hdslb.com/bfs/archive/04460e2a058d37d22fd396c09c68e81a16b1eacf.jpg",
                "title": "北京一大傻吃饭点龙虾",
                "pubdate": 1569924009,
                "ctime": 1569924017,
                "desc": "大家国庆快乐呀！\n视频每周二周五更新，感谢大家的支持~~~\n可以的话点个赞投个币哦爱你们么么大！\n\nBGM：\nYann Tiersen - La veillée\n美味 - Misaki大祥哥\nTLV - Time（Cover：MKJ）",
                "state": 0,
                "duration": 661,
                "rights": {
                    "bp": 0,
                    "elec": 0,
                    "download": 0,
                    "movie": 0,
                    "pay": 0,
                    "hd5": 1,
                    "no_reprint": 1,
                    "autoplay": 1,
                    "ugc_pay": 0,
                    "is_cooperation": 0,
                    "ugc_pay_preview": 0,
                    "no_background": 0,
                    "arc_pay": 0,
                    "pay_free_watch": 0
                },
                "owner": {
                    "mid": 2920960,
                    "name": "大祥哥来了",
                    "face": "https://i1.hdslb.com/bfs/face/c72fee3b75a352f6a8d6c3e98bf0e050afa0caa0.jpg"
                },
                "stat": {
                    "aid": 69572336,
                    "view": 5651551,
                    "danmaku": 28009,
                    "reply": 4596,
                    "favorite": 22114,
                    "coin": 139259,
                    "share": 12885,
                    "now_rank": 0,
                    "his_rank": 8,
                    "like": 233334,
                    "dislike": 0,
                    "vt": 0,
                    "vv": 5651551,
                    "fav_g": 0,
                    "like_g": 1
                },
                "dynamic": "#美食##搞笑##吃播#",
                "cid": 120578095,
                "dimension": {
                    "width": 1920,
                    "height": 1080,
                    "rotate": 0
                },
                "short_link_v2": "https://b23.tv/BV1RE411X7eB",
                "cover43": "",
                "tidv2": 2150,
                "tnamev2": "美食探店",
                "pid_v2": 1020,
                "pid_name_v2": "美食",
                "bvid": "BV1RE411X7eB",
                "season_type": 0,
                "is_ogv": false,
                "ogv_info": null,
                "enable_vt": 0,
                "ai_rcmd": null,
                "rcmd_reason": "普通家庭大祥哥的日常一顿饭"
            },
            {
                "aid": 69450863,
                "videos": 1,
                "tid": 17,
                "tname": "单机游戏",
                "copyright": 1,
                "pic": "http://i1.hdslb.com/bfs/archive/fa9abd254cc022c1b880c607e4c400458d38b115.jpg",
                "title": "【敖厂长】2019年超辣眼垃圾游戏(PS4/STEAM)",
                "pubdate": 1569834048,
                "ctime": 1569834055,
                "desc": "国庆快乐！这只是国庆视频四连发的第一弹！别忘了三连哦",
                "state": 0,
                "duration": 402,
                "rights": {
                    "bp": 0,
                    "elec": 0,
                    "download": 0,
                    "movie": 0,
                    "pay": 0,
                    "hd5": 1,
                    "no_reprint": 1,
                    "autoplay": 1,
                    "ugc_pay": 0,
                    "is_cooperation": 0,
                    "ugc_pay_preview": 0,
                    "no_background": 0,
                    "arc_pay": 0,
                    "pay_free_watch": 0
                },
                "owner": {
                    "mid": 122879,
                    "name": "敖厂长",
                    "face": "https://i2.hdslb.com/bfs/face/71d85b84b0b2aa59009cd6af09b53aac309c3461.jpg"
                },
                "stat": {
                    "aid": 69450863,
                    "view": 5307259,
                    "danmaku": 18178,
                    "reply": 5316,
                    "favorite": 32947,
                    "coin": 150434,
                    "share": 4445,
                    "now_rank": 0,
                    "his_rank": 4,
                    "like": 214585,
                    "dislike": 0,
                    "vt": 0,
                    "vv": 5307259,
                    "fav_g": 0,
                    "like_g": 1
                },
                "dynamic": "#敖厂长#国庆快乐！来看新视频了！2019年超辣眼垃圾游戏(PS4/STEAM)！！",
                "cid": 120370144,
                "dimension": {
                    "width": 1920,
                    "height": 1080,
                    "rotate": 0
                },
                "short_link_v2": "https://b23.tv/BV1ZE411R7gr",
                "cover43": "",
                "tidv2": 2079,
                "tnamev2": "其他游戏",
                "pid_v2": 1008,
                "pid_name_v2": "游戏",
                "bvid": "BV1ZE411R7gr",
                "season_type": 0,
                "is_ogv": false,
                "ogv_info": null,
                "enable_vt": 0,
                "ai_rcmd": null,
                "rcmd_reason": "重启6年前老派风格，用吐槽的方式介绍游戏的优点"
            },
            {
                "aid": 69427114,
                "videos": 1,
                "tid": 138,
                "tname": "搞笑",
                "copyright": 1,
                "pic": "http://i2.hdslb.com/bfs/archive/0142e4e01888c3ce7a5c5f462e8d2ebaca2543a6.jpg",
                "title": "放假了，少女独自在家跳羊驼舞！！【欣小萌】",
                "pubdate": 1569834048,
                "ctime": 1569834053,
                "desc": "放假啦，在这里祝各位小伙伴们，国庆快乐，一起玩耍吧！\n这是个生活区的视频~\n\n编舞：羊驼兄",
                "state": 0,
                "duration": 57,
                "rights": {
                    "bp": 0,
                    "elec": 0,
                    "download": 0,
                    "movie": 0,
                    "pay": 0,
                    "hd5": 1,
                    "no_reprint": 1,
                    "autoplay": 1,
                    "ugc_pay": 0,
                    "is_cooperation": 0,
                    "ugc_pay_preview": 0,
                    "no_background": 0,
                    "arc_pay": 0,
                    "pay_free_watch": 0
                },
                "owner": {
                    "mid": 8366990,
                    "name": "-欣小萌-",
                    "face": "https://i2.hdslb.com/bfs/face/60368b5e2850cc569328e8b562d90cb28ce5b2cd.jpg"
                },
                "stat": {
                    "aid": 69427114,
                    "view": 1966130,
                    "danmaku": 1702,
                    "reply": 1706,
                    "favorite": 10109,
                    "coin": 15213,
                    "share": 4350,
                    "now_rank": 0,
                    "his_rank": 36,
                    "like": 55630,
                    "dislike": 0,
                    "vt": 0,
                    "vv": 1966130,
                    "fav_g": 3,
                    "like_g": 1
                },
                "dynamic": "一起放假~",
                "cid": 120327652,
                "dimension": {
                    "width": 3840,
                    "height": 2160,
                    "rotate": 0
                },
                "short_link_v2": "https://b23.tv/BV16E411R7nN",
                "cover43": "",
                "tidv2": 2030,
                "tnamev2": "颜值·网红舞",
                "pid_v2": 1004,
                "pid_name_v2": "舞蹈",
                "bvid": "BV16E411R7nN",
                "season_type": 0,
                "is_ogv": false,
                "ogv_info": null,
                "enable_vt": 0,
                "ai_rcmd": null,
                "rcmd_reason": "萌不在高，可爱就行"
            },
            {
                "aid": 69335074,
                "videos": 1,
                "tid": 47,
                "tname": "同人·手书",
                "copyright": 1,
                "pic": "http://i0.hdslb.com/bfs/archive/be83e9981bfd4ca07aa638192669a7a085d11344.jpg",
                "title": "【定格动画】国产超流畅煎饼制作！",
                "pubdate": 1569753017,
                "ctime": 1569753019,
                "desc": "北京电影学院动画学院  2016届定格动画组联合作业    中的片段截取和幕后花絮，谨以此片纪念我们这一年的创作生活！",
                "state": 0,
                "duration": 238,
                "rights": {
                    "bp": 0,
                    "elec": 0,
                    "download": 0,
                    "movie": 0,
                    "pay": 0,
                    "hd5": 1,
                    "no_reprint": 1,
                    "autoplay": 1,
                    "ugc_pay": 0,
                    "is_cooperation": 0,
                    "ugc_pay_preview": 0,
                    "no_background": 0,
                    "arc_pay": 0,
                    "pay_free_watch": 0
                },
                "owner": {
                    "mid": 47244488,
                    "name": "麻子蹲",
                    "face": "https://i2.hdslb.com/bfs/face/f4a3e5706183a4df7c5b4c0e38f6f26bd6bd3044.jpg"
                },
                "stat": {
                    "aid": 69335074,
                    "view": 4336897,
                    "danmaku": 5869,
                    "reply": 2368,
                    "favorite": 97900,
                    "coin": 227294,
                    "share": 9385,
                    "now_rank": 0,
                    "his_rank": 11,
                    "like": 363488,
                    "dislike": 0,
                    "vt": 0,
                    "vv": 4336897,
                    "fav_g": 0,
                    "like_g": 1
                },
                "dynamic": "#定格动画##原创动画##创意#",
                "cid": 120164102,
                "dimension": {
                    "width": 4096,
                    "height": 2340,
                    "rotate": 0
                },
                "short_link_v2": "https://b23.tv/BV1GE411R763",
                "cover43": "",
                "tidv2": 2037,
                "tnamev2": "同人动画",
                "pid_v2": 1005,
                "pid_name_v2": "二次元",
                "bvid": "BV1GE411R763",
                "season_type": 0,
                "is_ogv": false,
                "ogv_info": null,
                "enable_vt": 0,
                "ai_rcmd": null,
                "rcmd_reason": "UP主在用魔法摊煎饼？"
            },
            {
                "aid": 69358135,
                "videos": 1,
                "tid": 95,
                "tname": "数码",
                "copyright": 1,
                "pic": "http://i2.hdslb.com/bfs/archive/b5bb00f47372bc4c10dad878dba8a060daefcbb3.jpg",
                "title": "【何同学】挺稳的 华为Mate 30 Pro深度体验",
                "pubdate": 1569731064,
                "ctime": 1569731064,
                "desc": "",
                "state": 0,
                "duration": 551,
                "rights": {
                    "bp": 0,
                    "elec": 0,
                    "download": 0,
                    "movie": 0,
                    "pay": 0,
                    "hd5": 1,
                    "no_reprint": 1,
                    "autoplay": 1,
                    "ugc_pay": 0,
                    "is_cooperation": 0,
                    "ugc_pay_preview": 0,
                    "no_background": 0,
                    "arc_pay": 0,
                    "pay_free_watch": 0
                },
                "owner": {
                    "mid": 163637592,
                    "name": "老师好我叫何同学",
                    "face": "https://i0.hdslb.com/bfs/face/492d0bb71749332040f9d812954fa0b52e66c490.jpg"
                },
                "stat": {
                    "aid": 69358135,
                    "view": 8194612,
                    "danmaku": 65104,
                    "reply": 34486,
                    "favorite": 104524,
                    "coin": 443012,
                    "share": 93726,
                    "now_rank": 0,
                    "his_rank": 2,
                    "like": 543518,
                    "dislike": 0,
                    "vt": 0,
                    "vv": 8194612,
                    "fav_g": 3,
                    "like_g": 8
                },
                "dynamic": "这期视频应该是完成度比较高的一期啦，没有太多遗憾，希望大家看得开心！",
                "cid": 120209101,
                "dimension": {
                    "width": 1920,
                    "height": 1080,
                    "rotate": 0
                },
                "season_id": 6207602,
                "short_link_v2": "https://b23.tv/BV1nE411R7CS",
                "cover43": "",
                "tidv2": 2100,
                "tnamev2": "手机",
                "pid_v2": 1012,
                "pid_name_v2": "科技数码",
                "bvid": "BV1nE411R7CS",
                "season_type": 0,
                "is_ogv": false,
                "ogv_info": null,
                "enable_vt": 0,
                "ai_rcmd": null,
                "rcmd_reason": "何同学出品必属精品，既有严谨的科技参数，又有直接感知的画面"
            },
            {
                "aid": 69052629,
                "videos": 1,
                "tid": 157,
                "tname": "美妆护肤",
                "copyright": 1,
                "pic": "http://i0.hdslb.com/bfs/archive/5d31e1059f35b44f4e439a19411bec33a89717af.jpg",
                "title": "被全球最富女歌手Rihanna邀请到私人派对是什么样的一个体验？",
                "pubdate": 1569500043,
                "ctime": 1569500043,
                "desc": "感谢大家的一直陪伴给予我那么多帮助和支持！！！今天视频很精彩一定要记得素质三连！一定一定要关注我的weibo！和B站同名！",
                "state": 0,
                "duration": 654,
                "mission_id": 12039,
                "rights": {
                    "bp": 0,
                    "elec": 0,
                    "download": 0,
                    "movie": 0,
                    "pay": 0,
                    "hd5": 1,
                    "no_reprint": 1,
                    "autoplay": 1,
                    "ugc_pay": 0,
                    "is_cooperation": 0,
                    "ugc_pay_preview": 0,
                    "no_background": 0,
                    "arc_pay": 0,
                    "pay_free_watch": 0
                },
                "owner": {
                    "mid": 95494347,
                    "name": "狠毒女孩Money",
                    "face": "https://i0.hdslb.com/bfs/face/9d322a6c36d04609c05e296f4dbbc833ef159c4d.jpg"
                },
                "stat": {
                    "aid": 69052629,
                    "view": 5122825,
                    "danmaku": 84401,
                    "reply": 14910,
                    "favorite": 123325,
                    "coin": 299077,
                    "share": 61334,
                    "now_rank": 0,
                    "his_rank": 1,
                    "like": 454664,
                    "dislike": 0,
                    "vt": 0,
                    "vv": 5122825,
                    "fav_g": 1,
                    "like_g": 2
                },
                "dynamic": "#日日##RIHANNA##美妆博主#",
                "cid": 119673527,
                "dimension": {
                    "width": 1920,
                    "height": 1080,
                    "rotate": 0
                },
                "season_id": 3834374,
                "short_link_v2": "https://b23.tv/BV1HJ411T7vh",
                "cover43": "",
                "tidv2": 2015,
                "tnamev2": "娱乐综合",
                "pid_v2": 1002,
                "pid_name_v2": "娱乐",
                "bvid": "BV1HJ411T7vh",
                "season_type": 0,
                "is_ogv": false,
                "ogv_info": null,
                "enable_vt": 0,
                "ai_rcmd": null,
                "rcmd_reason": "就两个字，我柠檬了"
            },
            {
                "aid": 69175123,
                "videos": 1,
                "tid": 138,
                "tname": "搞笑",
                "copyright": 1,
                "pic": "http://i2.hdslb.com/bfs/archive/74d694e7554401d42535c9d91487d9efe9700b84.jpg",
                "title": "尝试吃自助餐把老板吃破产！结果老板还送了我瓶红酒！",
                "pubdate": 1569588657,
                "ctime": 1569588658,
                "desc": "youtube频道：敬汉卿【官方频道】\n创意投稿邮箱1905387728@qq.com\n淘宝店：敬汉卿",
                "state": 0,
                "duration": 281,
                "rights": {
                    "bp": 0,
                    "elec": 0,
                    "download": 0,
                    "movie": 0,
                    "pay": 0,
                    "hd5": 0,
                    "no_reprint": 1,
                    "autoplay": 1,
                    "ugc_pay": 0,
                    "is_cooperation": 0,
                    "ugc_pay_preview": 0,
                    "no_background": 0,
                    "arc_pay": 0,
                    "pay_free_watch": 0
                },
                "owner": {
                    "mid": 9824766,
                    "name": "敬汉卿",
                    "face": "https://i0.hdslb.com/bfs/face/fd8d7ad17af295f7c4256959705f009c5f67e9c6.jpg"
                },
                "stat": {
                    "aid": 69175123,
                    "view": 7405195,
                    "danmaku": 16641,
                    "reply": 5397,
                    "favorite": 26217,
                    "coin": 95378,
                    "share": 4942,
                    "now_rank": 0,
                    "his_rank": 8,
                    "like": 318028,
                    "dislike": 0,
                    "vt": 0,
                    "vv": 7405195,
                    "fav_g": 0,
                    "like_g": 1
                },
                "dynamic": "#搞笑##幽默##美食#",
                "cid": 119884038,
                "dimension": {
                    "width": 1920,
                    "height": 1080,
                    "rotate": 0
                },
                "short_link_v2": "https://b23.tv/BV1FJ411M7rM",
                "cover43": "",
                "tidv2": 2150,
                "tnamev2": "美食探店",
                "pid_v2": 1020,
                "pid_name_v2": "美食",
                "bvid": "BV1FJ411M7rM",
                "season_type": 0,
                "is_ogv": false,
                "ogv_info": null,
                "enable_vt": 0,
                "ai_rcmd": null,
                "rcmd_reason": "自助餐攻略，下次试试吗？"
            },
            {
                "aid": 69483777,
                "videos": 1,
                "tid": 20,
                "tname": "宅舞",
                "copyright": 1,
                "pic": "http://i1.hdslb.com/bfs/archive/1f954cde18aec043dce07130d19fd95acc345632.jpg",
                "title": "【猛男up主版】新 宝 岛【痒局长 A路人 陆夫人 螺主任 小暗  KB】",
                "pubdate": 1570010446,
                "ctime": 1569829364,
                "desc": "舞 区 入 侵！大家排练了一个月辛苦了！\n\n摄影：豌豆射手路明非\n后期：飘渺酱 桃源玖玖\n后勤：魔法少女罗非鱼\n参考视频：av53851218",
                "state": 0,
                "duration": 88,
                "rights": {
                    "bp": 0,
                    "elec": 0,
                    "download": 0,
                    "movie": 0,
                    "pay": 0,
                    "hd5": 1,
                    "no_reprint": 1,
                    "autoplay": 0,
                    "ugc_pay": 0,
                    "is_cooperation": 1,
                    "ugc_pay_preview": 0,
                    "no_background": 0,
                    "arc_pay": 0,
                    "pay_free_watch": 0
                },
                "owner": {
                    "mid": 322892,
                    "name": "痒局长",
                    "face": "https://i2.hdslb.com/bfs/face/fa016bab687b3304ff65b9ebbddf4f79d07463e4.webp"
                },
                "stat": {
                    "aid": 69483777,
                    "view": 5469625,
                    "danmaku": 14666,
                    "reply": 8627,
                    "favorite": 123399,
                    "coin": 231489,
                    "share": 54030,
                    "now_rank": 0,
                    "his_rank": 4,
                    "like": 308586,
                    "dislike": 0,
                    "vt": 0,
                    "vv": 5469625,
                    "fav_g": 2,
                    "like_g": 0
                },
                "dynamic": "久  等  了",
                "cid": 120430016,
                "dimension": {
                    "width": 1920,
                    "height": 1080,
                    "rotate": 0
                },
                "short_link_v2": "https://b23.tv/BV14E411X7uj",
                "pub_location": "上海",
                "cover43": "",
                "tidv2": 2028,
                "tnamev2": "宅舞",
                "pid_v2": 1004,
                "pid_name_v2": "舞蹈",
                "bvid": "BV14E411X7uj",
                "season_type": 0,
                "is_ogv": false,
                "ogv_info": null,
                "enable_vt": 0,
                "ai_rcmd": null,
                "rcmd_reason": "游戏区大佬进军舞蹈区！"
            },
            {
                "aid": 69173826,
                "videos": 1,
                "tid": 161,
                "tname": "手工",
                "copyright": 1,
                "pic": "http://i2.hdslb.com/bfs/archive/9e5c514c9a7a65b134ca7084c03dde963bf6ad6c.jpg",
                "title": "用雪糕棍制作了一台造浪机",
                "pubdate": 1569588526,
                "ctime": 1569588526,
                "desc": "如果你喜欢我的作品请帮我点赞 投币 分享，我需要你们的支持，三克油",
                "state": 0,
                "duration": 236,
                "mission_id": 11875,
                "rights": {
                    "bp": 0,
                    "elec": 0,
                    "download": 0,
                    "movie": 0,
                    "pay": 0,
                    "hd5": 1,
                    "no_reprint": 1,
                    "autoplay": 1,
                    "ugc_pay": 0,
                    "is_cooperation": 0,
                    "ugc_pay_preview": 0,
                    "no_background": 0,
                    "arc_pay": 0,
                    "pay_free_watch": 0
                },
                "owner": {
                    "mid": 388560897,
                    "name": "司马好奇",
                    "face": "https://i0.hdslb.com/bfs/face/f1f34bb53f358714fe3041102001ab3fee57591d.jpg"
                },
                "stat": {
                    "aid": 69173826,
                    "view": 3542405,
                    "danmaku": 7921,
                    "reply": 2813,
                    "favorite": 108766,
                    "coin": 252732,
                    "share": 12878,
                    "now_rank": 0,
                    "his_rank": 3,
                    "like": 342836,
                    "dislike": 0,
                    "vt": 0,
                    "vv": 3542405,
                    "fav_g": 0,
                    "like_g": 3
                },
                "dynamic": "#手工达人挑战##手工##DIY#",
                "cid": 119883306,
                "dimension": {
                    "width": 1920,
                    "height": 1080,
                    "rotate": 0
                },
                "short_link_v2": "https://b23.tv/BV1FJ411M7R6",
                "cover43": "",
                "tidv2": 2148,
                "tnamev2": "其他手工",
                "pid_v2": 1019,
                "pid_name_v2": "手工",
                "bvid": "BV1FJ411M7R6",
                "season_type": 0,
                "is_ogv": false,
                "ogv_info": null,
                "enable_vt": 0,
                "ai_rcmd": null,
                "rcmd_reason": "这不是手工，是巧夺天工"
            },
            {
                "aid": 69451467,
                "videos": 1,
                "tid": 161,
                "tname": "手工",
                "copyright": 1,
                "pic": "http://i1.hdslb.com/bfs/archive/0e93030d0c8de58d27b5a1eaf25fd588b05ae213.jpg",
                "title": "一个“神奇”的礼物盒子，意想不到的打开方式，让我抓狂",
                "pubdate": 1569821144,
                "ctime": 1569814045,
                "desc": "Hello大家好 这里是手工小匠，今天给大家带来一个 神奇盒子 折纸，它的独特之处在于神奇的打开方式，你若用它来装礼物 相信定能惊艳到对方，这期也给大家提供了三个不同大小的尺寸，分别可以装戒指 项链 或大一点的礼物来使用，希望大家能够喜欢，这是一个痴迷于DIY创意手工的地方",
                "state": 0,
                "duration": 279,
                "rights": {
                    "bp": 0,
                    "elec": 0,
                    "download": 0,
                    "movie": 0,
                    "pay": 0,
                    "hd5": 1,
                    "no_reprint": 1,
                    "autoplay": 1,
                    "ugc_pay": 0,
                    "is_cooperation": 0,
                    "ugc_pay_preview": 0,
                    "no_background": 0,
                    "arc_pay": 0,
                    "pay_free_watch": 0
                },
                "owner": {
                    "mid": 325119402,
                    "name": "手工小匠",
                    "face": "https://i0.hdslb.com/bfs/face/c94209db53403ad5afbaa15becc5e94502dbb5cb.jpg"
                },
                "stat": {
                    "aid": 69451467,
                    "view": 2510483,
                    "danmaku": 2711,
                    "reply": 1749,
                    "favorite": 219370,
                    "coin": 105425,
                    "share": 7026,
                    "now_rank": 0,
                    "his_rank": 6,
                    "like": 144397,
                    "dislike": 0,
                    "vt": 0,
                    "vv": 2510483,
                    "fav_g": 12,
                    "like_g": 16
                },
                "dynamic": "#手工##DIY##纸盒#",
                "cid": 120369191,
                "dimension": {
                    "width": 1920,
                    "height": 1080,
                    "rotate": 0
                },
                "season_id": 135720,
                "short_link_v2": "https://b23.tv/BV1ZE411R7jr",
                "cover43": "",
                "tidv2": 2147,
                "tnamev2": "DIY玩具",
                "pid_v2": 1019,
                "pid_name_v2": "手工",
                "bvid": "BV1ZE411R7jr",
                "season_type": 0,
                "is_ogv": false,
                "ogv_info": null,
                "enable_vt": 0,
                "ai_rcmd": null,
                "rcmd_reason": "听说跟着视频一步一步做，就会成功"
            },
            {
                "aid": 68876584,
                "videos": 1,
                "tid": 21,
                "tname": "日常",
                "copyright": 1,
                "pic": "http://i2.hdslb.com/bfs/archive/6d2559aa690ba5587eddae1b37475f4b573a08f4.jpg",
                "title": "播音系师哥教你如何让“声音变得更加好听”，一学就会！一用就灵，不灵不要币！拒绝声卡战士！",
                "pubdate": 1569406838,
                "ctime": 1569336130,
                "desc": "我敢说99%的人都没看见我没有说松下巴，嘿嘿。这个太简单了！就是左右摇一摇你的下巴（好吧...我忘了说了）\n然后说一下本人是中国传媒大学播音主持的学生，在学校也学习了两年了，高中也学了很久，也有粉丝问我相关问题，所以就想和大家分享一下技巧哈！大家都也可以在评论区问我一些专业问题，我尽量会回答的。\n点赞过2000出下一期气息练习哈！因为这个真的用了很久的时间做，没人看的话还是做一些其他视频了，希望也能给你们看到下一期视频！",
                "state": 0,
                "duration": 870,
                "mission_id": 11878,
                "rights": {
                    "bp": 0,
                    "elec": 0,
                    "download": 0,
                    "movie": 0,
                    "pay": 0,
                    "hd5": 1,
                    "no_reprint": 1,
                    "autoplay": 1,
                    "ugc_pay": 0,
                    "is_cooperation": 0,
                    "ugc_pay_preview": 0,
                    "no_background": 0,
                    "arc_pay": 0,
                    "pay_free_watch": 0
                },
                "owner": {
                    "mid": 449825072,
                    "name": "高冷小姜",
                    "face": "https://i2.hdslb.com/bfs/face/dcf8cba0ea9f78f2c6320bc2173d702df395115f.jpg"
                },
                "stat": {
                    "aid": 68876584,
                    "view": 7713903,
                    "danmaku": 64046,
                    "reply": 6961,
                    "favorite": 658350,
                    "coin": 347332,
                    "share": 53964,
                    "now_rank": 0,
                    "his_rank": 5,
                    "like": 503037,
                    "dislike": 0,
                    "vt": 0,
                    "vv": 7713903,
                    "fav_g": 8,
                    "like_g": 35
                },
                "dynamic": "这个是我做过最久的视频，给个面子，一键三连可以吗。\n#播音##练声##改变声音#",
                "cid": 119354520,
                "dimension": {
                    "width": 1920,
                    "height": 1080,
                    "rotate": 0
                },
                "short_link_v2": "https://b23.tv/BV1fJ411M7b6",
                "cover43": "",
                "tidv2": 2053,
                "tnamev2": "动漫教学",
                "pid_v2": 1005,
                "pid_name_v2": "二次元",
                "bvid": "BV1fJ411M7b6",
                "season_type": 0,
                "is_ogv": false,
                "ogv_info": null,
                "enable_vt": 0,
                "ai_rcmd": null,
                "rcmd_reason": "中传师哥在线专业授课"
            }
        ]
    }
}