{
    "code": 0,
    "message": "OK",
    "ttl": 1,
    "data": {
        "config": {
            "id": 40,
            "type": "weekly_selected",
            "number": 36,
            "subject": "最全柯南时间线",
            "stime": 1574352000,
            "etime": 1574956799,
            "status": 2,
            "name": "2019第36期 11.22 - 11.28",
            "label": "第36期(1129更新)",
            "hint": "",
            "color": 0,
            "cover": "",
            "share_title": "最全柯南时间线 | B站每周必看2019年第36期",
            "share_subtitle": "超能UP主带你73分钟看完柯南剧情，一起为「绯色的弹丸」做准备吧",
            "media_id": 772440688
        },
        "reminder": "每周五晚18:00更新",
        "list": [
            {
                "aid": 77224508,
                "videos": 1,
                "tid": 253,
                "tname": "动漫杂谈",
                "copyright": 1,
                "pic": "http://i2.hdslb.com/bfs/archive/93679b86f3e6689ab6283f9dc7481b77c8dcc30f.jpg",
                "title": "73分钟看完柯南所有剧情！史上最全时间线整理！",
                "pubdate": 1574913609,
                "ctime": 1574857214,
                "desc": "73分钟看完柯南所有剧情，完整的时间线剧情大串联，从柯南变小的第一集讲到目前连载的1043话。\n如果你没有看过柯南任何一集，看完这个视频也能知道过去25年柯南连载的所有主线剧情；如果你看过柯南的部分剧集，这个视频将会为你梳理柯南的时间线。\n制作这个视频整整花了我三个月时间，如果大家觉得还不错的话，欢迎【长按点赞按钮】一键三连支持一下，希望收藏可以过万，之后也会继续做跟柯南相关的影片！感谢！",
                "state": 0,
                "duration": 4440,
                "mission_id": 12238,
                "rights": {
                    "bp": 0,
                    "elec": 0,
                    "download": 0,
                    "movie": 0,
                    "pay": 0,
                    "hd5": 0,
                    "no_reprint": 1,
                    "autoplay": 1,
                    "ugc_pay": 0,
                    "is_cooperation": 0,
                    "ugc_pay_preview": 0,
                    "no_background": 0,
                    "arc_pay": 0,
                    "pay_free_watch": 0
                },
                "owner": {
                    "mid": 14068111,
                    "name": "黝黑蜗壳天眼老师",
                    "face": "https://i1.hdslb.com/bfs/face/eea1c803ef592a02ccf97a97f81886ccc2b44ec6.jpg"
                },
                "stat": {
                    "aid": 77224508,
                    "view": 15510676,
                    "danmaku": 135824,
                    "reply": 17193,
                    "favorite": 908084,
                    "coin": 1350494,
                    "share": 241450,
                    "now_rank": 0,
                    "his_rank": 1,
                    "like": 1165915,
                    "dislike": 0,
                    "vt": 0,
                    "vv": 15510676,
                    "fav_g": 0,
                    "like_g": 0
                },
                "dynamic": "人生第一次整整花了三个月时间完成的视频《73分钟看完柯南所有剧情，史上最全的柯南时间线整理。》\n其实一直对粉丝挺愧疚的，三个月里没有时间更新其他视频了，希望这个大工程量的片子可以让你满意。如果大家觉得还不错的话，【长按点赞按钮】一键三连支持一下，希望收藏可以过万，之后也会继续做跟柯南相关的影片！之后的12月会更新8期视频，感谢！",
                "cid": 26228363205,
                "dimension": {
                    "width": 1920,
                    "height": 1080,
                    "rotate": 0
                },
                "season_id": 2299,
                "short_link_v2": "https://b23.tv/BV12J411X7cD",
                "first_frame": "http://i2.hdslb.com/bfs/storyff/n241010sa12sbtjfxow9c114o049gw6v_firsti.jpg",
                "pub_location": "上海",
                "cover43": "",
                "tidv2": 2043,
                "tnamev2": "动漫速读",
                "pid_v2": 1005,
                "pid_name_v2": "二次元",
                "bvid": "BV12J411X7cD",
                "season_type": 0,
                "is_ogv": false,
                "ogv_info": null,
                "enable_vt": 0,
                "ai_rcmd": null,
                "rcmd_reason": "一起重温柯南剧情吧！"
            },
            {
                "aid": 77164152,
                "videos": 1,
                "tid": 138,
                "tname": "搞笑",
                "copyright": 1,
                "pic": "http://i2.hdslb.com/bfs/archive/9be6bc68a5747f0248e1625346f11fd256c10d0a.jpg",
                "title": "梦幻共舞！猛男原班人马手把手教你跳加减乘除（猛男版新宝岛）",
                "pubdate": 1574845240,
                "ctime": 1574799676,
                "desc": "上集指路：av76594767\n这一集是非常实用的教学干货！希望想学跳的小伙伴们能用得上~",
                "state": 0,
                "duration": 758,
                "mission_id": 12237,
                "rights": {
                    "bp": 0,
                    "elec": 0,
                    "download": 0,
                    "movie": 0,
                    "pay": 0,
                    "hd5": 0,
                    "no_reprint": 1,
                    "autoplay": 1,
                    "ugc_pay": 0,
                    "is_cooperation": 0,
                    "ugc_pay_preview": 0,
                    "no_background": 0,
                    "arc_pay": 0,
                    "pay_free_watch": 0
                },
                "owner": {
                    "mid": 36416972,
                    "name": "张恩恩NNN",
                    "face": "https://i2.hdslb.com/bfs/face/d716ac55bed4f38f231a4a5b90a4c3d963ea3c87.jpg"
                },
                "stat": {
                    "aid": 77164152,
                    "view": 4640876,
                    "danmaku": 24116,
                    "reply": 4864,
                    "favorite": 175841,
                    "coin": 375520,
                    "share": 87015,
                    "now_rank": 0,
                    "his_rank": 1,
                    "like": 374195,
                    "dislike": 0,
                    "vt": 0,
                    "vv": 4640876,
                    "fav_g": 0,
                    "like_g": 6
                },
                "dynamic": "久 等 了！！！\n#广场舞报道团挑战##猛男版新宝岛##猛男#",
                "cid": 131988667,
                "dimension": {
                    "width": 1920,
                    "height": 1080,
                    "rotate": 0
                },
                "short_link_v2": "https://b23.tv/BV14J411X7xk",
                "cover43": "",
                "tidv2": 2033,
                "tnamev2": "舞蹈教学",
                "pid_v2": 1004,
                "pid_name_v2": "舞蹈",
                "bvid": "BV14J411X7xk",
                "season_type": 0,
                "is_ogv": false,
                "ogv_info": null,
                "enable_vt": 0,
                "ai_rcmd": null,
                "rcmd_reason": "原味的超实用新宝岛教学视频~"
            },
            {
                "aid": 77146593,
                "videos": 1,
                "tid": 47,
                "tname": "同人·手书",
                "copyright": 1,
                "pic": "http://i2.hdslb.com/bfs/archive/8503433658d072ebc023fb0972bd5c6d39e11a20.jpg",
                "title": "一分钟后抢走你的硬币，小 丑 派 大 星",
                "pubdate": 1574823626,
                "ctime": 1574823629,
                "desc": "用心在画了！！！",
                "state": 0,
                "duration": 104,
                "rights": {
                    "bp": 0,
                    "elec": 0,
                    "download": 0,
                    "movie": 0,
                    "pay": 0,
                    "hd5": 0,
                    "no_reprint": 1,
                    "autoplay": 1,
                    "ugc_pay": 0,
                    "is_cooperation": 0,
                    "ugc_pay_preview": 0,
                    "no_background": 0,
                    "arc_pay": 0,
                    "pay_free_watch": 0
                },
                "owner": {
                    "mid": 10451557,
                    "name": "君寻玩剪辑",
                    "face": "https://i1.hdslb.com/bfs/face/6ee161df5eb6c0be7312e5b428a75263263233f9.jpg"
                },
                "stat": {
                    "aid": 77146593,
                    "view": 10868593,
                    "danmaku": 9800,
                    "reply": 3283,
                    "favorite": 293897,
                    "coin": 786403,
                    "share": 31814,
                    "now_rank": 0,
                    "his_rank": 3,
                    "like": 961315,
                    "dislike": 0,
                    "vt": 0,
                    "vv": 10868593,
                    "fav_g": 0,
                    "like_g": 0
                },
                "dynamic": "#小丑##派大星##自制#",
                "cid": 131956704,
                "dimension": {
                    "width": 1096,
                    "height": 672,
                    "rotate": 0
                },
                "short_link_v2": "https://b23.tv/BV1aJ411X78q",
                "pub_location": "辽宁",
                "cover43": "",
                "tidv2": 2037,
                "tnamev2": "同人动画",
                "pid_v2": 1005,
                "pid_name_v2": "二次元",
                "bvid": "BV1aJ411X78q",
                "season_type": 0,
                "is_ogv": false,
                "ogv_info": null,
                "enable_vt": 0,
                "ai_rcmd": null,
                "rcmd_reason": "如果派大星变成了小丑……"
            },
            {
                "aid": 76694623,
                "videos": 1,
                "tid": 31,
                "tname": "翻唱",
                "copyright": 1,
                "pic": "http://i2.hdslb.com/bfs/archive/71db12f16ee6c2154737610c555c68f32b06f657.jpg",
                "title": "【防抑郁必备】改编魔性神曲《coincidance》送给键盘侠和杠精们",
                "pubdate": 1574504894,
                "ctime": 1574486019,
                "desc": "作品类型：原曲翻唱\n原唱：handsome dancer\n原曲出处链接：\n作词：拉宏桑\n作曲：handsome dancer\n这次我可是拖家带口为大家拍视频，希望你们能喜欢\n生活里大家难免会遇到键盘侠和小杠精等等，负能量总会添堵，一起在抖肩中让他们退散吧~[机智]",
                "state": 0,
                "duration": 234,
                "mission_id": 12214,
                "rights": {
                    "bp": 0,
                    "elec": 0,
                    "download": 0,
                    "movie": 0,
                    "pay": 0,
                    "hd5": 1,
                    "no_reprint": 1,
                    "autoplay": 1,
                    "ugc_pay": 0,
                    "is_cooperation": 0,
                    "ugc_pay_preview": 0,
                    "no_background": 0,
                    "arc_pay": 0,
                    "pay_free_watch": 0
                },
                "owner": {
                    "mid": 11870568,
                    "name": "拉宏桑",
                    "face": "https://i0.hdslb.com/bfs/face/047b747ba0f47353b312a89b4216a04f035ad316.jpg"
                },
                "stat": {
                    "aid": 76694623,
                    "view": 3905162,
                    "danmaku": 8393,
                    "reply": 4136,
                    "favorite": 99126,
                    "coin": 297776,
                    "share": 27276,
                    "now_rank": 0,
                    "his_rank": 5,
                    "like": 404347,
                    "dislike": 0,
                    "vt": 0,
                    "vv": 3905162,
                    "fav_g": 2,
                    "like_g": 1
                },
                "dynamic": "#音乐##MV##bilibili音乐星计划#",
                "cid": 131183085,
                "dimension": {
                    "width": 1920,
                    "height": 1080,
                    "rotate": 0
                },
                "season_id": 181856,
                "short_link_v2": "https://b23.tv/BV1xJ411d72m",
                "cover43": "",
                "tidv2": 2020,
                "tnamev2": "翻唱",
                "pid_v2": 1003,
                "pid_name_v2": "音乐",
                "bvid": "BV1xJ411d72m",
                "season_type": 0,
                "is_ogv": false,
                "ogv_info": null,
                "enable_vt": 0,
                "ai_rcmd": null,
                "rcmd_reason": "杠精之歌起，let's dance！"
            },
            {
                "aid": 76667340,
                "videos": 1,
                "tid": 138,
                "tname": "搞笑",
                "copyright": 1,
                "pic": "http://i1.hdslb.com/bfs/archive/33bbf25ed6560b0e59f9322171203f799ca59158.png",
                "title": "英 雄 联 盟 全 英 雄 介 绍（共146个）",
                "pubdate": 1574457999,
                "ctime": 1574457999,
                "desc": "三连支持下兄弟萌！！\r\n有的英雄实在不好找如果不太像大家见谅哈哈哈。\r\n为了降低违和感开关英雄界面的地方一帧不差的剪得，8个小时累死我了。",
                "state": 0,
                "duration": 1099,
                "rights": {
                    "bp": 0,
                    "elec": 0,
                    "download": 0,
                    "movie": 0,
                    "pay": 0,
                    "hd5": 1,
                    "no_reprint": 1,
                    "autoplay": 1,
                    "ugc_pay": 0,
                    "is_cooperation": 0,
                    "ugc_pay_preview": 0,
                    "no_background": 0,
                    "arc_pay": 0,
                    "pay_free_watch": 0
                },
                "owner": {
                    "mid": 9131680,
                    "name": "晏策去月光林地了",
                    "face": "https://i1.hdslb.com/bfs/face/871c0109ead9cdceaa777b7a84a61da60aaefe42.jpg"
                },
                "stat": {
                    "aid": 76667340,
                    "view": 12761865,
                    "danmaku": 75175,
                    "reply": 7015,
                    "favorite": 434687,
                    "coin": 707243,
                    "share": 308369,
                    "now_rank": 0,
                    "his_rank": 1,
                    "like": 795525,
                    "dislike": 0,
                    "vt": 0,
                    "vv": 12761865,
                    "fav_g": 0,
                    "like_g": 1
                },
                "dynamic": "",
                "cid": 131573067,
                "dimension": {
                    "width": 1920,
                    "height": 1080,
                    "rotate": 0
                },
                "short_link_v2": "https://b23.tv/BV17J411d7FJ",
                "up_from_v2": 2,
                "cover43": "",
                "tidv2": 2070,
                "tnamev2": "MOBA游戏",
                "pid_v2": 1008,
                "pid_name_v2": "游戏",
                "bvid": "BV17J411d7FJ",
                "season_type": 0,
                "is_ogv": false,
                "ogv_info": null,
                "enable_vt": 0,
                "ai_rcmd": null,
                "rcmd_reason": ""
            },
            {
                "aid": 77125809,
                "videos": 1,
                "tid": 138,
                "tname": "搞笑",
                "copyright": 1,
                "pic": "http://i0.hdslb.com/bfs/archive/99822b6e4a4561e402183e0fe2c1633b85335752.jpg",
                "title": "【朱一旦】112 沉默在尖叫",
                "pubdate": 1574772452,
                "ctime": 1574772452,
                "desc": "微博@朱一旦的枯燥生活\nYouTube  【朱一旦的枯燥生活】官方频道\n公众号：朱一旦的枯燥生活\nBgm：Bloom of Youth——清水準一\nPrologue——Carter Burwell",
                "state": 0,
                "duration": 176,
                "rights": {
                    "bp": 0,
                    "elec": 0,
                    "download": 0,
                    "movie": 0,
                    "pay": 0,
                    "hd5": 1,
                    "no_reprint": 1,
                    "autoplay": 1,
                    "ugc_pay": 0,
                    "is_cooperation": 0,
                    "ugc_pay_preview": 0,
                    "no_background": 0,
                    "arc_pay": 0,
                    "pay_free_watch": 0
                },
                "owner": {
                    "mid": 437316738,
                    "name": "朱一旦的枯燥生活",
                    "face": "https://i0.hdslb.com/bfs/face/48ad92f9e0eb9516f491ed18457e2a73e865ea8c.jpg"
                },
                "stat": {
                    "aid": 77125809,
                    "view": 5033879,
                    "danmaku": 7116,
                    "reply": 7901,
                    "favorite": 41920,
                    "coin": 203762,
                    "share": 19704,
                    "now_rank": 0,
                    "his_rank": 6,
                    "like": 319713,
                    "dislike": 0,
                    "vt": 0,
                    "vv": 5033879,
                    "fav_g": 0,
                    "like_g": 0
                },
                "dynamic": "反家暴 零容忍！\n#朱一旦的枯燥生活# #家暴# #婚姻#",
                "cid": 131922003,
                "dimension": {
                    "width": 1080,
                    "height": 1920,
                    "rotate": 0
                },
                "short_link_v2": "https://b23.tv/BV1LJ411X7iZ",
                "cover43": "",
                "tidv2": 2154,
                "tnamev2": "剧情演绎",
                "pid_v2": 1021,
                "pid_name_v2": "小剧场",
                "bvid": "BV1LJ411X7iZ",
                "season_type": 0,
                "is_ogv": false,
                "ogv_info": null,
                "enable_vt": 0,
                "ai_rcmd": null,
                "rcmd_reason": "不要把最坏的脾气，留给最亲近的人"
            },
            {
                "aid": 76538771,
                "videos": 1,
                "tid": 158,
                "tname": "穿搭",
                "copyright": 1,
                "pic": "http://i2.hdslb.com/bfs/archive/86f8dcbcbcfa1973140a93197a7d62cc33936f3f.jpg",
                "title": "【三周年】9分钟看完200个破产女神小姐姐！（Lolita/JK制服/汉服)",
                "pubdate": 1574415039,
                "ctime": 1574415043,
                "desc": "呐，一见倾心系列做了三年了！年常不按时发视频！在这里，感谢来自200+套作品的参与者——摄影，出镜和后期等工作人员。感谢所有的授权人员！感谢所有支持和喜欢本系列视频的你！",
                "state": 0,
                "duration": 548,
                "rights": {
                    "bp": 0,
                    "elec": 0,
                    "download": 0,
                    "movie": 0,
                    "pay": 0,
                    "hd5": 1,
                    "no_reprint": 1,
                    "autoplay": 1,
                    "ugc_pay": 0,
                    "is_cooperation": 0,
                    "ugc_pay_preview": 0,
                    "no_background": 0,
                    "arc_pay": 0,
                    "pay_free_watch": 0
                },
                "owner": {
                    "mid": 415405,
                    "name": "一夜北风吹",
                    "face": "https://i1.hdslb.com/bfs/face/fcdfb94396d9d91fdc100e00bfee0d2589fc69ad.gif"
                },
                "stat": {
                    "aid": 76538771,
                    "view": 2646929,
                    "danmaku": 11723,
                    "reply": 2187,
                    "favorite": 124887,
                    "coin": 125116,
                    "share": 31115,
                    "now_rank": 0,
                    "his_rank": 8,
                    "like": 154752,
                    "dislike": 0,
                    "vt": 0,
                    "vv": 2646929,
                    "fav_g": 0,
                    "like_g": 1
                },
                "dynamic": "#汉服##LOLITA FASHION##JK制服#呐，一见倾心系列做了三年了！在这里，感谢来自200+套作品的参与者！感谢所有支持和喜欢本系列视频的你！",
                "cid": 130920255,
                "dimension": {
                    "width": 1920,
                    "height": 850,
                    "rotate": 0
                },
                "season_id": 2506804,
                "short_link_v2": "https://b23.tv/BV1vJ41127tC",
                "cover43": "",
                "tidv2": 2117,
                "tnamev2": "三坑",
                "pid_v2": 1014,
                "pid_name_v2": "时尚美妆",
                "bvid": "BV1vJ41127tC",
                "season_type": 0,
                "is_ogv": false,
                "ogv_info": null,
                "enable_vt": 0,
                "ai_rcmd": null,
                "rcmd_reason": "满屏的神仙美颜，截图准备！"
            },
            {
                "aid": 77151622,
                "videos": 1,
                "tid": 65,
                "tname": "网络游戏",
                "copyright": 1,
                "pic": "http://i2.hdslb.com/bfs/archive/6e240c15f17a03bea5ccc102722f29872d462975.jpg",
                "title": "网易是世界最好的公司",
                "pubdate": 1574827245,
                "ctime": 1574827255,
                "desc": "这个视频主要是做给行业同僚的，不太懂的可以先看@独立菌儿 的av76983178\n暴力辞退老员工 克扣薪资 恶意诽谤 网易不愧是一线大厂\n所以中国为什么做不出踏踏实实的3A？\n就是因为有这帮吊人整天玩办公室政治，想着怎么薅钱养老\n祝吊人们早日退休，别再迫害互联网行业",
                "state": 0,
                "duration": 133,
                "rights": {
                    "bp": 0,
                    "elec": 0,
                    "download": 0,
                    "movie": 0,
                    "pay": 0,
                    "hd5": 0,
                    "no_reprint": 1,
                    "autoplay": 1,
                    "ugc_pay": 0,
                    "is_cooperation": 0,
                    "ugc_pay_preview": 0,
                    "no_background": 0,
                    "arc_pay": 0,
                    "pay_free_watch": 0
                },
                "owner": {
                    "mid": 397540531,
                    "name": "不知耻の紫烟老师",
                    "face": "https://i1.hdslb.com/bfs/face/ec33de9da202ac8592f8704c3b533590ed85c2e3.jpg"
                },
                "stat": {
                    "aid": 77151622,
                    "view": 6839769,
                    "danmaku": 22291,
                    "reply": 18311,
                    "favorite": 154292,
                    "coin": 331777,
                    "share": 78947,
                    "now_rank": 0,
                    "his_rank": 4,
                    "like": 484545,
                    "dislike": 0,
                    "vt": 0,
                    "vv": 6839769,
                    "fav_g": 0,
                    "like_g": 0
                },
                "dynamic": "这个视频主要是做给行业同僚的，不太懂的可以先看@独立菌儿 的av76983178\n暴力辞退老员工 克扣薪资 保安哄人 网易不愧是一线大厂\n所以中国为什么做不出踏踏实实的3A？\n就是因为有这帮吊人整天玩办公室政治，想着怎么薅钱养老\n祝吊人们早日退休，别再迫害互联网行业#网易##配音##搞笑#",
                "cid": 131965343,
                "dimension": {
                    "width": 1280,
                    "height": 720,
                    "rotate": 0
                },
                "short_link_v2": "https://b23.tv/BV1YJ411X7x3",
                "cover43": "",
                "tidv2": 2155,
                "tnamev2": "语言类小剧场",
                "pid_v2": 1021,
                "pid_name_v2": "小剧场",
                "bvid": "BV1YJ411X7x3",
                "season_type": 0,
                "is_ogv": false,
                "ogv_info": null,
                "enable_vt": 0,
                "ai_rcmd": null,
                "rcmd_reason": ""
            },
            {
                "aid": 77010158,
                "videos": 1,
                "tid": 182,
                "tname": "影视杂谈",
                "copyright": 1,
                "pic": "http://i2.hdslb.com/bfs/archive/fec46a7d4a109bef1ab5e6936614bbc22b50eb50.jpg",
                "title": "【片片】这是什么神仙沙雕剧，笑得我打鸣一百次，爆笑吐槽《从前有座灵剑山》",
                "pubdate": 1574688057,
                "ctime": 1574688057,
                "desc": "今天来跟大家说一部沙雕修仙雷剧，《从前有座灵剑山》真人版。它既能雷得你外焦里嫩，又能让你笑到打鸣。\n关注微信公众号：小片片说大片，更多宠粉福利等你来！",
                "state": 0,
                "duration": 453,
                "mission_id": 12238,
                "rights": {
                    "bp": 0,
                    "elec": 0,
                    "download": 0,
                    "movie": 0,
                    "pay": 0,
                    "hd5": 0,
                    "no_reprint": 1,
                    "autoplay": 1,
                    "ugc_pay": 0,
                    "is_cooperation": 0,
                    "ugc_pay_preview": 0,
                    "no_background": 0,
                    "arc_pay": 0,
                    "pay_free_watch": 0
                },
                "owner": {
                    "mid": 10119428,
                    "name": "小片片说大片",
                    "face": "https://i2.hdslb.com/bfs/face/949fd3f0b9fe23703c970d494edc41ae52ee32de.jpg"
                },
                "stat": {
                    "aid": 77010158,
                    "view": 3759933,
                    "danmaku": 27496,
                    "reply": 5349,
                    "favorite": 12955,
                    "coin": 30315,
                    "share": 5336,
                    "now_rank": 0,
                    "his_rank": 43,
                    "like": 134189,
                    "dislike": 0,
                    "vt": 0,
                    "vv": 3759933,
                    "fav_g": 0,
                    "like_g": 0
                },
                "dynamic": "#全能打卡挑战##搞笑##电视剧#反套路玩梗，笑出八块腹肌！",
                "cid": 131725571,
                "dimension": {
                    "width": 1920,
                    "height": 1080,
                    "rotate": 0
                },
                "short_link_v2": "https://b23.tv/BV1aJ411R7Wy",
                "cover43": "",
                "tidv2": 2001,
                "tnamev2": "影视解读",
                "pid_v2": 1001,
                "pid_name_v2": "影视",
                "bvid": "BV1aJ411R7Wy",
                "season_type": 0,
                "is_ogv": false,
                "ogv_info": null,
                "enable_vt": 0,
                "ai_rcmd": null,
                "rcmd_reason": "沙雕修仙局，拯救枯燥"
            },
            {
                "aid": 76560081,
                "videos": 1,
                "tid": 193,
                "tname": "MV",
                "copyright": 1,
                "pic": "http://i0.hdslb.com/bfs/archive/b325e8e94381e278fb56adf000d6985d8b7961bc.jpg",
                "title": "【官方MV】G.E.M.邓紫棋《句号》",
                "pubdate": 1574395216,
                "ctime": 1574391376,
                "desc": "#bilibili音乐 · 官方发布#\nG.E.M.邓紫棋《句号》MV首播！\n点击破亿『全创作天后』G.E.M.邓紫棋和过去告别，向未来大步迈开，开启音乐版图新起点的一个<句号>。\n这是华语乐坛前所未见的真实披露之作，她用<句号>这首歌，预告了全新的音乐篇章，翻页之后，就要开始。\n更多官方内容，请关注 @大家的音乐姬",
                "state": 0,
                "duration": 245,
                "rights": {
                    "bp": 0,
                    "elec": 0,
                    "download": 0,
                    "movie": 0,
                    "pay": 0,
                    "hd5": 1,
                    "no_reprint": 1,
                    "autoplay": 1,
                    "ugc_pay": 0,
                    "is_cooperation": 1,
                    "ugc_pay_preview": 0,
                    "no_background": 0,
                    "arc_pay": 0,
                    "pay_free_watch": 0
                },
                "owner": {
                    "mid": 32708543,
                    "name": "大家的音乐机",
                    "face": "https://i2.hdslb.com/bfs/face/927600c9ac351375bc63fa6e0ce06e7ed7a8bbd3.jpg"
                },
                "stat": {
                    "aid": 76560081,
                    "view": 12733856,
                    "danmaku": 64152,
                    "reply": 13390,
                    "favorite": 264463,
                    "coin": 330096,
                    "share": 85948,
                    "now_rank": 0,
                    "his_rank": 6,
                    "like": 416907,
                    "dislike": 0,
                    "vt": 0,
                    "vv": 12733856,
                    "fav_g": 271,
                    "like_g": 194
                },
                "dynamic": "#bilibili音乐 · 官方发布#\nG.E.M.邓紫棋《句号》MV首播！\n温柔又坚强，这个邓紫棋爱惨了！！！\n更多官方内容，请关注 @大家的音乐姬",
                "cid": 130958803,
                "dimension": {
                    "width": 1920,
                    "height": 1080,
                    "rotate": 0
                },
                "short_link_v2": "https://b23.tv/BV1RJ411R7tF",
                "cover43": "",
                "tidv2": 2017,
                "tnamev2": "MV",
                "pid_v2": 1003,
                "pid_name_v2": "音乐",
                "bvid": "BV1RJ411R7tF",
                "season_type": 0,
                "is_ogv": false,
                "ogv_info": null,
                "enable_vt": 0,
                "ai_rcmd": null,
                "rcmd_reason": ""
            },
            {
                "aid": 76775549,
                "videos": 1,
                "tid": 203,
                "tname": "热点",
                "copyright": 2,
                "pic": "http://i1.hdslb.com/bfs/archive/b1f4ed90b8d27983964a9d91e93b478092f01105.jpg",
                "title": "香港警察：你们吃面包，我去吃海底捞！结果他们真去了……",
                "pubdate": 1574519786,
                "ctime": 1574519786,
                "desc": "https://youtu.be/7TKePSVqios\n香港警察：你们吃面包，我去深圳吃海底捞！结果他们真去了……还发了微博，带图的……",
                "state": 0,
                "duration": 50,
                "rights": {
                    "bp": 0,
                    "elec": 0,
                    "download": 0,
                    "movie": 0,
                    "pay": 0,
                    "hd5": 0,
                    "no_reprint": 0,
                    "autoplay": 1,
                    "ugc_pay": 0,
                    "is_cooperation": 0,
                    "ugc_pay_preview": 0,
                    "no_background": 0,
                    "arc_pay": 0,
                    "pay_free_watch": 0
                },
                "owner": {
                    "mid": 20165629,
                    "name": "共青团中央",
                    "face": "https://i1.hdslb.com/bfs/face/05725218e6cd8d0916da4f27ab56ca0957545c48.jpg"
                },
                "stat": {
                    "aid": 76775549,
                    "view": 12868421,
                    "danmaku": 17894,
                    "reply": 10192,
                    "favorite": 94860,
                    "coin": 62022,
                    "share": 69604,
                    "now_rank": 0,
                    "his_rank": 10,
                    "like": 626350,
                    "dislike": 0,
                    "vt": 0,
                    "vv": 12868421,
                    "fav_g": 2,
                    "like_g": 3
                },
                "dynamic": "香港警察：你们吃面包，我去深圳吃海底捞！结果他们真去了……还发了微博，带图的……#中国##星海##香港#",
                "cid": 131314333,
                "dimension": {
                    "width": 1920,
                    "height": 1080,
                    "rotate": 0
                },
                "short_link_v2": "https://b23.tv/BV1wJ411o73s",
                "cover43": "",
                "tidv2": 2088,
                "tnamev2": "社会观察",
                "pid_v2": 1010,
                "pid_name_v2": "知识",
                "bvid": "BV1wJ411o73s",
                "season_type": 0,
                "is_ogv": false,
                "ogv_info": null,
                "enable_vt": 0,
                "ai_rcmd": null,
                "rcmd_reason": "港警们的劝降语录上新啦"
            },
            {
                "aid": 77014357,
                "videos": 1,
                "tid": 21,
                "tname": "日常",
                "copyright": 1,
                "pic": "http://i0.hdslb.com/bfs/archive/1a5d099fc4c221b594b78b5aaaaeef97e76cbee3.jpg",
                "title": "我被家暴了，这次我不再沉默",
                "pubdate": 1574685883,
                "ctime": 1574685884,
                "desc": "我被家暴了，过去的半年我仿佛活在噩梦里，关于家暴的这一切，我必须说出来！",
                "state": 0,
                "duration": 739,
                "rights": {
                    "bp": 0,
                    "elec": 0,
                    "download": 0,
                    "movie": 0,
                    "pay": 0,
                    "hd5": 1,
                    "no_reprint": 1,
                    "autoplay": 1,
                    "ugc_pay": 0,
                    "is_cooperation": 0,
                    "ugc_pay_preview": 0,
                    "no_background": 0,
                    "arc_pay": 0,
                    "pay_free_watch": 0
                },
                "owner": {
                    "mid": 325520442,
                    "name": "宇芽YUYAMIKA",
                    "face": "https://i0.hdslb.com/bfs/face/777321b9710ff220c0f0b1074c40198a4c2f92f2.jpg"
                },
                "stat": {
                    "aid": 77014357,
                    "view": 8404556,
                    "danmaku": 98015,
                    "reply": 46829,
                    "favorite": 97570,
                    "coin": 324478,
                    "share": 83653,
                    "now_rank": 0,
                    "his_rank": 3,
                    "like": 617135,
                    "dislike": 0,
                    "vt": 0,
                    "vv": 8404556,
                    "fav_g": 2,
                    "like_g": 18
                },
                "dynamic": "#家暴##宇芽##网红#",
                "cid": 131727184,
                "dimension": {
                    "width": 1920,
                    "height": 1012,
                    "rotate": 0
                },
                "short_link_v2": "https://b23.tv/BV1YJ411R7CE",
                "cover43": "",
                "tidv2": 2185,
                "tnamev2": "家庭关系",
                "pid_v2": 1027,
                "pid_name_v2": "情感",
                "bvid": "BV1YJ411R7CE",
                "season_type": 0,
                "is_ogv": false,
                "ogv_info": null,
                "enable_vt": 0,
                "ai_rcmd": null,
                "rcmd_reason": ""
            },
            {
                "aid": 76717475,
                "videos": 1,
                "tid": 21,
                "tname": "日常",
                "copyright": 1,
                "pic": "http://i2.hdslb.com/bfs/archive/edb0f76c84d0753df08a6a5300cf81fb75e4be3b.jpg",
                "title": "【慎看】那些颠覆你价值观的“两性生理差异”！",
                "pubdate": 1574495930,
                "ctime": 1574495930,
                "desc": "男生和女生有哪些不同呢？",
                "state": 0,
                "duration": 283,
                "rights": {
                    "bp": 0,
                    "elec": 0,
                    "download": 0,
                    "movie": 0,
                    "pay": 0,
                    "hd5": 0,
                    "no_reprint": 1,
                    "autoplay": 1,
                    "ugc_pay": 0,
                    "is_cooperation": 0,
                    "ugc_pay_preview": 0,
                    "no_background": 0,
                    "arc_pay": 0,
                    "pay_free_watch": 0
                },
                "owner": {
                    "mid": 390371228,
                    "name": "知心者联盟",
                    "face": "https://i2.hdslb.com/bfs/face/d647ffaec857b3df1312d3ae4744e2b42b5858ba.jpg"
                },
                "stat": {
                    "aid": 76717475,
                    "view": 6130659,
                    "danmaku": 48547,
                    "reply": 8918,
                    "favorite": 77449,
                    "coin": 66715,
                    "share": 25852,
                    "now_rank": 0,
                    "his_rank": 26,
                    "like": 600603,
                    "dislike": 0,
                    "vt": 0,
                    "vv": 6130659,
                    "fav_g": 0,
                    "like_g": 0
                },
                "dynamic": "#两性##趣闻##冷知识#",
                "cid": 131221329,
                "dimension": {
                    "width": 1920,
                    "height": 1080,
                    "rotate": 0
                },
                "short_link_v2": "https://b23.tv/BV1kJ411d7P1",
                "cover43": "",
                "tidv2": 2181,
                "tnamev2": "两性知识",
                "pid_v2": 1026,
                "pid_name_v2": "医疗保健",
                "bvid": "BV1kJ411d7P1",
                "season_type": 0,
                "is_ogv": false,
                "ogv_info": null,
                "enable_vt": 0,
                "ai_rcmd": null,
                "rcmd_reason": "这里有你好奇的男女差异小知识，了解一下吧"
            },
            {
                "aid": 76524390,
                "videos": 1,
                "tid": 206,
                "tname": "综合",
                "copyright": 1,
                "pic": "http://i0.hdslb.com/bfs/archive/f6a0244e89a5a4b2e830c11cadc46338e335bc37.jpg",
                "title": "中国人唱给美国的魔性RAP",
                "pubdate": 1574347688,
                "ctime": 1574347688,
                "desc": "中国人唱给美国的魔性RAP\nYouTube：https://youtu.be/jfblr3cM6h0",
                "state": 0,
                "duration": 125,
                "rights": {
                    "bp": 0,
                    "elec": 0,
                    "download": 0,
                    "movie": 0,
                    "pay": 0,
                    "hd5": 0,
                    "no_reprint": 1,
                    "autoplay": 1,
                    "ugc_pay": 0,
                    "is_cooperation": 0,
                    "ugc_pay_preview": 0,
                    "no_background": 0,
                    "arc_pay": 0,
                    "pay_free_watch": 0
                },
                "owner": {
                    "mid": 20165629,
                    "name": "共青团中央",
                    "face": "https://i1.hdslb.com/bfs/face/05725218e6cd8d0916da4f27ab56ca0957545c48.jpg"
                },
                "stat": {
                    "aid": 76524390,
                    "view": 7096355,
                    "danmaku": 14660,
                    "reply": 11017,
                    "favorite": 283141,
                    "coin": 530685,
                    "share": 81146,
                    "now_rank": 0,
                    "his_rank": 2,
                    "like": 703589,
                    "dislike": 0,
                    "vt": 0,
                    "vv": 7096355,
                    "fav_g": 0,
                    "like_g": 0
                },
                "dynamic": "中国人唱给美国的魔性RAP\nYouTube：https://youtu.be/jfblr3cM6h0\n#中国##美国##RAP#",
                "cid": 130891265,
                "dimension": {
                    "width": 1280,
                    "height": 720,
                    "rotate": 0
                },
                "short_link_v2": "https://b23.tv/BV1zJ411271R",
                "up_from_v2": 8,
                "cover43": "",
                "tidv2": 2083,
                "tnamev2": "综合资讯",
                "pid_v2": 1009,
                "pid_name_v2": "资讯",
                "bvid": "BV1zJ411271R",
                "season_type": 0,
                "is_ogv": false,
                "ogv_info": null,
                "enable_vt": 0,
                "ai_rcmd": null,
                "rcmd_reason": ""
            },
            {
                "aid": 76597284,
                "videos": 1,
                "tid": 76,
                "tname": "美食制作",
                "copyright": 1,
                "pic": "http://i1.hdslb.com/bfs/archive/2fb3f912cf508446cc433e0f9dc4224d0f8c1a35.jpg",
                "title": "我叫焦糖布丁，我被这个人做成了吃不起的样子",
                "pubdate": 1574414655,
                "ctime": 1574414656,
                "desc": "这一期的灵感来自油管MasterChef中的《How To Make A Crème Caramel》\n焦糖布丁其实并不难做，主要是掌握好烘烤时的温度。不过为了做好外面那层用糖做的笼子，我可是花了好久呢！\n这次给的配方大概可以做六人份（笼子除外）哦！\n\n布丁：\n纯牛奶300ml，淡奶油150ml，糖45g，香草精5g，一小嘬盐，3个全蛋，2个蛋黄\n\n焦糖：\n糖100g，冷水20ml，热水30ml\n\n糖笼：\n糖200g\n\nMusic: 本日のレシピ Today's receipe by Imata",
                "state": 0,
                "duration": 328,
                "mission_id": 12191,
                "rights": {
                    "bp": 0,
                    "elec": 0,
                    "download": 0,
                    "movie": 0,
                    "pay": 0,
                    "hd5": 1,
                    "no_reprint": 1,
                    "autoplay": 1,
                    "ugc_pay": 0,
                    "is_cooperation": 0,
                    "ugc_pay_preview": 0,
                    "no_background": 0,
                    "arc_pay": 0,
                    "pay_free_watch": 0
                },
                "owner": {
                    "mid": 393166851,
                    "name": "大碗拿铁",
                    "face": "https://i0.hdslb.com/bfs/face/9834c5584fbcd589fb7e88c4cf75d1812d040191.jpg"
                },
                "stat": {
                    "aid": 76597284,
                    "view": 10578364,
                    "danmaku": 16029,
                    "reply": 3723,
                    "favorite": 260308,
                    "coin": 290311,
                    "share": 36317,
                    "now_rank": 0,
                    "his_rank": 3,
                    "like": 953682,
                    "dislike": 0,
                    "vt": 0,
                    "vv": 10578364,
                    "fav_g": 7,
                    "like_g": 10
                },
                "dynamic": "#贴秋膘大作战##甜点##焦糖布丁#这次做的是焦糖布丁！只要掌握好温度，还是很容易做出来的(•̀ω•́)✧所以我又花了好久，终于把它做成了吃不起的样子(・∀・) 另外要是你没有烤箱的话，上开水中小火蒸8分钟，再关火焖5分钟，大概也可以做成不错的样子。不过每家的火力和火温都不一样，所以就只能给一个大概的意见啦！",
                "cid": 131018435,
                "dimension": {
                    "width": 3840,
                    "height": 2160,
                    "rotate": 0
                },
                "season_id": 8335,
                "short_link_v2": "https://b23.tv/BV1dJ411R77H",
                "cover43": "",
                "tidv2": 2149,
                "tnamev2": "美食制作",
                "pid_v2": 1020,
                "pid_name_v2": "美食",
                "bvid": "BV1dJ411R77H",
                "season_type": 0,
                "is_ogv": false,
                "ogv_info": null,
                "enable_vt": 0,
                "ai_rcmd": null,
                "rcmd_reason": "好想吃到这样的布丁"
            },
            {
                "aid": 76976000,
                "videos": 1,
                "tid": 138,
                "tname": "搞笑",
                "copyright": 1,
                "pic": "http://i2.hdslb.com/bfs/archive/761a8b3d785905c14cc12b7221e5e01088508eba.jpg",
                "title": "【倒放挑战】我们俩像弱智...",
                "pubdate": 1574665777,
                "ctime": 1574665777,
                "desc": "微博@徐大虾咯咯 @东尼ookii",
                "state": 0,
                "duration": 666,
                "rights": {
                    "bp": 0,
                    "elec": 0,
                    "download": 0,
                    "movie": 0,
                    "pay": 0,
                    "hd5": 0,
                    "no_reprint": 1,
                    "autoplay": 1,
                    "ugc_pay": 0,
                    "is_cooperation": 0,
                    "ugc_pay_preview": 0,
                    "no_background": 0,
                    "arc_pay": 0,
                    "pay_free_watch": 0
                },
                "owner": {
                    "mid": 13354765,
                    "name": "徐大虾咯",
                    "face": "https://i1.hdslb.com/bfs/face/6a310c30d17423138730713a915d0b4e563a1bf5.jpg"
                },
                "stat": {
                    "aid": 76976000,
                    "view": 11767842,
                    "danmaku": 67032,
                    "reply": 4016,
                    "favorite": 90624,
                    "coin": 185068,
                    "share": 42717,
                    "now_rank": 0,
                    "his_rank": 17,
                    "like": 424798,
                    "dislike": 0,
                    "vt": 0,
                    "vv": 11767842,
                    "fav_g": 112,
                    "like_g": 92
                },
                "dynamic": "上线！",
                "cid": 131657927,
                "dimension": {
                    "width": 1920,
                    "height": 1080,
                    "rotate": 0
                },
                "short_link_v2": "https://b23.tv/BV1nJ411R7Py",
                "cover43": "",
                "tidv2": 2207,
                "tnamev2": "随拍·综合",
                "pid_v2": 1032,
                "pid_name_v2": "其他",
                "bvid": "BV1nJ411R7Py",
                "season_type": 0,
                "is_ogv": false,
                "ogv_info": null,
                "enable_vt": 0,
                "ai_rcmd": null,
                "rcmd_reason": "喜闻乐见两个铁憨憨"
            },
            {
                "aid": 76983178,
                "videos": 1,
                "tid": 65,
                "tname": "网络游戏",
                "copyright": 1,
                "pic": "http://i1.hdslb.com/bfs/archive/044f27136ac5ddf06c5ba6cbb8481cf6aafc5388.jpg",
                "title": "网易辞退身患绝症的游戏策划 冷风吹散了热爱",
                "pubdate": 1574669302,
                "ctime": 1574669303,
                "desc": "网易辞退身患绝症的游戏策划这件事，再次说明，资本市场的强大，那么，有能力的，准备自己的B计划，没能力的，就配好企业之外的保险，除此之外 就是身藏利刃 和那些越界的东西做斗争。",
                "state": 0,
                "duration": 410,
                "rights": {
                    "bp": 0,
                    "elec": 0,
                    "download": 0,
                    "movie": 0,
                    "pay": 0,
                    "hd5": 1,
                    "no_reprint": 1,
                    "autoplay": 1,
                    "ugc_pay": 0,
                    "is_cooperation": 0,
                    "ugc_pay_preview": 0,
                    "no_background": 0,
                    "arc_pay": 0,
                    "pay_free_watch": 0
                },
                "owner": {
                    "mid": 102984190,
                    "name": "独立菌儿",
                    "face": "https://i1.hdslb.com/bfs/face/b6c39a342bbfde16150b5f476d02f1e976cd2110.jpg"
                },
                "stat": {
                    "aid": 76983178,
                    "view": 3673676,
                    "danmaku": 10042,
                    "reply": 17268,
                    "favorite": 58799,
                    "coin": 135165,
                    "share": 36577,
                    "now_rank": 0,
                    "his_rank": 8,
                    "like": 244463,
                    "dislike": 0,
                    "vt": 0,
                    "vv": 3673676,
                    "fav_g": 0,
                    "like_g": 1
                },
                "dynamic": "#网易##游戏策划##辞退#我们怀着希望，愿人有赤子之心，让晚风吹拂处，他人也能惬意，可是这残酷的现实，让我们的失望总是与希望一样多，这多少会令人有些茫然。个体失去了对抗资本的能力，或者说从来就没有这回事儿，即便如此，我们更应该过一种勇敢的生活。",
                "cid": 131672093,
                "dimension": {
                    "width": 1920,
                    "height": 1080,
                    "rotate": 0
                },
                "short_link_v2": "https://b23.tv/BV1pJ411R7Ut",
                "cover43": "",
                "tidv2": 2088,
                "tnamev2": "社会观察",
                "pid_v2": 1010,
                "pid_name_v2": "知识",
                "bvid": "BV1pJ411R7Ut",
                "season_type": 0,
                "is_ogv": false,
                "ogv_info": null,
                "enable_vt": 0,
                "ai_rcmd": null,
                "rcmd_reason": ""
            },
            {
                "aid": 77092716,
                "videos": 1,
                "tid": 76,
                "tname": "美食制作",
                "copyright": 1,
                "pic": "http://i2.hdslb.com/bfs/archive/4feed5c18b5ce741966b65daa3a83b1d9c7dd52e.jpg",
                "title": "这个up主开挂了！居然在家甩出了印度飞饼",
                "pubdate": 1574767840,
                "ctime": 1574754939,
                "desc": "拖更这么久真不是在偷懒\n15号开始试菜\n23号才做出勉强满意的成品\n开机的时候穿卫衣\n剪完视频穿棉袄…",
                "state": 0,
                "duration": 341,
                "mission_id": 12191,
                "rights": {
                    "bp": 0,
                    "elec": 0,
                    "download": 0,
                    "movie": 0,
                    "pay": 0,
                    "hd5": 0,
                    "no_reprint": 1,
                    "autoplay": 1,
                    "ugc_pay": 0,
                    "is_cooperation": 0,
                    "ugc_pay_preview": 0,
                    "no_background": 0,
                    "arc_pay": 0,
                    "pay_free_watch": 0
                },
                "owner": {
                    "mid": 18202105,
                    "name": "绵羊料理",
                    "face": "https://i1.hdslb.com/bfs/face/54b5c9c2ad7f1baff195090bfd6afa365ef20c37.jpg"
                },
                "stat": {
                    "aid": 77092716,
                    "view": 8849700,
                    "danmaku": 20235,
                    "reply": 4631,
                    "favorite": 101127,
                    "coin": 454660,
                    "share": 24049,
                    "now_rank": 0,
                    "his_rank": 10,
                    "like": 615527,
                    "dislike": 0,
                    "vt": 0,
                    "vv": 8849700,
                    "fav_g": 31,
                    "like_g": 19
                },
                "dynamic": "拖更这么久真不是在偷懒\n15号开始试菜\n23号才做出勉强满意的成品\n开机的时候穿卫衣\n剪完视频穿棉袄…\n#美食##厨艺##料理制作#",
                "cid": 131863728,
                "dimension": {
                    "width": 1920,
                    "height": 1080,
                    "rotate": 0
                },
                "season_id": 134,
                "short_link_v2": "https://b23.tv/BV1KJ411X7xV",
                "cover43": "",
                "tidv2": 2149,
                "tnamev2": "美食制作",
                "pid_v2": 1020,
                "pid_name_v2": "美食",
                "bvid": "BV1KJ411X7xV",
                "season_type": 0,
                "is_ogv": false,
                "ogv_info": null,
                "enable_vt": 0,
                "ai_rcmd": null,
                "rcmd_reason": "亲手甩飞饼，小心防打脸"
            }
        ]
    }
}