{
    "code": 0,
    "message": "OK",
    "ttl": 1,
    "data": {
        "config": {
            "id": 44,
            "type": "weekly_selected",
            "number": 40,
            "subject": "古力娜扎鬼畜",
            "stime": 1576771200,
            "etime": 1577375999,
            "status": 2,
            "name": "2019第40期 12.20 - 12.26",
            "label": "第40期(1227更新)",
            "hint": "",
            "color": 0,
            "cover": "",
            "share_title": "古力娜扎鬼畜 | B站每周必看2019年第40期",
            "share_subtitle": "欢迎娜扎加入B站鬼畜全明星",
            "media_id": 788295588
        },
        "reminder": "每周五晚18:00更新",
        "list": [
            {
                "aid": 80347694,
                "videos": 1,
                "tid": 22,
                "tname": "鬼畜调教",
                "copyright": 1,
                "pic": "http://i1.hdslb.com/bfs/archive/08734646a3d5714398ad97c5afc51d3f6ebd3cbe.jpg",
                "title": "古力娜扎这次唱出了我的心声",
                "pubdate": 1577084470,
                "ctime": 1577084470,
                "desc": "马上就要被消灭了呜呜呜",
                "state": 0,
                "duration": 85,
                "rights": {
                    "bp": 0,
                    "elec": 0,
                    "download": 0,
                    "movie": 0,
                    "pay": 0,
                    "hd5": 0,
                    "no_reprint": 1,
                    "autoplay": 1,
                    "ugc_pay": 0,
                    "is_cooperation": 0,
                    "ugc_pay_preview": 0,
                    "no_background": 0,
                    "arc_pay": 0,
                    "pay_free_watch": 0
                },
                "owner": {
                    "mid": 40966108,
                    "name": "倒悬的橘子",
                    "face": "https://i1.hdslb.com/bfs/face/440968b6694576e931ed4ec61d699029d82bcbaa.jpg"
                },
                "stat": {
                    "aid": 80347694,
                    "view": 3644856,
                    "danmaku": 6210,
                    "reply": 2244,
                    "favorite": 40429,
                    "coin": 49677,
                    "share": 26564,
                    "now_rank": 0,
                    "his_rank": 36,
                    "like": 144408,
                    "dislike": 0,
                    "vt": 0,
                    "vv": 3644856,
                    "fav_g": 0,
                    "like_g": 0
                },
                "dynamic": "#痒##古力娜扎##穷哈#",
                "cid": 137501988,
                "dimension": {
                    "width": 1280,
                    "height": 720,
                    "rotate": 0
                },
                "short_link_v2": "https://b23.tv/BV1ZJ411s712",
                "cover43": "",
                "tidv2": 2059,
                "tnamev2": "鬼畜调教",
                "pid_v2": 1007,
                "pid_name_v2": "鬼畜",
                "bvid": "BV1ZJ411s712",
                "season_type": 0,
                "is_ogv": false,
                "ogv_info": null,
                "enable_vt": 0,
                "ai_rcmd": null,
                "rcmd_reason": "欢迎娜扎加入B站鬼畜全明星"
            },
            {
                "aid": 80256893,
                "videos": 1,
                "tid": 138,
                "tname": "搞笑",
                "copyright": 1,
                "pic": "http://i2.hdslb.com/bfs/archive/2839147dc91f2532ba5cd06fe816afdede5e7ad3.jpg",
                "title": "【冯提莫】每 天 一 遍，防 止 抑 郁",
                "pubdate": 1577015592,
                "ctime": 1577015592,
                "desc": "都说萌新up可以欺负一下，那我努力升级还不行吗！(๑•̀ω•́๑)为了10个视频我努力了！\n感谢up主：第七翼刀 帮我制作了第一支B站独家视频，欢迎更多前辈up找我合拍~\n明晚20点首播，今天给B站小伙伴送一波福利~顺便求波关注~(￣▽￣)~* 相信你会慢慢发现，《我是真的很不错》！\n\n原唱—伍思凯《我真的很不错》\n舞蹈—冯提莫",
                "state": 0,
                "duration": 106,
                "rights": {
                    "bp": 0,
                    "elec": 0,
                    "download": 0,
                    "movie": 0,
                    "pay": 0,
                    "hd5": 1,
                    "no_reprint": 1,
                    "autoplay": 1,
                    "ugc_pay": 0,
                    "is_cooperation": 0,
                    "ugc_pay_preview": 0,
                    "no_background": 0,
                    "arc_pay": 0,
                    "pay_free_watch": 0
                },
                "owner": {
                    "mid": 436473455,
                    "name": "冯提莫",
                    "face": "https://i2.hdslb.com/bfs/face/465727fd137b02759d22094cc38ff6467e6ead10.jpg"
                },
                "stat": {
                    "aid": 80256893,
                    "view": 2000842,
                    "danmaku": 5374,
                    "reply": 3915,
                    "favorite": 6923,
                    "coin": 53383,
                    "share": 10291,
                    "now_rank": 0,
                    "his_rank": 21,
                    "like": 74158,
                    "dislike": 0,
                    "vt": 0,
                    "vv": 2000842,
                    "fav_g": 0,
                    "like_g": 0
                },
                "dynamic": "都说萌新up可以欺负一下，那我努力升级还不行吗！(๑•̀ω•́๑)为了10个视频我努力了！\n感谢up主：第七翼刀 帮我制作了第一支B站独家视频，欢迎更多前辈up找我合拍~\n明晚20点首播，今天给B站小伙伴送一波福利~顺便求波关注~(￣▽￣)~* 相信你会慢慢发现，《我是真的很不错》！\n#伍思凯# #我真的很不错# #冯提莫#",
                "cid": 137337724,
                "dimension": {
                    "width": 1920,
                    "height": 1080,
                    "rotate": 0
                },
                "short_link_v2": "https://b23.tv/BV1tJ411s79v",
                "cover43": "",
                "tidv2": 2030,
                "tnamev2": "颜值·网红舞",
                "pid_v2": 1004,
                "pid_name_v2": "舞蹈",
                "bvid": "BV1tJ411s79v",
                "season_type": 0,
                "is_ogv": false,
                "ogv_info": null,
                "enable_vt": 0,
                "ai_rcmd": null,
                "rcmd_reason": "自己鬼畜我自己，我是真的真的很不错"
            },
            {
                "aid": 80380499,
                "videos": 1,
                "tid": 138,
                "tname": "搞笑",
                "copyright": 1,
                "pic": "http://i2.hdslb.com/bfs/archive/c08325553a4313d4b01ff3814127812da409df14.jpg",
                "title": "盗  梦  空  间",
                "pubdate": 1577102565,
                "ctime": 1577102565,
                "desc": "纯属娱乐",
                "state": 0,
                "duration": 127,
                "mission_id": 12512,
                "rights": {
                    "bp": 0,
                    "elec": 0,
                    "download": 0,
                    "movie": 0,
                    "pay": 0,
                    "hd5": 0,
                    "no_reprint": 1,
                    "autoplay": 1,
                    "ugc_pay": 0,
                    "is_cooperation": 0,
                    "ugc_pay_preview": 0,
                    "no_background": 0,
                    "arc_pay": 0,
                    "pay_free_watch": 0
                },
                "owner": {
                    "mid": 416824740,
                    "name": "天秀宝宝丶",
                    "face": "https://i0.hdslb.com/bfs/face/772381e41f9c4234ed11cb0bd46fd23b235be4c5.jpg"
                },
                "stat": {
                    "aid": 80380499,
                    "view": 5280325,
                    "danmaku": 4938,
                    "reply": 1492,
                    "favorite": 103377,
                    "coin": 85395,
                    "share": 44256,
                    "now_rank": 0,
                    "his_rank": 8,
                    "like": 259409,
                    "dislike": 0,
                    "vt": 0,
                    "vv": 5280325,
                    "fav_g": 0,
                    "like_g": 0
                },
                "dynamic": "#盗梦空间#更新了音频和部分踩点",
                "cid": 137610724,
                "dimension": {
                    "width": 1920,
                    "height": 1080,
                    "rotate": 0
                },
                "short_link_v2": "https://b23.tv/BV1MJ411x7tQ",
                "cover43": "",
                "tidv2": 2207,
                "tnamev2": "随拍·综合",
                "pid_v2": 1032,
                "pid_name_v2": "其他",
                "bvid": "BV1MJ411x7tQ",
                "season_type": 0,
                "is_ogv": false,
                "ogv_info": null,
                "enable_vt": 0,
                "ai_rcmd": null,
                "rcmd_reason": "“世纪科幻大制作”，太震撼了"
            },
            {
                "aid": 80383952,
                "videos": 1,
                "tid": 17,
                "tname": "单机游戏",
                "copyright": 1,
                "pic": "http://i0.hdslb.com/bfs/archive/0a3f53e3c4555ab817b6abeb58e83c1a91d85d0a.jpg",
                "title": "【主播真会玩特别篇】：2019年游戏混剪",
                "pubdate": 1577105549,
                "ctime": 1577105549,
                "desc": "热爱游戏，热爱生活。\n由是大腿出品的《主播真会玩·主机篇》每周二更新！ 欢迎大家在评论区发表留言，写出你喜爱的主机主播，与爱玩的主机游戏。 微博：@起小点是大腿 @主播真会玩 合作邮箱：bd@shidatui.com 合作VX：shidatuimcn",
                "state": 0,
                "duration": 294,
                "rights": {
                    "bp": 0,
                    "elec": 0,
                    "download": 0,
                    "movie": 0,
                    "pay": 0,
                    "hd5": 1,
                    "no_reprint": 1,
                    "autoplay": 1,
                    "ugc_pay": 0,
                    "is_cooperation": 0,
                    "ugc_pay_preview": 0,
                    "no_background": 0,
                    "arc_pay": 0,
                    "pay_free_watch": 0
                },
                "owner": {
                    "mid": 1565155,
                    "name": "是大腿",
                    "face": "https://i1.hdslb.com/bfs/face/d2675df40673afe458ce7eca7bdf4fdc84555a6c.jpg"
                },
                "stat": {
                    "aid": 80383952,
                    "view": 1514567,
                    "danmaku": 3943,
                    "reply": 1620,
                    "favorite": 33982,
                    "coin": 89304,
                    "share": 8747,
                    "now_rank": 0,
                    "his_rank": 11,
                    "like": 78186,
                    "dislike": 0,
                    "vt": 0,
                    "vv": 1514567,
                    "fav_g": 0,
                    "like_g": 0
                },
                "dynamic": "热爱游戏，热爱生活。",
                "cid": 137561212,
                "dimension": {
                    "width": 1920,
                    "height": 1080,
                    "rotate": 0
                },
                "short_link_v2": "https://b23.tv/BV1TJ411x7iu",
                "cover43": "",
                "tidv2": 2071,
                "tnamev2": "射击游戏",
                "pid_v2": 1008,
                "pid_name_v2": "游戏",
                "bvid": "BV1TJ411x7iu",
                "season_type": 0,
                "is_ogv": false,
                "ogv_info": null,
                "enable_vt": 0,
                "ai_rcmd": null,
                "rcmd_reason": "热爱游戏，热爱生活，2020也要加油啊"
            },
            {
                "aid": 80128837,
                "videos": 1,
                "tid": 31,
                "tname": "翻唱",
                "copyright": 1,
                "pic": "http://i1.hdslb.com/bfs/archive/18d27554a103dacbd4e2ba80d817ca26c157454d.jpg",
                "title": "日文版《好想爱这个世界啊》翻唱 「华晨宇」",
                "pubdate": 1576935433,
                "ctime": 1576935433,
                "desc": "-",
                "state": 0,
                "duration": 276,
                "rights": {
                    "bp": 0,
                    "elec": 0,
                    "download": 0,
                    "movie": 0,
                    "pay": 0,
                    "hd5": 0,
                    "no_reprint": 1,
                    "autoplay": 1,
                    "ugc_pay": 0,
                    "is_cooperation": 0,
                    "ugc_pay_preview": 0,
                    "no_background": 0,
                    "arc_pay": 0,
                    "pay_free_watch": 0
                },
                "owner": {
                    "mid": 3493304,
                    "name": "-TOKUCHI-",
                    "face": "https://i2.hdslb.com/bfs/face/7223d13d5a91908d95cebc242f1d3e8b6e07bcb0.jpg"
                },
                "stat": {
                    "aid": 80128837,
                    "view": 13206279,
                    "danmaku": 42614,
                    "reply": 9382,
                    "favorite": 646071,
                    "coin": 603553,
                    "share": 153939,
                    "now_rank": 0,
                    "his_rank": 7,
                    "like": 842817,
                    "dislike": 0,
                    "vt": 0,
                    "vv": 13206279,
                    "fav_g": 9,
                    "like_g": 18
                },
                "dynamic": "",
                "cid": 137230470,
                "dimension": {
                    "width": 1920,
                    "height": 1080,
                    "rotate": 0
                },
                "short_link_v2": "https://b23.tv/BV1hJ41147EE",
                "pub_location": "四川",
                "cover43": "",
                "tidv2": 2020,
                "tnamev2": "翻唱",
                "pid_v2": 1003,
                "pid_name_v2": "音乐",
                "bvid": "BV1hJ41147EE",
                "season_type": 0,
                "is_ogv": false,
                "ogv_info": null,
                "enable_vt": 0,
                "ai_rcmd": null,
                "rcmd_reason": "太好听了！听不了吃亏听不了不上当！只会幸福！"
            },
            {
                "aid": 80098366,
                "videos": 1,
                "tid": 138,
                "tname": "搞笑",
                "copyright": 1,
                "pic": "http://i0.hdslb.com/bfs/archive/93ae1f536795ec6c79853c3068c17b2107dcffd2.jpg",
                "title": "【朱一旦】123 寻“密”十八岁",
                "pubdate": 1577008829,
                "ctime": 1576928942,
                "desc": "微博：朱一旦的枯燥生活\nYouTube：【朱一旦的枯燥生活】官方频道\n公众号：朱一旦的枯燥生活\nBGM:申升勋 - I Believe.mp3",
                "state": 0,
                "duration": 283,
                "mission_id": 12459,
                "rights": {
                    "bp": 0,
                    "elec": 0,
                    "download": 0,
                    "movie": 0,
                    "pay": 0,
                    "hd5": 1,
                    "no_reprint": 1,
                    "autoplay": 1,
                    "ugc_pay": 0,
                    "is_cooperation": 0,
                    "ugc_pay_preview": 0,
                    "no_background": 0,
                    "arc_pay": 0,
                    "pay_free_watch": 0
                },
                "owner": {
                    "mid": 437316738,
                    "name": "朱一旦的枯燥生活",
                    "face": "https://i0.hdslb.com/bfs/face/48ad92f9e0eb9516f491ed18457e2a73e865ea8c.jpg"
                },
                "stat": {
                    "aid": 80098366,
                    "view": 3038122,
                    "danmaku": 17031,
                    "reply": 5074,
                    "favorite": 10898,
                    "coin": 40707,
                    "share": 6720,
                    "now_rank": 0,
                    "his_rank": 11,
                    "like": 135330,
                    "dislike": 0,
                    "vt": 0,
                    "vv": 3038122,
                    "fav_g": 0,
                    "like_g": 0
                },
                "dynamic": "#朱一旦的枯燥生活##爱情##酒#",
                "cid": 137076289,
                "dimension": {
                    "width": 1080,
                    "height": 1920,
                    "rotate": 0
                },
                "short_link_v2": "https://b23.tv/BV1HJ41147Xi",
                "cover43": "",
                "tidv2": 2154,
                "tnamev2": "剧情演绎",
                "pid_v2": 1021,
                "pid_name_v2": "小剧场",
                "bvid": "BV1HJ41147Xi",
                "season_type": 0,
                "is_ogv": false,
                "ogv_info": null,
                "enable_vt": 0,
                "ai_rcmd": null,
                "rcmd_reason": "朱一旦原声出演了！"
            },
            {
                "aid": 80615414,
                "videos": 1,
                "tid": 137,
                "tname": "明星综合",
                "copyright": 1,
                "pic": "http://i2.hdslb.com/bfs/archive/3b164e3c60b1ff20bc0963d001c807c9b226d828.png",
                "title": "【徐锦江】B站我来了！“硬核”圣诞老人鳌拜入驻了！",
                "pubdate": 1577263985,
                "ctime": 1577263985,
                "desc": "-",
                "state": 0,
                "duration": 194,
                "rights": {
                    "bp": 0,
                    "elec": 0,
                    "download": 0,
                    "movie": 0,
                    "pay": 0,
                    "hd5": 0,
                    "no_reprint": 1,
                    "autoplay": 1,
                    "ugc_pay": 0,
                    "is_cooperation": 0,
                    "ugc_pay_preview": 0,
                    "no_background": 0,
                    "arc_pay": 0,
                    "pay_free_watch": 0
                },
                "owner": {
                    "mid": 488971498,
                    "name": "徐锦江",
                    "face": "http://i1.hdslb.com/bfs/face/6ac6e05f4e1b530694f5c94e9734397a2f8e53f2.jpg"
                },
                "stat": {
                    "aid": 80615414,
                    "view": 8081614,
                    "danmaku": 35959,
                    "reply": 11670,
                    "favorite": 105342,
                    "coin": 370522,
                    "share": 62332,
                    "now_rank": 0,
                    "his_rank": 2,
                    "like": 710049,
                    "dislike": 0,
                    "vt": 0,
                    "vv": 8081614,
                    "fav_g": 0,
                    "like_g": 2
                },
                "dynamic": "向国产圣诞老人鳌拜发弹幕许愿，更灵验嗷！",
                "cid": 137960202,
                "dimension": {
                    "width": 852,
                    "height": 480,
                    "rotate": 0
                },
                "short_link_v2": "https://b23.tv/BV1BJ411W71f",
                "cover43": "",
                "tidv2": 2154,
                "tnamev2": "剧情演绎",
                "pid_v2": 1021,
                "pid_name_v2": "小剧场",
                "bvid": "BV1BJ411W71f",
                "season_type": 0,
                "is_ogv": false,
                "ogv_info": null,
                "enable_vt": 0,
                "ai_rcmd": null,
                "rcmd_reason": "好喜欢这个又凶又可爱的圣诞老人啊"
            },
            {
                "aid": 80056454,
                "videos": 1,
                "tid": 138,
                "tname": "搞笑",
                "copyright": 2,
                "pic": "http://i0.hdslb.com/bfs/archive/84cdd45ac87b7f1bdd1a7b4b8b0f168ec8e301d3.jpg",
                "title": "建 议 改 成 建 议 建 议 改 成：工  具  人",
                "pubdate": 1576903864,
                "ctime": 1576903864,
                "desc": "细思极恐的奇闻\n抱歉大家，我看了几遍才看到水印，一直以为是QQ空间的",
                "state": 0,
                "duration": 51,
                "rights": {
                    "bp": 0,
                    "elec": 0,
                    "download": 0,
                    "movie": 0,
                    "pay": 0,
                    "hd5": 0,
                    "no_reprint": 0,
                    "autoplay": 1,
                    "ugc_pay": 0,
                    "is_cooperation": 0,
                    "ugc_pay_preview": 0,
                    "no_background": 0,
                    "arc_pay": 0,
                    "pay_free_watch": 0
                },
                "owner": {
                    "mid": 344030412,
                    "name": "账号已注销",
                    "face": "https://i0.hdslb.com/bfs/face/member/noface.jpg"
                },
                "stat": {
                    "aid": 80056454,
                    "view": 5144371,
                    "danmaku": 6828,
                    "reply": 3687,
                    "favorite": 74722,
                    "coin": 30988,
                    "share": 80927,
                    "now_rank": 0,
                    "his_rank": 6,
                    "like": 285457,
                    "dislike": 0,
                    "vt": 0,
                    "vv": 5144371,
                    "fav_g": 0,
                    "like_g": 0
                },
                "dynamic": "#搞笑视频##奇葩##有趣#",
                "cid": 137008817,
                "dimension": {
                    "width": 720,
                    "height": 1280,
                    "rotate": 0
                },
                "short_link_v2": "https://b23.tv/BV1uJ41147Zk",
                "cover43": "",
                "tidv2": 2154,
                "tnamev2": "剧情演绎",
                "pid_v2": 1021,
                "pid_name_v2": "小剧场",
                "bvid": "BV1uJ41147Zk",
                "season_type": 0,
                "is_ogv": false,
                "ogv_info": null,
                "enable_vt": 0,
                "ai_rcmd": null,
                "rcmd_reason": "如果人人都能少一点套路，世界将变成更美好的人间"
            },
            {
                "aid": 80030891,
                "videos": 1,
                "tid": 21,
                "tname": "日常",
                "copyright": 1,
                "pic": "http://i0.hdslb.com/bfs/archive/84f8ef8d5fd15cdaffc4b735671b2807576619ae.jpg",
                "title": "突然求婚",
                "pubdate": 1576896315,
                "ctime": 1576896316,
                "desc": "我确定对的人了！",
                "state": 0,
                "duration": 630,
                "rights": {
                    "bp": 0,
                    "elec": 0,
                    "download": 0,
                    "movie": 0,
                    "pay": 0,
                    "hd5": 1,
                    "no_reprint": 1,
                    "autoplay": 1,
                    "ugc_pay": 0,
                    "is_cooperation": 0,
                    "ugc_pay_preview": 0,
                    "no_background": 0,
                    "arc_pay": 0,
                    "pay_free_watch": 0
                },
                "owner": {
                    "mid": 19642758,
                    "name": "力元君",
                    "face": "https://i0.hdslb.com/bfs/face/2f9cec1f02736aaf790b058b0eee1a66c5e3daca.jpg"
                },
                "stat": {
                    "aid": 80030891,
                    "view": 8345220,
                    "danmaku": 180941,
                    "reply": 28518,
                    "favorite": 218982,
                    "coin": 1444226,
                    "share": 57664,
                    "now_rank": 0,
                    "his_rank": 1,
                    "like": 1087585,
                    "dislike": 0,
                    "vt": 0,
                    "vv": 8345220,
                    "fav_g": 3,
                    "like_g": 13
                },
                "dynamic": "希望不会太突然。。",
                "cid": 136965177,
                "dimension": {
                    "width": 1920,
                    "height": 1080,
                    "rotate": 0
                },
                "short_link_v2": "https://b23.tv/BV1FJ41147aC",
                "cover43": "",
                "tidv2": 2197,
                "tnamev2": "其他vlog",
                "pid_v2": 1029,
                "pid_name_v2": "vlog",
                "bvid": "BV1FJ41147aC",
                "season_type": 0,
                "is_ogv": false,
                "ogv_info": null,
                "enable_vt": 0,
                "ai_rcmd": null,
                "rcmd_reason": "恭喜UP主！等着看婚礼！！！"
            },
            {
                "aid": 80461191,
                "videos": 1,
                "tid": 203,
                "tname": "热点",
                "copyright": 1,
                "pic": "http://i0.hdslb.com/bfs/archive/9e02276998807445a5ea8247c20cdd914cdc91db.jpg",
                "title": "2019年，哪些话语让你印象深刻？",
                "pubdate": 1577168064,
                "ctime": 1577168064,
                "desc": "“只要穿上中国的球衣，我们的目标都是升国旗、奏国歌。”、“我支持香港警察，你们可以打我了！”、“我和我的同志们，此生属于祖国，此生无怨无悔!”. . . . . .\n铿锵有力的呐喊，掷地有声的回应，饱含热忱的自白，带给我们温暖与力量。这一段段声音的瞬间，共同回忆我们的2019，中国的2019。",
                "state": 0,
                "duration": 168,
                "rights": {
                    "bp": 0,
                    "elec": 0,
                    "download": 0,
                    "movie": 0,
                    "pay": 0,
                    "hd5": 1,
                    "no_reprint": 1,
                    "autoplay": 1,
                    "ugc_pay": 0,
                    "is_cooperation": 0,
                    "ugc_pay_preview": 0,
                    "no_background": 0,
                    "arc_pay": 0,
                    "pay_free_watch": 0
                },
                "owner": {
                    "mid": 456664753,
                    "name": "央视新闻",
                    "face": "https://i1.hdslb.com/bfs/face/e649df706cdb30c0f300e755f0330faeaf6b498b.jpg"
                },
                "stat": {
                    "aid": 80461191,
                    "view": 491552,
                    "danmaku": 0,
                    "reply": 1232,
                    "favorite": 11623,
                    "coin": 23156,
                    "share": 3393,
                    "now_rank": 0,
                    "his_rank": 44,
                    "like": 41854,
                    "dislike": 0,
                    "vt": 0,
                    "vv": 491552,
                    "fav_g": 0,
                    "like_g": 0
                },
                "dynamic": "#2019##央视新闻#“只要穿上中国的球衣，我们的目标都是升国旗、奏国歌。”、“我支持香港警察，你们可以打我了！”、“我和我的同志们，此生属于祖国，此生无怨无悔!”……",
                "cid": 137760874,
                "dimension": {
                    "width": 1920,
                    "height": 1080,
                    "rotate": 0
                },
                "short_link_v2": "https://b23.tv/BV1hJ411x7ih",
                "cover43": "",
                "tidv2": 2088,
                "tnamev2": "社会观察",
                "pid_v2": 1010,
                "pid_name_v2": "知识",
                "bvid": "BV1hJ411x7ih",
                "season_type": 0,
                "is_ogv": false,
                "ogv_info": null,
                "enable_vt": 0,
                "ai_rcmd": null,
                "rcmd_reason": "铿锵有力的呐喊，掷地有声的回应，饱含热忱的自白"
            },
            {
                "aid": 80023773,
                "videos": 1,
                "tid": 21,
                "tname": "日常",
                "copyright": 1,
                "pic": "http://i1.hdslb.com/bfs/archive/41bc3b24c23aebba143f6fb5153de937f8306b3b.jpg",
                "title": "只带一个锅能白嫖一顿火锅吗？阴阳怪气陪你过平安夜！",
                "pubdate": 1577188822,
                "ctime": 1576870769,
                "desc": "第二期：av80559251\n硬币20W，25号晚上八点准时第二集嗷！兄弟们！冲了！（已经达成目标了，感谢大家）\n感谢@老番茄 @花少北丶@某幻君 @LexBurner 参与录制，大家记得去关注他们哦！\n明天的第二集是最后一期！大家也要记得三连哦！\n大家要是以后想看到这样的视频，千万不要吝啬你们的点赞，投币，收藏！\n这次也是第一次尝试这样的小节目，还有很多的不足！希望明年还能给大家带来这样的节目！",
                "state": 0,
                "duration": 2454,
                "mission_id": 12405,
                "rights": {
                    "bp": 0,
                    "elec": 0,
                    "download": 0,
                    "movie": 0,
                    "pay": 0,
                    "hd5": 1,
                    "no_reprint": 1,
                    "autoplay": 1,
                    "ugc_pay": 0,
                    "is_cooperation": 0,
                    "ugc_pay_preview": 0,
                    "no_background": 0,
                    "arc_pay": 0,
                    "pay_free_watch": 0
                },
                "owner": {
                    "mid": 562197,
                    "name": "中国BOY超级大猩猩",
                    "face": "https://i0.hdslb.com/bfs/face/ffb50dd4e712386eb888030ebc6f4aea3a65cd8e.jpg"
                },
                "stat": {
                    "aid": 80023773,
                    "view": 13865368,
                    "danmaku": 299395,
                    "reply": 25766,
                    "favorite": 280360,
                    "coin": 624778,
                    "share": 87411,
                    "now_rank": 0,
                    "his_rank": 1,
                    "like": 761754,
                    "dislike": 0,
                    "vt": 0,
                    "vv": 13865368,
                    "fav_g": 0,
                    "like_g": 0
                },
                "dynamic": "硬币20W，25号晚上八点准时第二集嗷！兄弟们！冲了！",
                "cid": 136952910,
                "dimension": {
                    "width": 1920,
                    "height": 1080,
                    "rotate": 0
                },
                "short_link_v2": "https://b23.tv/BV1FJ41147G5",
                "cover43": "",
                "tidv2": 2207,
                "tnamev2": "随拍·综合",
                "pid_v2": 1032,
                "pid_name_v2": "其他",
                "bvid": "BV1FJ41147G5",
                "season_type": 0,
                "is_ogv": false,
                "ogv_info": null,
                "enable_vt": 0,
                "ai_rcmd": null,
                "rcmd_reason": "阴阳怪气真就出团综了呗，这白嫖姿势我学会了"
            },
            {
                "aid": 79960745,
                "videos": 1,
                "tid": 24,
                "tname": "MAD·AMV",
                "copyright": 1,
                "pic": "http://i1.hdslb.com/bfs/archive/0e2f5ddcf51e17be5693bd84d4d2dc7c2822ce61.jpg",
                "title": "2019年度动画混剪，我们度过的每一个日常，正是连续发生着的奇迹",
                "pubdate": 1576848001,
                "ctime": 1576836961,
                "desc": "2019年度动画混剪MAD （不包含所有新番）\n监修：泛式\n制作：黯淡神殇",
                "state": 0,
                "duration": 267,
                "mission_id": 12474,
                "rights": {
                    "bp": 0,
                    "elec": 0,
                    "download": 0,
                    "movie": 0,
                    "pay": 0,
                    "hd5": 1,
                    "no_reprint": 1,
                    "autoplay": 1,
                    "ugc_pay": 0,
                    "is_cooperation": 1,
                    "ugc_pay_preview": 0,
                    "no_background": 0,
                    "arc_pay": 0,
                    "pay_free_watch": 0
                },
                "owner": {
                    "mid": 63231,
                    "name": "泛式",
                    "face": "https://i0.hdslb.com/bfs/face/2608aaa45309c77ac88fbfaa40e160b8c7892985.jpg"
                },
                "stat": {
                    "aid": 79960745,
                    "view": 1197304,
                    "danmaku": 5950,
                    "reply": 2743,
                    "favorite": 45448,
                    "coin": 74890,
                    "share": 3899,
                    "now_rank": 0,
                    "his_rank": 22,
                    "like": 99101,
                    "dislike": 0,
                    "vt": 0,
                    "vv": 1197304,
                    "fav_g": 0,
                    "like_g": 2
                },
                "dynamic": "再见，2019！",
                "cid": 136846829,
                "dimension": {
                    "width": 1920,
                    "height": 1080,
                    "rotate": 0
                },
                "short_link_v2": "https://b23.tv/BV1zJ411x77r",
                "cover43": "",
                "tidv2": 2041,
                "tnamev2": "动漫剪辑",
                "pid_v2": 1005,
                "pid_name_v2": "二次元",
                "bvid": "BV1zJ411x77r",
                "season_type": 0,
                "is_ogv": false,
                "ogv_info": null,
                "enable_vt": 0,
                "ai_rcmd": null,
                "rcmd_reason": "泛式重拾MAD老本行系列"
            },
            {
                "aid": 80474667,
                "videos": 1,
                "tid": 47,
                "tname": "同人·手书",
                "copyright": 1,
                "pic": "http://i1.hdslb.com/bfs/archive/1c4db6d18949a13d013b0d445b8a0d450c90ab44.jpg",
                "title": "【庆余年手书】范闲和二皇子的抖肩舞（by再临）",
                "pubdate": 1577174647,
                "ctime": 1577174647,
                "desc": "自制\n微博@-再临\n第一次做手书，5天爆肝连画带做，pr现学的，不足之处请多包含\n\n动作参考av16087258",
                "state": 0,
                "duration": 143,
                "rights": {
                    "bp": 0,
                    "elec": 0,
                    "download": 0,
                    "movie": 0,
                    "pay": 0,
                    "hd5": 1,
                    "no_reprint": 1,
                    "autoplay": 1,
                    "ugc_pay": 0,
                    "is_cooperation": 0,
                    "ugc_pay_preview": 0,
                    "no_background": 0,
                    "arc_pay": 0,
                    "pay_free_watch": 0
                },
                "owner": {
                    "mid": 660040,
                    "name": "再临临",
                    "face": "http://i0.hdslb.com/bfs/face/49963d24b5ae9b17773d4c6acb4f4b57f1f5808d.jpg"
                },
                "stat": {
                    "aid": 80474667,
                    "view": 2848617,
                    "danmaku": 8003,
                    "reply": 4249,
                    "favorite": 145063,
                    "coin": 249824,
                    "share": 68481,
                    "now_rank": 0,
                    "his_rank": 6,
                    "like": 281095,
                    "dislike": 0,
                    "vt": 0,
                    "vv": 2848617,
                    "fav_g": 9,
                    "like_g": 20
                },
                "dynamic": "#庆余年##抖肩舞##范闲#",
                "cid": 137736676,
                "dimension": {
                    "width": 1440,
                    "height": 1080,
                    "rotate": 0
                },
                "short_link_v2": "https://b23.tv/BV14J411x71Z",
                "cover43": "",
                "tidv2": 2037,
                "tnamev2": "同人动画",
                "pid_v2": 1005,
                "pid_name_v2": "二次元",
                "bvid": "BV14J411x71Z",
                "season_type": 0,
                "is_ogv": false,
                "ogv_info": null,
                "enable_vt": 0,
                "ai_rcmd": null,
                "rcmd_reason": "人物画得都太传神了！萍萍起立的医学奇迹值得一看！"
            },
            {
                "aid": 80003796,
                "videos": 1,
                "tid": 21,
                "tname": "日常",
                "copyright": 1,
                "pic": "http://i1.hdslb.com/bfs/archive/3737af63f34d0f4b59ef11a55727194debf6950d.jpg",
                "title": "【注意！】那些正在“毒害”年轻人的“伪知识”！",
                "pubdate": 1576893642,
                "ctime": 1576854647,
                "desc": "你相信过这些谣言吗？",
                "state": 0,
                "duration": 268,
                "mission_id": 12356,
                "rights": {
                    "bp": 0,
                    "elec": 0,
                    "download": 0,
                    "movie": 0,
                    "pay": 0,
                    "hd5": 0,
                    "no_reprint": 1,
                    "autoplay": 1,
                    "ugc_pay": 0,
                    "is_cooperation": 0,
                    "ugc_pay_preview": 0,
                    "no_background": 0,
                    "arc_pay": 0,
                    "pay_free_watch": 0
                },
                "owner": {
                    "mid": 390371228,
                    "name": "知心者联盟",
                    "face": "https://i2.hdslb.com/bfs/face/d647ffaec857b3df1312d3ae4744e2b42b5858ba.jpg"
                },
                "stat": {
                    "aid": 80003796,
                    "view": 13839544,
                    "danmaku": 72336,
                    "reply": 12247,
                    "favorite": 102822,
                    "coin": 206411,
                    "share": 12219,
                    "now_rank": 0,
                    "his_rank": 10,
                    "like": 917881,
                    "dislike": 0,
                    "vt": 0,
                    "vv": 13839544,
                    "fav_g": 0,
                    "like_g": 2
                },
                "dynamic": "#冷知识##颠覆##科普#",
                "cid": 136919940,
                "dimension": {
                    "width": 1920,
                    "height": 1080,
                    "rotate": 0
                },
                "season_id": 2652,
                "short_link_v2": "https://b23.tv/BV1CJ411x7au",
                "cover43": "",
                "tidv2": 2094,
                "tnamev2": "科学科普",
                "pid_v2": 1010,
                "pid_name_v2": "知识",
                "bvid": "BV1CJ411x7au",
                "season_type": 0,
                "is_ogv": false,
                "ogv_info": null,
                "enable_vt": 0,
                "ai_rcmd": null,
                "rcmd_reason": "不吃早饭等于吃翔？鸡蛋和豆浆不能一起吃？"
            },
            {
                "aid": 80781225,
                "videos": 1,
                "tid": 17,
                "tname": "单机游戏",
                "copyright": 1,
                "pic": "http://i1.hdslb.com/bfs/archive/05755b2be0cd3d594d80d9cfc9e186432b5ecff2.jpg",
                "title": "拳王争霸× 菜鸡互啄√",
                "pubdate": 1577419201,
                "ctime": 1577373257,
                "desc": "游戏：STICK FIGHT 火柴人大乱斗\n丢脸时刻！",
                "state": 0,
                "duration": 1003,
                "mission_id": 12404,
                "rights": {
                    "bp": 0,
                    "elec": 0,
                    "download": 0,
                    "movie": 0,
                    "pay": 0,
                    "hd5": 0,
                    "no_reprint": 1,
                    "autoplay": 1,
                    "ugc_pay": 0,
                    "is_cooperation": 0,
                    "ugc_pay_preview": 0,
                    "no_background": 0,
                    "arc_pay": 0,
                    "pay_free_watch": 0
                },
                "owner": {
                    "mid": 546195,
                    "name": "老番茄",
                    "face": "http://i0.hdslb.com/bfs/face/bc5ca101313d4db223c395d64779e76eb3482d60.jpg"
                },
                "stat": {
                    "aid": 80781225,
                    "view": 27324737,
                    "danmaku": 196063,
                    "reply": 9737,
                    "favorite": 328842,
                    "coin": 547482,
                    "share": 91476,
                    "now_rank": 0,
                    "his_rank": 2,
                    "like": 880740,
                    "dislike": 0,
                    "vt": 0,
                    "vv": 27324737,
                    "fav_g": 147,
                    "like_g": 97
                },
                "dynamic": "#老番茄##花少北##中国boy##某幻#",
                "cid": 138254381,
                "dimension": {
                    "width": 1920,
                    "height": 1080,
                    "rotate": 0
                },
                "season_id": 1903592,
                "short_link_v2": "https://b23.tv/BV1aJ411Y74w",
                "cover43": "",
                "tidv2": 2079,
                "tnamev2": "其他游戏",
                "pid_v2": 1008,
                "pid_name_v2": "游戏",
                "bvid": "BV1aJ411Y74w",
                "season_type": 0,
                "is_ogv": false,
                "ogv_info": null,
                "enable_vt": 0,
                "ai_rcmd": null,
                "rcmd_reason": "三个游戏区up和一个生活区up的爱恨情仇"
            },
            {
                "aid": 80099532,
                "videos": 1,
                "tid": 182,
                "tname": "影视杂谈",
                "copyright": 1,
                "pic": "http://i2.hdslb.com/bfs/archive/08f40ff54e1ce02934ab6ea93f98d696005fc2f7.jpg",
                "title": "爆笑盘点2019国产剧烂剧，哇你妹第二届颁奖典礼来啦！【哇妹】",
                "pubdate": 1576925979,
                "ctime": 1576925979,
                "desc": "哈哈哈哈哈时间过得好快呀，都做第二届了。2019年度烂剧盘点终于做完了，嘿嘿可以做好剧了。",
                "state": 0,
                "duration": 679,
                "mission_id": 12492,
                "rights": {
                    "bp": 0,
                    "elec": 0,
                    "download": 0,
                    "movie": 0,
                    "pay": 0,
                    "hd5": 1,
                    "no_reprint": 1,
                    "autoplay": 1,
                    "ugc_pay": 0,
                    "is_cooperation": 0,
                    "ugc_pay_preview": 0,
                    "no_background": 0,
                    "arc_pay": 0,
                    "pay_free_watch": 0
                },
                "owner": {
                    "mid": 138832847,
                    "name": "哇哇哇妹",
                    "face": "https://i2.hdslb.com/bfs/face/d4f4eb6d98bd92498a7f1d41e749dc58df7e2a14.jpg"
                },
                "stat": {
                    "aid": 80099532,
                    "view": 2271891,
                    "danmaku": 35854,
                    "reply": 2745,
                    "favorite": 9748,
                    "coin": 15792,
                    "share": 12122,
                    "now_rank": 0,
                    "his_rank": 20,
                    "like": 67451,
                    "dislike": 0,
                    "vt": 0,
                    "vv": 2271891,
                    "fav_g": 0,
                    "like_g": 0
                },
                "dynamic": "#2019bilibili年度影视大征稿##吐槽##搞笑# 哈哈哈哈哈时间过得好快呀，都做第二届了。",
                "cid": 137078438,
                "dimension": {
                    "width": 1384,
                    "height": 752,
                    "rotate": 0
                },
                "season_id": 228,
                "short_link_v2": "https://b23.tv/BV1HJ41147hW",
                "cover43": "",
                "tidv2": 2001,
                "tnamev2": "影视解读",
                "pid_v2": 1001,
                "pid_name_v2": "影视",
                "bvid": "BV1HJ41147hW",
                "season_type": 0,
                "is_ogv": false,
                "ogv_info": null,
                "enable_vt": 0,
                "ai_rcmd": null,
                "rcmd_reason": "都在玩尬的是吧？太好笑了哈哈哈"
            },
            {
                "aid": 80113302,
                "videos": 1,
                "tid": 201,
                "tname": "科学科普",
                "copyright": 1,
                "pic": "http://i0.hdslb.com/bfs/archive/29b71b526fc2ef70672e695caf2fe0ab5ffa5cd3.jpg",
                "title": "火锅之神在此！如何优雅地吃一个撒尿牛丸？",
                "pubdate": 1576987251,
                "ctime": 1576930305,
                "desc": "相信大部分人吃撒尿牛丸的时候都不能准确地尿到自己嘴里，主要是因为牛丸里的尿太烫了！\n最近我吃了十几次火锅，彻底学会了如何优雅地吃一个撒尿牛丸(doge)\n做这期视频吃火锅吃得很辛苦，希望大家一定要三连支持一下！然后去火锅店实践我的理论！\n→av77429409 你永远不知道，化学家为了打发无聊会干出什么事\n→av75629882 单身狗速进！如何科学有效地脱单？\n→av74141259 薯片掉地上到底能不能吃了？这次我打脸我自己！\n→av71530671 女生勿进！男生尿尿时如何防止液体",
                "state": 0,
                "duration": 406,
                "mission_id": 12356,
                "rights": {
                    "bp": 0,
                    "elec": 0,
                    "download": 0,
                    "movie": 0,
                    "pay": 0,
                    "hd5": 1,
                    "no_reprint": 1,
                    "autoplay": 1,
                    "ugc_pay": 0,
                    "is_cooperation": 0,
                    "ugc_pay_preview": 0,
                    "no_background": 0,
                    "arc_pay": 0,
                    "pay_free_watch": 0
                },
                "owner": {
                    "mid": 254463269,
                    "name": "毕导",
                    "face": "https://i2.hdslb.com/bfs/face/a59d6b2dff6faa47bc07877b76f3194c598f5649.jpg"
                },
                "stat": {
                    "aid": 80113302,
                    "view": 2594490,
                    "danmaku": 31683,
                    "reply": 3392,
                    "favorite": 52294,
                    "coin": 183214,
                    "share": 31228,
                    "now_rank": 0,
                    "his_rank": 4,
                    "like": 240713,
                    "dislike": 0,
                    "vt": 0,
                    "vv": 2594490,
                    "fav_g": 68,
                    "like_g": 40
                },
                "dynamic": "最近我吃了十几顿火锅，终于给大家探究清楚了如何优雅地吃一个撒尿牛丸！\n在拉肚子的折磨下，我坚持做好了这期视频。大家看完后一定要去火锅店实践一下我的理论啊！\n#火锅##撒尿牛丸##小学二年级#",
                "cid": 137099055,
                "dimension": {
                    "width": 1920,
                    "height": 1080,
                    "rotate": 0
                },
                "short_link_v2": "https://b23.tv/BV1LJ411477W",
                "cover43": "",
                "tidv2": 2094,
                "tnamev2": "科学科普",
                "pid_v2": 1010,
                "pid_name_v2": "知识",
                "bvid": "BV1LJ411477W",
                "season_type": 0,
                "is_ogv": false,
                "ogv_info": null,
                "enable_vt": 0,
                "ai_rcmd": null,
                "rcmd_reason": "吃货的较真！欢迎进来学习撒尿牛丸的花样吃法"
            },
            {
                "aid": 80582841,
                "videos": 1,
                "tid": 233,
                "tname": "极客DIY",
                "copyright": 1,
                "pic": "http://i1.hdslb.com/bfs/archive/a91b6ad4ee58c9b8357167c668f66f8a8df4efba.jpg",
                "title": "【才浅手工】魔刀千刃制作 究竟什么叫还原？看完你就明白了",
                "pubdate": 1577251104,
                "ctime": 1577251104,
                "desc": "刺客五六七的魔刀千刃，个人认为真的是极致还原了，耗时俩月，还请多多三联支持！危险操作请勿模仿。\nbgm:宮-Angry5JaR",
                "state": 0,
                "duration": 611,
                "rights": {
                    "bp": 0,
                    "elec": 0,
                    "download": 0,
                    "movie": 0,
                    "pay": 0,
                    "hd5": 0,
                    "no_reprint": 1,
                    "autoplay": 1,
                    "ugc_pay": 0,
                    "is_cooperation": 0,
                    "ugc_pay_preview": 0,
                    "no_background": 0,
                    "arc_pay": 0,
                    "pay_free_watch": 0
                },
                "owner": {
                    "mid": 2200736,
                    "name": "才疏学浅的才浅",
                    "face": "https://i2.hdslb.com/bfs/face/5e164548b80c4a0ea63e922a82eedc865220358f.jpg"
                },
                "stat": {
                    "aid": 80582841,
                    "view": 26319009,
                    "danmaku": 244007,
                    "reply": 28185,
                    "favorite": 916774,
                    "coin": 3139032,
                    "share": 230836,
                    "now_rank": 0,
                    "his_rank": 1,
                    "like": 2600343,
                    "dislike": 0,
                    "vt": 0,
                    "vv": 26319009,
                    "fav_g": 101,
                    "like_g": 144
                },
                "dynamic": "#刺客五六七##魔刀千刃##手工#\n久！等！了！本来答应大家多说点话但是发现这个视频配音就太多余了，不仅配音多余连字幕都是多余的，其实字幕和配音就是让大家看视频不无聊才加的，这个视频看来是不需要的，所以赶紧看视频吧，别忘了三联支持！一定要三联啊！！",
                "cid": 137898232,
                "dimension": {
                    "width": 1920,
                    "height": 1080,
                    "rotate": 0
                },
                "season_id": 141314,
                "short_link_v2": "https://b23.tv/BV1tJ411W7hw",
                "cover43": "",
                "tidv2": 2148,
                "tnamev2": "其他手工",
                "pid_v2": 1019,
                "pid_name_v2": "手工",
                "bvid": "BV1tJ411W7hw",
                "season_type": 0,
                "is_ogv": false,
                "ogv_info": null,
                "enable_vt": 0,
                "ai_rcmd": null,
                "rcmd_reason": "这是真的神仙up主啊"
            },
            {
                "aid": 80371920,
                "videos": 1,
                "tid": 138,
                "tname": "搞笑",
                "copyright": 1,
                "pic": "http://i0.hdslb.com/bfs/archive/db3407ffb6260b18aa9a2a7d4d10b70a4fa6f7b3.jpg",
                "title": "吃一大罐军用东坡肘子！一口下去油腻的肥肉爽得飞起！",
                "pubdate": 1577099230,
                "ctime": 1577099230,
                "desc": "没钱了！哈哈哈哈",
                "state": 0,
                "duration": 255,
                "rights": {
                    "bp": 0,
                    "elec": 0,
                    "download": 0,
                    "movie": 0,
                    "pay": 0,
                    "hd5": 0,
                    "no_reprint": 1,
                    "autoplay": 1,
                    "ugc_pay": 0,
                    "is_cooperation": 0,
                    "ugc_pay_preview": 0,
                    "no_background": 0,
                    "arc_pay": 0,
                    "pay_free_watch": 0
                },
                "owner": {
                    "mid": 9824766,
                    "name": "敬汉卿",
                    "face": "https://i0.hdslb.com/bfs/face/fd8d7ad17af295f7c4256959705f009c5f67e9c6.jpg"
                },
                "stat": {
                    "aid": 80371920,
                    "view": 5147121,
                    "danmaku": 11479,
                    "reply": 4124,
                    "favorite": 15628,
                    "coin": 63443,
                    "share": 4173,
                    "now_rank": 0,
                    "his_rank": 4,
                    "like": 231333,
                    "dislike": 0,
                    "vt": 0,
                    "vv": 5147121,
                    "fav_g": 10,
                    "like_g": 2
                },
                "dynamic": "没钱了！哈哈哈\n#幽默##敬汉卿##逗比#",
                "cid": 137540767,
                "dimension": {
                    "width": 1920,
                    "height": 1080,
                    "rotate": 0
                },
                "short_link_v2": "https://b23.tv/BV1dJ411s7K6",
                "cover43": "",
                "tidv2": 2152,
                "tnamev2": "美食记录",
                "pid_v2": 1020,
                "pid_name_v2": "美食",
                "bvid": "BV1dJ411s7K6",
                "season_type": 0,
                "is_ogv": false,
                "ogv_info": null,
                "enable_vt": 0,
                "ai_rcmd": null,
                "rcmd_reason": "UP主没钱？你可是喝过82年拉菲的人"
            },
            {
                "aid": 80192431,
                "videos": 1,
                "tid": 21,
                "tname": "日常",
                "copyright": 1,
                "pic": "http://i1.hdslb.com/bfs/archive/c319df4b89f67e08a95a80dde4cb62f8ff3e9cfe.jpg",
                "title": "南方人冬天洗澡有多难？？",
                "pubdate": 1577005815,
                "ctime": 1577005816,
                "desc": "坚强又可爱的南方人冬天洗澡是什么样子的呢？看了这个视频你就知道了～\n\n之后会陆续更新漫画配音，希望大家多多支持啊~\n\n本漫画纯属娱乐，只是盘点一些有趣的地区文化习惯差异，绝不以偏概全，希望大家一笑了之~\n想看更多漫画欢迎关注，“黄一刀有毒”微博微信，谢谢大家~",
                "state": 0,
                "duration": 250,
                "rights": {
                    "bp": 0,
                    "elec": 0,
                    "download": 0,
                    "movie": 0,
                    "pay": 0,
                    "hd5": 1,
                    "no_reprint": 1,
                    "autoplay": 1,
                    "ugc_pay": 0,
                    "is_cooperation": 0,
                    "ugc_pay_preview": 0,
                    "no_background": 0,
                    "arc_pay": 0,
                    "pay_free_watch": 0
                },
                "owner": {
                    "mid": 297242063,
                    "name": "黄一刀",
                    "face": "https://i2.hdslb.com/bfs/face/cf8480768d0186835523a6d2e5033b12a1006523.jpg"
                },
                "stat": {
                    "aid": 80192431,
                    "view": 5099017,
                    "danmaku": 33002,
                    "reply": 13129,
                    "favorite": 56955,
                    "coin": 100729,
                    "share": 52871,
                    "now_rank": 0,
                    "his_rank": 12,
                    "like": 310061,
                    "dislike": 0,
                    "vt": 0,
                    "vv": 5099017,
                    "fav_g": 0,
                    "like_g": 9
                },
                "dynamic": "#冬天##洗澡##南方人#",
                "cid": 137233726,
                "dimension": {
                    "width": 1920,
                    "height": 1080,
                    "rotate": 0
                },
                "short_link_v2": "https://b23.tv/BV1QJ41147pS",
                "cover43": "",
                "tidv2": 2207,
                "tnamev2": "随拍·综合",
                "pid_v2": 1032,
                "pid_name_v2": "其他",
                "bvid": "BV1QJ41147pS",
                "season_type": 0,
                "is_ogv": false,
                "ogv_info": null,
                "enable_vt": 0,
                "ai_rcmd": null,
                "rcmd_reason": "欢迎收看：冬天洗澡群像"
            },
            {
                "aid": 80457241,
                "videos": 1,
                "tid": 213,
                "tname": "美食测评",
                "copyright": 1,
                "pic": "http://i2.hdslb.com/bfs/archive/d7cffff1c6b76018e2e660160112130d5304cdaf.jpg",
                "title": "原来“东北烤冷面”是用这个制作的，以后再也不用去街上排队买了",
                "pubdate": 1577179858,
                "ctime": 1577179863,
                "desc": "小翔哥参加烤冷面全球锦标赛",
                "state": 0,
                "duration": 320,
                "rights": {
                    "bp": 0,
                    "elec": 0,
                    "download": 0,
                    "movie": 0,
                    "pay": 0,
                    "hd5": 0,
                    "no_reprint": 1,
                    "autoplay": 1,
                    "ugc_pay": 0,
                    "is_cooperation": 0,
                    "ugc_pay_preview": 0,
                    "no_background": 0,
                    "arc_pay": 0,
                    "pay_free_watch": 0
                },
                "owner": {
                    "mid": 196356191,
                    "name": "翔翔大作战",
                    "face": "https://i2.hdslb.com/bfs/face/2834cc59f3bf789d8b5d02c741eeaaebc52f1659.jpg"
                },
                "stat": {
                    "aid": 80457241,
                    "view": 4557868,
                    "danmaku": 11836,
                    "reply": 3668,
                    "favorite": 9025,
                    "coin": 31763,
                    "share": 5527,
                    "now_rank": 0,
                    "his_rank": 6,
                    "like": 151485,
                    "dislike": 0,
                    "vt": 0,
                    "vv": 4557868,
                    "fav_g": 0,
                    "like_g": 1
                },
                "dynamic": "烤冷面全球竞标赛贵阳赛区选手作品\n\n#美食##吃货#",
                "cid": 137692494,
                "dimension": {
                    "width": 1920,
                    "height": 1080,
                    "rotate": 0
                },
                "short_link_v2": "https://b23.tv/BV18J411x78P",
                "cover43": "",
                "tidv2": 2149,
                "tnamev2": "美食制作",
                "pid_v2": 1020,
                "pid_name_v2": "美食",
                "bvid": "BV18J411x78P",
                "season_type": 0,
                "is_ogv": false,
                "ogv_info": null,
                "enable_vt": 0,
                "ai_rcmd": null,
                "rcmd_reason": "冬天来了！又到了吃东北烤冷面感受幸福的季节！"
            }
        ]
    }
}