{
    "code": 0,
    "message": "OK",
    "ttl": 1,
    "data": {
        "config": {
            "id": 45,
            "type": "weekly_selected",
            "number": 41,
            "subject": "2019年度鬼畜回顾",
            "stime": 1577376000,
            "etime": 1577980799,
            "status": 2,
            "name": "2019第41期 12.27 - 01.02",
            "label": "第41期(0103更新)",
            "hint": "",
            "color": 0,
            "cover": "",
            "share_title": "2019年度鬼畜回顾 | B站每周必看第41期",
            "share_subtitle": "2019年度鬼畜大回顾，全明星阵容太硬核了",
            "media_id": 792956688
        },
        "reminder": "每周五晚18:00更新",
        "list": [
            {
                "aid": 81545399,
                "videos": 1,
                "tid": 214,
                "tname": "田园美食",
                "copyright": 1,
                "pic": "http://i2.hdslb.com/bfs/archive/3501bd48aa36c963becdd6cc129b60b82afd3703.jpg",
                "title": "【烙锅和缙云烧饼】当烙锅遇上缙云烧饼，你以为有故事？并没有！",
                "pubdate": 1577827920,
                "ctime": 1577827920,
                "desc": "之前在贵州吃过一个叫“烙锅”的食物\n想着我家老人家还没见过\n就搭着缙云烧饼一块儿做给她吃吃看\n2020年的第一天祝福你们\n余生平安健康，幸福又漂亮[抱抱][抱抱]",
                "state": 0,
                "duration": 671,
                "rights": {
                    "bp": 0,
                    "elec": 0,
                    "download": 0,
                    "movie": 0,
                    "pay": 0,
                    "hd5": 0,
                    "no_reprint": 1,
                    "autoplay": 1,
                    "ugc_pay": 0,
                    "is_cooperation": 0,
                    "ugc_pay_preview": 0,
                    "no_background": 0,
                    "arc_pay": 0,
                    "pay_free_watch": 0
                },
                "owner": {
                    "mid": 19577966,
                    "name": "李子柒",
                    "face": "https://i2.hdslb.com/bfs/face/82d27965dae3b2fe9e52780c6309c7b37ad4cbf2.jpg"
                },
                "stat": {
                    "aid": 81545399,
                    "view": 3715586,
                    "danmaku": 36872,
                    "reply": 8013,
                    "favorite": 35917,
                    "coin": 224766,
                    "share": 19278,
                    "now_rank": 0,
                    "his_rank": 4,
                    "like": 282376,
                    "dislike": 0,
                    "vt": 0,
                    "vv": 3715586,
                    "fav_g": 0,
                    "like_g": 12
                },
                "dynamic": "炉火烧得旺，饼儿烤更香，祝大家新年好运多多",
                "cid": 139535251,
                "dimension": {
                    "width": 1920,
                    "height": 1080,
                    "rotate": 0
                },
                "short_link_v2": "https://b23.tv/BV1VJ411b7RK",
                "cover43": "",
                "tidv2": 2152,
                "tnamev2": "美食记录",
                "pid_v2": 1020,
                "pid_name_v2": "美食",
                "bvid": "BV1VJ411b7RK",
                "season_type": 0,
                "is_ogv": false,
                "ogv_info": null,
                "enable_vt": 0,
                "ai_rcmd": null,
                "rcmd_reason": "新年到了，看着大雪吃贵州烙锅，想家了"
            },
            {
                "aid": 81008100,
                "videos": 1,
                "tid": 47,
                "tname": "同人·手书",
                "copyright": 1,
                "pic": "http://i1.hdslb.com/bfs/archive/8abce31306a973a26752e2bf021676cc9781b6db.jpg",
                "title": "DC遗失的预告：比 奇 堡 黑 暗 骑 士",
                "pubdate": 1577532355,
                "ctime": 1577532355,
                "desc": "耗时30天完成，封面原图发动态里了",
                "state": 0,
                "duration": 81,
                "rights": {
                    "bp": 0,
                    "elec": 0,
                    "download": 0,
                    "movie": 0,
                    "pay": 0,
                    "hd5": 1,
                    "no_reprint": 1,
                    "autoplay": 1,
                    "ugc_pay": 0,
                    "is_cooperation": 0,
                    "ugc_pay_preview": 0,
                    "no_background": 0,
                    "arc_pay": 0,
                    "pay_free_watch": 0
                },
                "owner": {
                    "mid": 10451557,
                    "name": "君寻玩剪辑",
                    "face": "https://i1.hdslb.com/bfs/face/6ee161df5eb6c0be7312e5b428a75263263233f9.jpg"
                },
                "stat": {
                    "aid": 81008100,
                    "view": 2922583,
                    "danmaku": 1697,
                    "reply": 1287,
                    "favorite": 67957,
                    "coin": 129899,
                    "share": 10919,
                    "now_rank": 0,
                    "his_rank": 9,
                    "like": 202216,
                    "dislike": 0,
                    "vt": 0,
                    "vv": 2922583,
                    "fav_g": 5,
                    "like_g": 0
                },
                "dynamic": "#自制##手绘##海绵宝宝#",
                "cid": 138649127,
                "dimension": {
                    "width": 1920,
                    "height": 1080,
                    "rotate": 0
                },
                "short_link_v2": "https://b23.tv/BV1wJ411a7Go",
                "pub_location": "辽宁",
                "cover43": "",
                "tidv2": 2037,
                "tnamev2": "同人动画",
                "pid_v2": 1005,
                "pid_name_v2": "二次元",
                "bvid": "BV1wJ411a7Go",
                "season_type": 0,
                "is_ogv": false,
                "ogv_info": null,
                "enable_vt": 0,
                "ai_rcmd": null,
                "rcmd_reason": "良心UP主，作画和剪辑都太强了！毫无违和感！"
            },
            {
                "aid": 80813422,
                "videos": 1,
                "tid": 21,
                "tname": "日常",
                "copyright": 2,
                "pic": "http://i0.hdslb.com/bfs/archive/23bca43c25da4cc313b76635e0db6197b43780a1.jpg",
                "title": "班长：对待新同志要有耐心，不要急躁。我不生气...不生气...生气...气....",
                "pubdate": 1577409054,
                "ctime": 1577409054,
                "desc": "河北武警\n视频转自----河北武警",
                "state": 0,
                "duration": 57,
                "rights": {
                    "bp": 0,
                    "elec": 0,
                    "download": 0,
                    "movie": 0,
                    "pay": 0,
                    "hd5": 1,
                    "no_reprint": 0,
                    "autoplay": 1,
                    "ugc_pay": 0,
                    "is_cooperation": 0,
                    "ugc_pay_preview": 0,
                    "no_background": 0,
                    "arc_pay": 0,
                    "pay_free_watch": 0
                },
                "owner": {
                    "mid": 479614597,
                    "name": "古咕古菌",
                    "face": "http://i1.hdslb.com/bfs/face/74bd4456f295b08b66e99abce6aee1d72f9478a2.jpg"
                },
                "stat": {
                    "aid": 80813422,
                    "view": 3845633,
                    "danmaku": 1582,
                    "reply": 2276,
                    "favorite": 22434,
                    "coin": 7382,
                    "share": 13960,
                    "now_rank": 0,
                    "his_rank": 0,
                    "like": 145983,
                    "dislike": 0,
                    "vt": 0,
                    "vv": 3845633,
                    "fav_g": 0,
                    "like_g": 0
                },
                "dynamic": "#兵哥哥##日常##搞笑#",
                "cid": 138313621,
                "dimension": {
                    "width": 1080,
                    "height": 1920,
                    "rotate": 0
                },
                "short_link_v2": "https://b23.tv/BV1kJ411Y7AJ",
                "cover43": "",
                "tidv2": 2207,
                "tnamev2": "随拍·综合",
                "pid_v2": 1032,
                "pid_name_v2": "其他",
                "bvid": "BV1kJ411Y7AJ",
                "season_type": 0,
                "is_ogv": false,
                "ogv_info": null,
                "enable_vt": 0,
                "ai_rcmd": null,
                "rcmd_reason": "班长：我太难了，这届新同志太难带了……"
            },
            {
                "aid": 81232875,
                "videos": 3,
                "tid": 20,
                "tname": "宅舞",
                "copyright": 1,
                "pic": "http://i2.hdslb.com/bfs/archive/1367fca2aa5372815c18fe11baeab3216b2632df.jpg",
                "title": "【咬人猫】女仆装恋爱循环❤️加速版 &“腾格尔”版！",
                "pubdate": 1577703613,
                "ctime": 1577689294,
                "desc": "从很久以前就一直想跳的恋爱循环-irony MIX版终于投稿啦！恋爱循环这首歌是我宅舞初心之一了，也是我怎么看怎么听也不会腻的一个作品～复习的时候也是充满了回忆，回想起刚刚开始接触宅舞时候的自己，虽然步伐动作很笨拙，但是真的这份喜欢和开心一点也没有改变～如果可以，真的希望可以一直一直这样快乐的跳下去。\n\nP2的诞生，大家听我解释，录制那两天刚好圣诞，后勤小姐姐大概调皮了，背着我偷偷换了BGM，听到音乐的一响起，我就知道，这一切并不简单～哈哈哈～总之希望大家看的开心就好！祝大家新年快乐！！！\n\n群演：uu、",
                "state": 0,
                "duration": 460,
                "order_id": 10016597,
                "rights": {
                    "bp": 0,
                    "elec": 0,
                    "download": 0,
                    "movie": 0,
                    "pay": 0,
                    "hd5": 0,
                    "no_reprint": 1,
                    "autoplay": 1,
                    "ugc_pay": 0,
                    "is_cooperation": 0,
                    "ugc_pay_preview": 0,
                    "no_background": 0,
                    "arc_pay": 0,
                    "pay_free_watch": 0
                },
                "owner": {
                    "mid": 116683,
                    "name": "=咬人猫=",
                    "face": "https://i1.hdslb.com/bfs/face/8fad84a4470f3d894d8f0dc95555ab8f2cb10a83.jpg"
                },
                "stat": {
                    "aid": 81232875,
                    "view": 6382911,
                    "danmaku": 12672,
                    "reply": 5554,
                    "favorite": 99601,
                    "coin": 141584,
                    "share": 31001,
                    "now_rank": 0,
                    "his_rank": 3,
                    "like": 186831,
                    "dislike": 0,
                    "vt": 0,
                    "vv": 6382911,
                    "fav_g": 202,
                    "like_g": 727
                },
                "dynamic": "对不住大家~P2我的表情已经不受自己控制了！！！",
                "cid": 139020606,
                "dimension": {
                    "width": 1920,
                    "height": 1080,
                    "rotate": 0
                },
                "short_link_v2": "https://b23.tv/BV13J411Y7BE",
                "cover43": "",
                "tidv2": 2028,
                "tnamev2": "宅舞",
                "pid_v2": 1004,
                "pid_name_v2": "舞蹈",
                "bvid": "BV13J411Y7BE",
                "season_type": 0,
                "is_ogv": false,
                "ogv_info": null,
                "enable_vt": 0,
                "ai_rcmd": null,
                "rcmd_reason": "如果BGM是“腾格尔”版的，咬人猫该怎么跳呢"
            },
            {
                "aid": 80856554,
                "videos": 1,
                "tid": 138,
                "tname": "搞笑",
                "copyright": 1,
                "pic": "http://i1.hdslb.com/bfs/archive/6c253d856fce356c7e1219f8ea05040a756739d2.jpg",
                "title": "【现 代 圣 杯 战 争】",
                "pubdate": 1577450055,
                "ctime": 1577436505,
                "desc": "本家视频作者:\n【麻薯映像】TSUKIBITO-av1788646\n-已授权-",
                "state": 0,
                "duration": 156,
                "mission_id": 12406,
                "rights": {
                    "bp": 0,
                    "elec": 0,
                    "download": 0,
                    "movie": 0,
                    "pay": 0,
                    "hd5": 0,
                    "no_reprint": 1,
                    "autoplay": 1,
                    "ugc_pay": 0,
                    "is_cooperation": 0,
                    "ugc_pay_preview": 0,
                    "no_background": 0,
                    "arc_pay": 0,
                    "pay_free_watch": 0
                },
                "owner": {
                    "mid": 65590158,
                    "name": "野纯Cz",
                    "face": "https://i0.hdslb.com/bfs/face/7f313dcb28f2f195102de026630a94f60195e99a.jpg"
                },
                "stat": {
                    "aid": 80856554,
                    "view": 57071153,
                    "danmaku": 71165,
                    "reply": 28695,
                    "favorite": 1255548,
                    "coin": 1608092,
                    "share": 489713,
                    "now_rank": 0,
                    "his_rank": 1,
                    "like": 2423676,
                    "dislike": 0,
                    "vt": 0,
                    "vv": 57071153,
                    "fav_g": 20,
                    "like_g": 8
                },
                "dynamic": "珍藏已久的沙雕素材。",
                "cid": 138438684,
                "dimension": {
                    "width": 1920,
                    "height": 1080,
                    "rotate": 0
                },
                "short_link_v2": "https://b23.tv/BV12J411Y7jV",
                "cover43": "",
                "tidv2": 2207,
                "tnamev2": "随拍·综合",
                "pid_v2": 1032,
                "pid_name_v2": "其他",
                "bvid": "BV12J411Y7jV",
                "season_type": 0,
                "is_ogv": false,
                "ogv_info": null,
                "enable_vt": 0,
                "ai_rcmd": null,
                "rcmd_reason": "当你第一次点进来时，你并不知道以后还会来多少遍"
            },
            {
                "aid": 81339241,
                "videos": 1,
                "tid": 27,
                "tname": "综合",
                "copyright": 1,
                "pic": "http://i1.hdslb.com/bfs/archive/fb0ea527e18aa579d9fcd3a6e9eb2f328d48ca53.jpg",
                "title": "圣 枪 游 侠",
                "pubdate": 1577716665,
                "ctime": 1577716665,
                "desc": "-",
                "state": 0,
                "duration": 90,
                "mission_id": 12407,
                "rights": {
                    "bp": 0,
                    "elec": 0,
                    "download": 0,
                    "movie": 0,
                    "pay": 0,
                    "hd5": 0,
                    "no_reprint": 1,
                    "autoplay": 1,
                    "ugc_pay": 0,
                    "is_cooperation": 0,
                    "ugc_pay_preview": 0,
                    "no_background": 0,
                    "arc_pay": 0,
                    "pay_free_watch": 0
                },
                "owner": {
                    "mid": 107135425,
                    "name": "纸巾y_",
                    "face": "https://i1.hdslb.com/bfs/face/cf88b70c693c8844579ce952d54edb619ba11ed8.jpg"
                },
                "stat": {
                    "aid": 81339241,
                    "view": 3674791,
                    "danmaku": 7226,
                    "reply": 1789,
                    "favorite": 51110,
                    "coin": 40367,
                    "share": 11459,
                    "now_rank": 0,
                    "his_rank": 0,
                    "like": 171369,
                    "dislike": 0,
                    "vt": 0,
                    "vv": 3674791,
                    "fav_g": 0,
                    "like_g": 0
                },
                "dynamic": "#剪辑##彩虹六号##动画短片#",
                "cid": 139205786,
                "dimension": {
                    "width": 1280,
                    "height": 720,
                    "rotate": 0
                },
                "short_link_v2": "https://b23.tv/BV1AJ411h7b5",
                "cover43": "",
                "tidv2": 2041,
                "tnamev2": "动漫剪辑",
                "pid_v2": 1005,
                "pid_name_v2": "二次元",
                "bvid": "BV1AJ411h7b5",
                "season_type": 0,
                "is_ogv": false,
                "ogv_info": null,
                "enable_vt": 0,
                "ai_rcmd": null,
                "rcmd_reason": "冲破次元壁的暴击！AWSL"
            },
            {
                "aid": 80929385,
                "videos": 1,
                "tid": 193,
                "tname": "MV",
                "copyright": 1,
                "pic": "http://i0.hdslb.com/bfs/archive/89d3b62de1c46a38f78270079860be42ac3687e1.jpg",
                "title": "【完整版MV】腾格尔版的《芒种》终于来啦！完美诠释硬核柔情！",
                "pubdate": 1577502612,
                "ctime": 1577502613,
                "desc": "腾氏唱法  硬核柔情 丨《梦幻西游》电脑版 x 腾格尔丨普陀山门派曲《芒种》\n一想到你我就wuwuwu ohhoho~\n莲华妙法，俗世怎参透？\n12月28日, 梦幻版《芒种》邀您共赏\n作词：假寐/米卡兽\n作曲：殇小谨\n原唱：音阙诗听/ 赵方婧",
                "state": 0,
                "duration": 213,
                "rights": {
                    "bp": 0,
                    "elec": 0,
                    "download": 0,
                    "movie": 0,
                    "pay": 0,
                    "hd5": 0,
                    "no_reprint": 1,
                    "autoplay": 1,
                    "ugc_pay": 0,
                    "is_cooperation": 0,
                    "ugc_pay_preview": 0,
                    "no_background": 0,
                    "arc_pay": 0,
                    "pay_free_watch": 0
                },
                "owner": {
                    "mid": 444935584,
                    "name": "梦幻西游电脑版",
                    "face": "https://i1.hdslb.com/bfs/face/dd54aff29caac79baa10b18892e61ae9aabf7ce9.jpg"
                },
                "stat": {
                    "aid": 80929385,
                    "view": 13023888,
                    "danmaku": 50696,
                    "reply": 14789,
                    "favorite": 270607,
                    "coin": 348668,
                    "share": 187137,
                    "now_rank": 0,
                    "his_rank": 4,
                    "like": 603093,
                    "dislike": 0,
                    "vt": 0,
                    "vv": 13023888,
                    "fav_g": 3,
                    "like_g": 2
                },
                "dynamic": "",
                "cid": 138506976,
                "dimension": {
                    "width": 1280,
                    "height": 720,
                    "rotate": 0
                },
                "short_link_v2": "https://b23.tv/BV1uJ411e7ir",
                "cover43": "",
                "tidv2": 2017,
                "tnamev2": "MV",
                "pid_v2": 1003,
                "pid_name_v2": "音乐",
                "bvid": "BV1uJ411e7ir",
                "season_type": 0,
                "is_ogv": false,
                "ogv_info": null,
                "enable_vt": 0,
                "ai_rcmd": null,
                "rcmd_reason": "太好听了！原唱遇到对手了！"
            },
            {
                "aid": 81226711,
                "videos": 1,
                "tid": 17,
                "tname": "单机游戏",
                "copyright": 1,
                "pic": "http://i0.hdslb.com/bfs/archive/1ef171a5f187938d1685bb51bbe5c02af1873093.jpg",
                "title": "【老番茄】史上最憨训练师(第一集)",
                "pubdate": 1578024056,
                "ctime": 1578024059,
                "desc": "游戏：《精灵宝可梦：盾》\n希望大家喜欢！如果能一键三连就太感谢啦！",
                "state": 0,
                "duration": 692,
                "rights": {
                    "bp": 0,
                    "elec": 0,
                    "download": 0,
                    "movie": 0,
                    "pay": 0,
                    "hd5": 0,
                    "no_reprint": 1,
                    "autoplay": 1,
                    "ugc_pay": 0,
                    "is_cooperation": 0,
                    "ugc_pay_preview": 0,
                    "no_background": 0,
                    "arc_pay": 0,
                    "pay_free_watch": 0
                },
                "owner": {
                    "mid": 546195,
                    "name": "老番茄",
                    "face": "http://i0.hdslb.com/bfs/face/bc5ca101313d4db223c395d64779e76eb3482d60.jpg"
                },
                "stat": {
                    "aid": 81226711,
                    "view": 15977841,
                    "danmaku": 61349,
                    "reply": 8271,
                    "favorite": 164094,
                    "coin": 470564,
                    "share": 48564,
                    "now_rank": 0,
                    "his_rank": 1,
                    "like": 703339,
                    "dislike": 0,
                    "vt": 0,
                    "vv": 15977841,
                    "fav_g": 165,
                    "like_g": 145
                },
                "dynamic": "嚯！新视频！",
                "cid": 139009894,
                "dimension": {
                    "width": 1920,
                    "height": 1080,
                    "rotate": 0
                },
                "short_link_v2": "https://b23.tv/BV1ZJ411a7Dg",
                "cover43": "",
                "tidv2": 2066,
                "tnamev2": "单机主机类游戏",
                "pid_v2": 1008,
                "pid_name_v2": "游戏",
                "bvid": "BV1ZJ411a7Dg",
                "season_type": 0,
                "is_ogv": false,
                "ogv_info": null,
                "enable_vt": 0,
                "ai_rcmd": null,
                "rcmd_reason": "宝可梦！游戏画风引起舒适！"
            },
            {
                "aid": 81381703,
                "videos": 1,
                "tid": 28,
                "tname": "原创音乐",
                "copyright": 1,
                "pic": "http://i0.hdslb.com/bfs/archive/36b74576fd34bbd889051e2d03dc2d35f7ddb258.jpg",
                "title": "《明日方舟》EP – Boiling Blood",
                "pubdate": 1577758153,
                "ctime": 1577758153,
                "desc": "#歌曲发布\n正式曲目已于2019年12月31日正式上线\n\n【专辑介绍】\n沸腾血液正在无言燃烧，激烈局势将被蒸腾水汽划为过去式。\n一往无前或是找寻谜底的最佳方案，斩裂冲突，完全燃烧直到障碍尽毁。\n《Boiling Blood》将旋律分子串珠，集合强烈个性和满格能量，这抹于责任与极限下诞生的信仰是一举逆转的通行证。\n愿这份热忱常伴您左右。\n对了，今年冬天是有点燥了。\n\n【歌曲列表】\nBoiling Blood",
                "state": 0,
                "duration": 221,
                "rights": {
                    "bp": 0,
                    "elec": 0,
                    "download": 0,
                    "movie": 0,
                    "pay": 0,
                    "hd5": 1,
                    "no_reprint": 1,
                    "autoplay": 1,
                    "ugc_pay": 0,
                    "is_cooperation": 0,
                    "ugc_pay_preview": 0,
                    "no_background": 0,
                    "arc_pay": 0,
                    "pay_free_watch": 0
                },
                "owner": {
                    "mid": 161775300,
                    "name": "明日方舟",
                    "face": "https://i0.hdslb.com/bfs/face/d4005a0f9b898d8bb049caf9c6355f8e8f772a8f.jpg"
                },
                "stat": {
                    "aid": 81381703,
                    "view": 3353011,
                    "danmaku": 4890,
                    "reply": 6162,
                    "favorite": 80310,
                    "coin": 78680,
                    "share": 14149,
                    "now_rank": 0,
                    "his_rank": 5,
                    "like": 146244,
                    "dislike": 0,
                    "vt": 0,
                    "vv": 3353011,
                    "fav_g": 10,
                    "like_g": 1
                },
                "dynamic": "#明日方舟# #新曲发布#\n正式曲目已于2019/12/31 上线\n【专辑介绍】\n沸腾血液正在无言燃烧，激烈局势将被蒸腾水汽划为过去式。\n一往无前或是找寻谜底的最佳方案，斩裂冲突，完全燃烧直到障碍尽毁。\n《Boiling Blood》将旋律分子串珠，集合强烈个性和满格能量，这抹于责任与极限下诞生的信仰是一举逆转的通行证。\n愿这份热忱常伴您左右。\n对了，今年冬天是有点燥了。\n【歌曲列表】\nBoiling Blood",
                "cid": 139276855,
                "dimension": {
                    "width": 1920,
                    "height": 1080,
                    "rotate": 0
                },
                "short_link_v2": "https://b23.tv/BV1NJ411h7MZ",
                "pub_location": "上海",
                "cover43": "",
                "tidv2": 2064,
                "tnamev2": "单人RPG游戏",
                "pid_v2": 1008,
                "pid_name_v2": "游戏",
                "bvid": "BV1NJ411h7MZ",
                "season_type": 0,
                "is_ogv": false,
                "ogv_info": null,
                "enable_vt": 0,
                "ai_rcmd": null,
                "rcmd_reason": "又是一家被游戏耽误的音乐公司"
            },
            {
                "aid": 81417721,
                "videos": 1,
                "tid": 218,
                "tname": "喵星人",
                "copyright": 2,
                "pic": "http://i0.hdslb.com/bfs/archive/7b0b46d6f2d2c9d43167dc8489c09a513a37016f.jpg",
                "title": "致  死  量",
                "pubdate": 1577774592,
                "ctime": 1577774592,
                "desc": "qq空间@萌狗说\n转载，侵删",
                "state": 0,
                "duration": 200,
                "rights": {
                    "bp": 0,
                    "elec": 0,
                    "download": 0,
                    "movie": 0,
                    "pay": 0,
                    "hd5": 0,
                    "no_reprint": 0,
                    "autoplay": 1,
                    "ugc_pay": 0,
                    "is_cooperation": 0,
                    "ugc_pay_preview": 0,
                    "no_background": 0,
                    "arc_pay": 0,
                    "pay_free_watch": 0
                },
                "owner": {
                    "mid": 349426116,
                    "name": "海系魔法师",
                    "face": "https://i0.hdslb.com/bfs/face/c15a59967469854dd0b1523ba464be59d4ca69dc.jpg"
                },
                "stat": {
                    "aid": 81417721,
                    "view": 8751444,
                    "danmaku": 28947,
                    "reply": 3734,
                    "favorite": 265368,
                    "coin": 98770,
                    "share": 118704,
                    "now_rank": 0,
                    "his_rank": 4,
                    "like": 501843,
                    "dislike": 0,
                    "vt": 0,
                    "vv": 8751444,
                    "fav_g": 0,
                    "like_g": 0
                },
                "dynamic": "#动物圈##萌宠##可爱#",
                "cid": 139339300,
                "dimension": {
                    "width": 960,
                    "height": 960,
                    "rotate": 0
                },
                "short_link_v2": "https://b23.tv/BV1jJ411h7pK",
                "cover43": "",
                "tidv2": 2167,
                "tnamev2": "猫",
                "pid_v2": 1024,
                "pid_name_v2": "动物",
                "bvid": "BV1jJ411h7pK",
                "season_type": 0,
                "is_ogv": false,
                "ogv_info": null,
                "enable_vt": 0,
                "ai_rcmd": null,
                "rcmd_reason": "喵~这太萌了，犯规了！"
            },
            {
                "aid": 81630341,
                "videos": 1,
                "tid": 253,
                "tname": "动漫杂谈",
                "copyright": 1,
                "pic": "http://i1.hdslb.com/bfs/archive/9c9614b364e8e96ea9cf1a9ec57455746161aae0.jpg",
                "title": "男女接吻真的会喘不过气吗？【阅片无数29】",
                "pubdate": 1577887201,
                "ctime": 1577872987,
                "desc": "想看更多的阅片无数小伙伴们转发三连搞起来哦\n更多生活中的凉风请参见→微博@凉风Kaze\n第二十八期av80524762：是什么片让图书馆大爷看的泪流满面？\n第二十七期av79656005：请问up，在全班面前强人锁男的片段出自啥片？\n第二十六期av78791992：请问up，这个人偷摸在桌子底下看的是啥番？有点刺激！\n第二十五期av77963556：请问up，高考当晚我前排的这对异性同桌看的啥番？\n第二十四期av77195943：请问up，高数课上这位妹子偷偷看的是啥番啊？\n第二十三期av76369579",
                "state": 0,
                "duration": 1063,
                "rights": {
                    "bp": 0,
                    "elec": 0,
                    "download": 0,
                    "movie": 0,
                    "pay": 0,
                    "hd5": 1,
                    "no_reprint": 1,
                    "autoplay": 1,
                    "ugc_pay": 0,
                    "is_cooperation": 0,
                    "ugc_pay_preview": 0,
                    "no_background": 0,
                    "arc_pay": 0,
                    "pay_free_watch": 0
                },
                "owner": {
                    "mid": 14110780,
                    "name": "凉风Kaze",
                    "face": "https://i1.hdslb.com/bfs/face/e0cc906bb531195e9ee9f3b575effdd2b056eaea.jpg"
                },
                "stat": {
                    "aid": 81630341,
                    "view": 7133539,
                    "danmaku": 113992,
                    "reply": 9729,
                    "favorite": 94176,
                    "coin": 338742,
                    "share": 13737,
                    "now_rank": 0,
                    "his_rank": 1,
                    "like": 534011,
                    "dislike": 0,
                    "vt": 0,
                    "vv": 7133539,
                    "fav_g": 0,
                    "like_g": 1
                },
                "dynamic": "男女接吻真的会喘不过气吗？\n如约而至的#阅片无数#加长版，不来点硬币表示表示吗？",
                "cid": 139698488,
                "dimension": {
                    "width": 1920,
                    "height": 1080,
                    "rotate": 0
                },
                "season_id": 175,
                "short_link_v2": "https://b23.tv/BV1DJ411b7hh",
                "pub_location": "山东",
                "cover43": "",
                "tidv2": 2042,
                "tnamev2": "动漫评论",
                "pid_v2": 1005,
                "pid_name_v2": "二次元",
                "bvid": "BV1DJ411b7hh",
                "season_type": 0,
                "is_ogv": false,
                "ogv_info": null,
                "enable_vt": 0,
                "ai_rcmd": null,
                "rcmd_reason": "（？？？然而这跟我们单身贵族又有什么关系呢"
            },
            {
                "aid": 81044863,
                "videos": 1,
                "tid": 138,
                "tname": "搞笑",
                "copyright": 1,
                "pic": "http://i0.hdslb.com/bfs/archive/0d7c5cd3aa9fc244703b4a014be08d1e6a293de7.jpg",
                "title": "被无数人嘲笑的奥力给，其实是他对抗命运的怒吼",
                "pubdate": 1577545701,
                "ctime": 1577545701,
                "desc": "听完这些，你还觉得他只是个装疯卖傻的大叔吗？\n大家喜欢的话记得点赞投币加收藏哦",
                "state": 0,
                "duration": 85,
                "rights": {
                    "bp": 0,
                    "elec": 0,
                    "download": 0,
                    "movie": 0,
                    "pay": 0,
                    "hd5": 1,
                    "no_reprint": 1,
                    "autoplay": 1,
                    "ugc_pay": 0,
                    "is_cooperation": 0,
                    "ugc_pay_preview": 0,
                    "no_background": 0,
                    "arc_pay": 0,
                    "pay_free_watch": 0
                },
                "owner": {
                    "mid": 384425347,
                    "name": "老油条说",
                    "face": "https://i1.hdslb.com/bfs/face/78c02316c993c59e7a51b1401049b3d2dbdc306e.jpg"
                },
                "stat": {
                    "aid": 81044863,
                    "view": 5204191,
                    "danmaku": 17618,
                    "reply": 9471,
                    "favorite": 85603,
                    "coin": 150466,
                    "share": 42468,
                    "now_rank": 0,
                    "his_rank": 5,
                    "like": 406198,
                    "dislike": 0,
                    "vt": 0,
                    "vv": 5204191,
                    "fav_g": 0,
                    "like_g": 2
                },
                "dynamic": "听完这些，你还觉得他只是个装疯卖傻的大叔吗？#正能量##奥力给##感人#",
                "cid": 138710535,
                "dimension": {
                    "width": 1920,
                    "height": 1080,
                    "rotate": 0
                },
                "short_link_v2": "https://b23.tv/BV1VJ411a7Gj",
                "cover43": "",
                "tidv2": 2088,
                "tnamev2": "社会观察",
                "pid_v2": 1010,
                "pid_name_v2": "知识",
                "bvid": "BV1VJ411a7Gj",
                "season_type": 0,
                "is_ogv": false,
                "ogv_info": null,
                "enable_vt": 0,
                "ai_rcmd": null,
                "rcmd_reason": "当他说“奥利给”时，他在说些什么"
            },
            {
                "aid": 81463167,
                "videos": 2,
                "tid": 250,
                "tname": "出行",
                "copyright": 1,
                "pic": "http://i2.hdslb.com/bfs/archive/d621b5bf85dc973475400842247b34340dc06790.jpg",
                "title": "【唯美星辰】耗时三年拍摄完成的一部星空延时作品，你是否见过如此梦幻的璀璨星空！",
                "pubdate": 1577792386,
                "ctime": 1577792386,
                "desc": "一直以来都想拥有一部自己的星空延时短片，以前拍摄的素材不够，只能发发朋友圈。从2017年开始拍摄星空延时，直到2019年的最后一天，终于完成了自己的星空延时短片。\n拍摄设备：尼康D610 D750 镜头：14mm F1.8 20mm F1.4 35mm F1.4  24-70mm F2.8",
                "state": 0,
                "duration": 585,
                "mission_id": 12512,
                "rights": {
                    "bp": 0,
                    "elec": 0,
                    "download": 0,
                    "movie": 0,
                    "pay": 0,
                    "hd5": 0,
                    "no_reprint": 1,
                    "autoplay": 1,
                    "ugc_pay": 0,
                    "is_cooperation": 0,
                    "ugc_pay_preview": 0,
                    "no_background": 0,
                    "arc_pay": 0,
                    "pay_free_watch": 0
                },
                "owner": {
                    "mid": 342767753,
                    "name": "骑驴到西藏",
                    "face": "https://i2.hdslb.com/bfs/face/b0e0a0679b7e5e717a1c18486190f1d568d614f6.jpg"
                },
                "stat": {
                    "aid": 81463167,
                    "view": 710791,
                    "danmaku": 3988,
                    "reply": 2313,
                    "favorite": 78795,
                    "coin": 113476,
                    "share": 13361,
                    "now_rank": 0,
                    "his_rank": 5,
                    "like": 111502,
                    "dislike": 0,
                    "vt": 0,
                    "vv": 710791,
                    "fav_g": 0,
                    "like_g": 0
                },
                "dynamic": "#星空##摄影##2019新人嘉年华#一直以来都想拥有一部自己的星空延时短片，以前拍摄的素材不够，只能发发朋友圈。从2017年开始拍摄星空延时，直到2019年的最后一天，终于完成了自己的星空延时短片。",
                "cid": 139407646,
                "dimension": {
                    "width": 1920,
                    "height": 1080,
                    "rotate": 0
                },
                "short_link_v2": "https://b23.tv/BV16J411h7rZ",
                "cover43": "",
                "tidv2": 2102,
                "tnamev2": "摄影摄像",
                "pid_v2": 1012,
                "pid_name_v2": "科技数码",
                "bvid": "BV16J411h7rZ",
                "season_type": 0,
                "is_ogv": false,
                "ogv_info": null,
                "enable_vt": 0,
                "ai_rcmd": null,
                "rcmd_reason": "太震撼了！真实地感觉到了地球的转动"
            },
            {
                "aid": 81571224,
                "videos": 1,
                "tid": 213,
                "tname": "美食测评",
                "copyright": 1,
                "pic": "http://i2.hdslb.com/bfs/archive/f6a583354d443dafbf25a39d1f4c8317da4c4da1.jpg",
                "title": "两斤肥肠蒸两斤面条，没出锅就被老婆嫌弃，剥一把大蒜，那是真香",
                "pubdate": 1577874636,
                "ctime": 1577874639,
                "desc": "网友建议吃肥肠，肥肠作为一道比较有特色的食材，确实好久没吃了，做一道肥肠蒸\n\n面吃过瘾，肥肠先卤再烧，配上大豆芽，菜汤要多，两斤一包的挂面全部放上去，小\n\n火慢蒸20分钟，然后拌开炒一下，配大蒜吃真过瘾",
                "state": 0,
                "duration": 440,
                "rights": {
                    "bp": 0,
                    "elec": 0,
                    "download": 0,
                    "movie": 0,
                    "pay": 0,
                    "hd5": 1,
                    "no_reprint": 1,
                    "autoplay": 1,
                    "ugc_pay": 0,
                    "is_cooperation": 0,
                    "ugc_pay_preview": 0,
                    "no_background": 0,
                    "arc_pay": 0,
                    "pay_free_watch": 0
                },
                "owner": {
                    "mid": 390461123,
                    "name": "徐大sao",
                    "face": "http://i2.hdslb.com/bfs/face/17323892be2e17b50acadb89b2e385b493f5fb4d.jpg"
                },
                "stat": {
                    "aid": 81571224,
                    "view": 2252994,
                    "danmaku": 17092,
                    "reply": 1984,
                    "favorite": 3315,
                    "coin": 22923,
                    "share": 3769,
                    "now_rank": 0,
                    "his_rank": 19,
                    "like": 80242,
                    "dislike": 0,
                    "vt": 0,
                    "vv": 2252994,
                    "fav_g": 0,
                    "like_g": 0
                },
                "dynamic": "#美食##肥肠##吃货#",
                "cid": 139570974,
                "dimension": {
                    "width": 1920,
                    "height": 1080,
                    "rotate": 0
                },
                "short_link_v2": "https://b23.tv/BV1hJ411b7kD",
                "cover43": "",
                "tidv2": 2152,
                "tnamev2": "美食记录",
                "pid_v2": 1020,
                "pid_name_v2": "美食",
                "bvid": "BV1hJ411b7kD",
                "season_type": 0,
                "is_ogv": false,
                "ogv_info": null,
                "enable_vt": 0,
                "ai_rcmd": null,
                "rcmd_reason": "2020年第一餐，还得吃点好的！"
            },
            {
                "aid": 81460028,
                "videos": 1,
                "tid": 21,
                "tname": "日常",
                "copyright": 1,
                "pic": "http://i0.hdslb.com/bfs/archive/ff0e3d659ae041f441ce5061a9131b15d45b765f.jpg",
                "title": "如何策划中国boy看鬼畜【完结篇】",
                "pubdate": 1577808388,
                "ctime": 1577791662,
                "desc": "av79628907 忍无可忍！到线下网红店里又摔又砸！\nav79103667 把活火鸡变成烤火鸡总共分几步？\nav78207759 爱河大电影\nav77490981 网传“智商税”产品，你中招了几个？\nav76592844 刺 杀 0 + 7\nav76197572 300万粉丝的UP主居然开这个车？\nav74140251 穿10年前的校服回母校竟被粉丝团团围住？\nav73388735 学跳钢管舞是怎样的体验？\nav71625816 猫头鹰下面竟然长这样！日本猫头鹰主题咖啡馆！",
                "state": 0,
                "duration": 626,
                "mission_id": 12605,
                "rights": {
                    "bp": 0,
                    "elec": 0,
                    "download": 0,
                    "movie": 0,
                    "pay": 0,
                    "hd5": 1,
                    "no_reprint": 1,
                    "autoplay": 1,
                    "ugc_pay": 0,
                    "is_cooperation": 0,
                    "ugc_pay_preview": 0,
                    "no_background": 0,
                    "arc_pay": 0,
                    "pay_free_watch": 0
                },
                "owner": {
                    "mid": 808171,
                    "name": "吃素的狮子",
                    "face": "https://i1.hdslb.com/bfs/face/dd773c9572494338ada15aa10262a510f161baf1.jpg"
                },
                "stat": {
                    "aid": 81460028,
                    "view": 2181334,
                    "danmaku": 9445,
                    "reply": 1401,
                    "favorite": 23157,
                    "coin": 76492,
                    "share": 2814,
                    "now_rank": 0,
                    "his_rank": 11,
                    "like": 155007,
                    "dislike": 0,
                    "vt": 0,
                    "vv": 2181334,
                    "fav_g": 0,
                    "like_g": 1
                },
                "dynamic": "中国BOY看鬼畜完结了！我的青春结束了！",
                "cid": 139406632,
                "dimension": {
                    "width": 1920,
                    "height": 1080,
                    "rotate": 0
                },
                "short_link_v2": "https://b23.tv/BV1bJ411h74X",
                "cover43": "",
                "tidv2": 2063,
                "tnamev2": "鬼畜综合",
                "pid_v2": 1007,
                "pid_name_v2": "鬼畜",
                "bvid": "BV1bJ411h74X",
                "season_type": 0,
                "is_ogv": false,
                "ogv_info": null,
                "enable_vt": 0,
                "ai_rcmd": null,
                "rcmd_reason": "B站大型UP主合作整蛊事件揭秘"
            },
            {
                "aid": 81367091,
                "videos": 1,
                "tid": 21,
                "tname": "日常",
                "copyright": 1,
                "pic": "http://i2.hdslb.com/bfs/archive/76999efbb1ba0e4937cb1727ee8bab10433464e0.jpg",
                "title": "让我们一起来看鬼畜BOY（完结）",
                "pubdate": 1577807731,
                "ctime": 1577745773,
                "desc": "那么多年了，是时候画一个句号了。\n感谢大家那么多年来一直的陪伴和支持，非常感谢狮子准备的这个惊喜，也同时感谢到场的各位UP主（排名不分前后）\n@风暴VL@昔日友人@水蛭-JogsLeech@丧男PALADIN@吃素的狮子@holika@行者猫霸@张恩恩NNN@庭树沐年\n@★⑥檤轮囬★@小可儿@布莱德神盾@糖七Ks@红箭红@一只鱼_摆摆@_小兰喵_@小沐城管@纯哲不咕咕@啊吗粽\n@允星河Yoseya@力元君@虎烂大王@探索者子豪\n感谢大家在百忙之中抽空陪我完成这个愿望！！\n祝大家2020新年快乐！",
                "state": 0,
                "duration": 1036,
                "mission_id": 12605,
                "rights": {
                    "bp": 0,
                    "elec": 0,
                    "download": 0,
                    "movie": 0,
                    "pay": 0,
                    "hd5": 1,
                    "no_reprint": 1,
                    "autoplay": 1,
                    "ugc_pay": 0,
                    "is_cooperation": 0,
                    "ugc_pay_preview": 0,
                    "no_background": 0,
                    "arc_pay": 0,
                    "pay_free_watch": 0
                },
                "owner": {
                    "mid": 562197,
                    "name": "中国BOY超级大猩猩",
                    "face": "https://i0.hdslb.com/bfs/face/ffb50dd4e712386eb888030ebc6f4aea3a65cd8e.jpg"
                },
                "stat": {
                    "aid": 81367091,
                    "view": 5345236,
                    "danmaku": 65331,
                    "reply": 8097,
                    "favorite": 67890,
                    "coin": 159146,
                    "share": 15928,
                    "now_rank": 0,
                    "his_rank": 3,
                    "like": 293635,
                    "dislike": 0,
                    "vt": 0,
                    "vv": 5345236,
                    "fav_g": 0,
                    "like_g": 0
                },
                "dynamic": "那么多年了，是时候画一个句号了。",
                "cid": 139250576,
                "dimension": {
                    "width": 1920,
                    "height": 1080,
                    "rotate": 0
                },
                "short_link_v2": "https://b23.tv/BV13J411h7mj",
                "cover43": "",
                "tidv2": 2063,
                "tnamev2": "鬼畜综合",
                "pid_v2": 1007,
                "pid_name_v2": "鬼畜",
                "bvid": "BV13J411h7mj",
                "season_type": 0,
                "is_ogv": false,
                "ogv_info": null,
                "enable_vt": 0,
                "ai_rcmd": null,
                "rcmd_reason": "看完这期，就可以去补以前的看鬼畜系列了"
            },
            {
                "aid": 81305347,
                "videos": 1,
                "tid": 138,
                "tname": "搞笑",
                "copyright": 1,
                "pic": "http://i2.hdslb.com/bfs/archive/a4ac3d84e1261a2cb86bbfb93dab1ea5e8c1f9ef.jpg",
                "title": "把最新科技人造蛋买来与国产素蛋对比！究竟哪一个更像蛋？",
                "pubdate": 1577705592,
                "ctime": 1577705592,
                "desc": "我感觉这个跟人造肉一样！神奇的投资产生的神奇的产品！",
                "state": 0,
                "duration": 279,
                "rights": {
                    "bp": 0,
                    "elec": 0,
                    "download": 0,
                    "movie": 0,
                    "pay": 0,
                    "hd5": 0,
                    "no_reprint": 1,
                    "autoplay": 1,
                    "ugc_pay": 0,
                    "is_cooperation": 0,
                    "ugc_pay_preview": 0,
                    "no_background": 0,
                    "arc_pay": 0,
                    "pay_free_watch": 0
                },
                "owner": {
                    "mid": 9824766,
                    "name": "敬汉卿",
                    "face": "https://i0.hdslb.com/bfs/face/fd8d7ad17af295f7c4256959705f009c5f67e9c6.jpg"
                },
                "stat": {
                    "aid": 81305347,
                    "view": 3252134,
                    "danmaku": 7620,
                    "reply": 3519,
                    "favorite": 7812,
                    "coin": 31225,
                    "share": 1757,
                    "now_rank": 0,
                    "his_rank": 12,
                    "like": 159027,
                    "dislike": 0,
                    "vt": 0,
                    "vv": 3252134,
                    "fav_g": 0,
                    "like_g": 2
                },
                "dynamic": "我感觉这个跟人造肉一样！神奇的投资产生的神奇的产品！\n#幽默##奇葩##敬汉卿#",
                "cid": 139149889,
                "dimension": {
                    "width": 1920,
                    "height": 1080,
                    "rotate": 0
                },
                "short_link_v2": "https://b23.tv/BV1DJ41187qn",
                "cover43": "",
                "tidv2": 2151,
                "tnamev2": "美食测评",
                "pid_v2": 1020,
                "pid_name_v2": "美食",
                "bvid": "BV1DJ41187qn",
                "season_type": 0,
                "is_ogv": false,
                "ogv_info": null,
                "enable_vt": 0,
                "ai_rcmd": null,
                "rcmd_reason": "建议敬汉卿换一个不粘锅啊"
            },
            {
                "aid": 80922295,
                "videos": 1,
                "tid": 65,
                "tname": "网络游戏",
                "copyright": 1,
                "pic": "http://i1.hdslb.com/bfs/archive/72ed806040fde20d83ab7994a874a878c69f8014.jpg",
                "title": "两个UP主疯狂喷起来了【国基网骗-小潮tEam四周年特别版】",
                "pubdate": 1577502059,
                "ctime": 1577502068,
                "desc": "小潮tEam四周年",
                "state": 0,
                "duration": 446,
                "rights": {
                    "bp": 0,
                    "elec": 0,
                    "download": 0,
                    "movie": 0,
                    "pay": 0,
                    "hd5": 0,
                    "no_reprint": 1,
                    "autoplay": 1,
                    "ugc_pay": 0,
                    "is_cooperation": 0,
                    "ugc_pay_preview": 0,
                    "no_background": 0,
                    "arc_pay": 0,
                    "pay_free_watch": 0
                },
                "owner": {
                    "mid": 5970160,
                    "name": "小潮院长",
                    "face": "https://i1.hdslb.com/bfs/face/834eb0de8d2f470bf03e4ea92831b14f3824c863.jpg"
                },
                "stat": {
                    "aid": 80922295,
                    "view": 5215386,
                    "danmaku": 28047,
                    "reply": 3370,
                    "favorite": 69599,
                    "coin": 205998,
                    "share": 4773,
                    "now_rank": 0,
                    "his_rank": 6,
                    "like": 271099,
                    "dislike": 0,
                    "vt": 0,
                    "vv": 5215386,
                    "fav_g": 174,
                    "like_g": 154
                },
                "dynamic": "国基网骗推送！？",
                "cid": 138504676,
                "dimension": {
                    "width": 1920,
                    "height": 1080,
                    "rotate": 0
                },
                "short_link_v2": "https://b23.tv/BV1KJ411e7Dv",
                "cover43": "",
                "tidv2": 2071,
                "tnamev2": "射击游戏",
                "pid_v2": 1008,
                "pid_name_v2": "游戏",
                "bvid": "BV1KJ411e7Dv",
                "season_type": 0,
                "is_ogv": false,
                "ogv_info": null,
                "enable_vt": 0,
                "ai_rcmd": null,
                "rcmd_reason": "槐安遗梦原声暴露了？"
            },
            {
                "aid": 81029518,
                "videos": 1,
                "tid": 21,
                "tname": "日常",
                "copyright": 1,
                "pic": "http://i1.hdslb.com/bfs/archive/0be1aa30a9d82823504accb7960b99385b7058f7.jpg",
                "title": "【朱一旦】126 虽然凝视深渊，但依旧心向光明",
                "pubdate": 1577539389,
                "ctime": 1577539389,
                "desc": "微博@朱一旦的枯燥生活\nYouTube  【朱一旦的枯燥生活】官方频道\n公众号：朱一旦的枯燥生活\n网易云/知乎：朱一旦的枯燥生活",
                "state": 0,
                "duration": 151,
                "mission_id": 12407,
                "rights": {
                    "bp": 0,
                    "elec": 0,
                    "download": 0,
                    "movie": 0,
                    "pay": 0,
                    "hd5": 1,
                    "no_reprint": 1,
                    "autoplay": 1,
                    "ugc_pay": 0,
                    "is_cooperation": 0,
                    "ugc_pay_preview": 0,
                    "no_background": 0,
                    "arc_pay": 0,
                    "pay_free_watch": 0
                },
                "owner": {
                    "mid": 437316738,
                    "name": "朱一旦的枯燥生活",
                    "face": "https://i0.hdslb.com/bfs/face/48ad92f9e0eb9516f491ed18457e2a73e865ea8c.jpg"
                },
                "stat": {
                    "aid": 81029518,
                    "view": 7591033,
                    "danmaku": 24062,
                    "reply": 18601,
                    "favorite": 110212,
                    "coin": 543866,
                    "share": 57676,
                    "now_rank": 0,
                    "his_rank": 3,
                    "like": 647569,
                    "dislike": 0,
                    "vt": 0,
                    "vv": 7591033,
                    "fav_g": 0,
                    "like_g": 0
                },
                "dynamic": "",
                "cid": 138680670,
                "dimension": {
                    "width": 1080,
                    "height": 1920,
                    "rotate": 0
                },
                "short_link_v2": "https://b23.tv/BV1ZJ411h7LU",
                "cover43": "",
                "tidv2": 2154,
                "tnamev2": "剧情演绎",
                "pid_v2": 1021,
                "pid_name_v2": "小剧场",
                "bvid": "BV1ZJ411h7LU",
                "season_type": 0,
                "is_ogv": false,
                "ogv_info": null,
                "enable_vt": 0,
                "ai_rcmd": null,
                "rcmd_reason": "作为一名非医疗工作者，我郑重宣誓：尊敬医疗工作者"
            },
            {
                "aid": 81793657,
                "videos": 1,
                "tid": 21,
                "tname": "日常",
                "copyright": 1,
                "pic": "http://i1.hdslb.com/bfs/archive/ffc43ac9221894c38100e86c325247e2911cde57.jpg",
                "title": "为什么纳豆奶奶在几个月内从少女变成了奶奶？",
                "pubdate": 1577966715,
                "ctime": 1577966715,
                "desc": "新年快乐！！\n大声告诉我你的愿望吧！！！！！\n° ͜ʖ ͡°)记得关注我豆奶子呀~别忘了点赞收藏！ \n→av41491192 片尾曲 日语版改革春风吹满地 \n→av40409086 日本妹子为什么这么瘦 \n→av42806782 日本妹子为啥冬天光腿 \n→av43240232 日本妹子吃超难吃中国菜的反应 \n→av40892710 日本妹子为啥牙齿不太好看\n→av42064376 日本妹子为啥胸大 \n有什么疑问请弹幕留言！豆奶子为您倾情解惑",
                "state": 0,
                "duration": 585,
                "mission_id": 12596,
                "rights": {
                    "bp": 0,
                    "elec": 0,
                    "download": 0,
                    "movie": 0,
                    "pay": 0,
                    "hd5": 0,
                    "no_reprint": 1,
                    "autoplay": 1,
                    "ugc_pay": 0,
                    "is_cooperation": 0,
                    "ugc_pay_preview": 0,
                    "no_background": 0,
                    "arc_pay": 0,
                    "pay_free_watch": 0
                },
                "owner": {
                    "mid": 6574487,
                    "name": "纳豆奶奶",
                    "face": "https://i2.hdslb.com/bfs/face/0a8638b34173708fcf979bd1166fbb7fdb1110a4.jpg"
                },
                "stat": {
                    "aid": 81793657,
                    "view": 2891650,
                    "danmaku": 31432,
                    "reply": 7737,
                    "favorite": 70310,
                    "coin": 297369,
                    "share": 6531,
                    "now_rank": 0,
                    "his_rank": 2,
                    "like": 333424,
                    "dislike": 0,
                    "vt": 0,
                    "vv": 2891650,
                    "fav_g": 5,
                    "like_g": 3
                },
                "dynamic": "从少女到奶奶，豆奶子，经历了这些。\n2020年第一支视频，也是对于我这几年来的一个历程回顾吧。\n还有很多故事，来日方长~以后慢慢跟你们说~\n#我的职业故事##手绘##VLOG#",
                "cid": 139951987,
                "dimension": {
                    "width": 1920,
                    "height": 1080,
                    "rotate": 0
                },
                "season_id": 107,
                "short_link_v2": "https://b23.tv/BV1LJ411j7x1",
                "cover43": "",
                "tidv2": 2055,
                "tnamev2": "二次元绘画",
                "pid_v2": 1006,
                "pid_name_v2": "绘画",
                "bvid": "BV1LJ411j7x1",
                "season_type": 0,
                "is_ogv": false,
                "ogv_info": null,
                "enable_vt": 0,
                "ai_rcmd": null,
                "rcmd_reason": "纳豆年纪轻轻，怎么就开始写自传了？"
            },
            {
                "aid": 80702836,
                "videos": 1,
                "tid": 31,
                "tname": "翻唱",
                "copyright": 1,
                "pic": "http://i0.hdslb.com/bfs/archive/df0657178a68c1fa50aa8b092a0ded7bbfb980e6.jpg",
                "title": "刺客伍六七《下山》粤语萌妹版",
                "pubdate": 1577440807,
                "ctime": 1577333343,
                "desc": "原曲：要不要买菜 - 《下山》\n粤语版参照惟韵姐翻唱版 av79117917\n填词：@我系小小六\n翻唱/后期：我\n师傅：紫丞少主@RCVO粤语配音组\nPV：精彩亮眼-起落无常 av79935157\n字幕：M叔\n请大家多多支持PV本家！这个视频剪得超棒w感谢授权！\n卖了个萌！希望大家喜欢！！(*╹▽╹*)",
                "state": 0,
                "duration": 172,
                "mission_id": 12214,
                "rights": {
                    "bp": 0,
                    "elec": 0,
                    "download": 0,
                    "movie": 0,
                    "pay": 0,
                    "hd5": 1,
                    "no_reprint": 1,
                    "autoplay": 1,
                    "ugc_pay": 0,
                    "is_cooperation": 1,
                    "ugc_pay_preview": 0,
                    "no_background": 0,
                    "arc_pay": 0,
                    "pay_free_watch": 0
                },
                "owner": {
                    "mid": 78201,
                    "name": "雪霏岚岚",
                    "face": "http://i0.hdslb.com/bfs/face/5f545c16c7161471ab4e6a54863e93a6ffbc483d.jpg"
                },
                "stat": {
                    "aid": 80702836,
                    "view": 7205939,
                    "danmaku": 11148,
                    "reply": 3443,
                    "favorite": 230880,
                    "coin": 373811,
                    "share": 36785,
                    "now_rank": 0,
                    "his_rank": 21,
                    "like": 374806,
                    "dislike": 0,
                    "vt": 0,
                    "vv": 7205939,
                    "fav_g": 29,
                    "like_g": 45
                },
                "dynamic": "#下山##刺客伍六七##粤语#\n当粤语版《下山》遇上《刺客伍六七》梅花十三",
                "cid": 138111823,
                "dimension": {
                    "width": 1920,
                    "height": 1080,
                    "rotate": 0
                },
                "short_link_v2": "https://b23.tv/BV19J411W7Xu",
                "cover43": "",
                "tidv2": 2020,
                "tnamev2": "翻唱",
                "pid_v2": 1003,
                "pid_name_v2": "音乐",
                "bvid": "BV19J411W7Xu",
                "season_type": 0,
                "is_ogv": false,
                "ogv_info": null,
                "enable_vt": 0,
                "ai_rcmd": null,
                "rcmd_reason": "我们的UP主都是神仙！可劲儿夸起来！"
            },
            {
                "aid": 81236383,
                "videos": 1,
                "tid": 213,
                "tname": "美食测评",
                "copyright": 1,
                "pic": "http://i1.hdslb.com/bfs/archive/f8f91aab5817d48dbd47c6064d52e8a14348fde5.jpg",
                "title": "探秘美国海鲜业，中国吃货带火的波士顿龙虾要凉了？",
                "pubdate": 1577676623,
                "ctime": 1577676628,
                "desc": "探秘美国海鲜业，中国吃货带火的波士顿龙虾为啥要凉了？",
                "state": 0,
                "duration": 354,
                "rights": {
                    "bp": 0,
                    "elec": 0,
                    "download": 0,
                    "movie": 0,
                    "pay": 0,
                    "hd5": 1,
                    "no_reprint": 1,
                    "autoplay": 1,
                    "ugc_pay": 0,
                    "is_cooperation": 0,
                    "ugc_pay_preview": 0,
                    "no_background": 0,
                    "arc_pay": 0,
                    "pay_free_watch": 0
                },
                "owner": {
                    "mid": 176037767,
                    "name": "我是郭杰瑞",
                    "face": "http://i2.hdslb.com/bfs/face/6182455e4d61159121c223ddc7a3a381f2d4d056.jpg"
                },
                "stat": {
                    "aid": 81236383,
                    "view": 2741411,
                    "danmaku": 14910,
                    "reply": 7034,
                    "favorite": 6184,
                    "coin": 23041,
                    "share": 3843,
                    "now_rank": 0,
                    "his_rank": 9,
                    "like": 103759,
                    "dislike": 0,
                    "vt": 0,
                    "vv": 2741411,
                    "fav_g": 0,
                    "like_g": 0
                },
                "dynamic": "美国人怎么吃海鲜？中国吃货带火的波士顿龙虾要凉了？",
                "cid": 139026064,
                "dimension": {
                    "width": 1920,
                    "height": 1080,
                    "rotate": 0
                },
                "short_link_v2": "https://b23.tv/BV1GJ411Y7k4",
                "cover43": "",
                "tidv2": 2152,
                "tnamev2": "美食记录",
                "pid_v2": 1020,
                "pid_name_v2": "美食",
                "bvid": "BV1GJ411Y7k4",
                "season_type": 0,
                "is_ogv": false,
                "ogv_info": null,
                "enable_vt": 0,
                "ai_rcmd": null,
                "rcmd_reason": "郭杰瑞告诉你，美国是个农业大国"
            }
        ]
    }
}