{
    "code": 0,
    "message": "OK",
    "ttl": 1,
    "data": {
        "config": {
            "id": 46,
            "type": "weekly_selected",
            "number": 42,
            "subject": "【英雄联盟】——战士",
            "stime": 1577980800,
            "etime": 1578585599,
            "status": 2,
            "name": "2020第42期 01.03 - 01.09",
            "label": "第42期(0110更新)",
            "hint": "",
            "color": 0,
            "cover": "",
            "share_title": "【英雄联盟】2020赛季CG动画| B站每周必看第42期",
            "share_subtitle": "不再退避躲闪! 2020赛季1月10日正式展开",
            "media_id": 797793188
        },
        "reminder": "每周五晚18:00更新",
        "list": [
            {
                "aid": 82724200,
                "videos": 1,
                "tid": 171,
                "tname": "电子竞技",
                "copyright": 1,
                "pic": "http://i2.hdslb.com/bfs/archive/7eccf6942ea9a9815a9f531d1d8b800b59290e59.jpg",
                "title": "【英雄联盟】战士 – 2020赛季CG动画",
                "pubdate": 1578572250,
                "ctime": 1578572250,
                "desc": "不再退避躲闪。2020赛季1月10日正式展开。\n\n原创歌曲：Imagine Dragons  \n合作艺人：2WEI & Edda Hayes \n歌曲制作：2WEI \n主唱：Edda Hayes\nBlur Studio打造",
                "state": 0,
                "duration": 202,
                "rights": {
                    "bp": 0,
                    "elec": 0,
                    "download": 0,
                    "movie": 0,
                    "pay": 0,
                    "hd5": 1,
                    "no_reprint": 1,
                    "autoplay": 1,
                    "ugc_pay": 0,
                    "is_cooperation": 0,
                    "ugc_pay_preview": 0,
                    "no_background": 0,
                    "arc_pay": 0,
                    "pay_free_watch": 0
                },
                "owner": {
                    "mid": 178778949,
                    "name": "英雄联盟",
                    "face": "https://i0.hdslb.com/bfs/face/bc7be03e4cd671a4e11fcb86f4ed9ea222f6868a.jpg"
                },
                "stat": {
                    "aid": 82724200,
                    "view": 15941744,
                    "danmaku": 36741,
                    "reply": 26753,
                    "favorite": 319476,
                    "coin": 560254,
                    "share": 249321,
                    "now_rank": 0,
                    "his_rank": 1,
                    "like": 566214,
                    "dislike": 0,
                    "vt": 0,
                    "vv": 15941744,
                    "fav_g": 0,
                    "like_g": 0
                },
                "dynamic": "#英雄联盟##LOL#\n战士 – 2020赛季CG动画上线。\n不再退避躲闪。2020赛季1月10日正式展开。",
                "cid": 141538058,
                "dimension": {
                    "width": 3840,
                    "height": 2160,
                    "rotate": 0
                },
                "season_id": 5231790,
                "short_link_v2": "https://b23.tv/BV1mJ411G7ue",
                "cover43": "",
                "tidv2": 2041,
                "tnamev2": "动漫剪辑",
                "pid_v2": 1005,
                "pid_name_v2": "二次元",
                "bvid": "BV1mJ411G7ue",
                "season_type": 0,
                "is_ogv": false,
                "ogv_info": null,
                "enable_vt": 0,
                "ai_rcmd": null,
                "rcmd_reason": "不再退避躲闪! 2020赛季1月10日正式展开"
            },
            {
                "aid": 82282865,
                "videos": 1,
                "tid": 22,
                "tname": "鬼畜调教",
                "copyright": 1,
                "pic": "http://i1.hdslb.com/bfs/archive/b120c07e1812d1072d3ffa8605d8679b11e25b52.jpg",
                "title": "【全明星】火红的萨日朗",
                "pubdate": 1578303054,
                "ctime": 1578303059,
                "desc": "今天过生日，刚好投个稿~\n\n制作：MC传奇（潮汕好男人/永远的MG）\nBGM：乌兰托娅 - 火红的萨日朗",
                "state": 0,
                "duration": 158,
                "rights": {
                    "bp": 0,
                    "elec": 0,
                    "download": 0,
                    "movie": 0,
                    "pay": 0,
                    "hd5": 1,
                    "no_reprint": 1,
                    "autoplay": 1,
                    "ugc_pay": 0,
                    "is_cooperation": 0,
                    "ugc_pay_preview": 0,
                    "no_background": 0,
                    "arc_pay": 0,
                    "pay_free_watch": 0
                },
                "owner": {
                    "mid": 19071708,
                    "name": "潮汕好男人",
                    "face": "https://i0.hdslb.com/bfs/face/2a4c1b3c2d8f48a58c5f818287c90a6ea78d7907.jpg"
                },
                "stat": {
                    "aid": 82282865,
                    "view": 13180808,
                    "danmaku": 47708,
                    "reply": 6890,
                    "favorite": 255996,
                    "coin": 367477,
                    "share": 83502,
                    "now_rank": 0,
                    "his_rank": 5,
                    "like": 633661,
                    "dislike": 0,
                    "vt": 0,
                    "vv": 13180808,
                    "fav_g": 0,
                    "like_g": 0
                },
                "dynamic": "今天过生日，刚好投个稿~\n\n#鬼畜##全明星##火红的萨日朗#",
                "cid": 140780633,
                "dimension": {
                    "width": 2160,
                    "height": 1080,
                    "rotate": 0
                },
                "season_id": 6750628,
                "short_link_v2": "https://b23.tv/BV1AJ411j7mv",
                "cover43": "",
                "tidv2": 2059,
                "tnamev2": "鬼畜调教",
                "pid_v2": 1007,
                "pid_name_v2": "鬼畜",
                "bvid": "BV1AJ411j7mv",
                "season_type": 0,
                "is_ogv": false,
                "ogv_info": null,
                "enable_vt": 0,
                "ai_rcmd": null,
                "rcmd_reason": "现在让我们来感受2019鬼畜全明星的狂欢盛宴"
            },
            {
                "aid": 82346558,
                "videos": 1,
                "tid": 183,
                "tname": "影视剪辑",
                "copyright": 1,
                "pic": "http://i0.hdslb.com/bfs/archive/260a259ecfb875e0455df24ee4f7c40988b8bc20.jpg",
                "title": "【现代版！庆余年】反穿越：回到现代（商战AU）",
                "pubdate": 1578313271,
                "ctime": 1578313271,
                "desc": "全员西装革履",
                "state": 0,
                "duration": 158,
                "mission_id": 12492,
                "rights": {
                    "bp": 0,
                    "elec": 0,
                    "download": 0,
                    "movie": 0,
                    "pay": 0,
                    "hd5": 1,
                    "no_reprint": 1,
                    "autoplay": 1,
                    "ugc_pay": 0,
                    "is_cooperation": 0,
                    "ugc_pay_preview": 0,
                    "no_background": 0,
                    "arc_pay": 0,
                    "pay_free_watch": 0
                },
                "owner": {
                    "mid": 313556,
                    "name": "逆转的桥",
                    "face": "https://i2.hdslb.com/bfs/face/01007b6bc07caa15733788e05c25fb1b2ddffb38.jpg"
                },
                "stat": {
                    "aid": 82346558,
                    "view": 2962258,
                    "danmaku": 12999,
                    "reply": 7270,
                    "favorite": 136783,
                    "coin": 239151,
                    "share": 66017,
                    "now_rank": 0,
                    "his_rank": 1,
                    "like": 257501,
                    "dislike": 0,
                    "vt": 0,
                    "vv": 2962258,
                    "fav_g": 0,
                    "like_g": 4
                },
                "dynamic": "#庆余年##张若昀##肖战#反穿越，现代商战AU，全员西装革履",
                "cid": 1585356050,
                "dimension": {
                    "width": 1920,
                    "height": 1080,
                    "rotate": 0
                },
                "short_link_v2": "https://b23.tv/BV1CJ411V7TU",
                "first_frame": "http://i2.hdslb.com/bfs/storyff/n240617saforcsyzau3h1a46np3of8by_firsti.jpg",
                "pub_location": "黑龙江",
                "cover43": "",
                "tidv2": 2002,
                "tnamev2": "影视剪辑",
                "pid_v2": 1001,
                "pid_name_v2": "影视",
                "bvid": "BV1CJ411V7TU",
                "season_type": 0,
                "is_ogv": false,
                "ogv_info": null,
                "enable_vt": 0,
                "ai_rcmd": null,
                "rcmd_reason": "全程高能！庆余年前传"
            },
            {
                "aid": 81431485,
                "videos": 1,
                "tid": 218,
                "tname": "喵星人",
                "copyright": 1,
                "pic": "http://i1.hdslb.com/bfs/archive/3ebfd538bbc58f2b3db1499f96050f5f6922074b.jpg",
                "title": "千万不要在跟你家猫下棋的时候玩心眼。。。。",
                "pubdate": 1577781383,
                "ctime": 1577781383,
                "desc": "-",
                "state": 0,
                "duration": 84,
                "mission_id": 12549,
                "rights": {
                    "bp": 0,
                    "elec": 0,
                    "download": 0,
                    "movie": 0,
                    "pay": 0,
                    "hd5": 1,
                    "no_reprint": 1,
                    "autoplay": 1,
                    "ugc_pay": 0,
                    "is_cooperation": 0,
                    "ugc_pay_preview": 0,
                    "no_background": 0,
                    "arc_pay": 0,
                    "pay_free_watch": 0
                },
                "owner": {
                    "mid": 27756469,
                    "name": "奶糕成精档案社",
                    "face": "https://i1.hdslb.com/bfs/face/e8066ee612baa2d76d5e37272c586e23664cfb63.jpg"
                },
                "stat": {
                    "aid": 81431485,
                    "view": 9900526,
                    "danmaku": 7709,
                    "reply": 8773,
                    "favorite": 201821,
                    "coin": 397603,
                    "share": 168703,
                    "now_rank": 0,
                    "his_rank": 4,
                    "like": 645841,
                    "dislike": 0,
                    "vt": 0,
                    "vv": 9900526,
                    "fav_g": 0,
                    "like_g": 2
                },
                "dynamic": "#咪log# #原创# #逗比#",
                "cid": 139356391,
                "dimension": {
                    "width": 1920,
                    "height": 1080,
                    "rotate": 0
                },
                "short_link_v2": "https://b23.tv/BV18J411h7Bj",
                "cover43": "",
                "tidv2": 2167,
                "tnamev2": "猫",
                "pid_v2": 1024,
                "pid_name_v2": "动物",
                "bvid": "BV18J411h7Bj",
                "season_type": 0,
                "is_ogv": false,
                "ogv_info": null,
                "enable_vt": 0,
                "ai_rcmd": null,
                "rcmd_reason": "人和猫都是戏精"
            },
            {
                "aid": 82715799,
                "videos": 1,
                "tid": 138,
                "tname": "搞笑",
                "copyright": 1,
                "pic": "http://i1.hdslb.com/bfs/archive/81ade521dbf2cf817d3f7f73441027e9779d714c.jpg",
                "title": "挑战五十层肉饼的巨型汉堡！三个吃播能够挑战成功吗？",
                "pubdate": 1578567983,
                "ctime": 1578567983,
                "desc": "撑死了！十天后大家还想看什么呢？",
                "state": 0,
                "duration": 263,
                "rights": {
                    "bp": 0,
                    "elec": 0,
                    "download": 0,
                    "movie": 0,
                    "pay": 0,
                    "hd5": 0,
                    "no_reprint": 1,
                    "autoplay": 1,
                    "ugc_pay": 0,
                    "is_cooperation": 0,
                    "ugc_pay_preview": 0,
                    "no_background": 0,
                    "arc_pay": 0,
                    "pay_free_watch": 0
                },
                "owner": {
                    "mid": 9824766,
                    "name": "敬汉卿",
                    "face": "https://i0.hdslb.com/bfs/face/fd8d7ad17af295f7c4256959705f009c5f67e9c6.jpg"
                },
                "stat": {
                    "aid": 82715799,
                    "view": 11535952,
                    "danmaku": 32883,
                    "reply": 8360,
                    "favorite": 36555,
                    "coin": 102044,
                    "share": 11344,
                    "now_rank": 0,
                    "his_rank": 7,
                    "like": 459243,
                    "dislike": 0,
                    "vt": 0,
                    "vv": 11535952,
                    "fav_g": 9,
                    "like_g": 8
                },
                "dynamic": "撑死了！十天后大家还想看什么呢？\n#幽默##奇葩##敬汉卿#",
                "cid": 141525672,
                "dimension": {
                    "width": 1920,
                    "height": 1080,
                    "rotate": 0
                },
                "short_link_v2": "https://b23.tv/BV1RJ411G7HK",
                "cover43": "",
                "tidv2": 2207,
                "tnamev2": "随拍·综合",
                "pid_v2": 1032,
                "pid_name_v2": "其他",
                "bvid": "BV1RJ411G7HK",
                "season_type": 0,
                "is_ogv": false,
                "ogv_info": null,
                "enable_vt": 0,
                "ai_rcmd": null,
                "rcmd_reason": "有大SAO就知道稳了！"
            },
            {
                "aid": 82067647,
                "videos": 1,
                "tid": 207,
                "tname": "财经商业",
                "copyright": 1,
                "pic": "http://i2.hdslb.com/bfs/archive/91aa6e0422d67b71596b8eb0a9d83e2a0fd0d243.jpg",
                "title": "【半佛】你知道奶茶加盟到底有多坑人吗？",
                "pubdate": 1578141485,
                "ctime": 1578141485,
                "desc": "奶茶加盟的坑，和传销一样深不见底。PS：重新换了一个版本，卡顿已修复~",
                "state": 0,
                "duration": 1013,
                "mission_id": 12600,
                "rights": {
                    "bp": 0,
                    "elec": 0,
                    "download": 0,
                    "movie": 0,
                    "pay": 0,
                    "hd5": 0,
                    "no_reprint": 1,
                    "autoplay": 1,
                    "ugc_pay": 0,
                    "is_cooperation": 0,
                    "ugc_pay_preview": 0,
                    "no_background": 0,
                    "arc_pay": 0,
                    "pay_free_watch": 0
                },
                "owner": {
                    "mid": 37663924,
                    "name": "硬核的半佛仙人",
                    "face": "https://i1.hdslb.com/bfs/face/aaf33dced1941af0946f37c62f4b48fcaba9c9a2.jpg"
                },
                "stat": {
                    "aid": 82067647,
                    "view": 10923536,
                    "danmaku": 29015,
                    "reply": 18042,
                    "favorite": 337886,
                    "coin": 703027,
                    "share": 355686,
                    "now_rank": 0,
                    "his_rank": 1,
                    "like": 766492,
                    "dislike": 0,
                    "vt": 0,
                    "vv": 10923536,
                    "fav_g": 0,
                    "like_g": 0
                },
                "dynamic": "#商业##互联网##原创#",
                "cid": 141367679,
                "dimension": {
                    "width": 1520,
                    "height": 832,
                    "rotate": 0
                },
                "season_id": 173438,
                "short_link_v2": "https://b23.tv/BV1UJ41157Lw",
                "cover43": "",
                "tidv2": 2087,
                "tnamev2": "商业财经",
                "pid_v2": 1010,
                "pid_name_v2": "知识",
                "bvid": "BV1UJ41157Lw",
                "season_type": 0,
                "is_ogv": false,
                "ogv_info": null,
                "enable_vt": 0,
                "ai_rcmd": null,
                "rcmd_reason": "只要我够穷，谁都骗不了我"
            },
            {
                "aid": 82099153,
                "videos": 1,
                "tid": 138,
                "tname": "搞笑",
                "copyright": 1,
                "pic": "http://i1.hdslb.com/bfs/archive/f5656a50a7e3e8b391cd8b35c01b18cca6901da4.jpg",
                "title": "2019年度沙雕新闻盘点丨人类迷惑行为大赏",
                "pubdate": 1578156424,
                "ctime": 1578156424,
                "desc": "2019年度沙雕新闻大赏（谁之前让我播新闻来着？说来就来 -L-\n希望大家看得开心，新年快乐 :D\n@三代鹿人",
                "state": 0,
                "duration": 615,
                "mission_id": 12474,
                "rights": {
                    "bp": 0,
                    "elec": 0,
                    "download": 0,
                    "movie": 0,
                    "pay": 0,
                    "hd5": 1,
                    "no_reprint": 1,
                    "autoplay": 1,
                    "ugc_pay": 0,
                    "is_cooperation": 0,
                    "ugc_pay_preview": 0,
                    "no_background": 0,
                    "arc_pay": 0,
                    "pay_free_watch": 0
                },
                "owner": {
                    "mid": 5870268,
                    "name": "三代鹿人",
                    "face": "https://i0.hdslb.com/bfs/face/a915d1a1ff921cd418e74c5711c91b23e2a18c11.jpg"
                },
                "stat": {
                    "aid": 82099153,
                    "view": 8386032,
                    "danmaku": 97977,
                    "reply": 3460,
                    "favorite": 135796,
                    "coin": 260960,
                    "share": 141624,
                    "now_rank": 0,
                    "his_rank": 2,
                    "like": 570708,
                    "dislike": 0,
                    "vt": 0,
                    "vv": 8386032,
                    "fav_g": 0,
                    "like_g": 0
                },
                "dynamic": "#沙雕新闻##人类迷惑行为##再见2019#\n2019年度沙雕新闻大赏，前方高能，自行观看，希望大家看得开心 :D",
                "cid": 140477451,
                "dimension": {
                    "width": 1920,
                    "height": 1080,
                    "rotate": 0
                },
                "season_id": 39789,
                "short_link_v2": "https://b23.tv/BV1TJ411L7KC",
                "cover43": "",
                "tidv2": 2207,
                "tnamev2": "随拍·综合",
                "pid_v2": 1032,
                "pid_name_v2": "其他",
                "bvid": "BV1TJ411L7KC",
                "season_type": 0,
                "is_ogv": false,
                "ogv_info": null,
                "enable_vt": 0,
                "ai_rcmd": null,
                "rcmd_reason": "沙雕年年有，今年尤其多"
            },
            {
                "aid": 82161858,
                "videos": 1,
                "tid": 59,
                "tname": "演奏",
                "copyright": 1,
                "pic": "http://i1.hdslb.com/bfs/archive/5f528fed489404ab3e080fbe19ec07c5fcb2f16a.jpg",
                "title": "影 流 碧 萝 用钢琴还原2019十大整活金曲",
                "pubdate": 1578204381,
                "ctime": 1578204381,
                "desc": "开 年 巨 制\n曲目顺序:\n改革春风吹满地\n回家的诱惑主题曲\n只因你太美\n大碗宽面\n闹太套(One World One Dream)\n新宝岛\n野狼Disco\n窝窝头一块钱四个\n荡秋千\n影 流 之 主（爱河）",
                "state": 0,
                "duration": 358,
                "mission_id": 11838,
                "rights": {
                    "bp": 0,
                    "elec": 0,
                    "download": 0,
                    "movie": 0,
                    "pay": 0,
                    "hd5": 1,
                    "no_reprint": 1,
                    "autoplay": 1,
                    "ugc_pay": 0,
                    "is_cooperation": 0,
                    "ugc_pay_preview": 0,
                    "no_background": 0,
                    "arc_pay": 0,
                    "pay_free_watch": 0
                },
                "owner": {
                    "mid": 320491072,
                    "name": "绯绯Feifei",
                    "face": "https://i1.hdslb.com/bfs/face/28e5c002f7e91efde4cb8d265eb21b11032840ab.jpg"
                },
                "stat": {
                    "aid": 82161858,
                    "view": 2271296,
                    "danmaku": 12210,
                    "reply": 3223,
                    "favorite": 24944,
                    "coin": 69324,
                    "share": 6647,
                    "now_rank": 0,
                    "his_rank": 20,
                    "like": 111897,
                    "dislike": 0,
                    "vt": 0,
                    "vv": 2271296,
                    "fav_g": 0,
                    "like_g": 0
                },
                "dynamic": "2020开年巨制！听说不露头的一律按乔碧萝殿下处理？那我为什么不成为乔碧萝呢（大彻大悟）本投稿内含影 流 之 主，鸡你太美，窝窝头，荡秋千等巨量要素，请谨慎观看。",
                "cid": 140580985,
                "dimension": {
                    "width": 1920,
                    "height": 1080,
                    "rotate": 0
                },
                "short_link_v2": "https://b23.tv/BV14J411L7Zf",
                "cover43": "",
                "tidv2": 2021,
                "tnamev2": "演奏",
                "pid_v2": 1003,
                "pid_name_v2": "音乐",
                "bvid": "BV14J411L7Zf",
                "season_type": 0,
                "is_ogv": false,
                "ogv_info": null,
                "enable_vt": 0,
                "ai_rcmd": null,
                "rcmd_reason": "您这新年第一弹，简直就是个核弹"
            },
            {
                "aid": 82541261,
                "videos": 1,
                "tid": 253,
                "tname": "动漫杂谈",
                "copyright": 1,
                "pic": "http://i2.hdslb.com/bfs/archive/78a34987ffdd8862c6b551d95b283c44e2594b94.jpg",
                "title": "我们的干警二十四小时盯这个群.jpg【阅片无数30】",
                "pubdate": 1578492003,
                "ctime": 1578492005,
                "desc": "想看更多的阅片无数小伙伴们转发三连搞起来哦\n更多生活中的凉风请参见→微博@凉风Kaze\n第二十九期av81630341：男女接吻真的会喘不过气吗？\n第二十八期av80524762：是什么片让图书馆大爷看的泪流满面？\n第二十七期av79656005：请问up，在全班面前强人锁男的片段出自啥片？\n第二十六期av78791992：请问up，这个人偷摸在桌子底下看的是啥番？有点刺激！\n第二十五期av77963556：请问up，高考当晚我前排的这对异性同桌看的啥番？\n第二十四期av77195943：请问up，高数课",
                "state": 0,
                "duration": 853,
                "rights": {
                    "bp": 0,
                    "elec": 0,
                    "download": 0,
                    "movie": 0,
                    "pay": 0,
                    "hd5": 1,
                    "no_reprint": 1,
                    "autoplay": 1,
                    "ugc_pay": 0,
                    "is_cooperation": 0,
                    "ugc_pay_preview": 0,
                    "no_background": 0,
                    "arc_pay": 0,
                    "pay_free_watch": 0
                },
                "owner": {
                    "mid": 14110780,
                    "name": "凉风Kaze",
                    "face": "https://i1.hdslb.com/bfs/face/e0cc906bb531195e9ee9f3b575effdd2b056eaea.jpg"
                },
                "stat": {
                    "aid": 82541261,
                    "view": 7802601,
                    "danmaku": 52049,
                    "reply": 8591,
                    "favorite": 84323,
                    "coin": 327341,
                    "share": 10542,
                    "now_rank": 0,
                    "his_rank": 2,
                    "like": 531937,
                    "dislike": 0,
                    "vt": 0,
                    "vv": 7802601,
                    "fav_g": 0,
                    "like_g": 0
                },
                "dynamic": "我们的干警二十四小时盯这个群.jpg\n你们总能给我整点新花样，本期#阅片无数#出现了不少骚气问法，一起来看看吧！",
                "cid": 141225710,
                "dimension": {
                    "width": 1920,
                    "height": 1080,
                    "rotate": 0
                },
                "season_id": 175,
                "short_link_v2": "https://b23.tv/BV1hJ41157oM",
                "pub_location": "上海",
                "cover43": "",
                "tidv2": 2042,
                "tnamev2": "动漫评论",
                "pid_v2": 1005,
                "pid_name_v2": "二次元",
                "bvid": "BV1hJ41157oM",
                "season_type": 0,
                "is_ogv": false,
                "ogv_info": null,
                "enable_vt": 0,
                "ai_rcmd": null,
                "rcmd_reason": "阅片无数更新了，快乐寒假开始了"
            },
            {
                "aid": 81793657,
                "videos": 1,
                "tid": 21,
                "tname": "日常",
                "copyright": 1,
                "pic": "http://i1.hdslb.com/bfs/archive/ffc43ac9221894c38100e86c325247e2911cde57.jpg",
                "title": "为什么纳豆奶奶在几个月内从少女变成了奶奶？",
                "pubdate": 1577966715,
                "ctime": 1577966715,
                "desc": "新年快乐！！\n大声告诉我你的愿望吧！！！！！\n° ͜ʖ ͡°)记得关注我豆奶子呀~别忘了点赞收藏！ \n→av41491192 片尾曲 日语版改革春风吹满地 \n→av40409086 日本妹子为什么这么瘦 \n→av42806782 日本妹子为啥冬天光腿 \n→av43240232 日本妹子吃超难吃中国菜的反应 \n→av40892710 日本妹子为啥牙齿不太好看\n→av42064376 日本妹子为啥胸大 \n有什么疑问请弹幕留言！豆奶子为您倾情解惑",
                "state": 0,
                "duration": 585,
                "mission_id": 12596,
                "rights": {
                    "bp": 0,
                    "elec": 0,
                    "download": 0,
                    "movie": 0,
                    "pay": 0,
                    "hd5": 0,
                    "no_reprint": 1,
                    "autoplay": 1,
                    "ugc_pay": 0,
                    "is_cooperation": 0,
                    "ugc_pay_preview": 0,
                    "no_background": 0,
                    "arc_pay": 0,
                    "pay_free_watch": 0
                },
                "owner": {
                    "mid": 6574487,
                    "name": "纳豆奶奶",
                    "face": "https://i2.hdslb.com/bfs/face/0a8638b34173708fcf979bd1166fbb7fdb1110a4.jpg"
                },
                "stat": {
                    "aid": 81793657,
                    "view": 2891650,
                    "danmaku": 31432,
                    "reply": 7737,
                    "favorite": 70310,
                    "coin": 297369,
                    "share": 6531,
                    "now_rank": 0,
                    "his_rank": 2,
                    "like": 333424,
                    "dislike": 0,
                    "vt": 0,
                    "vv": 2891650,
                    "fav_g": 5,
                    "like_g": 3
                },
                "dynamic": "从少女到奶奶，豆奶子，经历了这些。\n2020年第一支视频，也是对于我这几年来的一个历程回顾吧。\n还有很多故事，来日方长~以后慢慢跟你们说~\n#我的职业故事##手绘##VLOG#",
                "cid": 139951987,
                "dimension": {
                    "width": 1920,
                    "height": 1080,
                    "rotate": 0
                },
                "season_id": 107,
                "short_link_v2": "https://b23.tv/BV1LJ411j7x1",
                "cover43": "",
                "tidv2": 2055,
                "tnamev2": "二次元绘画",
                "pid_v2": 1006,
                "pid_name_v2": "绘画",
                "bvid": "BV1LJ411j7x1",
                "season_type": 0,
                "is_ogv": false,
                "ogv_info": null,
                "enable_vt": 0,
                "ai_rcmd": null,
                "rcmd_reason": "活在当下，把握现在是最好的！"
            },
            {
                "aid": 82518760,
                "videos": 1,
                "tid": 171,
                "tname": "电子竞技",
                "copyright": 1,
                "pic": "http://i2.hdslb.com/bfs/archive/4c2ae07a3484c69bbe2d17b441b5ee342e5865bb.png",
                "title": "LOL最放松身心解压套路：双 持 灭 霸 打 响 指[有点骚东西]",
                "pubdate": 1578452449,
                "ctime": 1578452456,
                "desc": "简介用心了。",
                "state": 0,
                "duration": 547,
                "rights": {
                    "bp": 0,
                    "elec": 0,
                    "download": 0,
                    "movie": 0,
                    "pay": 0,
                    "hd5": 0,
                    "no_reprint": 1,
                    "autoplay": 1,
                    "ugc_pay": 0,
                    "is_cooperation": 0,
                    "ugc_pay_preview": 0,
                    "no_background": 0,
                    "arc_pay": 0,
                    "pay_free_watch": 0
                },
                "owner": {
                    "mid": 23604445,
                    "name": "上海滩许Van强",
                    "face": "https://i1.hdslb.com/bfs/face/79a2e1a14208d48bb654a391fdf1ab60f16e725f.jpg"
                },
                "stat": {
                    "aid": 82518760,
                    "view": 2437546,
                    "danmaku": 18907,
                    "reply": 3834,
                    "favorite": 38086,
                    "coin": 251505,
                    "share": 8585,
                    "now_rank": 0,
                    "his_rank": 4,
                    "like": 228909,
                    "dislike": 0,
                    "vt": 0,
                    "vv": 2437546,
                    "fav_g": 0,
                    "like_g": 0
                },
                "dynamic": "",
                "cid": 141185823,
                "dimension": {
                    "width": 1920,
                    "height": 1080,
                    "rotate": 0
                },
                "short_link_v2": "https://b23.tv/BV1iJ41157GU",
                "cover43": "",
                "tidv2": 2070,
                "tnamev2": "MOBA游戏",
                "pid_v2": 1008,
                "pid_name_v2": "游戏",
                "bvid": "BV1iJ41157GU",
                "season_type": 0,
                "is_ogv": false,
                "ogv_info": null,
                "enable_vt": 0,
                "ai_rcmd": null,
                "rcmd_reason": "LOL界的楚雨荨该怎么玩？这就来教你！"
            },
            {
                "aid": 82580545,
                "videos": 1,
                "tid": 22,
                "tname": "鬼畜调教",
                "copyright": 1,
                "pic": "http://i0.hdslb.com/bfs/archive/4126a37e4141a5d5796ed9623a252bf50825c45d.jpg",
                "title": "刘备为何拿起加特林",
                "pubdate": 1578484804,
                "ctime": 1578483402,
                "desc": "啊啊啊啊啊大家最喜欢的环节又来啦嘻嘻嘻嘻嘻嘎嘎嘎嘎嘎咿呀咿呀啊啊啊啊啊啊嘎嘎嘎嘎嘎嘎嘎嘎嘎过",
                "state": 0,
                "duration": 125,
                "rights": {
                    "bp": 0,
                    "elec": 0,
                    "download": 0,
                    "movie": 0,
                    "pay": 0,
                    "hd5": 0,
                    "no_reprint": 1,
                    "autoplay": 1,
                    "ugc_pay": 0,
                    "is_cooperation": 0,
                    "ugc_pay_preview": 0,
                    "no_background": 0,
                    "arc_pay": 0,
                    "pay_free_watch": 0
                },
                "owner": {
                    "mid": 7714,
                    "name": "女孩为何穿短裙",
                    "face": "https://i1.hdslb.com/bfs/face/5ea9e99fe79418fff79f4601f13c855ce0f6162b.gif"
                },
                "stat": {
                    "aid": 82580545,
                    "view": 4674229,
                    "danmaku": 10328,
                    "reply": 5924,
                    "favorite": 90290,
                    "coin": 127257,
                    "share": 22739,
                    "now_rank": 0,
                    "his_rank": 4,
                    "like": 308387,
                    "dislike": 0,
                    "vt": 0,
                    "vv": 4674229,
                    "fav_g": 0,
                    "like_g": 0
                },
                "dynamic": "#三国演义##刘备##曹操#",
                "cid": 34828256840,
                "dimension": {
                    "width": 960,
                    "height": 720,
                    "rotate": 0
                },
                "short_link_v2": "https://b23.tv/BV1VJ411G73Z",
                "first_frame": "http://i2.hdslb.com/bfs/storyff/_00001a2fgk3jfep882078p9jbtrw1ob_firsti.jpg",
                "pub_location": "广东",
                "cover43": "",
                "tidv2": 2063,
                "tnamev2": "鬼畜综合",
                "pid_v2": 1007,
                "pid_name_v2": "鬼畜",
                "bvid": "BV1VJ411G73Z",
                "season_type": 0,
                "is_ogv": false,
                "ogv_info": null,
                "enable_vt": 0,
                "ai_rcmd": null,
                "rcmd_reason": "有生之年！曹操和刘备竟在讨论品如的衣服？"
            },
            {
                "aid": 82317133,
                "videos": 1,
                "tid": 28,
                "tname": "原创音乐",
                "copyright": 1,
                "pic": "http://i1.hdslb.com/bfs/archive/629d30dd0f6f555450356f06118674ebf9df48df.jpg",
                "title": "大家好，我是理查德•克莱德曼，今天我入驻B站啦！",
                "pubdate": 1578299269,
                "ctime": 1578299269,
                "desc": "大家好，我是理查德•克莱德曼，今天我入驻B站啦！欢迎大家关注我哟！",
                "state": 0,
                "duration": 185,
                "rights": {
                    "bp": 0,
                    "elec": 0,
                    "download": 0,
                    "movie": 0,
                    "pay": 0,
                    "hd5": 1,
                    "no_reprint": 1,
                    "autoplay": 1,
                    "ugc_pay": 0,
                    "is_cooperation": 0,
                    "ugc_pay_preview": 0,
                    "no_background": 0,
                    "arc_pay": 0,
                    "pay_free_watch": 0
                },
                "owner": {
                    "mid": 483203976,
                    "name": "理查德-克莱德曼",
                    "face": "https://i0.hdslb.com/bfs/face/858593bee8f246d440ab8641d8b0ae7270670616.jpg"
                },
                "stat": {
                    "aid": 82317133,
                    "view": 3843501,
                    "danmaku": 25018,
                    "reply": 14018,
                    "favorite": 51057,
                    "coin": 173290,
                    "share": 18816,
                    "now_rank": 0,
                    "his_rank": 2,
                    "like": 354098,
                    "dislike": 0,
                    "vt": 0,
                    "vv": 3843501,
                    "fav_g": 0,
                    "like_g": 2
                },
                "dynamic": "#理查德# #克莱德曼# #Richard#",
                "cid": 140840725,
                "dimension": {
                    "width": 1920,
                    "height": 1080,
                    "rotate": 0
                },
                "short_link_v2": "https://b23.tv/BV1aJ411V7hd",
                "cover43": "",
                "tidv2": 2021,
                "tnamev2": "演奏",
                "pid_v2": 1003,
                "pid_name_v2": "音乐",
                "bvid": "BV1aJ411V7hd",
                "season_type": 0,
                "is_ogv": false,
                "ogv_info": null,
                "enable_vt": 0,
                "ai_rcmd": null,
                "rcmd_reason": "哇，可以直接在B站听《克罗地亚狂想曲》了吗！"
            },
            {
                "aid": 82330833,
                "videos": 1,
                "tid": 71,
                "tname": "综艺",
                "copyright": 1,
                "pic": "http://i2.hdslb.com/bfs/archive/8975834e0da8114b455ec40e8c6d9b32e3ef9e09.jpg",
                "title": "【年度UP主颁奖】有内味吗？2019年度百大UP主获（xin）奖（nian）感（zhu）言（fu）",
                "pubdate": 1578362428,
                "ctime": 1578321952,
                "desc": "欢迎查收2019年度百大UP主们的获奖感言！\n一条视频的诞生，从摄录到剪辑，从收集素材到后期处理，需要数小时、数天，甚至数月的时间。感谢每一位不懈创作的UP主，喜欢就加油呀！",
                "state": 0,
                "duration": 1846,
                "rights": {
                    "bp": 0,
                    "elec": 0,
                    "download": 0,
                    "movie": 0,
                    "pay": 0,
                    "hd5": 0,
                    "no_reprint": 1,
                    "autoplay": 1,
                    "ugc_pay": 0,
                    "is_cooperation": 0,
                    "ugc_pay_preview": 0,
                    "no_background": 0,
                    "arc_pay": 0,
                    "pay_free_watch": 0
                },
                "owner": {
                    "mid": 235555226,
                    "name": "哔哩哔哩UP主服务中心",
                    "face": "https://i2.hdslb.com/bfs/face/7787125999854037f058347069ead9683cc3f133.jpg"
                },
                "stat": {
                    "aid": 82330833,
                    "view": 4694882,
                    "danmaku": 239353,
                    "reply": 10871,
                    "favorite": 33372,
                    "coin": 34065,
                    "share": 8595,
                    "now_rank": 0,
                    "his_rank": 3,
                    "like": 140527,
                    "dislike": 0,
                    "vt": 0,
                    "vv": 4694882,
                    "fav_g": 0,
                    "like_g": 1
                },
                "dynamic": "#BILIBILI POWER UP##年度UP主颁奖#欢迎查收2019年度百大UP主们的获奖感言",
                "cid": 141061222,
                "dimension": {
                    "width": 1920,
                    "height": 1080,
                    "rotate": 0
                },
                "short_link_v2": "https://b23.tv/BV1tJ411V7FK",
                "pub_location": "上海",
                "cover43": "",
                "tidv2": 2207,
                "tnamev2": "随拍·综合",
                "pid_v2": 1032,
                "pid_name_v2": "其他",
                "bvid": "BV1tJ411V7FK",
                "season_type": 0,
                "is_ogv": false,
                "ogv_info": null,
                "enable_vt": 0,
                "ai_rcmd": null,
                "rcmd_reason": "听听百大UP们的鼠年祝福吧！"
            },
            {
                "aid": 81847211,
                "videos": 1,
                "tid": 213,
                "tname": "美食测评",
                "copyright": 1,
                "pic": "http://i2.hdslb.com/bfs/archive/e4796fce2ad72a0d0c74873d56b1a0787f208710.jpg",
                "title": "男子花了2万日元在日本买了个便当，一打开结果…",
                "pubdate": 1578047758,
                "ctime": 1577995339,
                "desc": "原价22000，最后一天捡了个便宜15000买的，点个赞鸭\n新视频⤵⤵\n基基喜熊肉料理av79943958\n痛风锅av73281570\n猛男胸肌神器av71433560\n战斧牛排av67659862\n\n↓↓↓ 无限自助↓↓↓\n炸串自助av60726967\n寿司自助av57919782\n雪蟹自助av69019897\n\n↓↓↓美食周记↓↓↓\n一人烤肉店av66906554\n免费续肉饭av35792711\n生吃A5和牛av53498875\n大盆烤鸡芝士av50421414\n生鱼盖饭av47198838",
                "state": 0,
                "duration": 304,
                "mission_id": 12601,
                "rights": {
                    "bp": 0,
                    "elec": 0,
                    "download": 0,
                    "movie": 0,
                    "pay": 0,
                    "hd5": 0,
                    "no_reprint": 1,
                    "autoplay": 1,
                    "ugc_pay": 0,
                    "is_cooperation": 0,
                    "ugc_pay_preview": 0,
                    "no_background": 0,
                    "arc_pay": 0,
                    "pay_free_watch": 0
                },
                "owner": {
                    "mid": 4474705,
                    "name": "孤独的美食基",
                    "face": "https://i1.hdslb.com/bfs/face/df188387360d6ad90f9e36ac4aaea68ed9f3c9be.jpg"
                },
                "stat": {
                    "aid": 81847211,
                    "view": 5947259,
                    "danmaku": 55645,
                    "reply": 4124,
                    "favorite": 48920,
                    "coin": 235079,
                    "share": 4501,
                    "now_rank": 0,
                    "his_rank": 6,
                    "like": 455835,
                    "dislike": 0,
                    "vt": 0,
                    "vv": 5947259,
                    "fav_g": 0,
                    "like_g": 1
                },
                "dynamic": "1000多人民币一个便当，\n里面到底藏了什么大宝贝？\n点开康康啊~\n#美食圈##吃播##美食#",
                "cid": 140042986,
                "dimension": {
                    "width": 1920,
                    "height": 1080,
                    "rotate": 0
                },
                "short_link_v2": "https://b23.tv/BV1HJ411j7vs",
                "cover43": "",
                "tidv2": 2152,
                "tnamev2": "美食记录",
                "pid_v2": 1020,
                "pid_name_v2": "美食",
                "bvid": "BV1HJ411j7vs",
                "season_type": 0,
                "is_ogv": false,
                "ogv_info": null,
                "enable_vt": 0,
                "ai_rcmd": null,
                "rcmd_reason": "快过年了，必须大吃一斤！"
            },
            {
                "aid": 82536978,
                "videos": 1,
                "tid": 204,
                "tname": "环球",
                "copyright": 2,
                "pic": "http://i0.hdslb.com/bfs/archive/a8199fd3b466fd53ccc50e09ae6962b98d20ed9a.jpg",
                "title": "特朗普2011年预言：总统为了连任跟伊朗开战",
                "pubdate": 1578455561,
                "ctime": 1578455561,
                "desc": "每日秀\n特朗普2011年预言：总统为了连任跟伊朗开战",
                "state": 0,
                "duration": 42,
                "rights": {
                    "bp": 0,
                    "elec": 0,
                    "download": 0,
                    "movie": 0,
                    "pay": 0,
                    "hd5": 0,
                    "no_reprint": 0,
                    "autoplay": 1,
                    "ugc_pay": 0,
                    "is_cooperation": 0,
                    "ugc_pay_preview": 0,
                    "no_background": 0,
                    "arc_pay": 0,
                    "pay_free_watch": 0
                },
                "owner": {
                    "mid": 20165629,
                    "name": "共青团中央",
                    "face": "https://i1.hdslb.com/bfs/face/05725218e6cd8d0916da4f27ab56ca0957545c48.jpg"
                },
                "stat": {
                    "aid": 82536978,
                    "view": 2078730,
                    "danmaku": 2980,
                    "reply": 4027,
                    "favorite": 30454,
                    "coin": 23031,
                    "share": 78755,
                    "now_rank": 0,
                    "his_rank": 5,
                    "like": 113757,
                    "dislike": 0,
                    "vt": 0,
                    "vv": 2078730,
                    "fav_g": 0,
                    "like_g": 0
                },
                "dynamic": "特朗普2011年预言：总统为了连任跟伊朗开战#美国##伊朗##特朗普#",
                "cid": 141220119,
                "dimension": {
                    "width": 640,
                    "height": 336,
                    "rotate": 0
                },
                "short_link_v2": "https://b23.tv/BV18J411572i",
                "up_from_v2": 8,
                "cover43": "",
                "tidv2": 2089,
                "tnamev2": "时政解读",
                "pid_v2": 1010,
                "pid_name_v2": "知识",
                "bvid": "BV18J411572i",
                "season_type": 0,
                "is_ogv": false,
                "ogv_info": null,
                "enable_vt": 0,
                "ai_rcmd": null,
                "rcmd_reason": ""
            },
            {
                "aid": 82507698,
                "videos": 1,
                "tid": 17,
                "tname": "单机游戏",
                "copyright": 1,
                "pic": "http://i2.hdslb.com/bfs/archive/4c6c574f41edc44e10b14a01064dc401875f1f67.jpg",
                "title": "这游戏把我的牛奶都快玩出来了！",
                "pubdate": 1578418652,
                "ctime": 1578418653,
                "desc": "游戏:Superliminal\n第一期：av76538073\n第二期：av78364632\n第三期：av79677849\n大家要是喜欢这个视频的话可以素质三连哦~\n也可以顺便关注我的频道\n爱你们哟~\n新浪微博@中国BOY-Hans",
                "state": 0,
                "duration": 1669,
                "rights": {
                    "bp": 0,
                    "elec": 0,
                    "download": 0,
                    "movie": 0,
                    "pay": 0,
                    "hd5": 1,
                    "no_reprint": 1,
                    "autoplay": 1,
                    "ugc_pay": 0,
                    "is_cooperation": 0,
                    "ugc_pay_preview": 0,
                    "no_background": 0,
                    "arc_pay": 0,
                    "pay_free_watch": 0
                },
                "owner": {
                    "mid": 562197,
                    "name": "中国BOY超级大猩猩",
                    "face": "https://i0.hdslb.com/bfs/face/ffb50dd4e712386eb888030ebc6f4aea3a65cd8e.jpg"
                },
                "stat": {
                    "aid": 82507698,
                    "view": 6102556,
                    "danmaku": 48219,
                    "reply": 4716,
                    "favorite": 76854,
                    "coin": 199889,
                    "share": 11155,
                    "now_rank": 0,
                    "his_rank": 3,
                    "like": 269047,
                    "dislike": 0,
                    "vt": 0,
                    "vv": 6102556,
                    "fav_g": 0,
                    "like_g": 0
                },
                "dynamic": "#Superliminal##中国BOY##单机联机#",
                "cid": 141167909,
                "dimension": {
                    "width": 1920,
                    "height": 1080,
                    "rotate": 0
                },
                "short_link_v2": "https://b23.tv/BV1HJ41157i6",
                "cover43": "",
                "tidv2": 2079,
                "tnamev2": "其他游戏",
                "pid_v2": 1008,
                "pid_name_v2": "游戏",
                "bvid": "BV1HJ41157i6",
                "season_type": 0,
                "is_ogv": false,
                "ogv_info": null,
                "enable_vt": 0,
                "ai_rcmd": null,
                "rcmd_reason": "这是什么虎狼之词！"
            },
            {
                "aid": 82290680,
                "videos": 1,
                "tid": 205,
                "tname": "社会",
                "copyright": 1,
                "pic": "http://i2.hdslb.com/bfs/archive/a7fcfc48c8d4673bd7025ccfd419df163ea31b9d.jpg",
                "title": "成 年 人 的 世 界",
                "pubdate": 1578285655,
                "ctime": 1578285655,
                "desc": "1月2日，义东高速福田出口，一名收费员被不理解政策的司机辱骂，抽泣落泪，前一秒。这位高速收费员小姐姐，还哭得梨花带雨，而后一秒她就收起了悲伤，把最美的微笑送给过往司机。据悉，当事收费员小斯，今年只有20岁，刚刚入职2个月，1月2日是她新年第一天上班，也是全国路网实施并网切换的第二天，很多司机还不适应新变化，就将怒火发泄在了小斯的身上，这一天下来，她已经记不清被辱骂了几次，下午4点多，小斯被班长喊过去打开车道，看到小斯红着眼睛，班长问起缘由：“怎么哭了？”这一问，她紧绷的情绪一下子崩溃了....",
                "state": 0,
                "duration": 99,
                "rights": {
                    "bp": 0,
                    "elec": 0,
                    "download": 0,
                    "movie": 0,
                    "pay": 0,
                    "hd5": 1,
                    "no_reprint": 1,
                    "autoplay": 1,
                    "ugc_pay": 0,
                    "is_cooperation": 0,
                    "ugc_pay_preview": 0,
                    "no_background": 0,
                    "arc_pay": 0,
                    "pay_free_watch": 0
                },
                "owner": {
                    "mid": 384298638,
                    "name": "浙江共青团",
                    "face": "https://i0.hdslb.com/bfs/face/bc65657ca33cb932f0e7c4a9fc49eca8585e874c.jpg"
                },
                "stat": {
                    "aid": 82290680,
                    "view": 5890512,
                    "danmaku": 9543,
                    "reply": 8169,
                    "favorite": 37601,
                    "coin": 66883,
                    "share": 6968,
                    "now_rank": 0,
                    "his_rank": 19,
                    "like": 322483,
                    "dislike": 0,
                    "vt": 0,
                    "vv": 5890512,
                    "fav_g": 0,
                    "like_g": 0
                },
                "dynamic": "小姐姐的笑容由我来守护！",
                "cid": 140793667,
                "dimension": {
                    "width": 1920,
                    "height": 1080,
                    "rotate": 0
                },
                "short_link_v2": "https://b23.tv/BV1KJ411j7Bf",
                "cover43": "",
                "tidv2": 2196,
                "tnamev2": "职业vlog",
                "pid_v2": 1029,
                "pid_name_v2": "vlog",
                "bvid": "BV1KJ411j7Bf",
                "season_type": 0,
                "is_ogv": false,
                "ogv_info": null,
                "enable_vt": 0,
                "ai_rcmd": null,
                "rcmd_reason": "小姐姐加油！你的微笑是最美的"
            },
            {
                "aid": 82534855,
                "videos": 1,
                "tid": 138,
                "tname": "搞笑",
                "copyright": 1,
                "pic": "http://i2.hdslb.com/bfs/archive/cfa03e4066c7cb0c46e06747c862f3626e23ca8b.jpg",
                "title": "【朱一旦】130 一旦一旦大侠遇见那个给他劳力士的人",
                "pubdate": 1578477640,
                "ctime": 1578457809,
                "desc": "微博：朱一旦的枯燥生活\nYouTube：【朱一旦的枯燥生活】官方频道\n知乎/网易云：朱一旦的枯燥生活\n公众号：朱一旦的枯燥生活\nBGM：Last Reunion——EpicMusicVn\n钢琴版《友情岁月》 —— Cambridge李劲锋\n美丽拍挡 ——胡伟立",
                "state": 0,
                "duration": 429,
                "mission_id": 12598,
                "rights": {
                    "bp": 0,
                    "elec": 0,
                    "download": 0,
                    "movie": 0,
                    "pay": 0,
                    "hd5": 1,
                    "no_reprint": 1,
                    "autoplay": 1,
                    "ugc_pay": 0,
                    "is_cooperation": 0,
                    "ugc_pay_preview": 0,
                    "no_background": 0,
                    "arc_pay": 0,
                    "pay_free_watch": 0
                },
                "owner": {
                    "mid": 437316738,
                    "name": "朱一旦的枯燥生活",
                    "face": "https://i0.hdslb.com/bfs/face/48ad92f9e0eb9516f491ed18457e2a73e865ea8c.jpg"
                },
                "stat": {
                    "aid": 82534855,
                    "view": 3557586,
                    "danmaku": 45268,
                    "reply": 6027,
                    "favorite": 13312,
                    "coin": 60340,
                    "share": 9824,
                    "now_rank": 0,
                    "his_rank": 11,
                    "like": 237233,
                    "dislike": 0,
                    "vt": 0,
                    "vv": 3557586,
                    "fav_g": 0,
                    "like_g": 0
                },
                "dynamic": "#朱一旦的枯燥生活##枯燥##搞笑视频#",
                "cid": 141212006,
                "dimension": {
                    "width": 1920,
                    "height": 1080,
                    "rotate": 0
                },
                "short_link_v2": "https://b23.tv/BV1hJ41157Lh",
                "cover43": "",
                "tidv2": 2154,
                "tnamev2": "剧情演绎",
                "pid_v2": 1021,
                "pid_name_v2": "小剧场",
                "bvid": "BV1hJ41157Lh",
                "season_type": 0,
                "is_ogv": false,
                "ogv_info": null,
                "enable_vt": 0,
                "ai_rcmd": null,
                "rcmd_reason": "大话西游2020，震撼上映！"
            },
            {
                "aid": 81836821,
                "videos": 1,
                "tid": 213,
                "tname": "美食测评",
                "copyright": 1,
                "pic": "http://i2.hdslb.com/bfs/archive/389644877a401ae2ffd0473323ee48ee7c2b8607.jpg",
                "title": "喜欢吃螃蟹或海鲜的小伙伴甚至UP主们您一定要看看这期视频！！",
                "pubdate": 1578045612,
                "ctime": 1578045624,
                "desc": "视频每周二周五更新，感谢大家的支持~~~\n可以的话点个赞投个币哦~爱你们么么大！\n店铺链接：dxgll.taobao.com\n或某宝直接搜索店铺：大祥哥来了\n\nBGM：\nTLV - Time（Cover：MKJ）",
                "state": 0,
                "duration": 528,
                "rights": {
                    "bp": 0,
                    "elec": 0,
                    "download": 0,
                    "movie": 0,
                    "pay": 0,
                    "hd5": 0,
                    "no_reprint": 1,
                    "autoplay": 1,
                    "ugc_pay": 0,
                    "is_cooperation": 0,
                    "ugc_pay_preview": 0,
                    "no_background": 0,
                    "arc_pay": 0,
                    "pay_free_watch": 0
                },
                "owner": {
                    "mid": 2920960,
                    "name": "大祥哥来了",
                    "face": "https://i1.hdslb.com/bfs/face/c72fee3b75a352f6a8d6c3e98bf0e050afa0caa0.jpg"
                },
                "stat": {
                    "aid": 81836821,
                    "view": 3819803,
                    "danmaku": 12483,
                    "reply": 3042,
                    "favorite": 14739,
                    "coin": 116918,
                    "share": 3758,
                    "now_rank": 0,
                    "his_rank": 5,
                    "like": 202581,
                    "dislike": 0,
                    "vt": 0,
                    "vv": 3819803,
                    "fav_g": 0,
                    "like_g": 1
                },
                "dynamic": "#试吃##搞笑##吃播#",
                "cid": 140024815,
                "dimension": {
                    "width": 1920,
                    "height": 1080,
                    "rotate": 0
                },
                "short_link_v2": "https://b23.tv/BV1tJ411j7NS",
                "cover43": "",
                "tidv2": 2151,
                "tnamev2": "美食测评",
                "pid_v2": 1020,
                "pid_name_v2": "美食",
                "bvid": "BV1tJ411j7NS",
                "season_type": 0,
                "is_ogv": false,
                "ogv_info": null,
                "enable_vt": 0,
                "ai_rcmd": null,
                "rcmd_reason": "螃蟹界也有铁憨憨！"
            },
            {
                "aid": 81971573,
                "videos": 1,
                "tid": 138,
                "tname": "搞笑",
                "copyright": 1,
                "pic": "http://i0.hdslb.com/bfs/archive/e27c1e54a87d385f9b890d60135e02311bd28125.jpg",
                "title": "海          王",
                "pubdate": 1578096053,
                "ctime": 1578079126,
                "desc": "sea king",
                "state": 0,
                "duration": 139,
                "rights": {
                    "bp": 0,
                    "elec": 0,
                    "download": 0,
                    "movie": 0,
                    "pay": 0,
                    "hd5": 1,
                    "no_reprint": 1,
                    "autoplay": 1,
                    "ugc_pay": 0,
                    "is_cooperation": 0,
                    "ugc_pay_preview": 0,
                    "no_background": 0,
                    "arc_pay": 0,
                    "pay_free_watch": 0
                },
                "owner": {
                    "mid": 45718115,
                    "name": "神龙士力架",
                    "face": "https://i2.hdslb.com/bfs/face/92baa2f2527d1ad5fe98827a5010bde5587df1cd.jpg"
                },
                "stat": {
                    "aid": 81971573,
                    "view": 7866991,
                    "danmaku": 5854,
                    "reply": 2274,
                    "favorite": 144763,
                    "coin": 151469,
                    "share": 50121,
                    "now_rank": 0,
                    "his_rank": 7,
                    "like": 437634,
                    "dislike": 0,
                    "vt": 0,
                    "vv": 7866991,
                    "fav_g": 0,
                    "like_g": 0
                },
                "dynamic": "#海王##原创##魔性#",
                "cid": 140263137,
                "dimension": {
                    "width": 1920,
                    "height": 1080,
                    "rotate": 0
                },
                "short_link_v2": "https://b23.tv/BV1fJ411j7HZ",
                "cover43": "",
                "tidv2": 2059,
                "tnamev2": "鬼畜调教",
                "pid_v2": 1007,
                "pid_name_v2": "鬼畜",
                "bvid": "BV1fJ411j7HZ",
                "season_type": 0,
                "is_ogv": false,
                "ogv_info": null,
                "enable_vt": 0,
                "ai_rcmd": null,
                "rcmd_reason": "酷炫大制作！这真的不是原版电影片段吗？？"
            },
            {
                "aid": 82008182,
                "videos": 1,
                "tid": 218,
                "tname": "喵星人",
                "copyright": 1,
                "pic": "http://i0.hdslb.com/bfs/archive/fadb7abcd87d6f87595b7484d5a600f06e9089b9.jpg",
                "title": "橘猫猪突猛进,崩断牙手术花了4000多,还饿到生无可恋!【花花与三猫】",
                "pubdate": 1578122386,
                "ctime": 1578122386,
                "desc": "猪皮前段时间把牙齿崩断了\n所以我们要带它去医院\n看牙医做补牙手术\n做完手术后\n猪猪哭（饿）得泪流满面\n一回家就去找吃的\n果然是橘猫啊~\n喜欢记得长按点赞，素质三连呀~\n关注微博@花花与三猫CatLive 上面会发一些小视频和日常",
                "state": 0,
                "duration": 351,
                "mission_id": 12549,
                "rights": {
                    "bp": 0,
                    "elec": 0,
                    "download": 0,
                    "movie": 0,
                    "pay": 0,
                    "hd5": 1,
                    "no_reprint": 1,
                    "autoplay": 1,
                    "ugc_pay": 0,
                    "is_cooperation": 0,
                    "ugc_pay_preview": 0,
                    "no_background": 0,
                    "arc_pay": 0,
                    "pay_free_watch": 0
                },
                "owner": {
                    "mid": 9008159,
                    "name": "花花与三猫CatLive",
                    "face": "https://i2.hdslb.com/bfs/face/1871c834255ffea531f699164e70f0daebc7558b.jpg"
                },
                "stat": {
                    "aid": 82008182,
                    "view": 3377117,
                    "danmaku": 8745,
                    "reply": 3466,
                    "favorite": 20438,
                    "coin": 92083,
                    "share": 9413,
                    "now_rank": 0,
                    "his_rank": 11,
                    "like": 160132,
                    "dislike": 0,
                    "vt": 0,
                    "vv": 3377117,
                    "fav_g": 0,
                    "like_g": 3
                },
                "dynamic": "猪皮：以后还能啃小鱼干吗？",
                "cid": 140323212,
                "dimension": {
                    "width": 1920,
                    "height": 1080,
                    "rotate": 0
                },
                "short_link_v2": "https://b23.tv/BV1gJ41177LT",
                "cover43": "",
                "tidv2": 2167,
                "tnamev2": "猫",
                "pid_v2": 1024,
                "pid_name_v2": "动物",
                "bvid": "BV1gJ41177LT",
                "season_type": 0,
                "is_ogv": false,
                "ogv_info": null,
                "enable_vt": 0,
                "ai_rcmd": null,
                "rcmd_reason": "哭泣，喵星人也逃不过根管治疗！"
            },
            {
                "aid": 82575495,
                "videos": 1,
                "tid": 214,
                "tname": "田园美食",
                "copyright": 1,
                "pic": "http://i2.hdslb.com/bfs/archive/a2aaf35022062d6cb66dd51d049589b9c4fffd5a.jpg",
                "title": "【腊肠煲仔饭】当腊味煲仔饭遇上胡椒猪肚鸡，你又以为有故事？还是没有！",
                "pubdate": 1578480451,
                "ctime": 1578480451,
                "desc": "正是家家户户杀年猪的时候\n腊肉 腊肠用冷熏的法子做了个遍\n大冷天的煮了个客家传统老汤“胡椒猪肚鸡”\n配个腊味煲仔饭+咸蛋黄猪肝\n这都是什么人间美味！！",
                "state": 0,
                "duration": 664,
                "rights": {
                    "bp": 0,
                    "elec": 0,
                    "download": 0,
                    "movie": 0,
                    "pay": 0,
                    "hd5": 0,
                    "no_reprint": 1,
                    "autoplay": 1,
                    "ugc_pay": 0,
                    "is_cooperation": 0,
                    "ugc_pay_preview": 0,
                    "no_background": 0,
                    "arc_pay": 0,
                    "pay_free_watch": 0
                },
                "owner": {
                    "mid": 19577966,
                    "name": "李子柒",
                    "face": "https://i2.hdslb.com/bfs/face/82d27965dae3b2fe9e52780c6309c7b37ad4cbf2.jpg"
                },
                "stat": {
                    "aid": 82575495,
                    "view": 4395376,
                    "danmaku": 28937,
                    "reply": 4810,
                    "favorite": 22122,
                    "coin": 105532,
                    "share": 22295,
                    "now_rank": 0,
                    "his_rank": 14,
                    "like": 211826,
                    "dislike": 0,
                    "vt": 0,
                    "vv": 4395376,
                    "fav_g": 0,
                    "like_g": 16
                },
                "dynamic": "一口鸡汤，两三片腊肠，蘸一筷子腐乳，好个下饭呀！#美食圈##美食##腊肠#",
                "cid": 141284664,
                "dimension": {
                    "width": 1920,
                    "height": 1080,
                    "rotate": 0
                },
                "short_link_v2": "https://b23.tv/BV1GJ411G7Ld",
                "cover43": "",
                "tidv2": 2149,
                "tnamev2": "美食制作",
                "pid_v2": 1020,
                "pid_name_v2": "美食",
                "bvid": "BV1GJ411G7Ld",
                "season_type": 0,
                "is_ogv": false,
                "ogv_info": null,
                "enable_vt": 0,
                "ai_rcmd": null,
                "rcmd_reason": "一根腊肠的诞生，看饿了！"
            }
        ]
    }
}