{
    "code": 0,
    "message": "OK",
    "ttl": 1,
    "data": {
        "config": {
            "id": 50,
            "type": "weekly_selected",
            "number": 46,
            "subject": "关于新冠肺炎的一切",
            "stime": 1580400000,
            "etime": 1581004799,
            "status": 2,
            "name": "2020第46期 01.31 - 02.06",
            "label": "第46期(0207更新)",
            "hint": "",
            "color": 0,
            "cover": "",
            "share_title": "【回形针】关于新冠肺炎的一切 | B站每周必看第46期",
            "share_subtitle": "如何发生和传播的？死亡率和传播速度有多高？如何降低被感染的可能性？",
            "media_id": 822758588
        },
        "reminder": "每周五晚18:00更新",
        "list": [
            {
                "aid": 86158890,
                "videos": 1,
                "tid": 216,
                "tname": "鬼畜剧场",
                "copyright": 1,
                "pic": "http://i0.hdslb.com/bfs/archive/0cdee667054fe7ae8f9347fa8a53c9880bbf02dd.jpg",
                "title": "我们，鬼畜区，向冠状病毒宣战！",
                "pubdate": 1580608822,
                "ctime": 1580578475,
                "desc": "遵从发起者号召，此视频48小时内收益已全部捐献于韩红基金会",
                "state": 0,
                "duration": 364,
                "mission_id": 12793,
                "rights": {
                    "bp": 0,
                    "elec": 0,
                    "download": 0,
                    "movie": 0,
                    "pay": 0,
                    "hd5": 1,
                    "no_reprint": 1,
                    "autoplay": 1,
                    "ugc_pay": 0,
                    "is_cooperation": 0,
                    "ugc_pay_preview": 0,
                    "no_background": 0,
                    "arc_pay": 0,
                    "pay_free_watch": 0
                },
                "owner": {
                    "mid": 305214791,
                    "name": "无尽の零",
                    "face": "https://i2.hdslb.com/bfs/face/1c7c473b57b7c582131612ee000532b770c57b06.jpg"
                },
                "stat": {
                    "aid": 86158890,
                    "view": 10606586,
                    "danmaku": 206895,
                    "reply": 12219,
                    "favorite": 553292,
                    "coin": 1465095,
                    "share": 251258,
                    "now_rank": 0,
                    "his_rank": 1,
                    "like": 1447150,
                    "dislike": 0,
                    "vt": 0,
                    "vv": 10606586,
                    "fav_g": 0,
                    "like_g": 0
                },
                "dynamic": "遵从发起者号召，此视频48小时内收益已全部捐献于韩红基金会\n一届学生没什么能力，只能跟着大佬们的脚步，为抗击病毒贡献一份力量",
                "cid": 147260971,
                "dimension": {
                    "width": 1920,
                    "height": 1080,
                    "rotate": 0
                },
                "short_link_v2": "https://b23.tv/BV1q7411x7H6",
                "cover43": "",
                "tidv2": 2060,
                "tnamev2": "鬼畜剧场",
                "pid_v2": 1007,
                "pid_name_v2": "鬼畜",
                "bvid": "BV1q7411x7H6",
                "season_type": 0,
                "is_ogv": false,
                "ogv_info": null,
                "enable_vt": 0,
                "ai_rcmd": null,
                "rcmd_reason": "此战必将载入鬼畜区史册！！！"
            },
            {
                "aid": 86374157,
                "videos": 1,
                "tid": 138,
                "tname": "搞笑",
                "copyright": 1,
                "pic": "http://i2.hdslb.com/bfs/archive/5db3dcb7cc3ee7bab94080bac965c2c8f0fc21a9.jpg",
                "title": "建 议 改 成:全 国 人 民 现 状",
                "pubdate": 1580655329,
                "ctime": 1580655329,
                "desc": "没什么好说的。一切困难在伟大的中国人民面前都将迎刃而解！\n加油",
                "state": 0,
                "duration": 140,
                "rights": {
                    "bp": 0,
                    "elec": 0,
                    "download": 0,
                    "movie": 0,
                    "pay": 0,
                    "hd5": 0,
                    "no_reprint": 1,
                    "autoplay": 1,
                    "ugc_pay": 0,
                    "is_cooperation": 0,
                    "ugc_pay_preview": 0,
                    "no_background": 0,
                    "arc_pay": 0,
                    "pay_free_watch": 0
                },
                "owner": {
                    "mid": 287529225,
                    "name": "提着刀的胖虎",
                    "face": "http://i0.hdslb.com/bfs/face/b4437abfdc3b05e914f4fb87c2c593f42d4740ea.jpg"
                },
                "stat": {
                    "aid": 86374157,
                    "view": 4415633,
                    "danmaku": 10909,
                    "reply": 3108,
                    "favorite": 48356,
                    "coin": 102875,
                    "share": 15385,
                    "now_rank": 0,
                    "his_rank": 16,
                    "like": 320385,
                    "dislike": 0,
                    "vt": 0,
                    "vv": 4415633,
                    "fav_g": 0,
                    "like_g": 0
                },
                "dynamic": "#千层套路##搞笑视频##逗比#\n加油",
                "cid": 147627228,
                "dimension": {
                    "width": 1920,
                    "height": 1080,
                    "rotate": 0
                },
                "short_link_v2": "https://b23.tv/BV1X7411W7fs",
                "cover43": "",
                "tidv2": 2207,
                "tnamev2": "随拍·综合",
                "pid_v2": 1032,
                "pid_name_v2": "其他",
                "bvid": "BV1X7411W7fs",
                "season_type": 0,
                "is_ogv": false,
                "ogv_info": null,
                "enable_vt": 0,
                "ai_rcmd": null,
                "rcmd_reason": "一切困难在伟大的中国人民面前都将迎刃而解！"
            },
            {
                "aid": 86888362,
                "videos": 1,
                "tid": 253,
                "tname": "动漫杂谈",
                "copyright": 1,
                "pic": "http://i2.hdslb.com/bfs/archive/516cf08e2c42d0bfd32b2dd86f2388f466e41393.jpg",
                "title": "我竟然上电视了！【阅片无数33】",
                "pubdate": 1580911229,
                "ctime": 1580899436,
                "desc": "想看更多的阅片无数小伙伴们转发三连搞起来哦\n更多生活中的凉风请参见→微博@凉风Kaze\n第三十二期av84530255：你爱你老婆，我也爱你老婆，那我们不是一边的吗？.jpg\n第三十一期av83504357：你女朋友可能是个男的.jpg\n第三十期av82541261：我们的干警二十四小时盯这个群.jpg\n第二十九期av81630341：男女接吻真的会喘不过气吗？\n第二十八期av80524762：是什么片让图书馆大爷看的泪流满面？\n第二十七期av79656005：请问up，在全班面前强人锁男的片段出自啥片？",
                "state": 0,
                "duration": 1202,
                "order_id": 10018886,
                "rights": {
                    "bp": 0,
                    "elec": 0,
                    "download": 0,
                    "movie": 0,
                    "pay": 0,
                    "hd5": 1,
                    "no_reprint": 1,
                    "autoplay": 1,
                    "ugc_pay": 0,
                    "is_cooperation": 0,
                    "ugc_pay_preview": 0,
                    "no_background": 0,
                    "arc_pay": 0,
                    "pay_free_watch": 0
                },
                "owner": {
                    "mid": 14110780,
                    "name": "凉风Kaze",
                    "face": "https://i1.hdslb.com/bfs/face/e0cc906bb531195e9ee9f3b575effdd2b056eaea.jpg"
                },
                "stat": {
                    "aid": 86888362,
                    "view": 8116089,
                    "danmaku": 111099,
                    "reply": 16251,
                    "favorite": 91366,
                    "coin": 309733,
                    "share": 13890,
                    "now_rank": 0,
                    "his_rank": 1,
                    "like": 575082,
                    "dislike": 0,
                    "vt": 0,
                    "vv": 8116089,
                    "fav_g": 0,
                    "like_g": 1
                },
                "dynamic": "我竟然上电视了！\n你们要的#阅片无数#巨长版来了！",
                "cid": 148540678,
                "dimension": {
                    "width": 1920,
                    "height": 1080,
                    "rotate": 0
                },
                "season_id": 175,
                "short_link_v2": "https://b23.tv/BV1T7411H7DA",
                "pub_location": "福建",
                "cover43": "",
                "tidv2": 2042,
                "tnamev2": "动漫评论",
                "pid_v2": 1005,
                "pid_name_v2": "二次元",
                "bvid": "BV1T7411H7DA",
                "season_type": 0,
                "is_ogv": false,
                "ogv_info": null,
                "enable_vt": 0,
                "ai_rcmd": null,
                "rcmd_reason": "这长度，周更番剧《阅片无数》证实"
            },
            {
                "aid": 86478090,
                "videos": 1,
                "tid": 183,
                "tname": "影视剪辑",
                "copyright": 1,
                "pic": "http://i2.hdslb.com/bfs/archive/25c5ac0fb244b6823bb443e446d9123d6c6ed0a7.jpg",
                "title": "看完这个视频你会爱上数学的！！！",
                "pubdate": 1580717133,
                "ctime": 1580716088,
                "desc": "被数学爱上：BV1F741137E8\n爱上物理：BV1HX4y1g7dP\n爱上地理：BV1eh411q7iL\n爱上化学：BV18Q4y1X7j6",
                "state": 0,
                "duration": 143,
                "mission_id": 12642,
                "rights": {
                    "bp": 0,
                    "elec": 0,
                    "download": 0,
                    "movie": 0,
                    "pay": 0,
                    "hd5": 0,
                    "no_reprint": 1,
                    "autoplay": 1,
                    "ugc_pay": 0,
                    "is_cooperation": 0,
                    "ugc_pay_preview": 0,
                    "no_background": 0,
                    "arc_pay": 0,
                    "pay_free_watch": 0
                },
                "owner": {
                    "mid": 503159337,
                    "name": "诺诺雾",
                    "face": "https://i0.hdslb.com/bfs/face/cf612958d7883382e5f644dc9b2be228b2517f06.jpg"
                },
                "stat": {
                    "aid": 86478090,
                    "view": 16196160,
                    "danmaku": 62453,
                    "reply": 16748,
                    "favorite": 460097,
                    "coin": 275126,
                    "share": 67962,
                    "now_rank": 0,
                    "his_rank": 3,
                    "like": 937471,
                    "dislike": 0,
                    "vt": 0,
                    "vv": 16196160,
                    "fav_g": 59,
                    "like_g": 14
                },
                "dynamic": "#剪辑##电影剪辑##百事可乐-过个家香年#",
                "cid": 147798189,
                "dimension": {
                    "width": 1024,
                    "height": 576,
                    "rotate": 0
                },
                "short_link_v2": "https://b23.tv/BV1e7411s7W6",
                "cover43": "",
                "tidv2": 2002,
                "tnamev2": "影视剪辑",
                "pid_v2": 1001,
                "pid_name_v2": "影视",
                "bvid": "BV1e7411s7W6",
                "season_type": 0,
                "is_ogv": false,
                "ogv_info": null,
                "enable_vt": 0,
                "ai_rcmd": null,
                "rcmd_reason": "爱归爱，不会归不会"
            },
            {
                "aid": 87071074,
                "videos": 1,
                "tid": 21,
                "tname": "日常",
                "copyright": 1,
                "pic": "http://i1.hdslb.com/bfs/archive/c19daec5a6bc5c094005dd786989f27880b524f2.jpg",
                "title": "【武汉Vlog】去百步亭给82岁老爷爷送菜 跟拍居委会工作的一天",
                "pubdate": 1580968634,
                "ctime": 1580968634,
                "desc": "武汉市江岸区百步亭花园社区一共居住着18万名居民，总台记者来到悦秀苑居委会。疫情爆发以来，他们开始承担起了组织社区居民共同抗击疫情的任务。社区每天都要义务给老人送去新鲜蔬菜，并关注老人的健康状况。服务好本社区居民，确保本社区内居民的身体健康，赢得他们的认可，就是这场“战疫”中，社区工作人员最大的荣誉与获得。",
                "state": 0,
                "duration": 363,
                "rights": {
                    "bp": 0,
                    "elec": 0,
                    "download": 0,
                    "movie": 0,
                    "pay": 0,
                    "hd5": 1,
                    "no_reprint": 1,
                    "autoplay": 1,
                    "ugc_pay": 0,
                    "is_cooperation": 1,
                    "ugc_pay_preview": 0,
                    "no_background": 0,
                    "arc_pay": 0,
                    "pay_free_watch": 0
                },
                "owner": {
                    "mid": 456664753,
                    "name": "央视新闻",
                    "face": "https://i1.hdslb.com/bfs/face/e649df706cdb30c0f300e755f0330faeaf6b498b.jpg"
                },
                "stat": {
                    "aid": 87071074,
                    "view": 673497,
                    "danmaku": 3718,
                    "reply": 929,
                    "favorite": 2696,
                    "coin": 11996,
                    "share": 3348,
                    "now_rank": 0,
                    "his_rank": 0,
                    "like": 35118,
                    "dislike": 0,
                    "vt": 0,
                    "vv": 673497,
                    "fav_g": 0,
                    "like_g": 0
                },
                "dynamic": "服务好本社区居民，确保本社区内居民的身体健康，赢得他们的认可，就是这场“战疫”中，社区工作人员最大的荣誉与获得。#武汉##VLOG##纪实#",
                "cid": 148896733,
                "dimension": {
                    "width": 1920,
                    "height": 1080,
                    "rotate": 0
                },
                "season_id": 264,
                "short_link_v2": "https://b23.tv/BV1E7411h7KH",
                "cover43": "",
                "tidv2": 2197,
                "tnamev2": "其他vlog",
                "pid_v2": 1029,
                "pid_name_v2": "vlog",
                "bvid": "BV1E7411h7KH",
                "season_type": 0,
                "is_ogv": false,
                "ogv_info": null,
                "enable_vt": 0,
                "ai_rcmd": null,
                "rcmd_reason": "各位基层人员辛苦了！"
            },
            {
                "aid": 85965831,
                "videos": 1,
                "tid": 22,
                "tname": "鬼畜调教",
                "copyright": 1,
                "pic": "http://i1.hdslb.com/bfs/archive/86a3bf504f8af737d31fa5dc96590e06619f0452.jpg",
                "title": "【抗肺炎】村长硬核广播trap《贱》",
                "pubdate": 1580530258,
                "ctime": 1580479213,
                "desc": "保护自己！不要犯贱！做好防护！武汉加油！中国加油！\n素材:av85752984 BGM：GLOCK幺七 - 【FREE】Lil pump type beat remix＊Esskeetit",
                "state": 0,
                "duration": 71,
                "mission_id": 12793,
                "rights": {
                    "bp": 0,
                    "elec": 0,
                    "download": 0,
                    "movie": 0,
                    "pay": 0,
                    "hd5": 0,
                    "no_reprint": 1,
                    "autoplay": 1,
                    "ugc_pay": 0,
                    "is_cooperation": 0,
                    "ugc_pay_preview": 0,
                    "no_background": 0,
                    "arc_pay": 0,
                    "pay_free_watch": 0
                },
                "owner": {
                    "mid": 6171645,
                    "name": "OELoop",
                    "face": "https://i0.hdslb.com/bfs/face/4c2b56aff449015fee41eb47538ea6f5b6b78948.jpg"
                },
                "stat": {
                    "aid": 85965831,
                    "view": 22367941,
                    "danmaku": 69504,
                    "reply": 16198,
                    "favorite": 772353,
                    "coin": 1103104,
                    "share": 556553,
                    "now_rank": 0,
                    "his_rank": 2,
                    "like": 1582160,
                    "dislike": 0,
                    "vt": 0,
                    "vv": 22367941,
                    "fav_g": 0,
                    "like_g": 3
                },
                "dynamic": "#抗击肺炎大作战##搞笑##鬼畜#",
                "cid": 146940519,
                "dimension": {
                    "width": 1280,
                    "height": 720,
                    "rotate": 0
                },
                "short_link_v2": "https://b23.tv/BV1P7411z75Y",
                "cover43": "",
                "tidv2": 2059,
                "tnamev2": "鬼畜调教",
                "pid_v2": 1007,
                "pid_name_v2": "鬼畜",
                "bvid": "BV1P7411z75Y",
                "season_type": 0,
                "is_ogv": false,
                "ogv_info": null,
                "enable_vt": 0,
                "ai_rcmd": null,
                "rcmd_reason": "村里最好的rapper"
            },
            {
                "aid": 86961392,
                "videos": 1,
                "tid": 17,
                "tname": "单机游戏",
                "copyright": 1,
                "pic": "http://i1.hdslb.com/bfs/archive/29f63c78989348dedc003d939cbd7326d5d1b224.jpg",
                "title": "连续爆肝45天用方块还原拜年祭？【火锅城】完美细节还原！",
                "pubdate": 1580970455,
                "ctime": 1580926281,
                "desc": "各位看官新年好！在新年同是疫情困难的期间，我们完成还原了这次拜年祭的火锅城的项目，希望大家在家期间能看的尽兴，疫情严峻，希望大家也能多在国内官方的指示下保证自己的安全和身体健康！\n同时感谢所有参建人员，各位在年前奔波中抽空，在过年期间的熬夜的每一天都辛苦了！\n再说明一下实际的制作情况，因为年末同时连肝包括哔哩哔哩小镇在内的这两个项目，所以这个项目的实际完成时间其实是年三十前后两周，再加上制作视频六天，实际上总共大概用了三周左右~\n\n过段时间我们还会有更多更加重磅的项目进行发布，各位敬请期待。",
                "state": 0,
                "duration": 182,
                "mission_id": 12781,
                "rights": {
                    "bp": 0,
                    "elec": 0,
                    "download": 0,
                    "movie": 0,
                    "pay": 0,
                    "hd5": 1,
                    "no_reprint": 1,
                    "autoplay": 1,
                    "ugc_pay": 0,
                    "is_cooperation": 0,
                    "ugc_pay_preview": 0,
                    "no_background": 0,
                    "arc_pay": 0,
                    "pay_free_watch": 0
                },
                "owner": {
                    "mid": 24323,
                    "name": "国家建筑师Cthuwork",
                    "face": "https://i2.hdslb.com/bfs/face/0bf05a90f9230133ce6d6c153b205c6467c4648e.jpg"
                },
                "stat": {
                    "aid": 86961392,
                    "view": 2805205,
                    "danmaku": 13599,
                    "reply": 4266,
                    "favorite": 104544,
                    "coin": 268886,
                    "share": 18729,
                    "now_rank": 0,
                    "his_rank": 3,
                    "like": 326232,
                    "dislike": 0,
                    "vt": 0,
                    "vv": 2805205,
                    "fav_g": 0,
                    "like_g": 1
                },
                "dynamic": "#我的别样拜年祭##2020拜年祭##我的世界#\n各位看官新年好！在新年同是疫情困难的期间，我们完成还原了这次拜年祭的火锅城的项目，希望大家在家期间能看的尽兴，同时疫情严峻，希望大家也能多在国内官方的指示下保证自己的安全和身体健康！\n同时感谢所有参建人员，各位在年前奔波中抽空，在过年期间的熬夜的每一天都辛苦了！\n\n过段时间我们还会有更多更加重磅的项目进行发布，各位敬请期待。",
                "cid": 148878233,
                "dimension": {
                    "width": 1920,
                    "height": 1080,
                    "rotate": 0
                },
                "short_link_v2": "https://b23.tv/BV187411H782",
                "cover43": "",
                "tidv2": 2078,
                "tnamev2": "沙盒类",
                "pid_v2": 1008,
                "pid_name_v2": "游戏",
                "bvid": "BV187411H782",
                "season_type": 0,
                "is_ogv": false,
                "ogv_info": null,
                "enable_vt": 0,
                "ai_rcmd": null,
                "rcmd_reason": "游戏名：别人的世界"
            },
            {
                "aid": 86478875,
                "videos": 1,
                "tid": 21,
                "tname": "日常",
                "copyright": 1,
                "pic": "http://i1.hdslb.com/bfs/archive/1ee00be65b0ed763ffc005fc9914bf7a8184b981.jpg",
                "title": "计算机仿真程序告诉你为什么现在还没到出门的时候！！！",
                "pubdate": 1580715700,
                "ctime": 1580715700,
                "desc": "哎，亲戚真气人，咋就管不住自己呢？像个三岁小孩一样！",
                "state": 0,
                "duration": 321,
                "mission_id": 12793,
                "rights": {
                    "bp": 0,
                    "elec": 0,
                    "download": 0,
                    "movie": 0,
                    "pay": 0,
                    "hd5": 0,
                    "no_reprint": 1,
                    "autoplay": 1,
                    "ugc_pay": 0,
                    "is_cooperation": 0,
                    "ugc_pay_preview": 0,
                    "no_background": 0,
                    "arc_pay": 0,
                    "pay_free_watch": 0
                },
                "owner": {
                    "mid": 481434238,
                    "name": "Ele实验室",
                    "face": "http://i1.hdslb.com/bfs/face/847f67dc92c8eee0afc5649627ba0acf5f6123a8.jpg"
                },
                "stat": {
                    "aid": 86478875,
                    "view": 4105559,
                    "danmaku": 9592,
                    "reply": 5615,
                    "favorite": 109430,
                    "coin": 335642,
                    "share": 184362,
                    "now_rank": 0,
                    "his_rank": 3,
                    "like": 426718,
                    "dislike": 0,
                    "vt": 0,
                    "vv": 4105559,
                    "fav_g": 0,
                    "like_g": 0
                },
                "dynamic": "#抗击肺炎大作战##新型冠状病毒##武汉加油#",
                "cid": 147799702,
                "dimension": {
                    "width": 1280,
                    "height": 720,
                    "rotate": 0
                },
                "short_link_v2": "https://b23.tv/BV1i7411s74Y",
                "cover43": "",
                "tidv2": 2103,
                "tnamev2": "工程机械",
                "pid_v2": 1012,
                "pid_name_v2": "科技数码",
                "bvid": "BV1i7411s74Y",
                "season_type": 0,
                "is_ogv": false,
                "ogv_info": null,
                "enable_vt": 0,
                "ai_rcmd": null,
                "rcmd_reason": "待在家里也是在战斗！"
            },
            {
                "aid": 86724612,
                "videos": 1,
                "tid": 138,
                "tname": "搞笑",
                "copyright": 1,
                "pic": "http://i2.hdslb.com/bfs/archive/f9817af87879e097fac2e89330d46e827dc4272e.jpg",
                "title": "【朱一旦】碰到一个人在卖口罩，张口就是3万！",
                "pubdate": 1580817994,
                "ctime": 1580814708,
                "desc": "船新的二维版本来了\n还请大家多多投币收藏分享出去\nbgm：美丽拍档——胡伟立\n微博：朱一旦的二维生活",
                "state": 0,
                "duration": 102,
                "mission_id": 12793,
                "rights": {
                    "bp": 0,
                    "elec": 0,
                    "download": 0,
                    "movie": 0,
                    "pay": 0,
                    "hd5": 1,
                    "no_reprint": 1,
                    "autoplay": 1,
                    "ugc_pay": 0,
                    "is_cooperation": 0,
                    "ugc_pay_preview": 0,
                    "no_background": 0,
                    "arc_pay": 0,
                    "pay_free_watch": 0
                },
                "owner": {
                    "mid": 503569552,
                    "name": "朱一旦的二维生活",
                    "face": "http://i1.hdslb.com/bfs/face/8a58fcf3029d56e76b0129a6ac3c572511804cc4.jpg"
                },
                "stat": {
                    "aid": 86724612,
                    "view": 2722749,
                    "danmaku": 2164,
                    "reply": 3958,
                    "favorite": 14822,
                    "coin": 81676,
                    "share": 4913,
                    "now_rank": 0,
                    "his_rank": 23,
                    "like": 243129,
                    "dislike": 0,
                    "vt": 0,
                    "vv": 2722749,
                    "fav_g": 0,
                    "like_g": 0
                },
                "dynamic": "船新的二维版本来了\n还请大家多多投币收藏分享出去\n疫情正进入关键时期，还请大家出门戴口罩、不去人流密集的地方、\n勤洗手、室内多通风！保护好自己和家人！不造谣、不信谣、不传谣！\n#朱一旦##枯燥##口罩#",
                "cid": 148290044,
                "dimension": {
                    "width": 1080,
                    "height": 1920,
                    "rotate": 0
                },
                "short_link_v2": "https://b23.tv/BV1F7411W7RR",
                "cover43": "",
                "tidv2": 2037,
                "tnamev2": "同人动画",
                "pid_v2": 1005,
                "pid_name_v2": "二次元",
                "bvid": "BV1F7411W7RR",
                "season_type": 0,
                "is_ogv": false,
                "ogv_info": null,
                "enable_vt": 0,
                "ai_rcmd": null,
                "rcmd_reason": "不一样的画风，一样的内八"
            },
            {
                "aid": 86244658,
                "videos": 1,
                "tid": 47,
                "tname": "同人·手书",
                "copyright": 1,
                "pic": "http://i0.hdslb.com/bfs/archive/5131b89f30e0683f31f9b4a75a940bc104716201.jpg",
                "title": "【沙雕动画】因为，我是医生",
                "pubdate": 1580617835,
                "ctime": 1580617836,
                "desc": "热爱，是没有理由的。我们在追寻答案的过程中，就已经活成了答案本身",
                "state": 0,
                "duration": 191,
                "mission_id": 12793,
                "rights": {
                    "bp": 0,
                    "elec": 0,
                    "download": 0,
                    "movie": 0,
                    "pay": 0,
                    "hd5": 0,
                    "no_reprint": 1,
                    "autoplay": 1,
                    "ugc_pay": 0,
                    "is_cooperation": 0,
                    "ugc_pay_preview": 0,
                    "no_background": 0,
                    "arc_pay": 0,
                    "pay_free_watch": 0
                },
                "owner": {
                    "mid": 50245973,
                    "name": "冰糖葫芦没放盐",
                    "face": "https://i2.hdslb.com/bfs/face/bb08063cc64cf735d33263b6288b1b8f566c9bdd.jpg"
                },
                "stat": {
                    "aid": 86244658,
                    "view": 4704993,
                    "danmaku": 55249,
                    "reply": 8739,
                    "favorite": 232387,
                    "coin": 1012861,
                    "share": 51857,
                    "now_rank": 0,
                    "his_rank": 6,
                    "like": 896089,
                    "dislike": 0,
                    "vt": 0,
                    "vv": 4704993,
                    "fav_g": 0,
                    "like_g": 0
                },
                "dynamic": "#抗击肺炎大作战##原创动画##自制动画#",
                "cid": 147408908,
                "dimension": {
                    "width": 1920,
                    "height": 1080,
                    "rotate": 0
                },
                "short_link_v2": "https://b23.tv/BV197411x7T3",
                "pub_location": "广东",
                "cover43": "",
                "tidv2": 2037,
                "tnamev2": "同人动画",
                "pid_v2": 1005,
                "pid_name_v2": "二次元",
                "bvid": "BV197411x7T3",
                "season_type": 0,
                "is_ogv": false,
                "ogv_info": null,
                "enable_vt": 0,
                "ai_rcmd": null,
                "rcmd_reason": "热爱，是没有理由的"
            },
            {
                "aid": 85792473,
                "videos": 1,
                "tid": 24,
                "tname": "MAD·AMV",
                "copyright": 1,
                "pic": "http://i0.hdslb.com/bfs/archive/eca71d73ee9f8f78a2288432afb6906640962c01.jpg",
                "title": "【处处吻】你的老婆可太撩了！世界都馋她一吻",
                "pubdate": 1580443255,
                "ctime": 1580388869,
                "desc": "BGM：处处吻\n感谢叶月，别样年华，久远，青酱，柠萌菌，星海，御魔君，英梨梨，ZORO的协力制作，希望观众姥爷们三连关注支持一下~",
                "state": 0,
                "duration": 153,
                "mission_id": 12696,
                "rights": {
                    "bp": 0,
                    "elec": 0,
                    "download": 0,
                    "movie": 0,
                    "pay": 0,
                    "hd5": 1,
                    "no_reprint": 1,
                    "autoplay": 1,
                    "ugc_pay": 0,
                    "is_cooperation": 1,
                    "ugc_pay_preview": 0,
                    "no_background": 0,
                    "arc_pay": 0,
                    "pay_free_watch": 0
                },
                "owner": {
                    "mid": 1826871,
                    "name": "动漫唯美风",
                    "face": "https://i0.hdslb.com/bfs/face/b011fd2c11c8fd2d3ad2fc74444eb9a66ebfa542.jpg"
                },
                "stat": {
                    "aid": 85792473,
                    "view": 27200747,
                    "danmaku": 53747,
                    "reply": 13503,
                    "favorite": 651331,
                    "coin": 598485,
                    "share": 164046,
                    "now_rank": 0,
                    "his_rank": 10,
                    "like": 922900,
                    "dislike": 0,
                    "vt": 0,
                    "vv": 27200747,
                    "fav_g": 1586,
                    "like_g": 1138
                },
                "dynamic": "#MAD.AMV##MAD##联合创作#\n有你们喜欢的老婆嘛？喜欢就三连支持一下吧~",
                "cid": 146770845,
                "dimension": {
                    "width": 1920,
                    "height": 1080,
                    "rotate": 0
                },
                "season_id": 545041,
                "short_link_v2": "https://b23.tv/BV137411B7mQ",
                "pub_location": "美国",
                "cover43": "",
                "tidv2": 2041,
                "tnamev2": "动漫剪辑",
                "pid_v2": 1005,
                "pid_name_v2": "二次元",
                "bvid": "BV137411B7mQ",
                "season_type": 0,
                "is_ogv": false,
                "ogv_info": null,
                "enable_vt": 0,
                "ai_rcmd": null,
                "rcmd_reason": "蟠桃大会现场"
            },
            {
                "aid": 86799858,
                "videos": 1,
                "tid": 21,
                "tname": "日常",
                "copyright": 1,
                "pic": "http://i1.hdslb.com/bfs/archive/53c3d08bae22605f69c7ba17f22baa3c5867a7c4.jpg",
                "title": "10万口罩从海外送到中国有多难？1吨医疗物资送往黄冈全记录｜新冠肺炎",
                "pubdate": 1580875241,
                "ctime": 1580842323,
                "desc": "我们会将医用物资直接送往黄冈市中心医院，并且会不断关注物资的供应状况。",
                "state": 0,
                "duration": 547,
                "mission_id": 12793,
                "rights": {
                    "bp": 0,
                    "elec": 0,
                    "download": 0,
                    "movie": 0,
                    "pay": 0,
                    "hd5": 1,
                    "no_reprint": 1,
                    "autoplay": 1,
                    "ugc_pay": 0,
                    "is_cooperation": 0,
                    "ugc_pay_preview": 0,
                    "no_background": 0,
                    "arc_pay": 0,
                    "pay_free_watch": 0
                },
                "owner": {
                    "mid": 32820037,
                    "name": "歪果仁研究协会",
                    "face": "https://i1.hdslb.com/bfs/face/216ee0636ee87c8c4293da8b186d5f6f06eea48a.jpg"
                },
                "stat": {
                    "aid": 86799858,
                    "view": 1764772,
                    "danmaku": 39721,
                    "reply": 13319,
                    "favorite": 59596,
                    "coin": 428514,
                    "share": 13613,
                    "now_rank": 0,
                    "his_rank": 1,
                    "like": 339173,
                    "dislike": 0,
                    "vt": 0,
                    "vv": 1764772,
                    "fav_g": 0,
                    "like_g": 0
                },
                "dynamic": "我们在运送口罩的过程中出现了很多困难，这个视频详细讲述了我们如何努力将这些物资直接送往医院。",
                "cid": 148329448,
                "dimension": {
                    "width": 1920,
                    "height": 1080,
                    "rotate": 0
                },
                "short_link_v2": "https://b23.tv/BV1r7411n7kL",
                "cover43": "",
                "tidv2": 2184,
                "tnamev2": "医疗保健综合",
                "pid_v2": 1026,
                "pid_name_v2": "医疗保健",
                "bvid": "BV1r7411n7kL",
                "season_type": 0,
                "is_ogv": false,
                "ogv_info": null,
                "enable_vt": 0,
                "ai_rcmd": null,
                "rcmd_reason": "谢谢！你们辛苦了！"
            },
            {
                "aid": 86220261,
                "videos": 1,
                "tid": 17,
                "tname": "单机游戏",
                "copyright": 1,
                "pic": "http://i1.hdslb.com/bfs/archive/ef9e91183d30f2bacbcac3c06fb1efdc49a1a742.jpg",
                "title": "在家无聊能干嘛？我把最难的“锤子”通关了！！！爆肝26小时！",
                "pubdate": 1580608822,
                "ctime": 1580598457,
                "desc": "第一天拍到晚上的时候有点不想拍了，中途也有好几次想打退堂鼓。\n中途想了想，毕竟答应了大家嘛，就算再自闭也要登顶了！\n通关之后真的很开心！如果没有你们的点赞，我或许不会收获这份成就感带来的喜悦！\n谢谢你们！\n感觉大家点赞收藏一波不过分。（点赞破20万或者收藏5万，安排用脚通关猫利奥）",
                "state": 0,
                "duration": 1700,
                "mission_id": 12712,
                "rights": {
                    "bp": 0,
                    "elec": 0,
                    "download": 0,
                    "movie": 0,
                    "pay": 0,
                    "hd5": 0,
                    "no_reprint": 1,
                    "autoplay": 1,
                    "ugc_pay": 0,
                    "is_cooperation": 0,
                    "ugc_pay_preview": 0,
                    "no_background": 0,
                    "arc_pay": 0,
                    "pay_free_watch": 0
                },
                "owner": {
                    "mid": 285499073,
                    "name": "东尼ookii",
                    "face": "https://i2.hdslb.com/bfs/face/456b2bff7e41ab212b74e9019fda1f26362e8723.jpg"
                },
                "stat": {
                    "aid": 86220261,
                    "view": 6532558,
                    "danmaku": 309886,
                    "reply": 6937,
                    "favorite": 158147,
                    "coin": 662930,
                    "share": 21193,
                    "now_rank": 0,
                    "his_rank": 3,
                    "like": 723281,
                    "dislike": 0,
                    "vt": 0,
                    "vv": 6532558,
                    "fav_g": 30,
                    "like_g": 25
                },
                "dynamic": "第一天拍到晚上的时候有点不想拍了，中途也有好几次想打退堂鼓。\n中途想了想，毕竟答应了大家嘛，就算再自闭也要登顶了！\n通关之后真的很开心！如果没有你们的点赞，我或许不会收获这份成就感带来的喜悦！\n谢谢你们！",
                "cid": 147367191,
                "dimension": {
                    "width": 1920,
                    "height": 1080,
                    "rotate": 0
                },
                "short_link_v2": "https://b23.tv/BV1d7411x78b",
                "cover43": "",
                "tidv2": 2079,
                "tnamev2": "其他游戏",
                "pid_v2": 1008,
                "pid_name_v2": "游戏",
                "bvid": "BV1d7411x78b",
                "season_type": 0,
                "is_ogv": false,
                "ogv_info": null,
                "enable_vt": 0,
                "ai_rcmd": null,
                "rcmd_reason": "回 家 的 诱 惑"
            },
            {
                "aid": 86969673,
                "videos": 1,
                "tid": 21,
                "tname": "日常",
                "copyright": 1,
                "pic": "http://i0.hdslb.com/bfs/archive/83e8b60f7f9b1f01243da43b872259abd0ecd080.jpg",
                "title": "【vlog】疫情对全职up产生的重要影响",
                "pubdate": 1580916576,
                "ctime": 1580916576,
                "desc": "以众人凝聚之力，定能早日战胜病毒，所有网友加油 ，武汉加油，中国加油！",
                "state": 0,
                "duration": 472,
                "mission_id": 12793,
                "rights": {
                    "bp": 0,
                    "elec": 0,
                    "download": 0,
                    "movie": 0,
                    "pay": 0,
                    "hd5": 1,
                    "no_reprint": 1,
                    "autoplay": 1,
                    "ugc_pay": 0,
                    "is_cooperation": 0,
                    "ugc_pay_preview": 0,
                    "no_background": 0,
                    "arc_pay": 0,
                    "pay_free_watch": 0
                },
                "owner": {
                    "mid": 37961599,
                    "name": "小缸和阿灿",
                    "face": "https://i1.hdslb.com/bfs/face/c6500c5c258c0f99f76a16fd84501897876cce57.jpg"
                },
                "stat": {
                    "aid": 86969673,
                    "view": 1349843,
                    "danmaku": 13602,
                    "reply": 6618,
                    "favorite": 51183,
                    "coin": 309877,
                    "share": 4466,
                    "now_rank": 0,
                    "his_rank": 4,
                    "like": 219672,
                    "dislike": 0,
                    "vt": 0,
                    "vv": 1349843,
                    "fav_g": 0,
                    "like_g": 0
                },
                "dynamic": "疫情对全职up产生的重要影响\n#抗击肺炎大作战##全职up#",
                "cid": 148614392,
                "dimension": {
                    "width": 1920,
                    "height": 1080,
                    "rotate": 0
                },
                "season_id": 2987,
                "short_link_v2": "https://b23.tv/BV1k7411H7mg",
                "cover43": "",
                "tidv2": 2197,
                "tnamev2": "其他vlog",
                "pid_v2": 1029,
                "pid_name_v2": "vlog",
                "bvid": "BV1k7411H7mg",
                "season_type": 0,
                "is_ogv": false,
                "ogv_info": null,
                "enable_vt": 0,
                "ai_rcmd": null,
                "rcmd_reason": "照顾好自己和家人。大家一起加油！"
            },
            {
                "aid": 85946419,
                "videos": 1,
                "tid": 253,
                "tname": "动漫杂谈",
                "copyright": 1,
                "pic": "http://i0.hdslb.com/bfs/archive/e42cd30444831d2a005a806d240fa934363db37c.jpg",
                "title": "不要停下来啊！爆肝100小时，拯救史上最爆笑名场景！",
                "pubdate": 1580469604,
                "ctime": 1580469604,
                "desc": "《铁血的奥尔芬斯》48话，名场景希望之花剪辑测试，不要停下来啊（指三连）\n微博 @泛式 https://weibo.com/FunShiki",
                "state": 0,
                "duration": 588,
                "rights": {
                    "bp": 0,
                    "elec": 0,
                    "download": 0,
                    "movie": 0,
                    "pay": 0,
                    "hd5": 0,
                    "no_reprint": 1,
                    "autoplay": 1,
                    "ugc_pay": 0,
                    "is_cooperation": 0,
                    "ugc_pay_preview": 0,
                    "no_background": 0,
                    "arc_pay": 0,
                    "pay_free_watch": 0
                },
                "owner": {
                    "mid": 63231,
                    "name": "泛式",
                    "face": "https://i0.hdslb.com/bfs/face/2608aaa45309c77ac88fbfaa40e160b8c7892985.jpg"
                },
                "stat": {
                    "aid": 85946419,
                    "view": 3948149,
                    "danmaku": 35191,
                    "reply": 9150,
                    "favorite": 130277,
                    "coin": 364807,
                    "share": 30073,
                    "now_rank": 0,
                    "his_rank": 7,
                    "like": 402933,
                    "dislike": 0,
                    "vt": 0,
                    "vv": 3948149,
                    "fav_g": 0,
                    "like_g": 5
                },
                "dynamic": "泛式你在干什么啊泛式！",
                "cid": 146910324,
                "dimension": {
                    "width": 1920,
                    "height": 1080,
                    "rotate": 0
                },
                "short_link_v2": "https://b23.tv/BV1S7411B7Yj",
                "pub_location": "上海",
                "cover43": "",
                "tidv2": 2041,
                "tnamev2": "动漫剪辑",
                "pid_v2": 1005,
                "pid_name_v2": "二次元",
                "bvid": "BV1S7411B7Yj",
                "season_type": 0,
                "is_ogv": false,
                "ogv_info": null,
                "enable_vt": 0,
                "ai_rcmd": null,
                "rcmd_reason": "建议这节目的名字就叫：泛 式 给 力 点"
            },
            {
                "aid": 86550398,
                "videos": 1,
                "tid": 17,
                "tname": "单机游戏",
                "copyright": 1,
                "pic": "http://i2.hdslb.com/bfs/archive/f6bb1b880c55d8b37fee65756071d7c6698fea55.jpg",
                "title": "【老番茄】史上最憨训练师(第三集)",
                "pubdate": 1580734984,
                "ctime": 1580734984,
                "desc": "第一集：av81226711；第二集：av81940932\n本期请到了游戏区的Warma参与配音！超级感谢Warma愿意抽空帮忙！\n本期制作时喉咙有些不适，配音可能有些瑕疵，望谅解。喜欢的话希望一键三连呀！！",
                "state": 0,
                "duration": 785,
                "mission_id": 12712,
                "rights": {
                    "bp": 0,
                    "elec": 0,
                    "download": 0,
                    "movie": 0,
                    "pay": 0,
                    "hd5": 0,
                    "no_reprint": 1,
                    "autoplay": 1,
                    "ugc_pay": 0,
                    "is_cooperation": 0,
                    "ugc_pay_preview": 0,
                    "no_background": 0,
                    "arc_pay": 0,
                    "pay_free_watch": 0
                },
                "owner": {
                    "mid": 546195,
                    "name": "老番茄",
                    "face": "http://i0.hdslb.com/bfs/face/bc5ca101313d4db223c395d64779e76eb3482d60.jpg"
                },
                "stat": {
                    "aid": 86550398,
                    "view": 11641204,
                    "danmaku": 79945,
                    "reply": 14500,
                    "favorite": 205382,
                    "coin": 763646,
                    "share": 20473,
                    "now_rank": 0,
                    "his_rank": 2,
                    "like": 868667,
                    "dislike": 0,
                    "vt": 0,
                    "vv": 11641204,
                    "fav_g": 70,
                    "like_g": 68
                },
                "dynamic": "第三集终于做完啦！",
                "cid": 147919565,
                "dimension": {
                    "width": 1920,
                    "height": 1080,
                    "rotate": 0
                },
                "short_link_v2": "https://b23.tv/BV1j7411p7G2",
                "cover43": "",
                "tidv2": 2079,
                "tnamev2": "其他游戏",
                "pid_v2": 1008,
                "pid_name_v2": "游戏",
                "bvid": "BV1j7411p7G2",
                "season_type": 0,
                "is_ogv": false,
                "ogv_info": null,
                "enable_vt": 0,
                "ai_rcmd": null,
                "rcmd_reason": "老番茄的视频里第一次成群出现了awsl"
            },
            {
                "aid": 86691885,
                "videos": 1,
                "tid": 253,
                "tname": "动漫杂谈",
                "copyright": 1,
                "pic": "http://i1.hdslb.com/bfs/archive/d3018797d84b3045d4177b88142619b141801e03.jpg",
                "title": "一代“国漫之光”《知音漫客》是如何衰落的？这些漫画有陪伴你的童年吗？",
                "pubdate": 1580804308,
                "ctime": 1580804308,
                "desc": "特别感谢up主春风里丶\n部分素材选用其视频av58541090\n\n有些只能揣测，有些不能多说。\n只要你肯点个推荐，我们就是好兄弟了！",
                "state": 0,
                "duration": 420,
                "rights": {
                    "bp": 0,
                    "elec": 0,
                    "download": 0,
                    "movie": 0,
                    "pay": 0,
                    "hd5": 1,
                    "no_reprint": 1,
                    "autoplay": 1,
                    "ugc_pay": 0,
                    "is_cooperation": 0,
                    "ugc_pay_preview": 0,
                    "no_background": 0,
                    "arc_pay": 0,
                    "pay_free_watch": 0
                },
                "owner": {
                    "mid": 357259310,
                    "name": "烟花君嘎",
                    "face": "https://i2.hdslb.com/bfs/face/617a3eefdc3da4da0b4a3a58b26a4c434ac61c5b.jpg"
                },
                "stat": {
                    "aid": 86691885,
                    "view": 3269860,
                    "danmaku": 58100,
                    "reply": 56894,
                    "favorite": 95628,
                    "coin": 159806,
                    "share": 29542,
                    "now_rank": 0,
                    "his_rank": 4,
                    "like": 306183,
                    "dislike": 0,
                    "vt": 0,
                    "vv": 3269860,
                    "fav_g": 0,
                    "like_g": 2
                },
                "dynamic": "#动漫杂谈##国漫##漫画#\n硬核向的童年科普！\n不过话说，记忆里的国漫杂志最终都变成少女漫了……",
                "cid": 148147624,
                "dimension": {
                    "width": 1920,
                    "height": 1080,
                    "rotate": 0
                },
                "short_link_v2": "https://b23.tv/BV1D7411p73n",
                "pub_location": "山东",
                "cover43": "",
                "tidv2": 2042,
                "tnamev2": "动漫评论",
                "pid_v2": 1005,
                "pid_name_v2": "二次元",
                "bvid": "BV1D7411p73n",
                "season_type": 0,
                "is_ogv": false,
                "ogv_info": null,
                "enable_vt": 0,
                "ai_rcmd": null,
                "rcmd_reason": "一代人的回忆"
            },
            {
                "aid": 86052908,
                "videos": 1,
                "tid": 201,
                "tname": "科学科普",
                "copyright": 1,
                "pic": "http://i0.hdslb.com/bfs/archive/a982f896ebe4698565a5e18f7bbb2b22a05c569d.jpg",
                "title": "新型冠状病毒有多狡猾？谁能活到最后？【思维实验室】27期 武汉加油!",
                "pubdate": 1580785259,
                "ctime": 1580785261,
                "desc": "",
                "state": 0,
                "duration": 991,
                "rights": {
                    "bp": 0,
                    "elec": 0,
                    "download": 0,
                    "movie": 0,
                    "pay": 0,
                    "hd5": 1,
                    "no_reprint": 1,
                    "autoplay": 1,
                    "ugc_pay": 0,
                    "is_cooperation": 0,
                    "ugc_pay_preview": 0,
                    "no_background": 0,
                    "arc_pay": 0,
                    "pay_free_watch": 0
                },
                "owner": {
                    "mid": 14583962,
                    "name": "思维实验室",
                    "face": "https://i2.hdslb.com/bfs/face/a3deb7c257222e55469351488877a715804029ae.jpg"
                },
                "stat": {
                    "aid": 86052908,
                    "view": 3032279,
                    "danmaku": 17498,
                    "reply": 5750,
                    "favorite": 70525,
                    "coin": 220644,
                    "share": 56776,
                    "now_rank": 0,
                    "his_rank": 10,
                    "like": 228325,
                    "dislike": 0,
                    "vt": 0,
                    "vv": 3032279,
                    "fav_g": 1,
                    "like_g": 2
                },
                "dynamic": "#病毒##疫情##武汉加油#",
                "cid": 147079677,
                "dimension": {
                    "width": 1920,
                    "height": 1080,
                    "rotate": 0
                },
                "short_link_v2": "https://b23.tv/BV1K7411x7rW",
                "cover43": "",
                "tidv2": 2094,
                "tnamev2": "科学科普",
                "pid_v2": 1010,
                "pid_name_v2": "知识",
                "bvid": "BV1K7411x7rW",
                "season_type": 0,
                "is_ogv": false,
                "ogv_info": null,
                "enable_vt": 0,
                "ai_rcmd": null,
                "rcmd_reason": "看了视频感觉自己文理兼修，太涨知识了！"
            },
            {
                "aid": 86154367,
                "videos": 1,
                "tid": 22,
                "tname": "鬼畜调教",
                "copyright": 1,
                "pic": "http://i2.hdslb.com/bfs/archive/3cc7aab31a013c721d8c549ddefebb1e4f6aafe4.jpg",
                "title": "【家有儿女】家有骚话！蝙蝠炖汤，棺材反光",
                "pubdate": 1580608822,
                "ctime": 1580566976,
                "desc": "本期视频非常儒雅随和，大家可以多与小伙伴分享观看~~~\nBGM：Maroon5-《One More Night》\n\n家有儿女第九期：BV1fK4y1h7q2\n家有儿女第八期：BV1az411i74F\n家有儿女第七期：BV15K4y1k7Fu\n家有儿女第六期：BV1x7411S76z\n家有儿女第五期：av93648647\n家有儿女第四期：av89256115\n家有儿女第三期：（本视频）\n家有儿女第二期：av83130733\n家有儿女第一期：av70131862",
                "state": 0,
                "duration": 116,
                "mission_id": 12793,
                "rights": {
                    "bp": 0,
                    "elec": 0,
                    "download": 0,
                    "movie": 0,
                    "pay": 0,
                    "hd5": 0,
                    "no_reprint": 1,
                    "autoplay": 1,
                    "ugc_pay": 0,
                    "is_cooperation": 0,
                    "ugc_pay_preview": 0,
                    "no_background": 0,
                    "arc_pay": 0,
                    "pay_free_watch": 0
                },
                "owner": {
                    "mid": 250648682,
                    "name": "红豆稀饭中",
                    "face": "https://i2.hdslb.com/bfs/face/3dc6737d4ab6e8d0390409af88e9d24c3056a53b.jpg"
                },
                "stat": {
                    "aid": 86154367,
                    "view": 7604190,
                    "danmaku": 24932,
                    "reply": 3832,
                    "favorite": 202277,
                    "coin": 423247,
                    "share": 83786,
                    "now_rank": 0,
                    "his_rank": 5,
                    "like": 776586,
                    "dislike": 0,
                    "vt": 0,
                    "vv": 7604190,
                    "fav_g": 0,
                    "like_g": 1
                },
                "dynamic": "#家有儿女##抗击肺炎大作战##鬼畜调教#",
                "cid": 147257908,
                "dimension": {
                    "width": 1920,
                    "height": 1080,
                    "rotate": 0
                },
                "season_id": 220493,
                "short_link_v2": "https://b23.tv/BV1v7411x7Z9",
                "cover43": "",
                "tidv2": 2059,
                "tnamev2": "鬼畜调教",
                "pid_v2": 1007,
                "pid_name_v2": "鬼畜",
                "bvid": "BV1v7411x7Z9",
                "season_type": 0,
                "is_ogv": false,
                "ogv_info": null,
                "enable_vt": 0,
                "ai_rcmd": null,
                "rcmd_reason": "这个视频真是与时俱进，武汉加油！"
            },
            {
                "aid": 86299907,
                "videos": 1,
                "tid": 162,
                "tname": "绘画",
                "copyright": 2,
                "pic": "http://i1.hdslb.com/bfs/archive/728a37a0765335d16a69fcd4a29248fa97959645.jpg",
                "title": "【油 画】我就喝了口水，发生了什么？？？",
                "pubdate": 1580633174,
                "ctime": 1580633174,
                "desc": "一笔一画，花开花落，一幅画里的时间流逝。\n\nby：Duane Keiser\nhttps://www.youtube.com/user/duanekeiser/videos\n\nbgm：α·Pav - ζ（网易云神仙音乐人，复制直接搜）（神仙有b站账号！@oukaitou）",
                "state": 0,
                "duration": 240,
                "rights": {
                    "bp": 0,
                    "elec": 0,
                    "download": 0,
                    "movie": 0,
                    "pay": 0,
                    "hd5": 1,
                    "no_reprint": 0,
                    "autoplay": 1,
                    "ugc_pay": 0,
                    "is_cooperation": 0,
                    "ugc_pay_preview": 0,
                    "no_background": 0,
                    "arc_pay": 0,
                    "pay_free_watch": 0
                },
                "owner": {
                    "mid": 38681714,
                    "name": "星云画画",
                    "face": "https://i2.hdslb.com/bfs/face/0325786feb58dfdc0be33f5f2c19a13e9afdbd76.jpg"
                },
                "stat": {
                    "aid": 86299907,
                    "view": 4699143,
                    "danmaku": 29957,
                    "reply": 6139,
                    "favorite": 167738,
                    "coin": 139304,
                    "share": 49645,
                    "now_rank": 0,
                    "his_rank": 9,
                    "like": 420076,
                    "dislike": 0,
                    "vt": 0,
                    "vv": 4699143,
                    "fav_g": 0,
                    "like_g": 0
                },
                "dynamic": "我就喝了口水，发生了什么？？？\n\n\n#油画##艺术##绘画#",
                "cid": 147455225,
                "dimension": {
                    "width": 1920,
                    "height": 1080,
                    "rotate": 0
                },
                "short_link_v2": "https://b23.tv/BV187411W7R4",
                "cover43": "",
                "tidv2": 2056,
                "tnamev2": "非二次元绘画",
                "pid_v2": 1006,
                "pid_name_v2": "绘画",
                "bvid": "BV187411W7R4",
                "season_type": 0,
                "is_ogv": false,
                "ogv_info": null,
                "enable_vt": 0,
                "ai_rcmd": null,
                "rcmd_reason": "我原先以为这是个JPG结果是个GIF"
            },
            {
                "aid": 86915106,
                "videos": 1,
                "tid": 76,
                "tname": "美食制作",
                "copyright": 1,
                "pic": "http://i1.hdslb.com/bfs/archive/78f5ed6cf28e47928f9d576cb7bbd59e9b872e1b.jpg",
                "title": "宅家7天，试做失传100多年的宫廷菜，把肉塞进豆芽里！",
                "pubdate": 1580898653,
                "ctime": 1580898653,
                "desc": "日更微博【绵羊不只会料理】https://weibo.com/mianyangliaoli\n微信公众号【绵羊料理】有详细的菜谱，打算交作业的同学记得订阅+\n油管同步更新：https://www.youtube.com/c/sheephoho",
                "state": 0,
                "duration": 274,
                "mission_id": 12648,
                "rights": {
                    "bp": 0,
                    "elec": 0,
                    "download": 0,
                    "movie": 0,
                    "pay": 0,
                    "hd5": 0,
                    "no_reprint": 1,
                    "autoplay": 1,
                    "ugc_pay": 0,
                    "is_cooperation": 0,
                    "ugc_pay_preview": 0,
                    "no_background": 0,
                    "arc_pay": 0,
                    "pay_free_watch": 0
                },
                "owner": {
                    "mid": 18202105,
                    "name": "绵羊料理",
                    "face": "https://i1.hdslb.com/bfs/face/54b5c9c2ad7f1baff195090bfd6afa365ef20c37.jpg"
                },
                "stat": {
                    "aid": 86915106,
                    "view": 8188882,
                    "danmaku": 17361,
                    "reply": 5191,
                    "favorite": 65471,
                    "coin": 570451,
                    "share": 28027,
                    "now_rank": 0,
                    "his_rank": 9,
                    "like": 613846,
                    "dislike": 0,
                    "vt": 0,
                    "vv": 8188882,
                    "fav_g": 16,
                    "like_g": 34
                },
                "dynamic": "过年期间我虽然宅家也没有偷懒，这么久才更视频，是因为发豆芽时间太长。忙活了一个星期，然而…#咱家年夜饭##美食##料理制作##厨艺#",
                "cid": 148525298,
                "dimension": {
                    "width": 1920,
                    "height": 1080,
                    "rotate": 0
                },
                "season_id": 134,
                "short_link_v2": "https://b23.tv/BV147411H7VT",
                "cover43": "",
                "tidv2": 2149,
                "tnamev2": "美食制作",
                "pid_v2": 1020,
                "pid_name_v2": "美食",
                "bvid": "BV147411H7VT",
                "season_type": 0,
                "is_ogv": false,
                "ogv_info": null,
                "enable_vt": 0,
                "ai_rcmd": null,
                "rcmd_reason": "豆芽里塞肉我不会，但我会牙里塞肉"
            },
            {
                "aid": 85923709,
                "videos": 1,
                "tid": 21,
                "tname": "日常",
                "copyright": 1,
                "pic": "http://i1.hdslb.com/bfs/archive/9f8c9bb8e80d7da37d063a3e5fca17d9c61285cb.jpg",
                "title": "新冠肺炎｜街访美国路人，海外网友怎么看新型冠状病毒？",
                "pubdate": 1580465302,
                "ctime": 1580465302,
                "desc": "街访美国人怎么看待新型冠状病毒？美国竟然也有奸商口罩涨10倍！",
                "state": 0,
                "duration": 315,
                "mission_id": 12793,
                "rights": {
                    "bp": 0,
                    "elec": 0,
                    "download": 0,
                    "movie": 0,
                    "pay": 0,
                    "hd5": 1,
                    "no_reprint": 1,
                    "autoplay": 1,
                    "ugc_pay": 0,
                    "is_cooperation": 0,
                    "ugc_pay_preview": 0,
                    "no_background": 0,
                    "arc_pay": 0,
                    "pay_free_watch": 0
                },
                "owner": {
                    "mid": 176037767,
                    "name": "我是郭杰瑞",
                    "face": "http://i2.hdslb.com/bfs/face/6182455e4d61159121c223ddc7a3a381f2d4d056.jpg"
                },
                "stat": {
                    "aid": 85923709,
                    "view": 3604444,
                    "danmaku": 23049,
                    "reply": 10422,
                    "favorite": 27655,
                    "coin": 176641,
                    "share": 11031,
                    "now_rank": 0,
                    "his_rank": 14,
                    "like": 295399,
                    "dislike": 0,
                    "vt": 0,
                    "vv": 3604444,
                    "fav_g": 0,
                    "like_g": 0
                },
                "dynamic": "",
                "cid": 146872027,
                "dimension": {
                    "width": 1920,
                    "height": 1080,
                    "rotate": 0
                },
                "short_link_v2": "https://b23.tv/BV1Q7411B7XZ",
                "cover43": "",
                "tidv2": 2157,
                "tnamev2": "街头采访",
                "pid_v2": 1021,
                "pid_name_v2": "小剧场",
                "bvid": "BV1Q7411B7XZ",
                "season_type": 0,
                "is_ogv": false,
                "ogv_info": null,
                "enable_vt": 0,
                "ai_rcmd": null,
                "rcmd_reason": "病毒并没有那么可怕，可怕的是恐慌和谣言"
            },
            {
                "aid": 86493657,
                "videos": 1,
                "tid": 137,
                "tname": "明星综合",
                "copyright": 1,
                "pic": "http://i2.hdslb.com/bfs/archive/bcc896e2a9319a53a165dbdd45879f1912959268.jpg",
                "title": "犬来八荒 | 大家好，我是成果，今天正式入驻B站了！",
                "pubdate": 1580717762,
                "ctime": 1580717762,
                "desc": "大家好，我是阿狗本狗~今天正式入驻b站，欢迎大家来找我玩-3-",
                "state": 0,
                "duration": 29,
                "rights": {
                    "bp": 0,
                    "elec": 0,
                    "download": 0,
                    "movie": 0,
                    "pay": 0,
                    "hd5": 0,
                    "no_reprint": 1,
                    "autoplay": 1,
                    "ugc_pay": 0,
                    "is_cooperation": 0,
                    "ugc_pay_preview": 0,
                    "no_background": 0,
                    "arc_pay": 0,
                    "pay_free_watch": 0
                },
                "owner": {
                    "mid": 3345720,
                    "name": "犬来八荒w",
                    "face": "http://i0.hdslb.com/bfs/face/179da2075547cd97d23d5dba69e930a162aa8ada.jpg"
                },
                "stat": {
                    "aid": 86493657,
                    "view": 10596465,
                    "danmaku": 32663,
                    "reply": 48931,
                    "favorite": 76096,
                    "coin": 270706,
                    "share": 39533,
                    "now_rank": 0,
                    "his_rank": 4,
                    "like": 502215,
                    "dislike": 0,
                    "vt": 0,
                    "vv": 10596465,
                    "fav_g": 0,
                    "like_g": 0
                },
                "dynamic": "成果成果成狗来啦！非常时期大家都要乖乖呆在家里，不要到处乱跑哦！",
                "cid": 147817346,
                "dimension": {
                    "width": 568,
                    "height": 320,
                    "rotate": 0
                },
                "short_link_v2": "https://b23.tv/BV1b7411s72j",
                "cover43": "",
                "tidv2": 2010,
                "tnamev2": "明星剪辑",
                "pid_v2": 1002,
                "pid_name_v2": "娱乐",
                "bvid": "BV1b7411s72j",
                "season_type": 0,
                "is_ogv": false,
                "ogv_info": null,
                "enable_vt": 0,
                "ai_rcmd": null,
                "rcmd_reason": "想起b站账号密码（√）"
            }
        ]
    }
}