{
    "code": 0,
    "message": "OK",
    "ttl": 1,
    "data": {
        "config": {
            "id": 54,
            "type": "weekly_selected",
            "number": 50,
            "subject": "师 生 对 线",
            "stime": 1582819200,
            "etime": 1583423999,
            "status": 2,
            "name": "2020第50期 02.28 - 03.05",
            "label": "第50期(0306更新)",
            "hint": "",
            "color": 0,
            "cover": "",
            "share_title": "师 生 对 线 | B站每周必看第50期",
            "share_subtitle": "为什么你的网课可以上得如此热血沸腾？",
            "media_id": 900348488
        },
        "reminder": "每周五晚18:00更新",
        "list": [
            {
                "aid": 92531906,
                "videos": 1,
                "tid": 17,
                "tname": "单机游戏",
                "copyright": 1,
                "pic": "http://i1.hdslb.com/bfs/archive/5fa82f74c6b6ae9d0d6f33ceb0f68c1c647448bb.jpg",
                "title": "【师 生 对 线】这网课上得就尼玛离谱！（第二集）",
                "pubdate": 1582975865,
                "ctime": 1582975865,
                "desc": "挑战网课溜号操作的极限！",
                "state": 0,
                "duration": 413,
                "mission_id": 12812,
                "rights": {
                    "bp": 0,
                    "elec": 0,
                    "download": 0,
                    "movie": 0,
                    "pay": 0,
                    "hd5": 0,
                    "no_reprint": 1,
                    "autoplay": 1,
                    "ugc_pay": 0,
                    "is_cooperation": 0,
                    "ugc_pay_preview": 0,
                    "no_background": 0,
                    "arc_pay": 0,
                    "pay_free_watch": 0
                },
                "owner": {
                    "mid": 3353026,
                    "name": "鹤吱菌",
                    "face": "https://i1.hdslb.com/bfs/face/0dc328ed08cdb7e83920919b633077abaa851c79.jpg"
                },
                "stat": {
                    "aid": 92531906,
                    "view": 12422764,
                    "danmaku": 89770,
                    "reply": 10032,
                    "favorite": 210369,
                    "coin": 440526,
                    "share": 127353,
                    "now_rank": 0,
                    "his_rank": 3,
                    "like": 769856,
                    "dislike": 0,
                    "vt": 0,
                    "vv": 12422764,
                    "fav_g": 0,
                    "like_g": 4
                },
                "dynamic": "#沙雕之主##热血##搞笑#铁腕老师登场！这绝对是史上最刺激的一次网课交锋！",
                "cid": 157985651,
                "dimension": {
                    "width": 1920,
                    "height": 1080,
                    "rotate": 0
                },
                "season_id": 613,
                "short_link_v2": "https://b23.tv/BV1iE411H7Ua",
                "cover43": "",
                "tidv2": 2155,
                "tnamev2": "语言类小剧场",
                "pid_v2": 1021,
                "pid_name_v2": "小剧场",
                "bvid": "BV1iE411H7Ua",
                "season_type": 0,
                "is_ogv": false,
                "ogv_info": null,
                "enable_vt": 0,
                "ai_rcmd": null,
                "rcmd_reason": "为什么你的网课可以上得如此热血沸腾？"
            },
            {
                "aid": 92699533,
                "videos": 1,
                "tid": 95,
                "tname": "数码",
                "copyright": 1,
                "pic": "http://i2.hdslb.com/bfs/archive/5e18e772a4383abe3f0762f2f07083d1d8789ca4.jpg",
                "title": "【何同学】二十万元的电脑是什么样子的？苹果Mac Pro深度体验",
                "pubdate": 1582976753,
                "ctime": 1582976754,
                "desc": "引用视频：https://www.youtube.com/watch?v=RA2ZWv71yzM\nBGM： @Cambridge李劲锋 钢琴版【友情岁月 · 马小浩处刑曲】\n请大家务必不要到相关BGM里评论我的名字",
                "state": 0,
                "duration": 492,
                "rights": {
                    "bp": 0,
                    "elec": 0,
                    "download": 0,
                    "movie": 0,
                    "pay": 0,
                    "hd5": 1,
                    "no_reprint": 1,
                    "autoplay": 1,
                    "ugc_pay": 0,
                    "is_cooperation": 0,
                    "ugc_pay_preview": 0,
                    "no_background": 0,
                    "arc_pay": 0,
                    "pay_free_watch": 0
                },
                "owner": {
                    "mid": 163637592,
                    "name": "老师好我叫何同学",
                    "face": "https://i0.hdslb.com/bfs/face/492d0bb71749332040f9d812954fa0b52e66c490.jpg"
                },
                "stat": {
                    "aid": 92699533,
                    "view": 11425532,
                    "danmaku": 64743,
                    "reply": 18681,
                    "favorite": 181017,
                    "coin": 756118,
                    "share": 101578,
                    "now_rank": 0,
                    "his_rank": 1,
                    "like": 976014,
                    "dislike": 0,
                    "vt": 0,
                    "vv": 11425532,
                    "fav_g": 8,
                    "like_g": 18
                },
                "dynamic": "是我现阶段最高制作水平啦，结尾有惊喜。",
                "cid": 158298604,
                "dimension": {
                    "width": 3840,
                    "height": 2160,
                    "rotate": 0
                },
                "season_id": 156,
                "short_link_v2": "https://b23.tv/BV1mE411J7xb",
                "cover43": "",
                "tidv2": 2099,
                "tnamev2": "电脑",
                "pid_v2": 1012,
                "pid_name_v2": "科技数码",
                "bvid": "BV1mE411J7xb",
                "season_type": 0,
                "is_ogv": false,
                "ogv_info": null,
                "enable_vt": 0,
                "ai_rcmd": null,
                "rcmd_reason": "梦幻联动，何同学的枯燥生活"
            },
            {
                "aid": 92135544,
                "videos": 1,
                "tid": 24,
                "tname": "MAD·AMV",
                "copyright": 1,
                "pic": "http://i0.hdslb.com/bfs/archive/0bc1aec592b0712621d5ec658b8164793c8cf220.jpg",
                "title": "转发给女朋友，一起选情头！",
                "pubdate": 1582809335,
                "ctime": 1582809335,
                "desc": "-",
                "state": 0,
                "duration": 149,
                "mission_id": 12808,
                "rights": {
                    "bp": 0,
                    "elec": 0,
                    "download": 0,
                    "movie": 0,
                    "pay": 0,
                    "hd5": 1,
                    "no_reprint": 1,
                    "autoplay": 1,
                    "ugc_pay": 0,
                    "is_cooperation": 0,
                    "ugc_pay_preview": 0,
                    "no_background": 0,
                    "arc_pay": 0,
                    "pay_free_watch": 0
                },
                "owner": {
                    "mid": 32172331,
                    "name": "战场ヶ原-",
                    "face": "https://i1.hdslb.com/bfs/face/c5e69714e66a99ee5061100b6dfc175986a0b966.jpg"
                },
                "stat": {
                    "aid": 92135544,
                    "view": 4214433,
                    "danmaku": 24588,
                    "reply": 8765,
                    "favorite": 228747,
                    "coin": 222732,
                    "share": 58484,
                    "now_rank": 0,
                    "his_rank": 8,
                    "like": 325316,
                    "dislike": 0,
                    "vt": 0,
                    "vv": 4214433,
                    "fav_g": 5,
                    "like_g": 4
                },
                "dynamic": "#AMV##综漫#应粉丝要求：纯动漫CP喊名字的版本 一次看个够。素材真是难找，下周回归燃向AMV吧",
                "cid": 157356947,
                "dimension": {
                    "width": 1920,
                    "height": 1080,
                    "rotate": 0
                },
                "short_link_v2": "https://b23.tv/BV1A7411N7Q3",
                "cover43": "",
                "tidv2": 2041,
                "tnamev2": "动漫剪辑",
                "pid_v2": 1005,
                "pid_name_v2": "二次元",
                "bvid": "BV1A7411N7Q3",
                "season_type": 0,
                "is_ogv": false,
                "ogv_info": null,
                "enable_vt": 0,
                "ai_rcmd": null,
                "rcmd_reason": "播放量-分享量=单身数"
            },
            {
                "aid": 93648647,
                "videos": 1,
                "tid": 22,
                "tname": "鬼畜调教",
                "copyright": 1,
                "pic": "http://i2.hdslb.com/bfs/archive/0fe1f40120539dc0c334d16807c6672d49b06989.jpg",
                "title": "【家有儿女】家有骚话！网 课 现 状",
                "pubdate": 1583380858,
                "ctime": 1583371437,
                "desc": "应粉丝要求做了这期视频，今天我们来吐槽一下qq\nBGM：Wonder Girls-《Nobody》\n家有儿女第九期：BV1fK4y1h7q2\n家有儿女第八期：BV1az411i74F\n家有儿女第七期：BV15K4y1k7Fu\n家有儿女第六期：BV1x7411S76z\n家有儿女第五期：（本视频）\n家有儿女第四期：av89256115\n家有儿女第三期：av86154367\n家有儿女第二期：av83130733\n家有儿女第一期：av70131862",
                "state": 0,
                "duration": 111,
                "mission_id": 12868,
                "rights": {
                    "bp": 0,
                    "elec": 0,
                    "download": 0,
                    "movie": 0,
                    "pay": 0,
                    "hd5": 0,
                    "no_reprint": 1,
                    "autoplay": 1,
                    "ugc_pay": 0,
                    "is_cooperation": 0,
                    "ugc_pay_preview": 0,
                    "no_background": 0,
                    "arc_pay": 0,
                    "pay_free_watch": 0
                },
                "owner": {
                    "mid": 250648682,
                    "name": "红豆稀饭中",
                    "face": "https://i2.hdslb.com/bfs/face/3dc6737d4ab6e8d0390409af88e9d24c3056a53b.jpg"
                },
                "stat": {
                    "aid": 93648647,
                    "view": 1502298,
                    "danmaku": 11244,
                    "reply": 2983,
                    "favorite": 19131,
                    "coin": 25930,
                    "share": 7725,
                    "now_rank": 0,
                    "his_rank": 0,
                    "like": 110208,
                    "dislike": 0,
                    "vt": 0,
                    "vv": 1502298,
                    "fav_g": 0,
                    "like_g": 2
                },
                "dynamic": "#家有儿女##刘星##全能打卡挑战#",
                "cid": 159894794,
                "dimension": {
                    "width": 1920,
                    "height": 1080,
                    "rotate": 0
                },
                "short_link_v2": "https://b23.tv/BV16E411s7L4",
                "cover43": "",
                "tidv2": 2060,
                "tnamev2": "鬼畜剧场",
                "pid_v2": 1007,
                "pid_name_v2": "鬼畜",
                "bvid": "BV16E411s7L4",
                "season_type": 0,
                "is_ogv": false,
                "ogv_info": null,
                "enable_vt": 0,
                "ai_rcmd": null,
                "rcmd_reason": "这可太真实了"
            },
            {
                "aid": 92499885,
                "videos": 1,
                "tid": 138,
                "tname": "搞笑",
                "copyright": 1,
                "pic": "http://i1.hdslb.com/bfs/archive/23f5afe54add8ea0e94291ccfd0e371b48d30d5f.jpg",
                "title": "节选自《 口 技 》",
                "pubdate": 1582925633,
                "ctime": 1582925633,
                "desc": "节选自《口技》\n寓教于乐",
                "state": 0,
                "duration": 164,
                "mission_id": 12849,
                "rights": {
                    "bp": 0,
                    "elec": 0,
                    "download": 0,
                    "movie": 0,
                    "pay": 0,
                    "hd5": 1,
                    "no_reprint": 1,
                    "autoplay": 1,
                    "ugc_pay": 0,
                    "is_cooperation": 0,
                    "ugc_pay_preview": 0,
                    "no_background": 0,
                    "arc_pay": 0,
                    "pay_free_watch": 0
                },
                "owner": {
                    "mid": 416824740,
                    "name": "天秀宝宝丶",
                    "face": "https://i0.hdslb.com/bfs/face/772381e41f9c4234ed11cb0bd46fd23b235be4c5.jpg"
                },
                "stat": {
                    "aid": 92499885,
                    "view": 6325778,
                    "danmaku": 17050,
                    "reply": 6991,
                    "favorite": 254294,
                    "coin": 542567,
                    "share": 249762,
                    "now_rank": 0,
                    "his_rank": 5,
                    "like": 585213,
                    "dislike": 0,
                    "vt": 0,
                    "vv": 6325778,
                    "fav_g": 0,
                    "like_g": 0
                },
                "dynamic": "#口技##药水哥##周淑怡#寓教于乐",
                "cid": 157933636,
                "dimension": {
                    "width": 1920,
                    "height": 1080,
                    "rotate": 0
                },
                "short_link_v2": "https://b23.tv/BV14E411H7Js",
                "cover43": "",
                "tidv2": 2155,
                "tnamev2": "语言类小剧场",
                "pid_v2": 1021,
                "pid_name_v2": "小剧场",
                "bvid": "BV14E411H7Js",
                "season_type": 0,
                "is_ogv": false,
                "ogv_info": null,
                "enable_vt": 0,
                "ai_rcmd": null,
                "rcmd_reason": "有这样的教学资料，还愁课文背不下来吗？"
            },
            {
                "aid": 91572143,
                "videos": 1,
                "tid": 31,
                "tname": "翻唱",
                "copyright": 1,
                "pic": "http://i1.hdslb.com/bfs/archive/bd2964a3e16475763a2cf73d6f07fa2f828afe9c.jpg",
                "title": "病 名 为 钉 钉钉钉钉钉钉...（钉钉音效与人声完美契合电音 无限循环 疯狂洗脑）",
                "pubdate": 1582709430,
                "ctime": 1582619186,
                "desc": "最新支付宝x花呗沙雕洗脑翻唱请看av95317230\n\n近期被钉钉洗脑的各位病友，听了这首病名为钉，你只会病得更重...2333\n《病名为钉》（原作：《病名为爱》，词曲：Neru&z'，原唱：镜音双子，sm31942799）\n策划：赤leopard_大暴\n填词：活力菌Z\n翻唱：无聊到底/漆柚/赤leopard_大暴\n视频：远古大Dio丝（琉璃猫映像）\n人声后期：圈太\n封面：笔小贝",
                "state": 0,
                "duration": 123,
                "mission_id": 11838,
                "rights": {
                    "bp": 0,
                    "elec": 0,
                    "download": 0,
                    "movie": 0,
                    "pay": 0,
                    "hd5": 1,
                    "no_reprint": 1,
                    "autoplay": 1,
                    "ugc_pay": 0,
                    "is_cooperation": 1,
                    "ugc_pay_preview": 0,
                    "no_background": 0,
                    "arc_pay": 0,
                    "pay_free_watch": 0
                },
                "owner": {
                    "mid": 228651,
                    "name": "大暴_赤leopard",
                    "face": "https://i0.hdslb.com/bfs/face/bf1b3446536ade73e1c0f90713748c009f8371d3.jpg"
                },
                "stat": {
                    "aid": 91572143,
                    "view": 4767786,
                    "danmaku": 71535,
                    "reply": 5716,
                    "favorite": 182986,
                    "coin": 223931,
                    "share": 70834,
                    "now_rank": 0,
                    "his_rank": 4,
                    "like": 456493,
                    "dislike": 0,
                    "vt": 0,
                    "vv": 4767786,
                    "fav_g": 24,
                    "like_g": 22
                },
                "dynamic": "#病名为爱##钉钉##沙雕##翻唱##全民音乐UP主#近期被钉钉洗脑的各位病友，听了这首病名为钉，你只会病得更重...2333一首人声+钉钉音效奇妙组合成的洗脑电音，值得你拥有！",
                "cid": 156798884,
                "dimension": {
                    "width": 1920,
                    "height": 1080,
                    "rotate": 0
                },
                "short_link_v2": "https://b23.tv/BV1a7411T74G",
                "cover43": "",
                "tidv2": 2062,
                "tnamev2": "音MAD",
                "pid_v2": 1007,
                "pid_name_v2": "鬼畜",
                "bvid": "BV1a7411T74G",
                "season_type": 0,
                "is_ogv": false,
                "ogv_info": null,
                "enable_vt": 0,
                "ai_rcmd": null,
                "rcmd_reason": "我已经不认识钉字了"
            },
            {
                "aid": 93605411,
                "videos": 1,
                "tid": 253,
                "tname": "动漫杂谈",
                "copyright": 1,
                "pic": "http://i2.hdslb.com/bfs/archive/933085bb34ad81bd63fe69605ec2f253683930ea.jpg",
                "title": "❓  ❓  ❓ 【阅片无数37】",
                "pubdate": 1583330433,
                "ctime": 1583330435,
                "desc": "想看更多的阅片无数小伙伴们转发三连搞起来哦\n更多生活中的凉风请参见→微博@凉风Kaze\n第三十六期av91720074：人干事？为阻止少年轻生，狙击手成功将其击毙\n第三十五期av89971424：我 老 婆 还 在 卡 池 里 啊 . j p g\n第三十四期av88304073：你为什么不戴口罩 我在吃饭\n第三十三期av86888362：我竟然上电视了！\n第三十二期av84530255：你爱你老婆，我也爱你老婆，那我们不是一边的吗？.jpg\n第三十一期av83504357：你女朋友可能是个男的.jpg\n第",
                "state": 0,
                "duration": 816,
                "rights": {
                    "bp": 0,
                    "elec": 0,
                    "download": 0,
                    "movie": 0,
                    "pay": 0,
                    "hd5": 1,
                    "no_reprint": 1,
                    "autoplay": 1,
                    "ugc_pay": 0,
                    "is_cooperation": 0,
                    "ugc_pay_preview": 0,
                    "no_background": 0,
                    "arc_pay": 0,
                    "pay_free_watch": 0
                },
                "owner": {
                    "mid": 14110780,
                    "name": "凉风Kaze",
                    "face": "https://i1.hdslb.com/bfs/face/e0cc906bb531195e9ee9f3b575effdd2b056eaea.jpg"
                },
                "stat": {
                    "aid": 93605411,
                    "view": 6134132,
                    "danmaku": 93946,
                    "reply": 11433,
                    "favorite": 56586,
                    "coin": 222876,
                    "share": 17049,
                    "now_rank": 0,
                    "his_rank": 5,
                    "like": 524401,
                    "dislike": 0,
                    "vt": 0,
                    "vv": 6134132,
                    "fav_g": 0,
                    "like_g": 1
                },
                "dynamic": "今天这个#阅片无数#不好说，不好说，你们自己看封面吧！",
                "cid": 159795311,
                "dimension": {
                    "width": 1920,
                    "height": 1080,
                    "rotate": 0
                },
                "season_id": 175,
                "short_link_v2": "https://b23.tv/BV1xE411s73p",
                "pub_location": "福建",
                "cover43": "",
                "tidv2": 2042,
                "tnamev2": "动漫评论",
                "pid_v2": 1005,
                "pid_name_v2": "二次元",
                "bvid": "BV1xE411s73p",
                "season_type": 0,
                "is_ogv": false,
                "ogv_info": null,
                "enable_vt": 0,
                "ai_rcmd": null,
                "rcmd_reason": "有些人表面上说自己是秃凉，实际上头发比谁都多"
            },
            {
                "aid": 92376351,
                "videos": 1,
                "tid": 22,
                "tname": "鬼畜调教",
                "copyright": 1,
                "pic": "http://i1.hdslb.com/bfs/archive/bba2f4b8a3f1c7773ce836c03b3acfb551136e11.jpg",
                "title": "【多明星】异度侵入 高燃警告！",
                "pubdate": 1582890600,
                "ctime": 1582890600,
                "desc": "BGM：ミスターフィクサー-Sou\n本作致敬【多明星】鬼畜之刃av58507709，吹爆冰绎大佬！\n很喜欢《异度侵入》的这首OP，发现鬼畜区几乎没人做过这首歌，觉得蛮可惜的就做了一个，喜欢的话就三连和关注吧！\n感谢混音@夜雨星繁y\n感谢midi@是真白阿",
                "state": 0,
                "duration": 91,
                "rights": {
                    "bp": 0,
                    "elec": 0,
                    "download": 0,
                    "movie": 0,
                    "pay": 0,
                    "hd5": 1,
                    "no_reprint": 1,
                    "autoplay": 1,
                    "ugc_pay": 0,
                    "is_cooperation": 0,
                    "ugc_pay_preview": 0,
                    "no_background": 0,
                    "arc_pay": 0,
                    "pay_free_watch": 0
                },
                "owner": {
                    "mid": 101376123,
                    "name": "秋名山上的486",
                    "face": "https://i0.hdslb.com/bfs/face/48dcac0e4965e2645238197bfc1c047cbff3557c.jpg"
                },
                "stat": {
                    "aid": 92376351,
                    "view": 2191102,
                    "danmaku": 7989,
                    "reply": 2594,
                    "favorite": 87559,
                    "coin": 118632,
                    "share": 28396,
                    "now_rank": 0,
                    "his_rank": 57,
                    "like": 183378,
                    "dislike": 0,
                    "vt": 0,
                    "vv": 2191102,
                    "fav_g": 2,
                    "like_g": 0
                },
                "dynamic": "#鬼畜调教##异度侵入##高燃#",
                "cid": 157712896,
                "dimension": {
                    "width": 1920,
                    "height": 1080,
                    "rotate": 0
                },
                "season_id": 5252,
                "short_link_v2": "https://b23.tv/BV1fE411n7sj",
                "cover43": "",
                "tidv2": 2061,
                "tnamev2": "人力VOCALOID",
                "pid_v2": 1007,
                "pid_name_v2": "鬼畜",
                "bvid": "BV1fE411n7sj",
                "season_type": 0,
                "is_ogv": false,
                "ogv_info": null,
                "enable_vt": 0,
                "ai_rcmd": null,
                "rcmd_reason": "当初他们要是这么唱……还不进总决赛！？"
            },
            {
                "aid": 92341698,
                "videos": 1,
                "tid": 183,
                "tname": "影视剪辑",
                "copyright": 1,
                "pic": "http://i1.hdslb.com/bfs/archive/29301e33fbe3e62049095083f0c572b581fc209c.jpg",
                "title": "“每日一遍 防止早恋”",
                "pubdate": 1582887696,
                "ctime": 1582887696,
                "desc": "山盟海誓终究敌不过柴米油盐",
                "state": 0,
                "duration": 289,
                "rights": {
                    "bp": 0,
                    "elec": 0,
                    "download": 0,
                    "movie": 0,
                    "pay": 0,
                    "hd5": 1,
                    "no_reprint": 1,
                    "autoplay": 1,
                    "ugc_pay": 0,
                    "is_cooperation": 0,
                    "ugc_pay_preview": 0,
                    "no_background": 0,
                    "arc_pay": 0,
                    "pay_free_watch": 0
                },
                "owner": {
                    "mid": 402230040,
                    "name": "高攀了这人间",
                    "face": "https://i0.hdslb.com/bfs/face/a72b5131756dec674cba7251a1057ba5b5cbe354.jpg"
                },
                "stat": {
                    "aid": 92341698,
                    "view": 26920726,
                    "danmaku": 71012,
                    "reply": 29340,
                    "favorite": 465716,
                    "coin": 445152,
                    "share": 199536,
                    "now_rank": 0,
                    "his_rank": 5,
                    "like": 1175844,
                    "dislike": 0,
                    "vt": 0,
                    "vv": 26920726,
                    "fav_g": 16,
                    "like_g": 6
                },
                "dynamic": "“28岁 终于败给了现实”",
                "cid": 157669705,
                "dimension": {
                    "width": 1920,
                    "height": 1088,
                    "rotate": 0
                },
                "short_link_v2": "https://b23.tv/BV1SE411n7V6",
                "up_from_v2": 8,
                "pub_location": "黑龙江",
                "cover43": "",
                "tidv2": 2002,
                "tnamev2": "影视剪辑",
                "pid_v2": 1001,
                "pid_name_v2": "影视",
                "bvid": "BV1SE411n7V6",
                "season_type": 0,
                "is_ogv": false,
                "ogv_info": null,
                "enable_vt": 0,
                "ai_rcmd": null,
                "rcmd_reason": "山盟海誓终究敌不过柴米油盐"
            },
            {
                "aid": 93964890,
                "videos": 1,
                "tid": 17,
                "tname": "单机游戏",
                "copyright": 1,
                "pic": "http://i1.hdslb.com/bfs/archive/ddff4efbead3f3937696e10e36b517b536662627.jpg",
                "title": "航天大师老番茄",
                "pubdate": 1583467246,
                "ctime": 1583467265,
                "desc": "游戏：Outer Wilds 星际拓荒",
                "state": 0,
                "duration": 1442,
                "mission_id": 12813,
                "rights": {
                    "bp": 0,
                    "elec": 0,
                    "download": 0,
                    "movie": 0,
                    "pay": 0,
                    "hd5": 0,
                    "no_reprint": 1,
                    "autoplay": 1,
                    "ugc_pay": 0,
                    "is_cooperation": 0,
                    "ugc_pay_preview": 0,
                    "no_background": 0,
                    "arc_pay": 0,
                    "pay_free_watch": 0
                },
                "owner": {
                    "mid": 546195,
                    "name": "老番茄",
                    "face": "http://i0.hdslb.com/bfs/face/bc5ca101313d4db223c395d64779e76eb3482d60.jpg"
                },
                "stat": {
                    "aid": 93964890,
                    "view": 7302682,
                    "danmaku": 70182,
                    "reply": 16150,
                    "favorite": 44779,
                    "coin": 122201,
                    "share": 7448,
                    "now_rank": 0,
                    "his_rank": 4,
                    "like": 402435,
                    "dislike": 0,
                    "vt": 0,
                    "vv": 7302682,
                    "fav_g": 10,
                    "like_g": 4
                },
                "dynamic": "#老番茄##星际拓荒##outer wilds#",
                "cid": 160422302,
                "dimension": {
                    "width": 1920,
                    "height": 1080,
                    "rotate": 0
                },
                "short_link_v2": "https://b23.tv/BV1vE411W71u",
                "cover43": "",
                "tidv2": 2066,
                "tnamev2": "单机主机类游戏",
                "pid_v2": 1008,
                "pid_name_v2": "游戏",
                "bvid": "BV1vE411W71u",
                "season_type": 0,
                "is_ogv": false,
                "ogv_info": null,
                "enable_vt": 0,
                "ai_rcmd": null,
                "rcmd_reason": "航天大师老番茄，新称号＋1"
            },
            {
                "aid": 92440783,
                "videos": 1,
                "tid": 20,
                "tname": "宅舞",
                "copyright": 1,
                "pic": "http://i1.hdslb.com/bfs/archive/3c94f4fba7a4c31e8ce064437b27a16fb410bb4f.jpg",
                "title": "猛   男   打   气   舞",
                "pubdate": 1582970406,
                "ctime": 1582900606,
                "desc": "BGM: AKB48-恋するフォーチュンクッキー\nChoreographer: IconX Family\nDancer: Ram，Isamu，Jorie，Jimwell，Rain，Myron，Michael, Jawill，Maezon\nProduction co-ordinator: 恩恩\nSpecial Thanks To 《樱桃湾之夏》\n\n这个舞蹈，送给2020的你。相信没有一个春天不会降临，闷闷不乐也解决不了问题，把笑容“搓”成元气弹，跟猛男一起跳起来吧！\n \n樱桃湾之夏 X 猛男舞团\n献上一舞为",
                "state": 0,
                "duration": 292,
                "mission_id": 12885,
                "rights": {
                    "bp": 0,
                    "elec": 0,
                    "download": 0,
                    "movie": 0,
                    "pay": 0,
                    "hd5": 1,
                    "no_reprint": 1,
                    "autoplay": 1,
                    "ugc_pay": 0,
                    "is_cooperation": 0,
                    "ugc_pay_preview": 0,
                    "no_background": 0,
                    "arc_pay": 0,
                    "pay_free_watch": 0
                },
                "owner": {
                    "mid": 483879799,
                    "name": "猛男舞团IconX",
                    "face": "https://i1.hdslb.com/bfs/face/48503596681ab931d7d08a34071d3c8bf8b284bb.webp"
                },
                "stat": {
                    "aid": 92440783,
                    "view": 4804018,
                    "danmaku": 35712,
                    "reply": 10768,
                    "favorite": 102222,
                    "coin": 292705,
                    "share": 86117,
                    "now_rank": 0,
                    "his_rank": 6,
                    "like": 457082,
                    "dislike": 0,
                    "vt": 0,
                    "vv": 4804018,
                    "fav_g": 0,
                    "like_g": 2
                },
                "dynamic": "Hope this dance can cheer you up!\n#抗疫加油舞接力##猛男舞团##ICONX#",
                "cid": 157834442,
                "dimension": {
                    "width": 1920,
                    "height": 1080,
                    "rotate": 0
                },
                "short_link_v2": "https://b23.tv/BV1JE411H7Ps",
                "cover43": "",
                "tidv2": 2028,
                "tnamev2": "宅舞",
                "pid_v2": 1004,
                "pid_name_v2": "舞蹈",
                "bvid": "BV1JE411H7Ps",
                "season_type": 0,
                "is_ogv": false,
                "ogv_info": null,
                "enable_vt": 0,
                "ai_rcmd": null,
                "rcmd_reason": "少女的颜色，男人的味道"
            },
            {
                "aid": 93533259,
                "videos": 1,
                "tid": 17,
                "tname": "单机游戏",
                "copyright": 1,
                "pic": "http://i0.hdslb.com/bfs/archive/66f6f4b8e9d960105ba61ba8e9205e7cfcf28401.jpg",
                "title": "好 哥 哥",
                "pubdate": 1583294449,
                "ctime": 1583262522,
                "desc": "本期谈话内容过于奇怪\n求三连！谢谢你们啦！",
                "state": 0,
                "duration": 1304,
                "mission_id": 12813,
                "rights": {
                    "bp": 0,
                    "elec": 0,
                    "download": 0,
                    "movie": 0,
                    "pay": 0,
                    "hd5": 0,
                    "no_reprint": 1,
                    "autoplay": 1,
                    "ugc_pay": 0,
                    "is_cooperation": 0,
                    "ugc_pay_preview": 0,
                    "no_background": 0,
                    "arc_pay": 0,
                    "pay_free_watch": 0
                },
                "owner": {
                    "mid": 2206456,
                    "name": "花少北丶",
                    "face": "https://i1.hdslb.com/bfs/face/06c233a0136f738f8f54a08770dc7d484ae45081.jpg"
                },
                "stat": {
                    "aid": 93533259,
                    "view": 10390450,
                    "danmaku": 132013,
                    "reply": 16943,
                    "favorite": 160840,
                    "coin": 362101,
                    "share": 32850,
                    "now_rank": 0,
                    "his_rank": 3,
                    "like": 528148,
                    "dislike": 0,
                    "vt": 0,
                    "vv": 10390450,
                    "fav_g": 0,
                    "like_g": 28
                },
                "dynamic": "我们五个谁才是躲猫猫的王！？",
                "cid": 159728852,
                "dimension": {
                    "width": 1920,
                    "height": 1080,
                    "rotate": 0
                },
                "short_link_v2": "https://b23.tv/BV1dE411478d",
                "cover43": "",
                "tidv2": 2079,
                "tnamev2": "其他游戏",
                "pid_v2": 1008,
                "pid_name_v2": "游戏",
                "bvid": "BV1dE411478d",
                "season_type": 0,
                "is_ogv": false,
                "ogv_info": null,
                "enable_vt": 0,
                "ai_rcmd": null,
                "rcmd_reason": "五倍的快乐✘ 少了四个视频✔"
            },
            {
                "aid": 92822829,
                "videos": 1,
                "tid": 65,
                "tname": "网络游戏",
                "copyright": 1,
                "pic": "http://i2.hdslb.com/bfs/archive/aa2eed1e99beef4c6dbfe377c3f3b2ab151ed01d.jpg",
                "title": "【中国网游史59】《赛尔号》的悲剧与无奈，童年回忆为何总是充满争议",
                "pubdate": 1583031428,
                "ctime": 1583031428,
                "desc": "这期视频能做出来，首先要感谢所有敦促我做赛尔号&劝慰我不要做赛尔号的观众，是你们让我更加审慎的对待这一期内容的选材及采访覆盖面，让我不由得感叹，00后真的长大了（以及我真的老了）。由于前员工暗访的特殊性，在此不便列出，但深表感谢。另外，特别要鸣谢的是那些愿意抽出时间接受采访，为史实和我的文案把关的玩家们，我在这里列出几位有突出贡献的（b站ID）：\n尼古拉斯吉良\n凑不出字符的GM\n三氧化二猫\n-RickSanchez\n雪落清风舞\n参考文献：\n赛尔号贴吧关于赛尔号门事件的总结贴\nhttps://tieba.b",
                "state": 0,
                "duration": 999,
                "rights": {
                    "bp": 0,
                    "elec": 0,
                    "download": 0,
                    "movie": 0,
                    "pay": 0,
                    "hd5": 0,
                    "no_reprint": 1,
                    "autoplay": 1,
                    "ugc_pay": 0,
                    "is_cooperation": 0,
                    "ugc_pay_preview": 0,
                    "no_background": 0,
                    "arc_pay": 0,
                    "pay_free_watch": 0
                },
                "owner": {
                    "mid": 617285,
                    "name": "芒果冰OL",
                    "face": "https://i2.hdslb.com/bfs/face/f40b734ef61f95f8adb3beca5b7b693db399c50e.jpg"
                },
                "stat": {
                    "aid": 92822829,
                    "view": 3321652,
                    "danmaku": 31031,
                    "reply": 23122,
                    "favorite": 46214,
                    "coin": 127402,
                    "share": 18816,
                    "now_rank": 0,
                    "his_rank": 8,
                    "like": 200987,
                    "dislike": 0,
                    "vt": 0,
                    "vv": 3321652,
                    "fav_g": 0,
                    "like_g": 2
                },
                "dynamic": "《赛尔号》网游史来了，我知道很多年龄稍大的观众其实对这个名字的印象还停留在“儿童网游”之上。殊不知这款游戏从诞生至今已然走过了10个年头，玩家群体和游戏内容早已不比当初。那么这款游戏是怎么抓到用户痛点的，又为何没能延续辉煌？这期视频我将带大家以一个全新的视角来看待淘米以及《赛尔号》的起落，请大家多多三连支持。",
                "cid": 158926693,
                "dimension": {
                    "width": 1920,
                    "height": 1080,
                    "rotate": 0
                },
                "season_id": 1509891,
                "short_link_v2": "https://b23.tv/BV1CE41177rd",
                "cover43": "",
                "tidv2": 2068,
                "tnamev2": "回合制策略游戏",
                "pid_v2": 1008,
                "pid_name_v2": "游戏",
                "bvid": "BV1CE41177rd",
                "season_type": 0,
                "is_ogv": false,
                "ogv_info": null,
                "enable_vt": 0,
                "ai_rcmd": null,
                "rcmd_reason": "童年的氪金启蒙游戏之一啊"
            },
            {
                "aid": 91317525,
                "videos": 1,
                "tid": 28,
                "tname": "原创音乐",
                "copyright": 1,
                "pic": "http://i1.hdslb.com/bfs/archive/eeaf109a27eace7e6f2fdf02ee677787fb021582.jpg",
                "title": "《野草》：我把16篇鲁迅写成了一首歌",
                "pubdate": 1582532643,
                "ctime": 1582532643,
                "desc": "作词&作曲：SealWu吴一凡\n编曲：Egco蔡唯真\n混音&母带：朱彦安\n插图来自人民文学出版社《野草：插图本》   插图作者：裘沙，王伟君，裘大力\n\n封闭在家，情郁于中，自然要发之于外\n灵感来自鲁迅散文诗集《野草》中的《好的故事》《影的告别》《秋夜》《过客》《求乞者》《我的失恋》《复仇》《复仇（其二）》《希望》《雪》《死火》《这样的战士》《墓碣文》《腊叶》《死后》《一觉》，我把16篇散文诗写成了一个故事。\n\n愿先生的文字早点过时！\n\n网易云音乐链接：https://music.163.com/#/son",
                "state": 0,
                "duration": 271,
                "rights": {
                    "bp": 0,
                    "elec": 0,
                    "download": 0,
                    "movie": 0,
                    "pay": 0,
                    "hd5": 1,
                    "no_reprint": 1,
                    "autoplay": 1,
                    "ugc_pay": 0,
                    "is_cooperation": 0,
                    "ugc_pay_preview": 0,
                    "no_background": 0,
                    "arc_pay": 0,
                    "pay_free_watch": 0
                },
                "owner": {
                    "mid": 157831228,
                    "name": "SealWu吴一凡",
                    "face": "http://i1.hdslb.com/bfs/face/6766427a200088f5756c48537a4da9772729e04c.jpg"
                },
                "stat": {
                    "aid": 91317525,
                    "view": 13660698,
                    "danmaku": 23384,
                    "reply": 12914,
                    "favorite": 702822,
                    "coin": 939258,
                    "share": 181145,
                    "now_rank": 0,
                    "his_rank": 9,
                    "like": 1097940,
                    "dislike": 0,
                    "vt": 0,
                    "vv": 13660698,
                    "fav_g": 18,
                    "like_g": 16
                },
                "dynamic": "#原创歌曲##说唱#《野草》：我把16篇鲁迅写成了一首歌",
                "cid": 155923456,
                "dimension": {
                    "width": 1920,
                    "height": 1080,
                    "rotate": 0
                },
                "short_link_v2": "https://b23.tv/BV1R7411M769",
                "cover43": "",
                "tidv2": 2016,
                "tnamev2": "原创音乐",
                "pid_v2": 1003,
                "pid_name_v2": "音乐",
                "bvid": "BV1R7411M769",
                "season_type": 0,
                "is_ogv": false,
                "ogv_info": null,
                "enable_vt": 0,
                "ai_rcmd": null,
                "rcmd_reason": "第一遍看字，第二遍看画，第三遍看自己"
            },
            {
                "aid": 91995768,
                "videos": 1,
                "tid": 21,
                "tname": "日常",
                "copyright": 1,
                "pic": "http://i0.hdslb.com/bfs/archive/b94ffe29a7db47c5c7c620a65d09b5e31edda60a.jpg",
                "title": "【学英语】北大学姐的高效背单词法！不看亏大了！1小时竟能背100多个？",
                "pubdate": 1582776338,
                "ctime": 1582776339,
                "desc": "-",
                "state": 0,
                "duration": 472,
                "mission_id": 12872,
                "rights": {
                    "bp": 0,
                    "elec": 0,
                    "download": 0,
                    "movie": 0,
                    "pay": 0,
                    "hd5": 0,
                    "no_reprint": 1,
                    "autoplay": 1,
                    "ugc_pay": 0,
                    "is_cooperation": 0,
                    "ugc_pay_preview": 0,
                    "no_background": 0,
                    "arc_pay": 0,
                    "pay_free_watch": 0
                },
                "owner": {
                    "mid": 39298350,
                    "name": "晴儿Patricia",
                    "face": "https://i0.hdslb.com/bfs/face/e40d47666ec89295919add5b11bb40e7684e19f2.jpg"
                },
                "stat": {
                    "aid": 91995768,
                    "view": 15881985,
                    "danmaku": 48939,
                    "reply": 13169,
                    "favorite": 1175900,
                    "coin": 527756,
                    "share": 451076,
                    "now_rank": 0,
                    "his_rank": 20,
                    "like": 1163839,
                    "dislike": 0,
                    "vt": 0,
                    "vv": 15881985,
                    "fav_g": 18,
                    "like_g": 17
                },
                "dynamic": "#学霸修炼挑战##英语学习##四六级#北大学姐的高效背单词法！A4纸背单词法1小时竟能背100多个？不看亏大了！",
                "cid": 157080516,
                "dimension": {
                    "width": 1280,
                    "height": 720,
                    "rotate": 0
                },
                "season_id": 511022,
                "short_link_v2": "https://b23.tv/BV1g7411T7Py",
                "cover43": "",
                "tidv2": 2085,
                "tnamev2": "非应试语言学习",
                "pid_v2": 1010,
                "pid_name_v2": "知识",
                "bvid": "BV1g7411T7Py",
                "season_type": 0,
                "is_ogv": false,
                "ogv_info": null,
                "enable_vt": 0,
                "ai_rcmd": null,
                "rcmd_reason": "收藏从未停止，学习从未开始"
            },
            {
                "aid": 93417845,
                "videos": 1,
                "tid": 21,
                "tname": "日常",
                "copyright": 1,
                "pic": "http://i0.hdslb.com/bfs/archive/858c79b42fb133f89a018b083b5bcb3de15a4e4e.jpg",
                "title": "小伙花36小时终于拼出“彩色地狱拼图”,整个人都傻了",
                "pubdate": 1583230923,
                "ctime": 1583230923,
                "desc": "微博：是贤宝宝本人\nyoutube：贤宝宝\n加速时候的bgm作者：Rise From The Ashes - 秋水",
                "state": 0,
                "duration": 444,
                "mission_id": 12849,
                "rights": {
                    "bp": 0,
                    "elec": 0,
                    "download": 0,
                    "movie": 0,
                    "pay": 0,
                    "hd5": 0,
                    "no_reprint": 1,
                    "autoplay": 1,
                    "ugc_pay": 0,
                    "is_cooperation": 0,
                    "ugc_pay_preview": 0,
                    "no_background": 0,
                    "arc_pay": 0,
                    "pay_free_watch": 0
                },
                "owner": {
                    "mid": 3957971,
                    "name": "贤宝宝Baby",
                    "face": "https://i2.hdslb.com/bfs/face/1effdaecc83bbfabcb9c2f93af99e255bcd0f7db.jpg"
                },
                "stat": {
                    "aid": 93417845,
                    "view": 5104569,
                    "danmaku": 61435,
                    "reply": 6337,
                    "favorite": 36971,
                    "coin": 151294,
                    "share": 7299,
                    "now_rank": 0,
                    "his_rank": 18,
                    "like": 504320,
                    "dislike": 0,
                    "vt": 0,
                    "vv": 5104569,
                    "fav_g": 44,
                    "like_g": 36
                },
                "dynamic": "还有谁！！！",
                "cid": 159498099,
                "dimension": {
                    "width": 1920,
                    "height": 1080,
                    "rotate": 0
                },
                "season_id": 5931787,
                "short_link_v2": "https://b23.tv/BV13E41147Pg",
                "cover43": "",
                "tidv2": 2201,
                "tnamev2": "潮玩玩具",
                "pid_v2": 1030,
                "pid_name_v2": "生活兴趣",
                "bvid": "BV13E41147Pg",
                "season_type": 0,
                "is_ogv": false,
                "ogv_info": null,
                "enable_vt": 0,
                "ai_rcmd": null,
                "rcmd_reason": "清明上河图，等你来挑战"
            },
            {
                "aid": 93738615,
                "videos": 1,
                "tid": 138,
                "tname": "搞笑",
                "copyright": 1,
                "pic": "http://i0.hdslb.com/bfs/archive/eb06adbaddbee7a80de3814c2e08d8fc6f6bd73e.jpg",
                "title": "【朱一旦】150 旦炒饭和烤冷面",
                "pubdate": 1583347319,
                "ctime": 1583347319,
                "desc": "微博@朱一旦的枯燥生活\nYouTube  【朱一旦的枯燥生活】官方频道\n公众号：朱一旦的枯燥生活\n网易云/知乎：朱一旦的枯燥生活\nBgm：美丽拍档——胡伟立\n            朴孝信 - 눈의 꽃",
                "state": 0,
                "duration": 167,
                "mission_id": 12868,
                "rights": {
                    "bp": 0,
                    "elec": 0,
                    "download": 0,
                    "movie": 0,
                    "pay": 0,
                    "hd5": 1,
                    "no_reprint": 1,
                    "autoplay": 1,
                    "ugc_pay": 0,
                    "is_cooperation": 0,
                    "ugc_pay_preview": 0,
                    "no_background": 0,
                    "arc_pay": 0,
                    "pay_free_watch": 0
                },
                "owner": {
                    "mid": 437316738,
                    "name": "朱一旦的枯燥生活",
                    "face": "https://i0.hdslb.com/bfs/face/48ad92f9e0eb9516f491ed18457e2a73e865ea8c.jpg"
                },
                "stat": {
                    "aid": 93738615,
                    "view": 5030425,
                    "danmaku": 14345,
                    "reply": 5888,
                    "favorite": 11320,
                    "coin": 35237,
                    "share": 22285,
                    "now_rank": 0,
                    "his_rank": 15,
                    "like": 248216,
                    "dislike": 0,
                    "vt": 0,
                    "vv": 5030425,
                    "fav_g": 0,
                    "like_g": 0
                },
                "dynamic": "吃烤冷面吗？#全能打卡挑战# #朱一旦# #美食#",
                "cid": 160043331,
                "dimension": {
                    "width": 1080,
                    "height": 1920,
                    "rotate": 0
                },
                "short_link_v2": "https://b23.tv/BV1TE411x7oQ",
                "cover43": "",
                "tidv2": 2154,
                "tnamev2": "剧情演绎",
                "pid_v2": 1021,
                "pid_name_v2": "小剧场",
                "bvid": "BV1TE411x7oQ",
                "season_type": 0,
                "is_ogv": false,
                "ogv_info": null,
                "enable_vt": 0,
                "ai_rcmd": null,
                "rcmd_reason": "我也不认识劳力士，所以..."
            },
            {
                "aid": 92911871,
                "videos": 1,
                "tid": 17,
                "tname": "单机游戏",
                "copyright": 1,
                "pic": "http://i0.hdslb.com/bfs/archive/7a896971f41ed99b844f0ad95e949fa292b8b8b1.jpg",
                "title": "【C菌】世界上最难受的游戏，你能坚持几秒？",
                "pubdate": 1583058294,
                "ctime": 1583058295,
                "desc": "《Dreams》是一款玩家可以在游戏里制作游戏里的游戏的游戏！玩家的作品非常沙雕并且难受，但质量都还挺高！\n本视频不包含广告！\n★本期视频收藏>5万，我会制作一款我赞助的恐怖游戏的实况！\n★微博@渗透之C君\n☆Instagram@roshinichi",
                "state": 0,
                "duration": 298,
                "mission_id": 12813,
                "rights": {
                    "bp": 0,
                    "elec": 0,
                    "download": 0,
                    "movie": 0,
                    "pay": 0,
                    "hd5": 0,
                    "no_reprint": 1,
                    "autoplay": 1,
                    "ugc_pay": 0,
                    "is_cooperation": 0,
                    "ugc_pay_preview": 0,
                    "no_background": 0,
                    "arc_pay": 0,
                    "pay_free_watch": 0
                },
                "owner": {
                    "mid": 4162287,
                    "name": "渗透之C君",
                    "face": "https://i0.hdslb.com/bfs/face/a12790be51aa6c9e3583fa94cb9b11cbfe0dacc2.jpg"
                },
                "stat": {
                    "aid": 92911871,
                    "view": 2474140,
                    "danmaku": 10339,
                    "reply": 4680,
                    "favorite": 60563,
                    "coin": 100048,
                    "share": 3466,
                    "now_rank": 0,
                    "his_rank": 4,
                    "like": 216888,
                    "dislike": 0,
                    "vt": 0,
                    "vv": 2474140,
                    "fav_g": 0,
                    "like_g": 0
                },
                "dynamic": "#C菌# #沙雕实况# 我如同XX好声音的评委一般，试玩了几十个玩家的作品，最后挑出这几个最沙雕的来吐吐槽。",
                "cid": 158629142,
                "dimension": {
                    "width": 1920,
                    "height": 1080,
                    "rotate": 0
                },
                "short_link_v2": "https://b23.tv/BV1HE411E7Wg",
                "cover43": "",
                "tidv2": 2079,
                "tnamev2": "其他游戏",
                "pid_v2": 1008,
                "pid_name_v2": "游戏",
                "bvid": "BV1HE411E7Wg",
                "season_type": 0,
                "is_ogv": false,
                "ogv_info": null,
                "enable_vt": 0,
                "ai_rcmd": null,
                "rcmd_reason": "强迫症的福音（误）"
            },
            {
                "aid": 92393584,
                "videos": 1,
                "tid": 164,
                "tname": "健身",
                "copyright": 1,
                "pic": "http://i0.hdslb.com/bfs/archive/8c8241080aee8f128d4e9136bbbeb4564387e913.jpg",
                "title": "害怕！和熊同桌吃早饭，60斤食物，吃完要陪练格斗？！【北极大宝荐06】",
                "pubdate": 1582885350,
                "ctime": 1582885350,
                "desc": "经此一役，人生圆满了......",
                "state": 0,
                "duration": 1154,
                "mission_id": 12873,
                "rights": {
                    "bp": 0,
                    "elec": 0,
                    "download": 0,
                    "movie": 0,
                    "pay": 0,
                    "hd5": 1,
                    "no_reprint": 1,
                    "autoplay": 1,
                    "ugc_pay": 0,
                    "is_cooperation": 1,
                    "ugc_pay_preview": 0,
                    "no_background": 0,
                    "arc_pay": 0,
                    "pay_free_watch": 0
                },
                "owner": {
                    "mid": 39627524,
                    "name": "食贫道",
                    "face": "https://i2.hdslb.com/bfs/face/eef12b850c10b0d7a7929236abb08604955823c0.jpg"
                },
                "stat": {
                    "aid": 92393584,
                    "view": 4319565,
                    "danmaku": 31515,
                    "reply": 5047,
                    "favorite": 37698,
                    "coin": 111415,
                    "share": 73320,
                    "now_rank": 0,
                    "his_rank": 16,
                    "like": 202051,
                    "dislike": 0,
                    "vt": 0,
                    "vv": 4319565,
                    "fav_g": 4,
                    "like_g": 2
                },
                "dynamic": "一起来云吸熊吧！#健身战“疫”挑战##北极大宝荐##小电视带你看世界#",
                "cid": 157845466,
                "dimension": {
                    "width": 1920,
                    "height": 1080,
                    "rotate": 0
                },
                "season_id": 250,
                "short_link_v2": "https://b23.tv/BV1dE411n7va",
                "cover43": "",
                "tidv2": 2171,
                "tnamev2": "动物综合·二创",
                "pid_v2": 1024,
                "pid_name_v2": "动物",
                "bvid": "BV1dE411n7va",
                "season_type": 0,
                "is_ogv": false,
                "ogv_info": null,
                "enable_vt": 0,
                "ai_rcmd": null,
                "rcmd_reason": "只要它不饿就是1吨重的乖宝宝"
            },
            {
                "aid": 93894350,
                "videos": 16,
                "tid": 216,
                "tname": "鬼畜剧场",
                "copyright": 1,
                "pic": "http://i2.hdslb.com/bfs/archive/76cc32a1a318a9143bb8352a27070ee40c7fc4fe.jpg",
                "title": "你来控制曹操，打败诸葛亮！互动视频，多结局",
                "pubdate": 1583406045,
                "ctime": 1583406045,
                "desc": "本互动视频看似恶搞，实际是借用名著进行二次创作，以带领青少年树立正确的价值观，每个选项的最后都给出正向的人生建议，引导青少年们走向正确的道路，也让观众朋友们能更加体会到经典名著作品的内核含义。",
                "state": 0,
                "duration": 430,
                "rights": {
                    "bp": 0,
                    "elec": 0,
                    "download": 0,
                    "movie": 0,
                    "pay": 0,
                    "hd5": 0,
                    "no_reprint": 1,
                    "autoplay": 0,
                    "ugc_pay": 0,
                    "is_cooperation": 0,
                    "ugc_pay_preview": 0,
                    "no_background": 0,
                    "arc_pay": 0,
                    "pay_free_watch": 0
                },
                "owner": {
                    "mid": 7714,
                    "name": "女孩为何穿短裙",
                    "face": "https://i1.hdslb.com/bfs/face/5ea9e99fe79418fff79f4601f13c855ce0f6162b.gif"
                },
                "stat": {
                    "aid": 93894350,
                    "view": 1486489,
                    "danmaku": 11974,
                    "reply": 3879,
                    "favorite": 25601,
                    "coin": 42160,
                    "share": 10856,
                    "now_rank": 0,
                    "his_rank": 87,
                    "like": 100301,
                    "dislike": 0,
                    "vt": 0,
                    "vv": 1486489,
                    "fav_g": 0,
                    "like_g": 0
                },
                "dynamic": "#互动视频##曹操##诸葛亮#",
                "cid": 160307195,
                "dimension": {
                    "width": 1024,
                    "height": 768,
                    "rotate": 0
                },
                "short_link_v2": "https://b23.tv/BV1sE411W7PH",
                "cover43": "",
                "tidv2": 2008,
                "tnamev2": "影视综合",
                "pid_v2": 1001,
                "pid_name_v2": "影视",
                "bvid": "BV1sE411W7PH",
                "season_type": 0,
                "is_ogv": false,
                "ogv_info": null,
                "enable_vt": 0,
                "ai_rcmd": null,
                "rcmd_reason": "披着互动视频外衣的鬼畜"
            },
            {
                "aid": 93047127,
                "videos": 1,
                "tid": 17,
                "tname": "单机游戏",
                "copyright": 1,
                "pic": "http://i1.hdslb.com/bfs/archive/914c4626cf1c684ecc26c9d2755c348791f5dcaf.jpg",
                "title": "【Minecraft】用现代军队去解放村庄是什么感觉",
                "pubdate": 1583123773,
                "ctime": 1583123773,
                "desc": "这回还是一人全役式拍摄手法......\n制作的很辛苦......\n花费了大量的时间去布景，可以说是肝了\n求各位，\n三连加关注吧！\n阿里嘎多！",
                "state": 0,
                "duration": 911,
                "mission_id": 12869,
                "rights": {
                    "bp": 0,
                    "elec": 0,
                    "download": 0,
                    "movie": 0,
                    "pay": 0,
                    "hd5": 0,
                    "no_reprint": 1,
                    "autoplay": 1,
                    "ugc_pay": 0,
                    "is_cooperation": 0,
                    "ugc_pay_preview": 0,
                    "no_background": 0,
                    "arc_pay": 0,
                    "pay_free_watch": 0
                },
                "owner": {
                    "mid": 66185855,
                    "name": "北纬的星空",
                    "face": "http://i1.hdslb.com/bfs/face/c48bf842a185aed390eea42bb0761c9848f8888a.jpg"
                },
                "stat": {
                    "aid": 93047127,
                    "view": 4472236,
                    "danmaku": 47036,
                    "reply": 5551,
                    "favorite": 110523,
                    "coin": 203151,
                    "share": 19185,
                    "now_rank": 0,
                    "his_rank": 21,
                    "like": 303572,
                    "dislike": 0,
                    "vt": 0,
                    "vv": 4472236,
                    "fav_g": 0,
                    "like_g": 4
                },
                "dynamic": "#带制作##我的世界##美国带片#",
                "cid": 158860341,
                "dimension": {
                    "width": 1920,
                    "height": 1080,
                    "rotate": 0
                },
                "short_link_v2": "https://b23.tv/BV1XE411E7d9",
                "cover43": "",
                "tidv2": 2078,
                "tnamev2": "沙盒类",
                "pid_v2": 1008,
                "pid_name_v2": "游戏",
                "bvid": "BV1XE411E7d9",
                "season_type": 0,
                "is_ogv": false,
                "ogv_info": null,
                "enable_vt": 0,
                "ai_rcmd": null,
                "rcmd_reason": "大片既视感"
            },
            {
                "aid": 92674262,
                "videos": 1,
                "tid": 76,
                "tname": "美食制作",
                "copyright": 1,
                "pic": "http://i1.hdslb.com/bfs/archive/948d5e77e59c4600f678665c737ee12ac9cd088a.jpg",
                "title": "龙吟草莓的妹妹：羊 啸 草 莓",
                "pubdate": 1582978252,
                "ctime": 1582978252,
                "desc": "日更微博【绵羊不只会料理】https://weibo.com/mianyangliaoli\n微信公众号【绵羊料理】有详细的菜谱，打算交作业的同学记得订阅+\n油管同步更新：https://www.youtube.com/c/sheephoho",
                "state": 0,
                "duration": 348,
                "mission_id": 12871,
                "rights": {
                    "bp": 0,
                    "elec": 0,
                    "download": 0,
                    "movie": 0,
                    "pay": 0,
                    "hd5": 0,
                    "no_reprint": 1,
                    "autoplay": 1,
                    "ugc_pay": 0,
                    "is_cooperation": 0,
                    "ugc_pay_preview": 0,
                    "no_background": 0,
                    "arc_pay": 0,
                    "pay_free_watch": 0
                },
                "owner": {
                    "mid": 18202105,
                    "name": "绵羊料理",
                    "face": "https://i1.hdslb.com/bfs/face/54b5c9c2ad7f1baff195090bfd6afa365ef20c37.jpg"
                },
                "stat": {
                    "aid": 92674262,
                    "view": 11707964,
                    "danmaku": 128347,
                    "reply": 33066,
                    "favorite": 85783,
                    "coin": 329456,
                    "share": 40035,
                    "now_rank": 0,
                    "his_rank": 9,
                    "like": 565415,
                    "dislike": 0,
                    "vt": 0,
                    "vv": 11707964,
                    "fav_g": 79,
                    "like_g": 104
                },
                "dynamic": "这周虽然闲着也没偷懒！为这个自虐式的分子料理我熬了整整2个通晚，给它取了个羊气的名字 ... 羊 啸 草 莓\n#美食##花样美食挑战##厨艺##料理制作#",
                "cid": 158229347,
                "dimension": {
                    "width": 1920,
                    "height": 1080,
                    "rotate": 0
                },
                "season_id": 134,
                "short_link_v2": "https://b23.tv/BV1SE411J7qV",
                "cover43": "",
                "tidv2": 2149,
                "tnamev2": "美食制作",
                "pid_v2": 1020,
                "pid_name_v2": "美食",
                "bvid": "BV1SE411J7qV",
                "season_type": 0,
                "is_ogv": false,
                "ogv_info": null,
                "enable_vt": 0,
                "ai_rcmd": null,
                "rcmd_reason": "我可以拿红色的腐乳放上草莓蒂和芝麻做一个低配的！"
            },
            {
                "aid": 93553905,
                "videos": 1,
                "tid": 171,
                "tname": "电子竞技",
                "copyright": 1,
                "pic": "http://i1.hdslb.com/bfs/archive/8748a84e1b6cb6cea2ab1c173cb742433aa61c7c.jpg",
                "title": "云顶之弈S3：大战国外主播与总设计师！中国玩家拿下S3全球第一鸡！",
                "pubdate": 1583304105,
                "ctime": 1583304105,
                "desc": "S3全球第一鸡，终于有一个小小的记录是属于我的了！\n不知道为什么打完后，自己会激动，也许没有经历过这7年的人会很难理解。\n这期主要是实况，所以没有太多版本讲解。\n我们会很快带来一期全讲解的S3视频。\n喜欢我的视频，不要忘记点关注！",
                "state": 0,
                "duration": 820,
                "mission_id": 12869,
                "rights": {
                    "bp": 0,
                    "elec": 0,
                    "download": 0,
                    "movie": 0,
                    "pay": 0,
                    "hd5": 0,
                    "no_reprint": 1,
                    "autoplay": 1,
                    "ugc_pay": 0,
                    "is_cooperation": 0,
                    "ugc_pay_preview": 0,
                    "no_background": 0,
                    "arc_pay": 0,
                    "pay_free_watch": 0
                },
                "owner": {
                    "mid": 18343134,
                    "name": "林小北Lindo",
                    "face": "https://i0.hdslb.com/bfs/face/fc093c1e6784b5f51e4697c739fe70e519ba36f7.jpg"
                },
                "stat": {
                    "aid": 93553905,
                    "view": 1187932,
                    "danmaku": 15670,
                    "reply": 4553,
                    "favorite": 44958,
                    "coin": 227648,
                    "share": 26053,
                    "now_rank": 0,
                    "his_rank": 6,
                    "like": 186109,
                    "dislike": 0,
                    "vt": 0,
                    "vv": 1187932,
                    "fav_g": 0,
                    "like_g": 1
                },
                "dynamic": "中外主播混战！云顶之弈S3全球第一鸡诞生！\n这期视频还有阿北第一次真人出镜！\n很高兴有机会跟世界顶级的主播同台竞技！\n#云顶之弈S3##英雄联盟##云顶之弈#",
                "cid": 159727989,
                "dimension": {
                    "width": 1920,
                    "height": 1080,
                    "rotate": 0
                },
                "short_link_v2": "https://b23.tv/BV1wE411t7ej",
                "cover43": "",
                "tidv2": 2068,
                "tnamev2": "回合制策略游戏",
                "pid_v2": 1008,
                "pid_name_v2": "游戏",
                "bvid": "BV1wE411t7ej",
                "season_type": 0,
                "is_ogv": false,
                "ogv_info": null,
                "enable_vt": 0,
                "ai_rcmd": null,
                "rcmd_reason": "设计师：这大眼欠削"
            },
            {
                "aid": 92008692,
                "videos": 1,
                "tid": 207,
                "tname": "财经商业",
                "copyright": 1,
                "pic": "http://i2.hdslb.com/bfs/archive/7ea25f9cb0ebd519edd6036c04ac4822bd02837d.jpg",
                "title": "【独树一帜36】深层次解析日韩开卷考为何不及格，日韩的难言之隐（思密达没了）",
                "pubdate": 1582786233,
                "ctime": 1582755274,
                "desc": "三次修改了 标注的都删了 让我过吧！通宵掉头发啊！",
                "state": 0,
                "duration": 1014,
                "rights": {
                    "bp": 0,
                    "elec": 0,
                    "download": 0,
                    "movie": 0,
                    "pay": 0,
                    "hd5": 1,
                    "no_reprint": 1,
                    "autoplay": 1,
                    "ugc_pay": 0,
                    "is_cooperation": 0,
                    "ugc_pay_preview": 0,
                    "no_background": 0,
                    "arc_pay": 0,
                    "pay_free_watch": 0
                },
                "owner": {
                    "mid": 99336697,
                    "name": "树根龙门阵",
                    "face": "https://i1.hdslb.com/bfs/face/6d8ea0efc3c06c75f68339c0ab62118d8ff5fc20.jpg"
                },
                "stat": {
                    "aid": 92008692,
                    "view": 1998987,
                    "danmaku": 35736,
                    "reply": 7198,
                    "favorite": 62102,
                    "coin": 229787,
                    "share": 24581,
                    "now_rank": 0,
                    "his_rank": 12,
                    "like": 226114,
                    "dislike": 0,
                    "vt": 0,
                    "vv": 1998987,
                    "fav_g": 0,
                    "like_g": 0
                },
                "dynamic": "#韩国##东京奥运会##日本#  韩国充分证明了 开局运营再好也比不上猪队友的痛击队友 \n日本证明了 薛定谔的病人 只要不观测，那么就是百分之五十，毕竟遇事不决量子力学\n三次修改了 标注的都删了 让我过吧！通宵掉头发啊！",
                "cid": 157132250,
                "dimension": {
                    "width": 1920,
                    "height": 1080,
                    "rotate": 0
                },
                "short_link_v2": "https://b23.tv/BV1N7411T7dW",
                "cover43": "",
                "tidv2": 2089,
                "tnamev2": "时政解读",
                "pid_v2": 1010,
                "pid_name_v2": "知识",
                "bvid": "BV1N7411T7dW",
                "season_type": 0,
                "is_ogv": false,
                "ogv_info": null,
                "enable_vt": 0,
                "ai_rcmd": null,
                "rcmd_reason": "我有电脑的组装指南，但我装不出来"
            },
            {
                "aid": 92252043,
                "videos": 1,
                "tid": 47,
                "tname": "同人·手书",
                "copyright": 1,
                "pic": "http://i2.hdslb.com/bfs/archive/2ee7d828e6defd70f932dc6ae098e9429da3a8ac.jpg",
                "title": "《崩坏3》动画短片「天穹流星」",
                "pubdate": 1582859517,
                "ctime": 1582859517,
                "desc": "纵使长夜漫漫永劫无期，\n我也要化身星辰点燃希望，\n你的誓言由我来实现。\n\n本片由miHoYo Anime出品，片中印象曲《Starfall》由米哈游旗下纯原创音乐团队HOYO-MiX制作，知名唱作歌手袁娅维演唱。",
                "state": 0,
                "duration": 378,
                "rights": {
                    "bp": 0,
                    "elec": 0,
                    "download": 0,
                    "movie": 0,
                    "pay": 0,
                    "hd5": 0,
                    "no_reprint": 1,
                    "autoplay": 1,
                    "ugc_pay": 0,
                    "is_cooperation": 0,
                    "ugc_pay_preview": 0,
                    "no_background": 0,
                    "arc_pay": 0,
                    "pay_free_watch": 0
                },
                "owner": {
                    "mid": 27534330,
                    "name": "崩坏3第一偶像爱酱",
                    "face": "https://i0.hdslb.com/bfs/face/0a8c5bf78dd2bf4e73d50fe970f0f1560c2a3d2d.jpg"
                },
                "stat": {
                    "aid": 92252043,
                    "view": 11274951,
                    "danmaku": 152367,
                    "reply": 43967,
                    "favorite": 361472,
                    "coin": 750566,
                    "share": 185044,
                    "now_rank": 0,
                    "his_rank": 1,
                    "like": 677596,
                    "dislike": 0,
                    "vt": 0,
                    "vv": 11274951,
                    "fav_g": 102,
                    "like_g": 44
                },
                "dynamic": "#崩坏3##琪亚娜##动画#",
                "cid": 157513459,
                "dimension": {
                    "width": 1920,
                    "height": 1080,
                    "rotate": 0
                },
                "short_link_v2": "https://b23.tv/BV1U7411N7vr",
                "pub_location": "上海",
                "cover43": "",
                "tidv2": 2037,
                "tnamev2": "同人动画",
                "pid_v2": 1005,
                "pid_name_v2": "二次元",
                "bvid": "BV1U7411N7vr",
                "season_type": 0,
                "is_ogv": false,
                "ogv_info": null,
                "enable_vt": 0,
                "ai_rcmd": null,
                "rcmd_reason": "原来白练队长技能：流星守护是这个意思吗"
            },
            {
                "aid": 92274735,
                "videos": 1,
                "tid": 213,
                "tname": "美食测评",
                "copyright": 1,
                "pic": "http://i2.hdslb.com/bfs/archive/c828665a3f04cbe71c0b41e96e2631af2a5a42ea.jpg",
                "title": "分享烹饪顶级日料中最好吃的一道菜！包教包会！",
                "pubdate": 1582884042,
                "ctime": 1582834446,
                "desc": "特殊时期更新频率暂时改为每周五晚六点更新！\n您的点赞投币是对我最好的鼓励~爱你们么么大！\n\nBGM：\n美味 - 大祥哥来了\nTLV - Time（Cover：MKJ）",
                "state": 0,
                "duration": 498,
                "mission_id": 12800,
                "rights": {
                    "bp": 0,
                    "elec": 0,
                    "download": 0,
                    "movie": 0,
                    "pay": 0,
                    "hd5": 0,
                    "no_reprint": 1,
                    "autoplay": 1,
                    "ugc_pay": 0,
                    "is_cooperation": 0,
                    "ugc_pay_preview": 0,
                    "no_background": 0,
                    "arc_pay": 0,
                    "pay_free_watch": 0
                },
                "owner": {
                    "mid": 2920960,
                    "name": "大祥哥来了",
                    "face": "https://i1.hdslb.com/bfs/face/c72fee3b75a352f6a8d6c3e98bf0e050afa0caa0.jpg"
                },
                "stat": {
                    "aid": 92274735,
                    "view": 4341043,
                    "danmaku": 31525,
                    "reply": 5477,
                    "favorite": 89235,
                    "coin": 202569,
                    "share": 10584,
                    "now_rank": 0,
                    "his_rank": 3,
                    "like": 327578,
                    "dislike": 0,
                    "vt": 0,
                    "vv": 4341043,
                    "fav_g": 1,
                    "like_g": 1
                },
                "dynamic": "这应该是我目前最满意的一期视频！#吃货测评#",
                "cid": 157553560,
                "dimension": {
                    "width": 1920,
                    "height": 1080,
                    "rotate": 0
                },
                "short_link_v2": "https://b23.tv/BV18E411n7w1",
                "cover43": "",
                "tidv2": 2149,
                "tnamev2": "美食制作",
                "pid_v2": 1020,
                "pid_name_v2": "美食",
                "bvid": "BV18E411n7w1",
                "season_type": 0,
                "is_ogv": false,
                "ogv_info": null,
                "enable_vt": 0,
                "ai_rcmd": null,
                "rcmd_reason": "店家允许分享，是因为他料我们也吃不起"
            },
            {
                "aid": 93613229,
                "videos": 1,
                "tid": 182,
                "tname": "影视杂谈",
                "copyright": 1,
                "pic": "http://i2.hdslb.com/bfs/archive/d6372d343c569d07d137b69d22405904df2a7724.jpg",
                "title": "【刘老师】刘老师逆天吐槽女主婊到让观众吐血的悬疑犯罪电影《吹哨人》",
                "pubdate": 1583317850,
                "ctime": 1583302617,
                "desc": "金扫帚入围影片解说第二弹来啦！汤唯和雷佳音我都挺喜欢，但是这个电影怎么……",
                "state": 0,
                "duration": 465,
                "mission_id": 12868,
                "rights": {
                    "bp": 0,
                    "elec": 0,
                    "download": 0,
                    "movie": 0,
                    "pay": 0,
                    "hd5": 0,
                    "no_reprint": 1,
                    "autoplay": 1,
                    "ugc_pay": 0,
                    "is_cooperation": 0,
                    "ugc_pay_preview": 0,
                    "no_background": 0,
                    "arc_pay": 0,
                    "pay_free_watch": 0
                },
                "owner": {
                    "mid": 79061224,
                    "name": "刘老师说电影",
                    "face": "https://i1.hdslb.com/bfs/face/145226ff2d32d7c99b8ea3591ffec2f38fc9d3d3.jpg"
                },
                "stat": {
                    "aid": 93613229,
                    "view": 1831429,
                    "danmaku": 10184,
                    "reply": 1150,
                    "favorite": 2429,
                    "coin": 6718,
                    "share": 1293,
                    "now_rank": 0,
                    "his_rank": 0,
                    "like": 63229,
                    "dislike": 0,
                    "vt": 0,
                    "vv": 1831429,
                    "fav_g": 0,
                    "like_g": 0
                },
                "dynamic": "#刘老师说电影##搞笑##吐槽#金扫帚入围影片解说第二弹来啦！汤唯和雷佳音我都挺喜欢，但是这个电影怎么……",
                "cid": 159825034,
                "dimension": {
                    "width": 1280,
                    "height": 720,
                    "rotate": 0
                },
                "short_link_v2": "https://b23.tv/BV1tE411s7xY",
                "cover43": "",
                "tidv2": 2001,
                "tnamev2": "影视解读",
                "pid_v2": 1001,
                "pid_name_v2": "影视",
                "bvid": "BV1tE411s7xY",
                "season_type": 0,
                "is_ogv": false,
                "ogv_info": null,
                "enable_vt": 0,
                "ai_rcmd": null,
                "rcmd_reason": "不是这片不努力，而是对手太“强劲”"
            }
        ]
    }
}