{
    "code": 0,
    "message": "OK",
    "ttl": 1,
    "data": {
        "config": {
            "id": 59,
            "type": "weekly_selected",
            "number": 55,
            "subject": "师生对线× 师生同线√",
            "stime": 1585843200,
            "etime": 1586447999,
            "status": 2,
            "name": "2020第55期 04.03 - 04.09",
            "label": "第55期(0410更新)",
            "hint": "",
            "color": 0,
            "cover": "",
            "share_title": "师生对线× 师生同线√ | B站每周必看第55期",
            "share_subtitle": "你以为这是师生对线？对来对去，他们其实一直在一条线上！",
            "media_id": 937272288
        },
        "reminder": "每周五晚18:00更新",
        "list": [
            {
                "aid": 840169659,
                "videos": 1,
                "tid": 17,
                "tname": "单机游戏",
                "copyright": 1,
                "pic": "http://i0.hdslb.com/bfs/archive/b2b9b0136b93e8734f9d8a5d88e3da81c42d800a.jpg",
                "title": "【师生对线】这网课上得就尼玛离谱！（第五集）",
                "pubdate": 1586264673,
                "ctime": 1586264673,
                "desc": "线上月考竟隐藏着巨大阴谋！？",
                "state": 0,
                "duration": 781,
                "mission_id": 12932,
                "rights": {
                    "bp": 0,
                    "elec": 0,
                    "download": 0,
                    "movie": 0,
                    "pay": 0,
                    "hd5": 0,
                    "no_reprint": 1,
                    "autoplay": 1,
                    "ugc_pay": 0,
                    "is_cooperation": 0,
                    "ugc_pay_preview": 0,
                    "no_background": 0,
                    "arc_pay": 0,
                    "pay_free_watch": 0
                },
                "owner": {
                    "mid": 3353026,
                    "name": "鹤吱菌",
                    "face": "https://i1.hdslb.com/bfs/face/0dc328ed08cdb7e83920919b633077abaa851c79.jpg"
                },
                "stat": {
                    "aid": 840169659,
                    "view": 12589485,
                    "danmaku": 197742,
                    "reply": 25762,
                    "favorite": 397607,
                    "coin": 1204744,
                    "share": 93396,
                    "now_rank": 0,
                    "his_rank": 1,
                    "like": 1217563,
                    "dislike": 0,
                    "vt": 0,
                    "vv": 12589485,
                    "fav_g": 12,
                    "like_g": 9
                },
                "dynamic": "#搞笑##热血##王小炮#线上月考他终于来了！（泪）",
                "cid": 175232325,
                "dimension": {
                    "width": 1920,
                    "height": 1080,
                    "rotate": 0
                },
                "season_id": 613,
                "short_link_v2": "https://b23.tv/BV1h54y1d7Qq",
                "cover43": "",
                "tidv2": 2044,
                "tnamev2": "动画配音",
                "pid_v2": 1005,
                "pid_name_v2": "二次元",
                "bvid": "BV1h54y1d7Qq",
                "season_type": 0,
                "is_ogv": false,
                "ogv_info": null,
                "enable_vt": 0,
                "ai_rcmd": null,
                "rcmd_reason": "你以为这是师生对线？其实是师生同线！"
            },
            {
                "aid": 795002713,
                "videos": 1,
                "tid": 126,
                "tname": "人力VOCALOID",
                "copyright": 1,
                "pic": "http://i1.hdslb.com/bfs/archive/61308bad12af3c4712e032cfce515855d68ff320.jpg",
                "title": "【华农兄弟】以父之名",
                "pubdate": 1586231722,
                "ctime": 1585972826,
                "desc": "【以腹之名】\n原曲：以父之名-周杰伦\n填词、制作：红色激情\n演唱：华农兄弟\n\n黄绿合战Day.1 对阵作品：BV1NC4y1s7p2，\n投票传送门：https://www.bilibili.com/blackboard/activity-yellowVSgreen5th.html",
                "state": 0,
                "duration": 349,
                "mission_id": 13119,
                "rights": {
                    "bp": 0,
                    "elec": 0,
                    "download": 0,
                    "movie": 0,
                    "pay": 0,
                    "hd5": 1,
                    "no_reprint": 1,
                    "autoplay": 1,
                    "ugc_pay": 0,
                    "is_cooperation": 0,
                    "ugc_pay_preview": 0,
                    "no_background": 0,
                    "arc_pay": 0,
                    "pay_free_watch": 0
                },
                "owner": {
                    "mid": 25422790,
                    "name": "红色激情",
                    "face": "https://i1.hdslb.com/bfs/face/393b19032f0c16fefdedcd74fbc7b6b805956dfa.jpg"
                },
                "stat": {
                    "aid": 795002713,
                    "view": 11536538,
                    "danmaku": 58737,
                    "reply": 22512,
                    "favorite": 253992,
                    "coin": 686869,
                    "share": 90395,
                    "now_rank": 0,
                    "his_rank": 3,
                    "like": 827032,
                    "dislike": 0,
                    "vt": 0,
                    "vv": 11536538,
                    "fav_g": 8,
                    "like_g": 1
                },
                "dynamic": "#黄绿合战##黄绿合战5th##华农兄弟#\n大赛第一战！囚观众老爷们投我一票，后续不要忘了给我们黄队投票哦！\n黄绿合战Day.1 对阵作品：BV1NC4y1s7p2，投票传送门：https://www.bilibili.com/blackboard/activity-yellowVSgreen5th.html",
                "cid": 173527223,
                "dimension": {
                    "width": 1920,
                    "height": 1080,
                    "rotate": 0
                },
                "season_id": 153724,
                "short_link_v2": "https://b23.tv/BV1jC4y147rv",
                "cover43": "",
                "tidv2": 2061,
                "tnamev2": "人力VOCALOID",
                "pid_v2": 1007,
                "pid_name_v2": "鬼畜",
                "bvid": "BV1jC4y147rv",
                "season_type": 0,
                "is_ogv": false,
                "ogv_info": null,
                "enable_vt": 0,
                "ai_rcmd": null,
                "rcmd_reason": "如果以猪的视角去看这个鬼畜，你会发现不亚于任何一部恐怖片"
            },
            {
                "aid": 327530078,
                "videos": 1,
                "tid": 21,
                "tname": "日常",
                "copyright": 1,
                "pic": "http://i2.hdslb.com/bfs/archive/2bfc89d7a484fd6764160aa8ed624398cac6529d.jpg",
                "title": "【语言篇】一看就会！凑出高B格语言！作文50+太简单！",
                "pubdate": 1586005272,
                "ctime": 1586005272,
                "desc": "凑字数的正确打开方式\n整句和散句的运用\n为作文加分~",
                "state": 0,
                "duration": 341,
                "mission_id": 13056,
                "rights": {
                    "bp": 0,
                    "elec": 0,
                    "download": 0,
                    "movie": 0,
                    "pay": 0,
                    "hd5": 1,
                    "no_reprint": 1,
                    "autoplay": 1,
                    "ugc_pay": 0,
                    "is_cooperation": 0,
                    "ugc_pay_preview": 0,
                    "no_background": 0,
                    "arc_pay": 0,
                    "pay_free_watch": 0
                },
                "owner": {
                    "mid": 511582360,
                    "name": "酸辣土土",
                    "face": "https://i1.hdslb.com/bfs/face/d675e13ed0d0ea74263df31b69ffda59e7107301.jpg"
                },
                "stat": {
                    "aid": 327530078,
                    "view": 4640122,
                    "danmaku": 12236,
                    "reply": 4315,
                    "favorite": 343875,
                    "coin": 210032,
                    "share": 26354,
                    "now_rank": 0,
                    "his_rank": 1,
                    "like": 408137,
                    "dislike": 0,
                    "vt": 0,
                    "vv": 4640122,
                    "fav_g": 0,
                    "like_g": 19
                },
                "dynamic": "冲冲冲！#知识分享官##考试##学习#",
                "cid": 173916257,
                "dimension": {
                    "width": 1920,
                    "height": 1080,
                    "rotate": 0
                },
                "season_id": 223604,
                "short_link_v2": "https://b23.tv/BV1SA41187fi",
                "cover43": "",
                "tidv2": 2084,
                "tnamev2": "应试教育",
                "pid_v2": 1010,
                "pid_name_v2": "知识",
                "bvid": "BV1SA41187fi",
                "season_type": 0,
                "is_ogv": false,
                "ogv_info": null,
                "enable_vt": 0,
                "ai_rcmd": null,
                "rcmd_reason": "多用标点，多凝练词语，多用排比。"
            },
            {
                "aid": 285143463,
                "videos": 2,
                "tid": 47,
                "tname": "同人·手书",
                "copyright": 1,
                "pic": "http://i0.hdslb.com/bfs/archive/8eb9bb5c9cdf7186c85ee17b6d332947ebe9244d.jpg",
                "title": "【60帧定格动画】用高达在5分钟内跳完所有MJ的舞蹈",
                "pubdate": 1586119476,
                "ctime": 1586119476,
                "desc": "陆陆续续做了大概1个多月\n很多天都是2点的睡时\n本还想用lockdown把很有特色的衣服贴上去\n但是太容易跟踪失败了\n想知道可以去2p看看\n这次是15升60的补帧\n但是效果拖影也很严重，下次就不折腾这个了\nMJ的视频大概之后也不会做了吧\n最后请各位观众老爷给波关注和三连吧\n让我也火一次\np2原视频出处https://www.youtube.com/watch?v=RztUdknG9H4 作者为Ricardo Walker",
                "state": 0,
                "duration": 585,
                "mission_id": 13106,
                "rights": {
                    "bp": 0,
                    "elec": 0,
                    "download": 0,
                    "movie": 0,
                    "pay": 0,
                    "hd5": 0,
                    "no_reprint": 1,
                    "autoplay": 1,
                    "ugc_pay": 0,
                    "is_cooperation": 0,
                    "ugc_pay_preview": 0,
                    "no_background": 0,
                    "arc_pay": 0,
                    "pay_free_watch": 0
                },
                "owner": {
                    "mid": 53007640,
                    "name": "Moouyo默铀",
                    "face": "https://i1.hdslb.com/bfs/face/edc578fd96ed2ffc6538f87d240f61b4b22f63d6.jpg"
                },
                "stat": {
                    "aid": 285143463,
                    "view": 6616696,
                    "danmaku": 32230,
                    "reply": 14583,
                    "favorite": 350688,
                    "coin": 946040,
                    "share": 94109,
                    "now_rank": 0,
                    "his_rank": 4,
                    "like": 798515,
                    "dislike": 0,
                    "vt": 0,
                    "vv": 6616696,
                    "fav_g": 6,
                    "like_g": 5
                },
                "dynamic": "#定格动画##迈克尔杰克逊##60帧#还等什么呢，奥里给",
                "cid": 174494635,
                "dimension": {
                    "width": 1920,
                    "height": 908,
                    "rotate": 0
                },
                "short_link_v2": "https://b23.tv/BV1Yc411h7uQ",
                "cover43": "",
                "tidv2": 2037,
                "tnamev2": "同人动画",
                "pid_v2": 1005,
                "pid_name_v2": "二次元",
                "bvid": "BV1Yc411h7uQ",
                "season_type": 0,
                "is_ogv": false,
                "ogv_info": null,
                "enable_vt": 0,
                "ai_rcmd": null,
                "rcmd_reason": "是不是UP主穿着皮套跳的？太丝滑了吧"
            },
            {
                "aid": 925146249,
                "videos": 1,
                "tid": 253,
                "tname": "动漫杂谈",
                "copyright": 1,
                "pic": "http://i1.hdslb.com/bfs/archive/66a2f98a13d5d2e642807e4993b9df0f964bc70b.jpg",
                "title": "高中男子一学期谈753个对象？！【阅片无数42】",
                "pubdate": 1586354451,
                "ctime": 1586269616,
                "desc": "想看更多的阅片无数小伙伴们转发三连搞起来哦\n更多生活中的凉风请参见→微博@凉风Kaze\n第四十一期BV1Ca4y1t7YG：总觉得这狗哪里不对劲？\n第四十期BV1F741117vi：连 环 暴 击 ！\n第三十九期BV1R741197XS：人不贩我，我不贩人！\n第三十八期av95429639：群员疯狂开车500多次，群主被判坐牢半年\n第三十七期av93605411：❓ ❓ ❓ \n第三十六期av91720074：人干事？为阻止少年轻生，狙击手成功将其击毙\n第三十五期av89971424：我 老 婆 还 在 卡",
                "state": 0,
                "duration": 918,
                "rights": {
                    "bp": 0,
                    "elec": 0,
                    "download": 0,
                    "movie": 0,
                    "pay": 0,
                    "hd5": 1,
                    "no_reprint": 1,
                    "autoplay": 1,
                    "ugc_pay": 0,
                    "is_cooperation": 0,
                    "ugc_pay_preview": 0,
                    "no_background": 0,
                    "arc_pay": 0,
                    "pay_free_watch": 0
                },
                "owner": {
                    "mid": 14110780,
                    "name": "凉风Kaze",
                    "face": "https://i1.hdslb.com/bfs/face/e0cc906bb531195e9ee9f3b575effdd2b056eaea.jpg"
                },
                "stat": {
                    "aid": 925146249,
                    "view": 5767818,
                    "danmaku": 101957,
                    "reply": 11786,
                    "favorite": 68298,
                    "coin": 256816,
                    "share": 23354,
                    "now_rank": 0,
                    "his_rank": 5,
                    "like": 586171,
                    "dislike": 0,
                    "vt": 0,
                    "vv": 5767818,
                    "fav_g": 0,
                    "like_g": 1
                },
                "dynamic": "老师表示管不住，连食堂大妈都谈\n欲知真相如何请收看本期#阅片无数#",
                "cid": 175249548,
                "dimension": {
                    "width": 1920,
                    "height": 1080,
                    "rotate": 0
                },
                "season_id": 175,
                "short_link_v2": "https://b23.tv/BV1uT4y1G7Kw",
                "pub_location": "上海",
                "cover43": "",
                "tidv2": 2042,
                "tnamev2": "动漫评论",
                "pid_v2": 1005,
                "pid_name_v2": "二次元",
                "bvid": "BV1uT4y1G7Kw",
                "season_type": 0,
                "is_ogv": false,
                "ogv_info": null,
                "enable_vt": 0,
                "ai_rcmd": null,
                "rcmd_reason": "业务范围越来越广了，这样下去迟早有一天让秃凉解数学题"
            },
            {
                "aid": 882549570,
                "videos": 1,
                "tid": 182,
                "tname": "影视杂谈",
                "copyright": 1,
                "pic": "http://i1.hdslb.com/bfs/archive/fad6f2d20e10b35336827646f82d3a94c22ece53.jpg",
                "title": "爱情公寓未播出的一集！曾小贤诺澜分手结局！",
                "pubdate": 1585886420,
                "ctime": 1585817875,
                "desc": "《爱情公寓》到完结都没有填的最大的坑，6000字底稿，第一次尝试使用7种不同的声音配音制作完成，爱情公寓未播出的一集，解释了曾小贤如何和诺澜分手又如何和胡一菲在一起的，爱4和爱5之间的过渡集数。\n如果大家觉得这期视频还不错的话，欢迎【长按点赞按钮】，一键三连支持本期节目。\n——爱粉不易，真心为你，一勺不够，两勺打底。\n\n原创影视系列——\nBV1z7411a7YR《15分钟看完唐人街探案系列》\nAV50140829《20分钟看完漫威所有电影！》\nAV57241563《20分钟看完蜘蛛侠6部电影！》",
                "state": 0,
                "duration": 771,
                "mission_id": 13106,
                "rights": {
                    "bp": 0,
                    "elec": 0,
                    "download": 0,
                    "movie": 0,
                    "pay": 0,
                    "hd5": 1,
                    "no_reprint": 1,
                    "autoplay": 1,
                    "ugc_pay": 0,
                    "is_cooperation": 0,
                    "ugc_pay_preview": 0,
                    "no_background": 0,
                    "arc_pay": 0,
                    "pay_free_watch": 0
                },
                "owner": {
                    "mid": 14068111,
                    "name": "黝黑蜗壳天眼老师",
                    "face": "https://i1.hdslb.com/bfs/face/eea1c803ef592a02ccf97a97f81886ccc2b44ec6.jpg"
                },
                "stat": {
                    "aid": 882549570,
                    "view": 4805774,
                    "danmaku": 15432,
                    "reply": 4436,
                    "favorite": 88658,
                    "coin": 176461,
                    "share": 32782,
                    "now_rank": 0,
                    "his_rank": 20,
                    "like": 293444,
                    "dislike": 0,
                    "vt": 0,
                    "vv": 4805774,
                    "fav_g": 12,
                    "like_g": 8
                },
                "dynamic": "《爱情公寓》到完结都没有填的最大的坑，6000字底稿，第一次尝试使用7种不同的声音配音制作完成，爱情公寓未播出的一集，解释了曾小贤如何和诺澜分手又如何和胡一菲在一起的。\n如果大家觉得这期视频还不错的话，欢迎【长按点赞按钮】，一键三连支持本期节目。\n——爱粉不易，真心为你，一勺不够，两勺打底。",
                "cid": 172844596,
                "dimension": {
                    "width": 1920,
                    "height": 1080,
                    "rotate": 0
                },
                "season_id": 1049801,
                "short_link_v2": "https://b23.tv/BV1BK4y1C7fy",
                "cover43": "",
                "tidv2": 2001,
                "tnamev2": "影视解读",
                "pid_v2": 1001,
                "pid_name_v2": "影视",
                "bvid": "BV1BK4y1C7fy",
                "season_type": 0,
                "is_ogv": false,
                "ogv_info": null,
                "enable_vt": 0,
                "ai_rcmd": null,
                "rcmd_reason": "人生的出场顺序真的真的真的很重要！"
            },
            {
                "aid": 795248766,
                "videos": 1,
                "tid": 207,
                "tname": "财经商业",
                "copyright": 1,
                "pic": "http://i2.hdslb.com/bfs/archive/a6a0005668c1c1f67bfb4b3740110c75968097d8.jpg",
                "title": "【半佛】为何川普漠视美国人命",
                "pubdate": 1586268629,
                "ctime": 1586268629,
                "desc": "川老师简直是神奇超人。",
                "state": 0,
                "duration": 753,
                "rights": {
                    "bp": 0,
                    "elec": 0,
                    "download": 0,
                    "movie": 0,
                    "pay": 0,
                    "hd5": 1,
                    "no_reprint": 1,
                    "autoplay": 1,
                    "ugc_pay": 0,
                    "is_cooperation": 0,
                    "ugc_pay_preview": 0,
                    "no_background": 0,
                    "arc_pay": 0,
                    "pay_free_watch": 0
                },
                "owner": {
                    "mid": 37663924,
                    "name": "硬核的半佛仙人",
                    "face": "https://i1.hdslb.com/bfs/face/aaf33dced1941af0946f37c62f4b48fcaba9c9a2.jpg"
                },
                "stat": {
                    "aid": 795248766,
                    "view": 10164994,
                    "danmaku": 118275,
                    "reply": 20485,
                    "favorite": 163850,
                    "coin": 570810,
                    "share": 116076,
                    "now_rank": 0,
                    "his_rank": 3,
                    "like": 811227,
                    "dislike": 0,
                    "vt": 0,
                    "vv": 10164994,
                    "fav_g": 0,
                    "like_g": 2
                },
                "dynamic": "为什么川老师从疫情开始到现在都是各种神奇操作？\n为什么他能如此不当人？\n因为在资本眼中，美国人，没有选票就不值钱。",
                "cid": 175252126,
                "dimension": {
                    "width": 1920,
                    "height": 1080,
                    "rotate": 0
                },
                "short_link_v2": "https://b23.tv/BV1cC4y1x7TA",
                "cover43": "",
                "tidv2": 2089,
                "tnamev2": "时政解读",
                "pid_v2": 1010,
                "pid_name_v2": "知识",
                "bvid": "BV1cC4y1x7TA",
                "season_type": 0,
                "is_ogv": false,
                "ogv_info": null,
                "enable_vt": 0,
                "ai_rcmd": null,
                "rcmd_reason": "现实永远比小说更魔幻"
            },
            {
                "aid": 582583547,
                "videos": 1,
                "tid": 76,
                "tname": "美食制作",
                "copyright": 1,
                "pic": "http://i1.hdslb.com/bfs/archive/d55733bc34738a56921f04a33128870be0f2fca7.jpg",
                "title": "龙吟柠檬【这真的不是柠檬，完美还原柠檬分子料理】",
                "pubdate": 1585904419,
                "ctime": 1585824281,
                "desc": "点赞破5w还原龙吟系列~\n龙吟草莓传送门：BV1cJ411E7HT\nbgm：\n澤田かおり - きのう何食べた_ \n加藤達也 (かとう たつや) - 朝だ 畑だ 収穫だ (清晨 田地 收获) 加藤達也 - \nMUJI BGM - Quartett Es dur - Rondo\n原料理视频https://www.youtube.com/watch?v=6gIqLQtaPDA&t=29s",
                "state": 0,
                "duration": 511,
                "mission_id": 12996,
                "rights": {
                    "bp": 0,
                    "elec": 0,
                    "download": 0,
                    "movie": 0,
                    "pay": 0,
                    "hd5": 0,
                    "no_reprint": 1,
                    "autoplay": 1,
                    "ugc_pay": 0,
                    "is_cooperation": 0,
                    "ugc_pay_preview": 0,
                    "no_background": 0,
                    "arc_pay": 0,
                    "pay_free_watch": 0
                },
                "owner": {
                    "mid": 52190805,
                    "name": "麟宣森",
                    "face": "https://i0.hdslb.com/bfs/face/48178da68439bc0e56cee050c9732000f4f35b93.jpg"
                },
                "stat": {
                    "aid": 582583547,
                    "view": 4708534,
                    "danmaku": 24371,
                    "reply": 6419,
                    "favorite": 109086,
                    "coin": 414862,
                    "share": 30642,
                    "now_rank": 0,
                    "his_rank": 4,
                    "like": 602172,
                    "dislike": 0,
                    "vt": 0,
                    "vv": 4708534,
                    "fav_g": 2,
                    "like_g": 1
                },
                "dynamic": "龙吟料理第二弹！虽然真的一模一样，但是封面真的不是柠檬！【请大家用硬币蹂躏我，小王说不介意】",
                "cid": 172740044,
                "dimension": {
                    "width": 1920,
                    "height": 1080,
                    "rotate": 0
                },
                "season_id": 3443,
                "short_link_v2": "https://b23.tv/BV1564y1u77p",
                "cover43": "",
                "tidv2": 2149,
                "tnamev2": "美食制作",
                "pid_v2": 1020,
                "pid_name_v2": "美食",
                "bvid": "BV1564y1u77p",
                "season_type": 0,
                "is_ogv": false,
                "ogv_info": null,
                "enable_vt": 0,
                "ai_rcmd": null,
                "rcmd_reason": "我比较好奇你们最后一共洗了多少个盘子"
            },
            {
                "aid": 540164375,
                "videos": 1,
                "tid": 216,
                "tname": "鬼畜剧场",
                "copyright": 1,
                "pic": "http://i1.hdslb.com/bfs/archive/6c55ddf5c700a99e162500bb5af479c07a45f92d.jpg",
                "title": "【鬼畜新世界26】食 神（完整版）",
                "pubdate": 1586318105,
                "ctime": 1586284185,
                "desc": "喜欢记得关注追剧哦~\n黄绿合战Day.2 对阵作品：BV1Ra4y1t7KP\n投票传送门：https://www.bilibili.com/blackboard/activity-yellowVSgreen5th.html",
                "state": 0,
                "duration": 1246,
                "mission_id": 13119,
                "rights": {
                    "bp": 0,
                    "elec": 0,
                    "download": 0,
                    "movie": 0,
                    "pay": 0,
                    "hd5": 1,
                    "no_reprint": 1,
                    "autoplay": 1,
                    "ugc_pay": 0,
                    "is_cooperation": 0,
                    "ugc_pay_preview": 0,
                    "no_background": 0,
                    "arc_pay": 0,
                    "pay_free_watch": 0
                },
                "owner": {
                    "mid": 11997177,
                    "name": "三木刃",
                    "face": "https://i0.hdslb.com/bfs/face/785f79f302e6166079ad2fef933dcbfd435cca4b.jpg"
                },
                "stat": {
                    "aid": 540164375,
                    "view": 3549177,
                    "danmaku": 58883,
                    "reply": 7286,
                    "favorite": 167886,
                    "coin": 530123,
                    "share": 52063,
                    "now_rank": 0,
                    "his_rank": 2,
                    "like": 481003,
                    "dislike": 0,
                    "vt": 0,
                    "vv": 3549177,
                    "fav_g": 0,
                    "like_g": 0
                },
                "dynamic": "#黄绿合战##黄绿合战5th#\n鬼畜新世界26 食神篇完整版来了  喜欢记得三连！\n黄绿合战Day.2 对阵作品：BV1Ra4y1t7KP\n投票传送门：https://www.bilibili.com/blackboard/activity-yellowVSgreen5th.html",
                "cid": 175333301,
                "dimension": {
                    "width": 1920,
                    "height": 1080,
                    "rotate": 0
                },
                "short_link_v2": "https://b23.tv/BV1Ai4y1875b",
                "cover43": "",
                "tidv2": 2060,
                "tnamev2": "鬼畜剧场",
                "pid_v2": 1007,
                "pid_name_v2": "鬼畜",
                "bvid": "BV1Ai4y1875b",
                "season_type": 0,
                "is_ogv": false,
                "ogv_info": null,
                "enable_vt": 0,
                "ai_rcmd": null,
                "rcmd_reason": "逐渐忘记原片"
            },
            {
                "aid": 497626268,
                "videos": 1,
                "tid": 47,
                "tname": "同人·手书",
                "copyright": 1,
                "pic": "http://i2.hdslb.com/bfs/archive/a15e78d5f2b3363eca8ca08a256efa33b4b0e70b.jpg",
                "title": "请不要过度自恋！！！",
                "pubdate": 1586264709,
                "ctime": 1586264709,
                "desc": "否则你就会成为“大佬”！\n数数看一共反转了几次？注：本视频仅为娱乐，请不要模仿哦！\n原作：장삐쭈  改编配音：狂风桑",
                "state": 0,
                "duration": 179,
                "mission_id": 12929,
                "rights": {
                    "bp": 0,
                    "elec": 0,
                    "download": 0,
                    "movie": 0,
                    "pay": 0,
                    "hd5": 0,
                    "no_reprint": 1,
                    "autoplay": 1,
                    "ugc_pay": 0,
                    "is_cooperation": 0,
                    "ugc_pay_preview": 0,
                    "no_background": 0,
                    "arc_pay": 0,
                    "pay_free_watch": 0
                },
                "owner": {
                    "mid": 1893045,
                    "name": "狂风桑",
                    "face": "https://i0.hdslb.com/bfs/face/5076846bb07c2d6ec442856f69214cae215301f3.jpg"
                },
                "stat": {
                    "aid": 497626268,
                    "view": 6138601,
                    "danmaku": 17297,
                    "reply": 2953,
                    "favorite": 47403,
                    "coin": 46979,
                    "share": 21880,
                    "now_rank": 0,
                    "his_rank": 18,
                    "like": 342317,
                    "dislike": 0,
                    "vt": 0,
                    "vv": 6138601,
                    "fav_g": 0,
                    "like_g": 0
                },
                "dynamic": "#搞笑视频##台词翻配赛道##高能#\n否则你就会成为“大佬”！",
                "cid": 175238260,
                "dimension": {
                    "width": 1280,
                    "height": 720,
                    "rotate": 0
                },
                "short_link_v2": "https://b23.tv/BV1hK411L7tf",
                "cover43": "",
                "tidv2": 2044,
                "tnamev2": "动画配音",
                "pid_v2": 1005,
                "pid_name_v2": "二次元",
                "bvid": "BV1hK411L7tf",
                "season_type": 0,
                "is_ogv": false,
                "ogv_info": null,
                "enable_vt": 0,
                "ai_rcmd": null,
                "rcmd_reason": "剧情反转过多"
            },
            {
                "aid": 497667049,
                "videos": 1,
                "tid": 171,
                "tname": "电子竞技",
                "copyright": 1,
                "pic": "http://i2.hdslb.com/bfs/archive/13ac308b5cdd343ed8846764c14ee2f0d032e40f.jpg",
                "title": "【特效炉石】猛男间的激情对决！",
                "pubdate": 1586394011,
                "ctime": 1586337930,
                "desc": "壮士挽歌 史诗般的宿命之战\n欧皇附体 能否战胜恶魔降临\n深夜嗡动的机箱共鸣 \n无数快捷键中的手指位移\n那些饥肠辘辘的身体和疯狂燃烧的发际\n……\n这一切都是为了观众老爷的\n这！次！一！定！",
                "state": 0,
                "duration": 284,
                "rights": {
                    "bp": 0,
                    "elec": 0,
                    "download": 0,
                    "movie": 0,
                    "pay": 0,
                    "hd5": 1,
                    "no_reprint": 1,
                    "autoplay": 1,
                    "ugc_pay": 0,
                    "is_cooperation": 0,
                    "ugc_pay_preview": 0,
                    "no_background": 0,
                    "arc_pay": 0,
                    "pay_free_watch": 0
                },
                "owner": {
                    "mid": 3380239,
                    "name": "神奇的老皮",
                    "face": "https://i1.hdslb.com/bfs/face/e7c191e9be6764107415069b36f7d9564f149c86.gif"
                },
                "stat": {
                    "aid": 497667049,
                    "view": 2255922,
                    "danmaku": 5997,
                    "reply": 3238,
                    "favorite": 86917,
                    "coin": 426990,
                    "share": 25177,
                    "now_rank": 0,
                    "his_rank": 1,
                    "like": 351689,
                    "dislike": 0,
                    "vt": 0,
                    "vv": 2255922,
                    "fav_g": 0,
                    "like_g": 2
                },
                "dynamic": "#炉石传说#",
                "cid": 175572000,
                "dimension": {
                    "width": 1920,
                    "height": 1080,
                    "rotate": 0
                },
                "short_link_v2": "https://b23.tv/BV1eK411L7x1",
                "cover43": "",
                "tidv2": 2068,
                "tnamev2": "回合制策略游戏",
                "pid_v2": 1008,
                "pid_name_v2": "游戏",
                "bvid": "BV1eK411L7x1",
                "season_type": 0,
                "is_ogv": false,
                "ogv_info": null,
                "enable_vt": 0,
                "ai_rcmd": null,
                "rcmd_reason": "你是要做一个恶魔猎手，还是恶魔猎手猎手？"
            },
            {
                "aid": 540082845,
                "videos": 2,
                "tid": 17,
                "tname": "单机游戏",
                "copyright": 1,
                "pic": "http://i1.hdslb.com/bfs/archive/ca6936147a919b5612b370351e61188e2ec82aed.jpg",
                "title": "【Minecraft】清明上河图 [灯火阑珊处 人在画中游]【国家建筑师】[北宋翰林张择端原本]",
                "pubdate": 1585892410,
                "ctime": 1585892410,
                "desc": "中国十大传世名画之一北宋翰林张择端原本《清明上河图》，被誉为“中华第一神品”。\n《清明上河图》，原画长约5米，高24.8厘米，现藏北京故宫博物院。\n此图描绘北宋京城汴梁（今河南省开封市）及汴河两岸的繁华和热闹的景象和优美的自然风光。但繁华背后隐藏着危机，最终北宋在1127年靖康元年被金国攻破首都汴梁所灭亡。题跋者李祁、邵宝等人将河图与劝诫类名画《无逸图》相类比，认为张择端所画之意在于提醒世人不要安于逍遥享乐，需具有“明盛忧危之志”。\n今吾国国力逐渐强盛，人民生活逐渐富足，在庚子年遭遇大疫之际，借清明上河一",
                "state": 0,
                "duration": 725,
                "rights": {
                    "bp": 0,
                    "elec": 0,
                    "download": 0,
                    "movie": 0,
                    "pay": 0,
                    "hd5": 1,
                    "no_reprint": 1,
                    "autoplay": 1,
                    "ugc_pay": 0,
                    "is_cooperation": 0,
                    "ugc_pay_preview": 0,
                    "no_background": 0,
                    "arc_pay": 0,
                    "pay_free_watch": 0
                },
                "owner": {
                    "mid": 24323,
                    "name": "国家建筑师Cthuwork",
                    "face": "https://i2.hdslb.com/bfs/face/0bf05a90f9230133ce6d6c153b205c6467c4648e.jpg"
                },
                "stat": {
                    "aid": 540082845,
                    "view": 13314093,
                    "danmaku": 60395,
                    "reply": 8168,
                    "favorite": 488734,
                    "coin": 928847,
                    "share": 127262,
                    "now_rank": 0,
                    "his_rank": 3,
                    "like": 1079818,
                    "dislike": 0,
                    "vt": 0,
                    "vv": 13314093,
                    "fav_g": 31,
                    "like_g": 30
                },
                "dynamic": "【Minecraft】清明上河图 [灯火阑珊处 人在画中游]【国家建筑师】【中国十大名画】[北宋翰林张择端原本]#河图##古风##清明上河图#",
                "cid": 172799113,
                "dimension": {
                    "width": 1920,
                    "height": 1080,
                    "rotate": 0
                },
                "short_link_v2": "https://b23.tv/BV1mi4y1b76M",
                "cover43": "",
                "tidv2": 2078,
                "tnamev2": "沙盒类",
                "pid_v2": 1008,
                "pid_name_v2": "游戏",
                "bvid": "BV1mi4y1b76M",
                "season_type": 0,
                "is_ogv": false,
                "ogv_info": null,
                "enable_vt": 0,
                "ai_rcmd": null,
                "rcmd_reason": "万家灯火，盛世繁华，良心之作！"
            },
            {
                "aid": 412618844,
                "videos": 1,
                "tid": 124,
                "tname": "社科·法律·心理",
                "copyright": 1,
                "pic": "http://i2.hdslb.com/bfs/archive/d616eb08591ffecab538782cd568ecc37fa2fd1e.jpg",
                "title": "疫情，正逼死美国穷人 | 剖析美国医保顽疾 + 中国制度自信",
                "pubdate": 1585821187,
                "ctime": 1585821187,
                "desc": "就在美国疫情严重之时，特朗普居然还在试图取消穷人医保，现在真的在逼死美国穷人。美国看病到底要花多少钱？为什么说美国医保正在杀死美国？为什么对比之下，中国要有制度自信？本期视频为你解析。",
                "state": 0,
                "duration": 622,
                "mission_id": 13056,
                "rights": {
                    "bp": 0,
                    "elec": 0,
                    "download": 0,
                    "movie": 0,
                    "pay": 0,
                    "hd5": 0,
                    "no_reprint": 1,
                    "autoplay": 1,
                    "ugc_pay": 0,
                    "is_cooperation": 0,
                    "ugc_pay_preview": 0,
                    "no_background": 0,
                    "arc_pay": 0,
                    "pay_free_watch": 0
                },
                "owner": {
                    "mid": 478269351,
                    "name": "极客队长GeekLead",
                    "face": "https://i0.hdslb.com/bfs/face/e8202568737f31c35543ac2ce3f280b2eeba841e.jpg"
                },
                "stat": {
                    "aid": 412618844,
                    "view": 3497193,
                    "danmaku": 74319,
                    "reply": 15321,
                    "favorite": 78427,
                    "coin": 222695,
                    "share": 38799,
                    "now_rank": 0,
                    "his_rank": 13,
                    "like": 343202,
                    "dislike": 0,
                    "vt": 0,
                    "vv": 3497193,
                    "fav_g": 0,
                    "like_g": 0
                },
                "dynamic": "上期视频里，好多队员要我讲讲美国医保。所以，这期视频就来啦！美国看病到底要花多少钱？为什么说美国医保正在杀死美国？为什么对比之下，中国更有制度自信？快来戳本期视频把！ （片尾可能需要准备纸巾）#知识分享官##美国##医保#",
                "cid": 172930936,
                "dimension": {
                    "width": 960,
                    "height": 540,
                    "rotate": 0
                },
                "short_link_v2": "https://b23.tv/BV15V411o7VR",
                "cover43": "",
                "tidv2": 2184,
                "tnamev2": "医疗保健综合",
                "pid_v2": 1026,
                "pid_name_v2": "医疗保健",
                "bvid": "BV15V411o7VR",
                "season_type": 0,
                "is_ogv": false,
                "ogv_info": null,
                "enable_vt": 0,
                "ai_rcmd": null,
                "rcmd_reason": "致敬所有走上抗疫前线的医护人员们！"
            },
            {
                "aid": 540167962,
                "videos": 1,
                "tid": 17,
                "tname": "单机游戏",
                "copyright": 1,
                "pic": "http://i0.hdslb.com/bfs/archive/17900c77cc35121650e8d56797d7d2b9cdc72254.jpg",
                "title": "全员铁憨憨!",
                "pubdate": 1586279049,
                "ctime": 1586279049,
                "desc": "游戏：Project winter",
                "state": 0,
                "duration": 1198,
                "mission_id": 13106,
                "rights": {
                    "bp": 0,
                    "elec": 0,
                    "download": 0,
                    "movie": 0,
                    "pay": 0,
                    "hd5": 0,
                    "no_reprint": 1,
                    "autoplay": 1,
                    "ugc_pay": 0,
                    "is_cooperation": 0,
                    "ugc_pay_preview": 0,
                    "no_background": 0,
                    "arc_pay": 0,
                    "pay_free_watch": 0
                },
                "owner": {
                    "mid": 562197,
                    "name": "中国BOY超级大猩猩",
                    "face": "https://i0.hdslb.com/bfs/face/ffb50dd4e712386eb888030ebc6f4aea3a65cd8e.jpg"
                },
                "stat": {
                    "aid": 540167962,
                    "view": 8120342,
                    "danmaku": 104503,
                    "reply": 12763,
                    "favorite": 142381,
                    "coin": 265510,
                    "share": 30777,
                    "now_rank": 0,
                    "his_rank": 4,
                    "like": 471581,
                    "dislike": 0,
                    "vt": 0,
                    "vv": 8120342,
                    "fav_g": 0,
                    "like_g": 0
                },
                "dynamic": "来看看谁是最憨的那个！",
                "cid": 175504096,
                "dimension": {
                    "width": 1920,
                    "height": 1080,
                    "rotate": 0
                },
                "short_link_v2": "https://b23.tv/BV1wi4y187bu",
                "cover43": "",
                "tidv2": 2079,
                "tnamev2": "其他游戏",
                "pid_v2": 1008,
                "pid_name_v2": "游戏",
                "bvid": "BV1wi4y187bu",
                "season_type": 0,
                "is_ogv": false,
                "ogv_info": null,
                "enable_vt": 0,
                "ai_rcmd": null,
                "rcmd_reason": "我们仍未知道那天马哥为何要取蕾丝的心脏"
            },
            {
                "aid": 285145704,
                "videos": 1,
                "tid": 21,
                "tname": "日常",
                "copyright": 1,
                "pic": "http://i1.hdslb.com/bfs/archive/ea3bdce996f01943ee20fc7f1b420bde27e69122.jpg",
                "title": "为何美国沦为世界疫情最严重国？我们各州关系像邻居！",
                "pubdate": 1586075010,
                "ctime": 1586075010,
                "desc": "为何美国沦为世界疫情最严重国？我们各州关系像邻居！",
                "state": 0,
                "duration": 340,
                "mission_id": 12988,
                "rights": {
                    "bp": 0,
                    "elec": 0,
                    "download": 0,
                    "movie": 0,
                    "pay": 0,
                    "hd5": 1,
                    "no_reprint": 1,
                    "autoplay": 1,
                    "ugc_pay": 0,
                    "is_cooperation": 0,
                    "ugc_pay_preview": 0,
                    "no_background": 0,
                    "arc_pay": 0,
                    "pay_free_watch": 0
                },
                "owner": {
                    "mid": 176037767,
                    "name": "我是郭杰瑞",
                    "face": "http://i2.hdslb.com/bfs/face/6182455e4d61159121c223ddc7a3a381f2d4d056.jpg"
                },
                "stat": {
                    "aid": 285145704,
                    "view": 5301599,
                    "danmaku": 53117,
                    "reply": 20667,
                    "favorite": 39895,
                    "coin": 183934,
                    "share": 45952,
                    "now_rank": 0,
                    "his_rank": 5,
                    "like": 427214,
                    "dislike": 0,
                    "vt": 0,
                    "vv": 5301599,
                    "fav_g": 0,
                    "like_g": 0
                },
                "dynamic": "",
                "cid": 174233101,
                "dimension": {
                    "width": 1920,
                    "height": 1080,
                    "rotate": 0
                },
                "short_link_v2": "https://b23.tv/BV1ac411h7BR",
                "cover43": "",
                "tidv2": 2089,
                "tnamev2": "时政解读",
                "pid_v2": 1010,
                "pid_name_v2": "知识",
                "bvid": "BV1ac411h7BR",
                "season_type": 0,
                "is_ogv": false,
                "ogv_info": null,
                "enable_vt": 0,
                "ai_rcmd": null,
                "rcmd_reason": "郭杰瑞的奇妙比喻"
            },
            {
                "aid": 497719780,
                "videos": 1,
                "tid": 17,
                "tname": "单机游戏",
                "copyright": 1,
                "pic": "http://i1.hdslb.com/bfs/archive/7deb22e4f587420316b63f61ad09367d94629024.jpg",
                "title": "献给这个世界的赞歌！",
                "pubdate": 1586202223,
                "ctime": 1586202223,
                "desc": "bgm：Fractures\n制作总耗时超过50小时 这一次能否交出你们的三连？\n这是我有史以来质量最高的视频\n这是我有史以来制作耗时最长的视频\n剪完这一期时是第五天的深夜肝已经开始隐隐作痛\n鸽了快一周了 这次没有让你们失望吧\n感谢ice的剪辑指导：@Minecraft-ICE\n感谢部分片段背景地图的作者：@珀尔Po_er\n粉丝群：540164165",
                "state": 0,
                "duration": 256,
                "rights": {
                    "bp": 0,
                    "elec": 0,
                    "download": 0,
                    "movie": 0,
                    "pay": 0,
                    "hd5": 0,
                    "no_reprint": 1,
                    "autoplay": 1,
                    "ugc_pay": 0,
                    "is_cooperation": 0,
                    "ugc_pay_preview": 0,
                    "no_background": 0,
                    "arc_pay": 0,
                    "pay_free_watch": 0
                },
                "owner": {
                    "mid": 8937568,
                    "name": "特别中二的q3君",
                    "face": "https://i1.hdslb.com/bfs/face/34ee38521e5a0c8631d359ab3975ce389c07be51.gif"
                },
                "stat": {
                    "aid": 497719780,
                    "view": 2870198,
                    "danmaku": 17320,
                    "reply": 6408,
                    "favorite": 146124,
                    "coin": 308476,
                    "share": 21053,
                    "now_rank": 0,
                    "his_rank": 1,
                    "like": 383938,
                    "dislike": 0,
                    "vt": 0,
                    "vv": 2870198,
                    "fav_g": 0,
                    "like_g": 1
                },
                "dynamic": "#单机联机##MINECRAFT##我的世界#",
                "cid": 174909313,
                "dimension": {
                    "width": 1920,
                    "height": 1080,
                    "rotate": 0
                },
                "short_link_v2": "https://b23.tv/BV1FK411j7Q3",
                "cover43": "",
                "tidv2": 2078,
                "tnamev2": "沙盒类",
                "pid_v2": 1008,
                "pid_name_v2": "游戏",
                "bvid": "BV1FK411j7Q3",
                "season_type": 0,
                "is_ogv": false,
                "ogv_info": null,
                "enable_vt": 0,
                "ai_rcmd": null,
                "rcmd_reason": "硬生生地把MC玩成了音游"
            },
            {
                "aid": 370207266,
                "videos": 1,
                "tid": 183,
                "tname": "影视剪辑",
                "copyright": 1,
                "pic": "http://i1.hdslb.com/bfs/archive/e9b3d44de5d68118098162ea1cbda69cf9317c9b.jpg",
                "title": "“嗨 同志 您知道斯大林格勒在哪吗 我在地图上找不到它了”",
                "pubdate": 1586315731,
                "ctime": 1586315732,
                "desc": "“嗨 同志 您知道列宁格勒和斯大林格勒在哪吗 我在地图上找不到它”\n“没有了 再也没有了 我们失败了 白匪和资本家再一次骑到了我们的头上 如果你要追随那颗红星 去东方吧 穿越第聂伯河 翻过乌拉尔山脉 西伯利亚平原的尽头 那里还燃烧着星星之火”\n\n布列斯特要塞这部电影超级经典，推荐去看看！\n头一次尝试摇滚混剪，可能有些吵，不适应，喜欢的朋友点个赞呗，BGM片单有空评论区。",
                "state": 0,
                "duration": 324,
                "rights": {
                    "bp": 0,
                    "elec": 0,
                    "download": 0,
                    "movie": 0,
                    "pay": 0,
                    "hd5": 1,
                    "no_reprint": 1,
                    "autoplay": 1,
                    "ugc_pay": 0,
                    "is_cooperation": 0,
                    "ugc_pay_preview": 0,
                    "no_background": 0,
                    "arc_pay": 0,
                    "pay_free_watch": 0
                },
                "owner": {
                    "mid": 34840587,
                    "name": "海棠家的大肥鱼",
                    "face": "https://i0.hdslb.com/bfs/face/0bd329b6e129196fc64d31fc19122bf4c3fc9054.jpg"
                },
                "stat": {
                    "aid": 370207266,
                    "view": 40827335,
                    "danmaku": 105068,
                    "reply": 17580,
                    "favorite": 972703,
                    "coin": 910346,
                    "share": 122534,
                    "now_rank": 0,
                    "his_rank": 10,
                    "like": 1707229,
                    "dislike": 0,
                    "vt": 0,
                    "vv": 40827335,
                    "fav_g": 166,
                    "like_g": 74
                },
                "dynamic": "“嗨 同志 您知道列宁格勒和斯大林格勒在哪吗 我在地图上找不到它了”\n“没有了 再也没有了 我们失败了 白匪和资本家再一次骑到了我们的头上 如果你要追随那颗红星 去东方吧 穿越第聂伯河 翻过乌拉尔山脉 西伯利亚平原的尽头 那里还燃烧着星星之火”\n\n 一瓶伏特加，致敬曾经东方的红巨龙！乌拉！达瓦西里！\n#二战##反法西斯##苏联##乌拉#",
                "cid": 175462612,
                "dimension": {
                    "width": 1920,
                    "height": 1080,
                    "rotate": 0
                },
                "season_id": 310152,
                "short_link_v2": "https://b23.tv/BV1uZ4y1x77J",
                "cover43": "",
                "tidv2": 2002,
                "tnamev2": "影视剪辑",
                "pid_v2": 1001,
                "pid_name_v2": "影视",
                "bvid": "BV1uZ4y1x77J",
                "season_type": 0,
                "is_ogv": false,
                "ogv_info": null,
                "enable_vt": 0,
                "ai_rcmd": null,
                "rcmd_reason": "太有感染力了，向那些为了抵抗侵略而牺牲的人们致敬"
            },
            {
                "aid": 925156345,
                "videos": 1,
                "tid": 17,
                "tname": "单机游戏",
                "copyright": 1,
                "pic": "http://i0.hdslb.com/bfs/archive/878b147b2b1267ee6de95e482051c3ec1b436a44.jpg",
                "title": "常胜将军老番茄",
                "pubdate": 1586498532,
                "ctime": 1586498532,
                "desc": "游戏：《Shield Wall》",
                "state": 0,
                "duration": 895,
                "rights": {
                    "bp": 0,
                    "elec": 0,
                    "download": 0,
                    "movie": 0,
                    "pay": 0,
                    "hd5": 0,
                    "no_reprint": 1,
                    "autoplay": 1,
                    "ugc_pay": 0,
                    "is_cooperation": 0,
                    "ugc_pay_preview": 0,
                    "no_background": 0,
                    "arc_pay": 0,
                    "pay_free_watch": 0
                },
                "owner": {
                    "mid": 546195,
                    "name": "老番茄",
                    "face": "http://i0.hdslb.com/bfs/face/bc5ca101313d4db223c395d64779e76eb3482d60.jpg"
                },
                "stat": {
                    "aid": 925156345,
                    "view": 8083835,
                    "danmaku": 70280,
                    "reply": 14969,
                    "favorite": 52259,
                    "coin": 131739,
                    "share": 8144,
                    "now_rank": 0,
                    "his_rank": 6,
                    "like": 499660,
                    "dislike": 0,
                    "vt": 0,
                    "vv": 8083835,
                    "fav_g": 10,
                    "like_g": 8
                },
                "dynamic": "#老番茄##shield wall#",
                "cid": 176174398,
                "dimension": {
                    "width": 1920,
                    "height": 1080,
                    "rotate": 0
                },
                "short_link_v2": "https://b23.tv/BV1PT4y1G7ME",
                "cover43": "",
                "tidv2": 2079,
                "tnamev2": "其他游戏",
                "pid_v2": 1008,
                "pid_name_v2": "游戏",
                "bvid": "BV1PT4y1G7ME",
                "season_type": 0,
                "is_ogv": false,
                "ogv_info": null,
                "enable_vt": 0,
                "ai_rcmd": null,
                "rcmd_reason": "乘人之危老番茄(√)"
            },
            {
                "aid": 285014842,
                "videos": 1,
                "tid": 255,
                "tname": "颜值·网红舞",
                "copyright": 1,
                "pic": "http://i2.hdslb.com/bfs/archive/b148d4032ff13ced19fa2e41cb4ce8d7faefac7b.jpg",
                "title": "【猫耳猛男厄势力】魔法少女厄加特应援曲",
                "pubdate": 1585821631,
                "ctime": 1585755591,
                "desc": "BGM: 厄势力\nChoreographer: IconX\nDancer: Myron，Rain，Michael, Jawill，Maezon\nProduction co-ordinator: 恩恩\nSpecial Thanks To 厄加特\n\n永恒的生命无尽的追星，联盟最胖练习生在渴望得到垂青，哼着“厄势力”的节奏，跟猛男一起跳起来吧！",
                "state": 0,
                "duration": 144,
                "mission_id": 13106,
                "rights": {
                    "bp": 0,
                    "elec": 0,
                    "download": 0,
                    "movie": 0,
                    "pay": 0,
                    "hd5": 1,
                    "no_reprint": 1,
                    "autoplay": 1,
                    "ugc_pay": 0,
                    "is_cooperation": 0,
                    "ugc_pay_preview": 0,
                    "no_background": 0,
                    "arc_pay": 0,
                    "pay_free_watch": 0
                },
                "owner": {
                    "mid": 483879799,
                    "name": "猛男舞团IconX",
                    "face": "https://i1.hdslb.com/bfs/face/48503596681ab931d7d08a34071d3c8bf8b284bb.webp"
                },
                "stat": {
                    "aid": 285014842,
                    "view": 3757350,
                    "danmaku": 11597,
                    "reply": 5902,
                    "favorite": 43148,
                    "coin": 149594,
                    "share": 57935,
                    "now_rank": 0,
                    "his_rank": 19,
                    "like": 366053,
                    "dislike": 0,
                    "vt": 0,
                    "vv": 3757350,
                    "fav_g": 0,
                    "like_g": 4
                },
                "dynamic": "#猛男舞团##厄加特##LOL#",
                "cid": 172526173,
                "dimension": {
                    "width": 1920,
                    "height": 1080,
                    "rotate": 0
                },
                "short_link_v2": "https://b23.tv/BV1Qc411872L",
                "pub_location": "上海",
                "cover43": "",
                "tidv2": 2028,
                "tnamev2": "宅舞",
                "pid_v2": 1004,
                "pid_name_v2": "舞蹈",
                "bvid": "BV1Qc411872L",
                "season_type": 0,
                "is_ogv": false,
                "ogv_info": null,
                "enable_vt": 0,
                "ai_rcmd": null,
                "rcmd_reason": "这才是猛男该看的东西！"
            },
            {
                "aid": 455042571,
                "videos": 1,
                "tid": 76,
                "tname": "美食制作",
                "copyright": 1,
                "pic": "http://i1.hdslb.com/bfs/archive/26466de132fc5e574bb29371fc05c07863916c3a.jpg",
                "title": "看完以后还不会炸薯条，我就请你吃麦当劳",
                "pubdate": 1586053545,
                "ctime": 1586037307,
                "desc": "炸薯条这么简单的东西，跟着我做肯定比麦当劳好吃，如果不好吃我给你点外卖！\n\n食材：土豆\n我用的调料：番茄酱，红椒粉1茶匙，盐1/2茶匙，白胡椒粉1/2茶匙，洋葱粉1茶匙\n\nMusic: Holiday 2 - Peritune",
                "state": 0,
                "duration": 276,
                "mission_id": 12995,
                "rights": {
                    "bp": 0,
                    "elec": 0,
                    "download": 0,
                    "movie": 0,
                    "pay": 0,
                    "hd5": 1,
                    "no_reprint": 1,
                    "autoplay": 1,
                    "ugc_pay": 0,
                    "is_cooperation": 0,
                    "ugc_pay_preview": 0,
                    "no_background": 0,
                    "arc_pay": 0,
                    "pay_free_watch": 0
                },
                "owner": {
                    "mid": 393166851,
                    "name": "大碗拿铁",
                    "face": "https://i0.hdslb.com/bfs/face/9834c5584fbcd589fb7e88c4cf75d1812d040191.jpg"
                },
                "stat": {
                    "aid": 455042571,
                    "view": 7621892,
                    "danmaku": 19495,
                    "reply": 7869,
                    "favorite": 313123,
                    "coin": 152204,
                    "share": 54973,
                    "now_rank": 0,
                    "his_rank": 6,
                    "like": 492482,
                    "dislike": 0,
                    "vt": 0,
                    "vv": 7621892,
                    "fav_g": 18,
                    "like_g": 16
                },
                "dynamic": "#任性过瘾放开吃##炸薯条##美食#久等啦，炸薯条这么简单的东西，跟着我做肯定比麦当劳好吃，如果不好吃我给你点外卖！",
                "cid": 174044864,
                "dimension": {
                    "width": 3840,
                    "height": 2160,
                    "rotate": 0
                },
                "season_id": 8335,
                "short_link_v2": "https://b23.tv/BV1S541167iC",
                "cover43": "",
                "tidv2": 2149,
                "tnamev2": "美食制作",
                "pid_v2": 1020,
                "pid_name_v2": "美食",
                "bvid": "BV1S541167iC",
                "season_type": 0,
                "is_ogv": false,
                "ogv_info": null,
                "enable_vt": 0,
                "ai_rcmd": null,
                "rcmd_reason": "有人请我吃麦当劳我为什么还要自己炸薯条[doge]"
            },
            {
                "aid": 710099819,
                "videos": 1,
                "tid": 22,
                "tname": "鬼畜调教",
                "copyright": 1,
                "pic": "http://i2.hdslb.com/bfs/archive/256680de8e21784ec6865f7fdc064359409698e9.jpg",
                "title": "刘备为何拿起火箭筒",
                "pubdate": 1586253635,
                "ctime": 1586012651,
                "desc": "从这个角度来看， 所谓刘备为何拿起RPG，关键是刘备为何拿起RPG需要如何写。 我们不得不面对一个非常尴尬的事实，那就是， 我们一般认为，抓住了问题的关键，其他一切则会迎刃而解。 带着这些问题，我们来审视一下刘备为何拿起RPG。 那么， 在这种困难的抉择下，本人思来想去，寝食难安。 生活中，若刘备为何拿起RPG出现了，我们就不得不考虑它出现了的事实。 拿破仑·希尔在不经意间这样说过，不要等待，时机永远不会恰到好处。这启发了我， 对我个人而言，刘备为何拿起RPG不仅仅是一个重大的事件，还可能会改变",
                "state": 0,
                "duration": 124,
                "rights": {
                    "bp": 0,
                    "elec": 0,
                    "download": 0,
                    "movie": 0,
                    "pay": 0,
                    "hd5": 0,
                    "no_reprint": 1,
                    "autoplay": 1,
                    "ugc_pay": 0,
                    "is_cooperation": 0,
                    "ugc_pay_preview": 0,
                    "no_background": 0,
                    "arc_pay": 0,
                    "pay_free_watch": 0
                },
                "owner": {
                    "mid": 7714,
                    "name": "女孩为何穿短裙",
                    "face": "https://i1.hdslb.com/bfs/face/5ea9e99fe79418fff79f4601f13c855ce0f6162b.gif"
                },
                "stat": {
                    "aid": 710099819,
                    "view": 4344079,
                    "danmaku": 13317,
                    "reply": 5381,
                    "favorite": 82104,
                    "coin": 140022,
                    "share": 21453,
                    "now_rank": 0,
                    "his_rank": 13,
                    "like": 353621,
                    "dislike": 0,
                    "vt": 0,
                    "vv": 4344079,
                    "fav_g": 0,
                    "like_g": 0
                },
                "dynamic": "#鬼畜调教##刘备##曹操#",
                "cid": 200255949,
                "dimension": {
                    "width": 1280,
                    "height": 720,
                    "rotate": 0
                },
                "short_link_v2": "https://b23.tv/BV1hQ4y1M7js",
                "cover43": "",
                "tidv2": 2059,
                "tnamev2": "鬼畜调教",
                "pid_v2": 1007,
                "pid_name_v2": "鬼畜",
                "bvid": "BV1hQ4y1M7js",
                "season_type": 0,
                "is_ogv": false,
                "ogv_info": null,
                "enable_vt": 0,
                "ai_rcmd": null,
                "rcmd_reason": "我刘备最擅长以德服人"
            },
            {
                "aid": 795128654,
                "videos": 1,
                "tid": 47,
                "tname": "同人·手书",
                "copyright": 1,
                "pic": "http://i2.hdslb.com/bfs/archive/2c3d5700c53acc67bd9b8b555a4c44233deb76ce.jpg",
                "title": "最强医生3",
                "pubdate": 1586366773,
                "ctime": 1586366773,
                "desc": "自制《最强医生》系列动画短片第三集，爆肝300个小时，绘制画面6000多张，制作不易叩谢各位大佬多多3连！！多多关注！！\nBGM：Neal Acree,Jason Hayes - Unity",
                "state": 0,
                "duration": 193,
                "mission_id": 13071,
                "rights": {
                    "bp": 0,
                    "elec": 0,
                    "download": 0,
                    "movie": 0,
                    "pay": 0,
                    "hd5": 1,
                    "no_reprint": 1,
                    "autoplay": 1,
                    "ugc_pay": 0,
                    "is_cooperation": 0,
                    "ugc_pay_preview": 0,
                    "no_background": 0,
                    "arc_pay": 0,
                    "pay_free_watch": 0
                },
                "owner": {
                    "mid": 316567547,
                    "name": "美尼尔动画君",
                    "face": "https://i2.hdslb.com/bfs/face/18240bef2510ffd5dbaa1087c1ae35d78e4bb1ce.jpg"
                },
                "stat": {
                    "aid": 795128654,
                    "view": 6531023,
                    "danmaku": 29407,
                    "reply": 6295,
                    "favorite": 234769,
                    "coin": 775695,
                    "share": 31334,
                    "now_rank": 0,
                    "his_rank": 4,
                    "like": 729676,
                    "dislike": 0,
                    "vt": 0,
                    "vv": 6531023,
                    "fav_g": 0,
                    "like_g": 0
                },
                "dynamic": "#自制##bilibili新星计划##动画#",
                "cid": 175772249,
                "dimension": {
                    "width": 1920,
                    "height": 1080,
                    "rotate": 0
                },
                "short_link_v2": "https://b23.tv/BV1sC4y1s7BJ",
                "cover43": "",
                "tidv2": 2037,
                "tnamev2": "同人动画",
                "pid_v2": 1005,
                "pid_name_v2": "二次元",
                "bvid": "BV1sC4y1s7BJ",
                "season_type": 0,
                "is_ogv": false,
                "ogv_info": null,
                "enable_vt": 0,
                "ai_rcmd": null,
                "rcmd_reason": "谁说中国没有超级英雄？"
            },
            {
                "aid": 455249098,
                "videos": 1,
                "tid": 138,
                "tname": "搞笑",
                "copyright": 1,
                "pic": "http://i0.hdslb.com/bfs/archive/5d1259e181b050038b1e5c82a36c1a46afb1af62.jpg",
                "title": "【朱一旦】168 好马配好鞍 好旦配好奶",
                "pubdate": 1586166298,
                "ctime": 1586166298,
                "desc": "微博：朱一旦的枯燥生活\nYouTube：【朱一旦的枯燥生活】官方频道\n知乎/网易云：朱一旦的枯燥生活\n公众号：朱一旦的枯燥生活\nBGM：阳山伟伟 - 她的微笑",
                "state": 0,
                "duration": 341,
                "mission_id": 13053,
                "rights": {
                    "bp": 0,
                    "elec": 0,
                    "download": 0,
                    "movie": 0,
                    "pay": 0,
                    "hd5": 1,
                    "no_reprint": 1,
                    "autoplay": 1,
                    "ugc_pay": 0,
                    "is_cooperation": 0,
                    "ugc_pay_preview": 0,
                    "no_background": 0,
                    "arc_pay": 0,
                    "pay_free_watch": 0
                },
                "owner": {
                    "mid": 437316738,
                    "name": "朱一旦的枯燥生活",
                    "face": "https://i0.hdslb.com/bfs/face/48ad92f9e0eb9516f491ed18457e2a73e865ea8c.jpg"
                },
                "stat": {
                    "aid": 455249098,
                    "view": 4258292,
                    "danmaku": 23129,
                    "reply": 7563,
                    "favorite": 36139,
                    "coin": 166045,
                    "share": 10376,
                    "now_rank": 0,
                    "his_rank": 11,
                    "like": 449632,
                    "dislike": 0,
                    "vt": 0,
                    "vv": 4258292,
                    "fav_g": 0,
                    "like_g": 0
                },
                "dynamic": "#逗比##朱一旦##劳力士#",
                "cid": 174868055,
                "dimension": {
                    "width": 1080,
                    "height": 1920,
                    "rotate": 0
                },
                "short_link_v2": "https://b23.tv/BV1i5411t7uA",
                "cover43": "",
                "tidv2": 2154,
                "tnamev2": "剧情演绎",
                "pid_v2": 1021,
                "pid_name_v2": "小剧场",
                "bvid": "BV1i5411t7uA",
                "season_type": 0,
                "is_ogv": false,
                "ogv_info": null,
                "enable_vt": 0,
                "ai_rcmd": null,
                "rcmd_reason": "好奶配好旦，简简单单一顿饭"
            },
            {
                "aid": 882669476,
                "videos": 1,
                "tid": 138,
                "tname": "搞笑",
                "copyright": 1,
                "pic": "http://i0.hdslb.com/bfs/archive/eb463244322263b94384773438010b0d7b6c3101.jpg",
                "title": "没喝过瑞幸和星巴克的小伙蒙眼对比，它们的差距真的很大么？",
                "pubdate": 1586167940,
                "ctime": 1586167940,
                "desc": "你觉得哪个好喝",
                "state": 0,
                "duration": 276,
                "rights": {
                    "bp": 0,
                    "elec": 0,
                    "download": 0,
                    "movie": 0,
                    "pay": 0,
                    "hd5": 0,
                    "no_reprint": 1,
                    "autoplay": 1,
                    "ugc_pay": 0,
                    "is_cooperation": 0,
                    "ugc_pay_preview": 0,
                    "no_background": 0,
                    "arc_pay": 0,
                    "pay_free_watch": 0
                },
                "owner": {
                    "mid": 9824766,
                    "name": "敬汉卿",
                    "face": "https://i0.hdslb.com/bfs/face/fd8d7ad17af295f7c4256959705f009c5f67e9c6.jpg"
                },
                "stat": {
                    "aid": 882669476,
                    "view": 4374030,
                    "danmaku": 59495,
                    "reply": 10432,
                    "favorite": 12991,
                    "coin": 45183,
                    "share": 6195,
                    "now_rank": 0,
                    "his_rank": 24,
                    "like": 287937,
                    "dislike": 0,
                    "vt": 0,
                    "vv": 4374030,
                    "fav_g": 0,
                    "like_g": 0
                },
                "dynamic": "#逗比##挑战##原创#",
                "cid": 174718167,
                "dimension": {
                    "width": 1920,
                    "height": 1080,
                    "rotate": 0
                },
                "short_link_v2": "https://b23.tv/BV1WK4y1r7WV",
                "cover43": "",
                "tidv2": 2151,
                "tnamev2": "美食测评",
                "pid_v2": 1020,
                "pid_name_v2": "美食",
                "bvid": "BV1WK4y1r7WV",
                "season_type": 0,
                "is_ogv": false,
                "ogv_info": null,
                "enable_vt": 0,
                "ai_rcmd": null,
                "rcmd_reason": "瑞幸咖啡喝的时候都是用券的，所以瑞幸香"
            },
            {
                "aid": 327508176,
                "videos": 1,
                "tid": 124,
                "tname": "社科·法律·心理",
                "copyright": 1,
                "pic": "http://i2.hdslb.com/bfs/archive/6fe7585efd28c272f1d4a401cad1003ee3a7ccbc.jpg",
                "title": "今天10点的武汉",
                "pubdate": 1585991399,
                "ctime": 1585991399,
                "desc": "谨以此铭记。\n此片供所有中国大陆官方媒体免费署名使用\n\n摄影：杨柯 冷进 祝周捷 短发兔 罗浩\nPaWn大蟹 徐翀 小宇航拍 施佳杰\n剪辑：杨柯\n出品：8KRAW",
                "state": 0,
                "duration": 69,
                "rights": {
                    "bp": 0,
                    "elec": 0,
                    "download": 0,
                    "movie": 0,
                    "pay": 0,
                    "hd5": 1,
                    "no_reprint": 1,
                    "autoplay": 1,
                    "ugc_pay": 0,
                    "is_cooperation": 1,
                    "ugc_pay_preview": 0,
                    "no_background": 0,
                    "arc_pay": 0,
                    "pay_free_watch": 0
                },
                "owner": {
                    "mid": 21151219,
                    "name": "8KRAW",
                    "face": "https://i1.hdslb.com/bfs/face/837496ba7225f5ae78c888407716340ad73eed0d.jpg"
                },
                "stat": {
                    "aid": 327508176,
                    "view": 839190,
                    "danmaku": 11654,
                    "reply": 1557,
                    "favorite": 11293,
                    "coin": 24020,
                    "share": 3871,
                    "now_rank": 0,
                    "his_rank": 14,
                    "like": 88708,
                    "dislike": 0,
                    "vt": 0,
                    "vv": 839190,
                    "fav_g": 0,
                    "like_g": 1
                },
                "dynamic": "谨以此铭记。",
                "cid": 173853735,
                "dimension": {
                    "width": 1920,
                    "height": 1080,
                    "rotate": 0
                },
                "short_link_v2": "https://b23.tv/BV1eA41187jL",
                "cover43": "",
                "tidv2": 2102,
                "tnamev2": "摄影摄像",
                "pid_v2": 1012,
                "pid_name_v2": "科技数码",
                "bvid": "BV1eA41187jL",
                "season_type": 0,
                "is_ogv": false,
                "ogv_info": null,
                "enable_vt": 0,
                "ai_rcmd": null,
                "rcmd_reason": "以国之名，敬逝去的英魂"
            },
            {
                "aid": 327709263,
                "videos": 1,
                "tid": 212,
                "tname": "美食侦探",
                "copyright": 1,
                "pic": "http://i0.hdslb.com/bfs/archive/c56819a96cdb6e8674852d633dfa2baee472b7e0.jpg",
                "title": "原以为是个砖头，一刀下去，流口水了！",
                "pubdate": 1586426313,
                "ctime": 1586426313,
                "desc": "欠的醋溜砖头，总要还的。沐上做出了“砖头界的惠灵顿牛排”！忍不住想三连～～",
                "state": 0,
                "duration": 488,
                "mission_id": 12996,
                "rights": {
                    "bp": 0,
                    "elec": 0,
                    "download": 0,
                    "movie": 0,
                    "pay": 0,
                    "hd5": 1,
                    "no_reprint": 1,
                    "autoplay": 1,
                    "ugc_pay": 0,
                    "is_cooperation": 0,
                    "ugc_pay_preview": 0,
                    "no_background": 0,
                    "arc_pay": 0,
                    "pay_free_watch": 0
                },
                "owner": {
                    "mid": 99157282,
                    "name": "盗月社食遇记",
                    "face": "https://i1.hdslb.com/bfs/face/c7fb5da587c2ec6b56ad47579933fda34c000457.jpg"
                },
                "stat": {
                    "aid": 327709263,
                    "view": 4682662,
                    "danmaku": 53262,
                    "reply": 5467,
                    "favorite": 28294,
                    "coin": 151908,
                    "share": 6291,
                    "now_rank": 0,
                    "his_rank": 11,
                    "like": 377570,
                    "dislike": 0,
                    "vt": 0,
                    "vv": 4682662,
                    "fav_g": 0,
                    "like_g": 2
                },
                "dynamic": "沐上做出了“砖头界的惠灵顿牛排”！看起来以为是个简单的砖头，切开很惊喜！你们要的醋溜砖头来了！忍不住想三连～～#夜宵##吃播#",
                "cid": 176016902,
                "dimension": {
                    "width": 1920,
                    "height": 1080,
                    "rotate": 0
                },
                "short_link_v2": "https://b23.tv/BV1RA411t7js",
                "cover43": "",
                "tidv2": 2149,
                "tnamev2": "美食制作",
                "pid_v2": 1020,
                "pid_name_v2": "美食",
                "bvid": "BV1RA411t7js",
                "season_type": 0,
                "is_ogv": false,
                "ogv_info": null,
                "enable_vt": 0,
                "ai_rcmd": null,
                "rcmd_reason": "没有肉的同学们，可以用砖头代替，这样没人会做的比你像"
            }
        ]
    }
}