{
    "code": 0,
    "message": "OK",
    "ttl": 1,
    "data": {
        "config": {
            "id": 60,
            "type": "weekly_selected",
            "number": 56,
            "subject": "百大UP互殴现场",
            "stime": 1586448000,
            "etime": 1587052799,
            "status": 2,
            "name": "2020第56期 04.10 - 04.16",
            "label": "第56期(0417更新)",
            "hint": "",
            "color": 0,
            "cover": "",
            "share_title": "百大UP互殴现场 | B站每周必看第56期",
            "share_subtitle": "百大UP，千万特效，大型中二现场？！",
            "media_id": 944212288
        },
        "reminder": "每周五晚18:00更新",
        "list": [
            {
                "aid": 412787851,
                "videos": 1,
                "tid": 172,
                "tname": "手机游戏",
                "copyright": 1,
                "pic": "http://i1.hdslb.com/bfs/archive/87ada8eba8cc03d75a7b2404b91ad6ea1ddb50ec.jpg",
                "title": "百大UP互殴现场！",
                "pubdate": 1587052559,
                "ctime": 1587014157,
                "desc": "同人制作 娱乐为主 希望大家看的开心 切勿代入角色  里面还玩了很多名场面的梗 希望大家看的开心啊啊啊啊啊啊啊啊啊啊啊啊啊啊啊啊啊啊啊啊啊啊啊啊啊啊啊啊啊啊啊啊啊啊啊啊啊啊啊啊啊啊啊啊啊啊啊啊啊啊啊啊阿啊啊啊啊啊啊啊啊啊啊啊啊啊啊啊啊啊啊",
                "state": 0,
                "duration": 275,
                "order_id": 10020910,
                "rights": {
                    "bp": 0,
                    "elec": 0,
                    "download": 0,
                    "movie": 0,
                    "pay": 0,
                    "hd5": 1,
                    "no_reprint": 1,
                    "autoplay": 1,
                    "ugc_pay": 0,
                    "is_cooperation": 1,
                    "ugc_pay_preview": 0,
                    "no_background": 0,
                    "arc_pay": 0,
                    "pay_free_watch": 0
                },
                "owner": {
                    "mid": 3066511,
                    "name": "特效小哥studio",
                    "face": "https://i1.hdslb.com/bfs/face/6ec724a9cccb64d4e93dc1c25aea6608ac72abde.gif"
                },
                "stat": {
                    "aid": 412787851,
                    "view": 8665575,
                    "danmaku": 64464,
                    "reply": 14349,
                    "favorite": 113629,
                    "coin": 236193,
                    "share": 36223,
                    "now_rank": 0,
                    "his_rank": 3,
                    "like": 600057,
                    "dislike": 0,
                    "vt": 0,
                    "vv": 8665575,
                    "fav_g": 3,
                    "like_g": 3
                },
                "dynamic": "#公主连结##公主连接##公主链接#这次很荣幸跟带UP们一起合作 我们简直肝爆了 爆肝了整整一个月 让大家体会一下我替身的能力 通宵体验爆肝曲 里面还玩了很多名场面的梗 希望大家看的开心啊啊啊啊啊",
                "cid": 179045948,
                "dimension": {
                    "width": 2160,
                    "height": 1080,
                    "rotate": 0
                },
                "short_link_v2": "https://b23.tv/BV1NV411Z7S1",
                "cover43": "",
                "tidv2": 2207,
                "tnamev2": "随拍·综合",
                "pid_v2": 1032,
                "pid_name_v2": "其他",
                "bvid": "BV1NV411Z7S1",
                "season_type": 0,
                "is_ogv": false,
                "ogv_info": null,
                "enable_vt": 0,
                "ai_rcmd": null,
                "rcmd_reason": "百大UP，千万特效"
            },
            {
                "aid": 200100154,
                "videos": 1,
                "tid": 124,
                "tname": "社科·法律·心理",
                "copyright": 1,
                "pic": "http://i2.hdslb.com/bfs/archive/b8cae05b0640ae50557285e57daeb03fa9fc8162.jpg",
                "title": "撕别人家作业犯法吗？",
                "pubdate": 1586577635,
                "ctime": 1585907542,
                "desc": "世界竟有如此多的奇妙物语！\n关注生活中的凉风→微博@凉风Kaze\n给罗老师打个广告~\n《罗老师法律小课堂》独家节目会在每周二、周五的中午12:00发布，欢迎大家关注！",
                "state": 0,
                "duration": 1120,
                "rights": {
                    "bp": 0,
                    "elec": 0,
                    "download": 0,
                    "movie": 0,
                    "pay": 0,
                    "hd5": 1,
                    "no_reprint": 1,
                    "autoplay": 1,
                    "ugc_pay": 0,
                    "is_cooperation": 1,
                    "ugc_pay_preview": 0,
                    "no_background": 0,
                    "arc_pay": 0,
                    "pay_free_watch": 0
                },
                "owner": {
                    "mid": 14110780,
                    "name": "凉风Kaze",
                    "face": "https://i1.hdslb.com/bfs/face/e0cc906bb531195e9ee9f3b575effdd2b056eaea.jpg"
                },
                "stat": {
                    "aid": 200100154,
                    "view": 8431244,
                    "danmaku": 204101,
                    "reply": 24220,
                    "favorite": 143910,
                    "coin": 455590,
                    "share": 85707,
                    "now_rank": 0,
                    "his_rank": 1,
                    "like": 988030,
                    "dislike": 0,
                    "vt": 0,
                    "vv": 8431244,
                    "fav_g": 0,
                    "like_g": 0
                },
                "dynamic": "撕别人家作业犯法吗？",
                "cid": 173397803,
                "dimension": {
                    "width": 1920,
                    "height": 1080,
                    "rotate": 0
                },
                "short_link_v2": "https://b23.tv/BV17z411b7AL",
                "cover43": "",
                "tidv2": 2088,
                "tnamev2": "社会观察",
                "pid_v2": 1010,
                "pid_name_v2": "知识",
                "bvid": "BV17z411b7AL",
                "season_type": 0,
                "is_ogv": false,
                "ogv_info": null,
                "enable_vt": 0,
                "ai_rcmd": null,
                "rcmd_reason": "不犯法，但被撕很开心"
            },
            {
                "aid": 882669211,
                "videos": 1,
                "tid": 21,
                "tname": "日常",
                "copyright": 1,
                "pic": "http://i0.hdslb.com/bfs/archive/f7b3134aba5eb5e08b7900cb7bed6034b7a27dd3.jpg",
                "title": "【朱一旦】170 我是一只流浪猫",
                "pubdate": 1586602637,
                "ctime": 1586602637,
                "desc": "公众号：朱一旦的枯燥生活\n微博@朱一旦的枯燥生活\nYouTube  【朱一旦的枯燥生活】官方频道\n网易云/知乎：朱一旦的枯燥生活\nBgm：Carter Burwell - Prologue\n封面素材来源于网络",
                "state": 0,
                "duration": 231,
                "redirect_url": "https://www.bilibili.com/bangumi/play/ep350275",
                "rights": {
                    "bp": 0,
                    "elec": 0,
                    "download": 0,
                    "movie": 0,
                    "pay": 0,
                    "hd5": 1,
                    "no_reprint": 1,
                    "autoplay": 0,
                    "ugc_pay": 0,
                    "is_cooperation": 0,
                    "ugc_pay_preview": 0,
                    "no_background": 0,
                    "arc_pay": 0,
                    "pay_free_watch": 0
                },
                "owner": {
                    "mid": 437316738,
                    "name": "朱一旦的枯燥生活",
                    "face": "https://i0.hdslb.com/bfs/face/48ad92f9e0eb9516f491ed18457e2a73e865ea8c.jpg"
                },
                "stat": {
                    "aid": 882669211,
                    "view": 3715519,
                    "danmaku": 18890,
                    "reply": 15956,
                    "favorite": 316,
                    "coin": 150572,
                    "share": 18430,
                    "now_rank": 0,
                    "his_rank": 8,
                    "like": 340840,
                    "dislike": 0,
                    "vt": 0,
                    "vv": 3715519,
                    "fav_g": 0,
                    "like_g": 0
                },
                "dynamic": "理智观看，谢谢\n#流浪动物# #猫# #保护动物#",
                "cid": 176971359,
                "dimension": {
                    "width": 1920,
                    "height": 1080,
                    "rotate": 0
                },
                "short_link_v2": "https://b23.tv/BV1WK4y1r77C",
                "up_from_v2": 9,
                "cover43": "",
                "tidv2": 2154,
                "tnamev2": "剧情演绎",
                "pid_v2": 1021,
                "pid_name_v2": "小剧场",
                "bvid": "BV1WK4y1r77C",
                "season_type": 0,
                "is_ogv": false,
                "ogv_info": null,
                "enable_vt": 0,
                "ai_rcmd": null,
                "rcmd_reason": "不爱请别伤害"
            },
            {
                "aid": 925329958,
                "videos": 1,
                "tid": 31,
                "tname": "翻唱",
                "copyright": 1,
                "pic": "http://i2.hdslb.com/bfs/archive/951db524f8236257b8a2cfddb6c98512db62c8d3.png",
                "title": "当英文歌没有了轻声和连读...你能不笑吗？",
                "pubdate": 1586850803,
                "ctime": 1586850803,
                "desc": "微博: 西柚汁Jiaylee\r\n翻译&演唱&视频: 西柚汁\r\n娱乐为主！没有音准 没有修音",
                "state": 0,
                "duration": 266,
                "rights": {
                    "bp": 0,
                    "elec": 0,
                    "download": 0,
                    "movie": 0,
                    "pay": 0,
                    "hd5": 0,
                    "no_reprint": 1,
                    "autoplay": 1,
                    "ugc_pay": 0,
                    "is_cooperation": 0,
                    "ugc_pay_preview": 0,
                    "no_background": 0,
                    "arc_pay": 0,
                    "pay_free_watch": 0
                },
                "owner": {
                    "mid": 14172838,
                    "name": "李桃的LittleTalk",
                    "face": "https://i1.hdslb.com/bfs/face/a840e87feadf7075b95741091cab39893b48c533.jpg"
                },
                "stat": {
                    "aid": 925329958,
                    "view": 7663063,
                    "danmaku": 65113,
                    "reply": 8185,
                    "favorite": 155342,
                    "coin": 135988,
                    "share": 96945,
                    "now_rank": 0,
                    "his_rank": 27,
                    "like": 501402,
                    "dislike": 0,
                    "vt": 0,
                    "vv": 7663063,
                    "fav_g": 0,
                    "like_g": 0
                },
                "dynamic": "",
                "cid": 178214191,
                "dimension": {
                    "width": 1920,
                    "height": 1080,
                    "rotate": 0
                },
                "short_link_v2": "https://b23.tv/BV1dT4y1G7zx",
                "up_from_v2": 2,
                "pub_location": "湖南",
                "cover43": "",
                "tidv2": 2027,
                "tnamev2": "音乐综合",
                "pid_v2": 1003,
                "pid_name_v2": "音乐",
                "bvid": "BV1dT4y1G7zx",
                "season_type": 0,
                "is_ogv": false,
                "ogv_info": null,
                "enable_vt": 0,
                "ai_rcmd": null,
                "rcmd_reason": "字 正 腔 圆"
            },
            {
                "aid": 582644488,
                "videos": 6,
                "tid": 47,
                "tname": "同人·手书",
                "copyright": 1,
                "pic": "http://i2.hdslb.com/bfs/archive/4fa55fa3751cde7a559643785526f25492101f9d.jpg",
                "title": "【高燃 拟人】致敬“植物大战僵尸” 49种植物全员拟人！",
                "pubdate": 1586778898,
                "ctime": 1586778898,
                "desc": "一部关于植物大战僵尸一代49种植物的拟人绘画视频。\n想模仿京都动画的画风，有小部分图片进行了描改，其余图片参考素材自创。\n视频简简单单，但洋溢的是对其的喜爱与感怀。希望大家看得开心。\n（仅仅为表达对植僵的喜爱而制作的视频，不商用哦）\nbgm Crusader (Are We There Yet)\n         You-Hollywood Ending",
                "state": 0,
                "duration": 1321,
                "mission_id": 13071,
                "rights": {
                    "bp": 0,
                    "elec": 0,
                    "download": 0,
                    "movie": 0,
                    "pay": 0,
                    "hd5": 1,
                    "no_reprint": 1,
                    "autoplay": 1,
                    "ugc_pay": 0,
                    "is_cooperation": 0,
                    "ugc_pay_preview": 0,
                    "no_background": 0,
                    "arc_pay": 0,
                    "pay_free_watch": 0
                },
                "owner": {
                    "mid": 21134284,
                    "name": "想学画画的初慕",
                    "face": "https://i1.hdslb.com/bfs/face/fd660266f0ee0f77a5b82f8444a4682848911d84.jpg"
                },
                "stat": {
                    "aid": 582644488,
                    "view": 6061429,
                    "danmaku": 38507,
                    "reply": 8917,
                    "favorite": 260479,
                    "coin": 325759,
                    "share": 37782,
                    "now_rank": 0,
                    "his_rank": 6,
                    "like": 388003,
                    "dislike": 0,
                    "vt": 0,
                    "vv": 6061429,
                    "fav_g": 604,
                    "like_g": 531
                },
                "dynamic": "#bilibili新星计划##植物大战僵尸##绘画#",
                "cid": 177841024,
                "dimension": {
                    "width": 1920,
                    "height": 1080,
                    "rotate": 0
                },
                "short_link_v2": "https://b23.tv/BV1W64y1u7Wk",
                "cover43": "",
                "tidv2": 2055,
                "tnamev2": "二次元绘画",
                "pid_v2": 1006,
                "pid_name_v2": "绘画",
                "bvid": "BV1W64y1u7Wk",
                "season_type": 0,
                "is_ogv": false,
                "ogv_info": null,
                "enable_vt": 0,
                "ai_rcmd": null,
                "rcmd_reason": "怪不得僵尸就算死也要过来啃植物"
            },
            {
                "aid": 752727866,
                "videos": 1,
                "tid": 233,
                "tname": "极客DIY",
                "copyright": 1,
                "pic": "http://i1.hdslb.com/bfs/archive/fe7ccb9b21de560c359462d7f36e950b7d64e0a8.jpg",
                "title": "【才浅手工】为什么这把折扇做了40天？用过于硬核的制作方式打造一把暗藏玄机的红蝶折扇",
                "pubdate": 1586664030,
                "ctime": 1586608143,
                "desc": "本次主题是第五人格里红蝶的折扇，感谢@庭树沐年 因cos难度原因扇子的形态和角色衣服的形态没有统一，如果喜欢本视频欢迎三连支持\nbgm: Space_Was_The_Place、Shadows、Unstoppable",
                "state": 0,
                "duration": 784,
                "rights": {
                    "bp": 0,
                    "elec": 0,
                    "download": 0,
                    "movie": 0,
                    "pay": 0,
                    "hd5": 0,
                    "no_reprint": 1,
                    "autoplay": 1,
                    "ugc_pay": 0,
                    "is_cooperation": 0,
                    "ugc_pay_preview": 0,
                    "no_background": 0,
                    "arc_pay": 0,
                    "pay_free_watch": 0
                },
                "owner": {
                    "mid": 2200736,
                    "name": "才疏学浅的才浅",
                    "face": "https://i2.hdslb.com/bfs/face/5e164548b80c4a0ea63e922a82eedc865220358f.jpg"
                },
                "stat": {
                    "aid": 752727866,
                    "view": 8574482,
                    "danmaku": 90734,
                    "reply": 14193,
                    "favorite": 347061,
                    "coin": 1250252,
                    "share": 70782,
                    "now_rank": 0,
                    "his_rank": 1,
                    "like": 1140336,
                    "dislike": 0,
                    "vt": 0,
                    "vv": 8574482,
                    "fav_g": 276,
                    "like_g": 118
                },
                "dynamic": "#手工##diy##制作#",
                "cid": 176948058,
                "dimension": {
                    "width": 1920,
                    "height": 1080,
                    "rotate": 0
                },
                "season_id": 141314,
                "short_link_v2": "https://b23.tv/BV13k4y1R74f",
                "cover43": "",
                "tidv2": 2145,
                "tnamev2": "传统手工艺",
                "pid_v2": 1019,
                "pid_name_v2": "手工",
                "bvid": "BV13k4y1R74f",
                "season_type": 0,
                "is_ogv": false,
                "ogv_info": null,
                "enable_vt": 0,
                "ai_rcmd": null,
                "rcmd_reason": "看了看UP的手，再看了看我的爪子..."
            },
            {
                "aid": 667733080,
                "videos": 1,
                "tid": 22,
                "tname": "鬼畜调教",
                "copyright": 1,
                "pic": "http://i2.hdslb.com/bfs/archive/a68fc5f5e5ef7a7a7eaa60d9d7e669b476e43b42.jpg",
                "title": "【黑人抬棺】车头一翘，_________",
                "pubdate": 1586683472,
                "ctime": 1586683472,
                "desc": "BGM：Vicetone-Astronomia (鬼火少年)（VESK GREEN 青菜 / TØm remix)",
                "state": 0,
                "duration": 105,
                "rights": {
                    "bp": 0,
                    "elec": 0,
                    "download": 0,
                    "movie": 0,
                    "pay": 0,
                    "hd5": 0,
                    "no_reprint": 1,
                    "autoplay": 1,
                    "ugc_pay": 0,
                    "is_cooperation": 0,
                    "ugc_pay_preview": 0,
                    "no_background": 0,
                    "arc_pay": 0,
                    "pay_free_watch": 0
                },
                "owner": {
                    "mid": 7980111,
                    "name": "TØm",
                    "face": "https://i0.hdslb.com/bfs/face/66fa0191dceb974f50f703ac6b05d64e402cc4c9.jpg"
                },
                "stat": {
                    "aid": 667733080,
                    "view": 16640713,
                    "danmaku": 48184,
                    "reply": 8458,
                    "favorite": 211446,
                    "coin": 228086,
                    "share": 101471,
                    "now_rank": 0,
                    "his_rank": 5,
                    "like": 593824,
                    "dislike": 0,
                    "vt": 0,
                    "vv": 16640713,
                    "fav_g": 9,
                    "like_g": 8
                },
                "dynamic": "抬棺 全DLC豪华版",
                "cid": 177359979,
                "dimension": {
                    "width": 1920,
                    "height": 1080,
                    "rotate": 0
                },
                "short_link_v2": "https://b23.tv/BV1Wa4y1x7RV",
                "cover43": "",
                "tidv2": 2059,
                "tnamev2": "鬼畜调教",
                "pid_v2": 1007,
                "pid_name_v2": "鬼畜",
                "bvid": "BV1Wa4y1x7RV",
                "season_type": 0,
                "is_ogv": false,
                "ogv_info": null,
                "enable_vt": 0,
                "ai_rcmd": null,
                "rcmd_reason": "客官，里面请（×） 客，棺里面请（√）"
            },
            {
                "aid": 497654364,
                "videos": 1,
                "tid": 207,
                "tname": "财经商业",
                "copyright": 1,
                "pic": "http://i2.hdslb.com/bfs/archive/050e4602d8b472d0a6fcb5398642eb0b64083e7c.jpg",
                "title": "【半佛】罗永浩是如何颠覆每一个行业的。",
                "pubdate": 1586595927,
                "ctime": 1586595927,
                "desc": "彪悍的人生一步一个坎。",
                "state": 0,
                "duration": 1030,
                "rights": {
                    "bp": 0,
                    "elec": 0,
                    "download": 0,
                    "movie": 0,
                    "pay": 0,
                    "hd5": 1,
                    "no_reprint": 1,
                    "autoplay": 1,
                    "ugc_pay": 0,
                    "is_cooperation": 0,
                    "ugc_pay_preview": 0,
                    "no_background": 0,
                    "arc_pay": 0,
                    "pay_free_watch": 0
                },
                "owner": {
                    "mid": 37663924,
                    "name": "硬核的半佛仙人",
                    "face": "https://i1.hdslb.com/bfs/face/aaf33dced1941af0946f37c62f4b48fcaba9c9a2.jpg"
                },
                "stat": {
                    "aid": 497654364,
                    "view": 6720113,
                    "danmaku": 35642,
                    "reply": 11932,
                    "favorite": 60352,
                    "coin": 168001,
                    "share": 72428,
                    "now_rank": 0,
                    "his_rank": 12,
                    "like": 350196,
                    "dislike": 0,
                    "vt": 0,
                    "vv": 6720113,
                    "fav_g": 0,
                    "like_g": 2
                },
                "dynamic": "瑞幸咖啡暴雷的原因找到了，是他是他就是他。",
                "cid": 176903091,
                "dimension": {
                    "width": 1920,
                    "height": 1080,
                    "rotate": 0
                },
                "short_link_v2": "https://b23.tv/BV16K411L7tR",
                "cover43": "",
                "tidv2": 2087,
                "tnamev2": "商业财经",
                "pid_v2": 1010,
                "pid_name_v2": "知识",
                "bvid": "BV16K411L7tR",
                "season_type": 0,
                "is_ogv": false,
                "ogv_info": null,
                "enable_vt": 0,
                "ai_rcmd": null,
                "rcmd_reason": "彪悍的人生不需要解释"
            },
            {
                "aid": 667668103,
                "videos": 1,
                "tid": 161,
                "tname": "手工",
                "copyright": 1,
                "pic": "http://i2.hdslb.com/bfs/archive/14611b5b536631bf33953881ffbc30c9b47a2805.jpg",
                "title": "自制不锈钢AK47键盘",
                "pubdate": 1586517373,
                "ctime": 1586517373,
                "desc": "",
                "state": 0,
                "duration": 108,
                "mission_id": 13106,
                "rights": {
                    "bp": 0,
                    "elec": 0,
                    "download": 0,
                    "movie": 0,
                    "pay": 0,
                    "hd5": 1,
                    "no_reprint": 1,
                    "autoplay": 1,
                    "ugc_pay": 0,
                    "is_cooperation": 0,
                    "ugc_pay_preview": 0,
                    "no_background": 0,
                    "arc_pay": 0,
                    "pay_free_watch": 0
                },
                "owner": {
                    "mid": 280793434,
                    "name": "手工耿",
                    "face": "https://i1.hdslb.com/bfs/face/b8a75ae7d2a0e2af1d36ca9f1084d850eebb28e3.jpg"
                },
                "stat": {
                    "aid": 667668103,
                    "view": 12540384,
                    "danmaku": 26043,
                    "reply": 19786,
                    "favorite": 109700,
                    "coin": 405372,
                    "share": 117144,
                    "now_rank": 0,
                    "his_rank": 6,
                    "like": 849038,
                    "dislike": 0,
                    "vt": 0,
                    "vv": 12540384,
                    "fav_g": 0,
                    "like_g": 6
                },
                "dynamic": "#手工##全能打卡挑战##制作#",
                "cid": 176527115,
                "dimension": {
                    "width": 1080,
                    "height": 1920,
                    "rotate": 0
                },
                "short_link_v2": "https://b23.tv/BV11a4y1t7s9",
                "cover43": "",
                "tidv2": 2104,
                "tnamev2": "自制发明/设备",
                "pid_v2": 1012,
                "pid_name_v2": "科技数码",
                "bvid": "BV11a4y1t7s9",
                "season_type": 0,
                "is_ogv": false,
                "ogv_info": null,
                "enable_vt": 0,
                "ai_rcmd": null,
                "rcmd_reason": "真●键盘侠"
            },
            {
                "aid": 497651138,
                "videos": 1,
                "tid": 124,
                "tname": "社科·法律·心理",
                "copyright": 1,
                "pic": "http://i2.hdslb.com/bfs/archive/8d38ddb66687f768f851271b84d58b7ceb1a2d0f.jpg",
                "title": "【罗翔】我们为什么要读书？",
                "pubdate": 1586836612,
                "ctime": 1586795307,
                "desc": "世界读书日快要到了，和大家聊一聊我们为什么要读书。让我们用读书，对抗冰冷、傲慢、自恋、自怜的内心。",
                "state": 0,
                "duration": 608,
                "mission_id": 13151,
                "rights": {
                    "bp": 0,
                    "elec": 0,
                    "download": 0,
                    "movie": 0,
                    "pay": 0,
                    "hd5": 1,
                    "no_reprint": 1,
                    "autoplay": 1,
                    "ugc_pay": 0,
                    "is_cooperation": 0,
                    "ugc_pay_preview": 0,
                    "no_background": 0,
                    "arc_pay": 0,
                    "pay_free_watch": 0
                },
                "owner": {
                    "mid": 517327498,
                    "name": "罗翔说刑法",
                    "face": "https://i1.hdslb.com/bfs/face/4e5d0a51273fe3f8fabc700b6a71bb8a38c9e21e.jpg"
                },
                "stat": {
                    "aid": 497651138,
                    "view": 22427226,
                    "danmaku": 186913,
                    "reply": 33827,
                    "favorite": 795698,
                    "coin": 998455,
                    "share": 346975,
                    "now_rank": 0,
                    "his_rank": 1,
                    "like": 1448954,
                    "dislike": 0,
                    "vt": 0,
                    "vv": 22427226,
                    "fav_g": 30,
                    "like_g": 29
                },
                "dynamic": "#罗翔##厚大##刑法#",
                "cid": 177974677,
                "dimension": {
                    "width": 1920,
                    "height": 1080,
                    "rotate": 0
                },
                "short_link_v2": "https://b23.tv/BV1BK411L7DJ",
                "pub_location": "北京",
                "cover43": "",
                "tidv2": 2084,
                "tnamev2": "应试教育",
                "pid_v2": 1010,
                "pid_name_v2": "知识",
                "bvid": "BV1BK411L7DJ",
                "season_type": 0,
                "is_ogv": false,
                "ogv_info": null,
                "enable_vt": 0,
                "ai_rcmd": null,
                "rcmd_reason": "让我们用读书对抗冰冷、傲慢、自恋、自怜的内心。"
            },
            {
                "aid": 837667629,
                "videos": 1,
                "tid": 239,
                "tname": "家居房产",
                "copyright": 1,
                "pic": "http://i0.hdslb.com/bfs/archive/e5089c50878dbf770bd0595cb3f0700fd3b58aac.jpg",
                "title": "【艾叔】电视剧《安家》同款豪宅，距离我们究竟有多远",
                "pubdate": 1586662472,
                "ctime": 1586662472,
                "desc": "电视剧《安家》同款豪宅，跟着艾叔，来看看距离我们究竟有多远。",
                "state": 0,
                "duration": 550,
                "mission_id": 12988,
                "rights": {
                    "bp": 0,
                    "elec": 0,
                    "download": 0,
                    "movie": 0,
                    "pay": 0,
                    "hd5": 1,
                    "no_reprint": 1,
                    "autoplay": 1,
                    "ugc_pay": 0,
                    "is_cooperation": 0,
                    "ugc_pay_preview": 0,
                    "no_background": 0,
                    "arc_pay": 0,
                    "pay_free_watch": 0
                },
                "owner": {
                    "mid": 470156882,
                    "name": "小艾大叔",
                    "face": "https://i2.hdslb.com/bfs/face/b16398e01085cc874936a504c35d03a40063279e.jpg"
                },
                "stat": {
                    "aid": 837667629,
                    "view": 2381109,
                    "danmaku": 18904,
                    "reply": 3376,
                    "favorite": 26086,
                    "coin": 102248,
                    "share": 18135,
                    "now_rank": 0,
                    "his_rank": 10,
                    "like": 177448,
                    "dislike": 0,
                    "vt": 0,
                    "vv": 2381109,
                    "fav_g": 0,
                    "like_g": 0
                },
                "dynamic": "#加油2020-VLOG挑战##上海##豪宅# 电视剧《安家》同款豪宅，跟着艾叔，来看看距离我们究竟有多远。",
                "cid": 177195186,
                "dimension": {
                    "width": 1920,
                    "height": 1080,
                    "rotate": 0
                },
                "season_id": 1039,
                "short_link_v2": "https://b23.tv/BV1gg4y187is",
                "cover43": "",
                "tidv2": 2120,
                "tnamev2": "买房租房",
                "pid_v2": 1015,
                "pid_name_v2": "家装房产",
                "bvid": "BV1gg4y187is",
                "season_type": 0,
                "is_ogv": false,
                "ogv_info": null,
                "enable_vt": 0,
                "ai_rcmd": null,
                "rcmd_reason": "做梦的素材增加了"
            },
            {
                "aid": 497841327,
                "videos": 1,
                "tid": 183,
                "tname": "影视剪辑",
                "copyright": 1,
                "pic": "http://i0.hdslb.com/bfs/archive/235c2ad05b9ac03cfa3f2538b06f22a6d0a68384.jpg",
                "title": "龍",
                "pubdate": 1586901640,
                "ctime": 1586866336,
                "desc": "纵观66岁的龙叔的传奇电影生涯，倒不如说他就是个传奇。\nBGM:DEAF KEV - Samurai\n         Starlyte - Titan",
                "state": 0,
                "duration": 270,
                "mission_id": 13106,
                "rights": {
                    "bp": 0,
                    "elec": 0,
                    "download": 0,
                    "movie": 0,
                    "pay": 0,
                    "hd5": 1,
                    "no_reprint": 1,
                    "autoplay": 1,
                    "ugc_pay": 0,
                    "is_cooperation": 0,
                    "ugc_pay_preview": 0,
                    "no_background": 0,
                    "arc_pay": 0,
                    "pay_free_watch": 0
                },
                "owner": {
                    "mid": 104234979,
                    "name": "丿丶龙猫",
                    "face": "https://i0.hdslb.com/bfs/face/faf67107fec0fb6f354a0da3a8d20c079e4289f6.jpg"
                },
                "stat": {
                    "aid": 497841327,
                    "view": 19716624,
                    "danmaku": 168383,
                    "reply": 18332,
                    "favorite": 608020,
                    "coin": 1075571,
                    "share": 38750,
                    "now_rank": 0,
                    "his_rank": 1,
                    "like": 1610515,
                    "dislike": 0,
                    "vt": 0,
                    "vv": 19716624,
                    "fav_g": 0,
                    "like_g": 2
                },
                "dynamic": "#电影剪辑##成龙##全能打卡挑战#",
                "cid": 178337341,
                "dimension": {
                    "width": 1920,
                    "height": 1080,
                    "rotate": 0
                },
                "season_id": 879555,
                "short_link_v2": "https://b23.tv/BV1mK411V7wY",
                "pub_location": "广东",
                "cover43": "",
                "tidv2": 2010,
                "tnamev2": "明星剪辑",
                "pid_v2": 1002,
                "pid_name_v2": "娱乐",
                "bvid": "BV1mK411V7wY",
                "season_type": 0,
                "is_ogv": false,
                "ogv_info": null,
                "enable_vt": 0,
                "ai_rcmd": null,
                "rcmd_reason": "成龙的战斗力取决于周围杂物的密度"
            },
            {
                "aid": 752732908,
                "videos": 1,
                "tid": 126,
                "tname": "人力VOCALOID",
                "copyright": 1,
                "pic": "http://i2.hdslb.com/bfs/archive/a7a76a44b777686c3c1d680346b9a1ce3130750d.jpg",
                "title": "【蜡笔小新】少年",
                "pubdate": 1586922925,
                "ctime": 1586755344,
                "desc": "野原新之助！5岁！希望大家喜欢~\n原曲：少年\n制作：仙道居士\n黄绿合战Day.9 对阵作品：BV1R541147mr，投票传送门：https://www.bilibili.com/blackboard/activity-yellowVSgreen5th.html",
                "state": 0,
                "duration": 201,
                "mission_id": 13119,
                "rights": {
                    "bp": 0,
                    "elec": 0,
                    "download": 0,
                    "movie": 0,
                    "pay": 0,
                    "hd5": 1,
                    "no_reprint": 1,
                    "autoplay": 1,
                    "ugc_pay": 0,
                    "is_cooperation": 0,
                    "ugc_pay_preview": 0,
                    "no_background": 0,
                    "arc_pay": 0,
                    "pay_free_watch": 0
                },
                "owner": {
                    "mid": 27340452,
                    "name": "仙道居士",
                    "face": "https://i0.hdslb.com/bfs/face/6fc77766fe5979ed530c11e080ba98fb277c3d42.jpg"
                },
                "stat": {
                    "aid": 752732908,
                    "view": 1980102,
                    "danmaku": 13293,
                    "reply": 3008,
                    "favorite": 70860,
                    "coin": 136631,
                    "share": 11527,
                    "now_rank": 0,
                    "his_rank": 14,
                    "like": 201248,
                    "dislike": 0,
                    "vt": 0,
                    "vv": 1980102,
                    "fav_g": 0,
                    "like_g": 3
                },
                "dynamic": "#黄绿合战##黄绿合战5th##蜡笔小新#\n黄绿合战Day.9 对阵作品：BV1R541147mr，投票传送门：https://www.bilibili.com/blackboard/activity-yellowVSgreen5th.html",
                "cid": 177711584,
                "dimension": {
                    "width": 1920,
                    "height": 1080,
                    "rotate": 0
                },
                "season_id": 136954,
                "short_link_v2": "https://b23.tv/BV1wk4y1R78B",
                "cover43": "",
                "tidv2": 2061,
                "tnamev2": "人力VOCALOID",
                "pid_v2": 1007,
                "pid_name_v2": "鬼畜",
                "bvid": "BV1wk4y1R78B",
                "season_type": 0,
                "is_ogv": false,
                "ogv_info": null,
                "enable_vt": 0,
                "ai_rcmd": null,
                "rcmd_reason": "最怕鬼畜动了情"
            },
            {
                "aid": 412775819,
                "videos": 1,
                "tid": 21,
                "tname": "日常",
                "copyright": 1,
                "pic": "http://i2.hdslb.com/bfs/archive/f2717afef9998bef31bc1eacab9b21aa5bd56313.jpg",
                "title": "纽约20万确诊，实拍政府免费食物，探访医院当前情况！",
                "pubdate": 1586922128,
                "ctime": 1586922128,
                "desc": "纽约20万确诊，实拍政府免费食物，探访医院当前情况！",
                "state": 0,
                "duration": 372,
                "mission_id": 12988,
                "rights": {
                    "bp": 0,
                    "elec": 0,
                    "download": 0,
                    "movie": 0,
                    "pay": 0,
                    "hd5": 1,
                    "no_reprint": 1,
                    "autoplay": 1,
                    "ugc_pay": 0,
                    "is_cooperation": 0,
                    "ugc_pay_preview": 0,
                    "no_background": 0,
                    "arc_pay": 0,
                    "pay_free_watch": 0
                },
                "owner": {
                    "mid": 176037767,
                    "name": "我是郭杰瑞",
                    "face": "http://i2.hdslb.com/bfs/face/6182455e4d61159121c223ddc7a3a381f2d4d056.jpg"
                },
                "stat": {
                    "aid": 412775819,
                    "view": 3742882,
                    "danmaku": 39007,
                    "reply": 13267,
                    "favorite": 17622,
                    "coin": 103146,
                    "share": 10510,
                    "now_rank": 0,
                    "his_rank": 15,
                    "like": 287988,
                    "dislike": 0,
                    "vt": 0,
                    "vv": 3742882,
                    "fav_g": 0,
                    "like_g": 0
                },
                "dynamic": "",
                "cid": 178548932,
                "dimension": {
                    "width": 1920,
                    "height": 1080,
                    "rotate": 0
                },
                "short_link_v2": "https://b23.tv/BV1QV411o7hn",
                "cover43": "",
                "tidv2": 2160,
                "tnamev2": "城市出行",
                "pid_v2": 1022,
                "pid_name_v2": "旅游出行",
                "bvid": "BV1QV411o7hn",
                "season_type": 0,
                "is_ogv": false,
                "ogv_info": null,
                "enable_vt": 0,
                "ai_rcmd": null,
                "rcmd_reason": "愿疫情早日过去"
            },
            {
                "aid": 200360768,
                "videos": 1,
                "tid": 164,
                "tname": "健身",
                "copyright": 1,
                "pic": "http://i1.hdslb.com/bfs/archive/29bd1839a4e3d4c6cb534594d48487c1b67d2578.jpg",
                "title": "解决男生「雌化」尴尬，脂肪胸变胸肌！家中可练，不需场地器械。",
                "pubdate": 1586836505,
                "ctime": 1586836506,
                "desc": "帮你减去胸部脂肪，打造门面胸肌！",
                "state": 0,
                "duration": 376,
                "mission_id": 13109,
                "rights": {
                    "bp": 0,
                    "elec": 0,
                    "download": 0,
                    "movie": 0,
                    "pay": 0,
                    "hd5": 1,
                    "no_reprint": 1,
                    "autoplay": 1,
                    "ugc_pay": 0,
                    "is_cooperation": 0,
                    "ugc_pay_preview": 0,
                    "no_background": 0,
                    "arc_pay": 0,
                    "pay_free_watch": 0
                },
                "owner": {
                    "mid": 434378423,
                    "name": "闫帅奇",
                    "face": "https://i2.hdslb.com/bfs/face/44e5f42034d48ea71dc7e4be0e6a9a5a6845629b.jpg"
                },
                "stat": {
                    "aid": 200360768,
                    "view": 7035389,
                    "danmaku": 23139,
                    "reply": 9621,
                    "favorite": 578807,
                    "coin": 304607,
                    "share": 43827,
                    "now_rank": 0,
                    "his_rank": 1,
                    "like": 363760,
                    "dislike": 0,
                    "vt": 0,
                    "vv": 7035389,
                    "fav_g": 108,
                    "like_g": 40
                },
                "dynamic": "#健身跟练挑战##健身##塑形#\n中午好，练练胸？",
                "cid": 178120657,
                "dimension": {
                    "width": 3840,
                    "height": 2160,
                    "rotate": 0
                },
                "short_link_v2": "https://b23.tv/BV1kz411B7jL",
                "cover43": "",
                "tidv2": 2129,
                "tnamev2": "健身跟练教学",
                "pid_v2": 1017,
                "pid_name_v2": "健身",
                "bvid": "BV1kz411B7jL",
                "season_type": 0,
                "is_ogv": false,
                "ogv_info": null,
                "enable_vt": 0,
                "ai_rcmd": null,
                "rcmd_reason": "每天看几遍恐吓下脂肪"
            },
            {
                "aid": 967655255,
                "videos": 1,
                "tid": 213,
                "tname": "美食测评",
                "copyright": 1,
                "pic": "http://i0.hdslb.com/bfs/archive/c92b646af787079002e9a9406c7caedecf9fdd28.jpg",
                "title": "“24小时自律挑战”按照世界公认健康作息表生活一天！",
                "pubdate": 1586683591,
                "ctime": 1586683591,
                "desc": "“24小时自律挑战”按照世界公认健康作息表生活一天！",
                "state": 0,
                "duration": 385,
                "mission_id": 13109,
                "rights": {
                    "bp": 0,
                    "elec": 0,
                    "download": 0,
                    "movie": 0,
                    "pay": 0,
                    "hd5": 0,
                    "no_reprint": 1,
                    "autoplay": 1,
                    "ugc_pay": 0,
                    "is_cooperation": 0,
                    "ugc_pay_preview": 0,
                    "no_background": 0,
                    "arc_pay": 0,
                    "pay_free_watch": 0
                },
                "owner": {
                    "mid": 337521240,
                    "name": "记录生活的蛋黄派",
                    "face": "https://i0.hdslb.com/bfs/face/9ba6c7a0d3a2ebfe9db2f46219ece98e210d0269.jpg"
                },
                "stat": {
                    "aid": 967655255,
                    "view": 5213735,
                    "danmaku": 56064,
                    "reply": 7834,
                    "favorite": 27805,
                    "coin": 75888,
                    "share": 6348,
                    "now_rank": 0,
                    "his_rank": 12,
                    "like": 341117,
                    "dislike": 0,
                    "vt": 0,
                    "vv": 5213735,
                    "fav_g": 11,
                    "like_g": 3
                },
                "dynamic": "#美食圈##吃货##生活#自律24小时",
                "cid": 177326777,
                "dimension": {
                    "width": 1920,
                    "height": 1080,
                    "rotate": 0
                },
                "season_id": 4188092,
                "short_link_v2": "https://b23.tv/BV1Yp4y1C7Tz",
                "cover43": "",
                "tidv2": 2207,
                "tnamev2": "随拍·综合",
                "pid_v2": 1032,
                "pid_name_v2": "其他",
                "bvid": "BV1Yp4y1C7Tz",
                "season_type": 0,
                "is_ogv": false,
                "ogv_info": null,
                "enable_vt": 0,
                "ai_rcmd": null,
                "rcmd_reason": "为什么熬夜？因为你手机还有电"
            },
            {
                "aid": 455335979,
                "videos": 1,
                "tid": 138,
                "tname": "搞笑",
                "copyright": 1,
                "pic": "http://i0.hdslb.com/bfs/archive/4afd9510e89392d567b5aa9dc3245b2cdc40e778.jpg",
                "title": "不要“做”挑战？（第五期）",
                "pubdate": 1586872660,
                "ctime": 1586872660,
                "desc": "后面的小彩蛋就是惩罚，难道不好看吗？\n（希望你们喜欢，记得素质三连！）",
                "state": 0,
                "duration": 526,
                "mission_id": 13051,
                "rights": {
                    "bp": 0,
                    "elec": 0,
                    "download": 0,
                    "movie": 0,
                    "pay": 0,
                    "hd5": 0,
                    "no_reprint": 1,
                    "autoplay": 1,
                    "ugc_pay": 0,
                    "is_cooperation": 0,
                    "ugc_pay_preview": 0,
                    "no_background": 0,
                    "arc_pay": 0,
                    "pay_free_watch": 0
                },
                "owner": {
                    "mid": 5970160,
                    "name": "小潮院长",
                    "face": "https://i1.hdslb.com/bfs/face/834eb0de8d2f470bf03e4ea92831b14f3824c863.jpg"
                },
                "stat": {
                    "aid": 455335979,
                    "view": 18614752,
                    "danmaku": 75218,
                    "reply": 8874,
                    "favorite": 155406,
                    "coin": 283428,
                    "share": 70319,
                    "now_rank": 0,
                    "his_rank": 7,
                    "like": 748822,
                    "dislike": 0,
                    "vt": 0,
                    "vv": 18614752,
                    "fav_g": 1076,
                    "like_g": 874
                },
                "dynamic": "不要“做”挑战？\n（第五期） \n\n\n#搞笑视频##搞笑##搞笑挑战#",
                "cid": 178370704,
                "dimension": {
                    "width": 1920,
                    "height": 1080,
                    "rotate": 0
                },
                "season_id": 6728995,
                "short_link_v2": "https://b23.tv/BV1R5411t7gY",
                "pub_location": "陕西",
                "cover43": "",
                "tidv2": 2207,
                "tnamev2": "随拍·综合",
                "pid_v2": 1032,
                "pid_name_v2": "其他",
                "bvid": "BV1R5411t7gY",
                "season_type": 0,
                "is_ogv": false,
                "ogv_info": null,
                "enable_vt": 0,
                "ai_rcmd": null,
                "rcmd_reason": "每看一期都笑出一条皱纹"
            },
            {
                "aid": 667642918,
                "videos": 1,
                "tid": 253,
                "tname": "动漫杂谈",
                "copyright": 1,
                "pic": "http://i2.hdslb.com/bfs/archive/88dd13d750eb1d4f471b84c82cda08df3b5e0357.jpg",
                "title": "jojo说刑法",
                "pubdate": 1586750441,
                "ctime": 1586616523,
                "desc": "万物皆可Jo化\n罗翔头部描改自BV1X7411R7ny",
                "state": 0,
                "duration": 90,
                "rights": {
                    "bp": 0,
                    "elec": 0,
                    "download": 0,
                    "movie": 0,
                    "pay": 0,
                    "hd5": 1,
                    "no_reprint": 1,
                    "autoplay": 1,
                    "ugc_pay": 0,
                    "is_cooperation": 0,
                    "ugc_pay_preview": 0,
                    "no_background": 0,
                    "arc_pay": 0,
                    "pay_free_watch": 0
                },
                "owner": {
                    "mid": 23371320,
                    "name": "异次元臭豆腐",
                    "face": "https://i0.hdslb.com/bfs/face/a8ef50fa75e0afc038c1b9b89c0d7980140ee89b.jpg"
                },
                "stat": {
                    "aid": 667642918,
                    "view": 2907362,
                    "danmaku": 3686,
                    "reply": 1826,
                    "favorite": 75008,
                    "coin": 66186,
                    "share": 41184,
                    "now_rank": 0,
                    "his_rank": 56,
                    "like": 229180,
                    "dislike": 0,
                    "vt": 0,
                    "vv": 2907362,
                    "fav_g": 0,
                    "like_g": 0
                },
                "dynamic": "#JOJO的奇妙冒险##罗翔##罗翔说刑法#",
                "cid": 177062879,
                "dimension": {
                    "width": 1920,
                    "height": 1080,
                    "rotate": 0
                },
                "season_id": 2694,
                "short_link_v2": "https://b23.tv/BV1Ba4y1t7cT",
                "pub_location": "上海",
                "cover43": "",
                "tidv2": 2041,
                "tnamev2": "动漫剪辑",
                "pid_v2": 1005,
                "pid_name_v2": "二次元",
                "bvid": "BV1Ba4y1t7cT",
                "season_type": 0,
                "is_ogv": false,
                "ogv_info": null,
                "enable_vt": 0,
                "ai_rcmd": null,
                "rcmd_reason": "张三：我不做人啦！"
            },
            {
                "aid": 285235818,
                "videos": 1,
                "tid": 21,
                "tname": "日常",
                "copyright": 1,
                "pic": "http://i0.hdslb.com/bfs/archive/52af9f346691c2d13fed05976dfbef05117216f4.jpg",
                "title": "你管这叫亲情？？？？？？？",
                "pubdate": 1586772029,
                "ctime": 1586764271,
                "desc": "谢谢大家的观看！魔鬼舅舅还在继续！\n点赞30万或收藏8万，继续整蛊！！！",
                "state": 0,
                "duration": 822,
                "mission_id": 13053,
                "rights": {
                    "bp": 0,
                    "elec": 0,
                    "download": 0,
                    "movie": 0,
                    "pay": 0,
                    "hd5": 0,
                    "no_reprint": 1,
                    "autoplay": 1,
                    "ugc_pay": 0,
                    "is_cooperation": 0,
                    "ugc_pay_preview": 0,
                    "no_background": 0,
                    "arc_pay": 0,
                    "pay_free_watch": 0
                },
                "owner": {
                    "mid": 285499073,
                    "name": "东尼ookii",
                    "face": "https://i2.hdslb.com/bfs/face/456b2bff7e41ab212b74e9019fda1f26362e8723.jpg"
                },
                "stat": {
                    "aid": 285235818,
                    "view": 3992941,
                    "danmaku": 58296,
                    "reply": 6609,
                    "favorite": 38553,
                    "coin": 104340,
                    "share": 7538,
                    "now_rank": 0,
                    "his_rank": 10,
                    "like": 357827,
                    "dislike": 0,
                    "vt": 0,
                    "vv": 3992941,
                    "fav_g": 9,
                    "like_g": 8
                },
                "dynamic": "来了来了！ 个人感觉这期比上期还要劲爆！",
                "cid": 177745057,
                "dimension": {
                    "width": 1920,
                    "height": 1080,
                    "rotate": 0
                },
                "short_link_v2": "https://b23.tv/BV1ef4y1U7Xo",
                "cover43": "",
                "tidv2": 2176,
                "tnamev2": "亲子互动",
                "pid_v2": 1025,
                "pid_name_v2": "亲子",
                "bvid": "BV1ef4y1U7Xo",
                "season_type": 0,
                "is_ogv": false,
                "ogv_info": null,
                "enable_vt": 0,
                "ai_rcmd": null,
                "rcmd_reason": "好想知道他长大后看到这视频会是什么表情"
            },
            {
                "aid": 497651376,
                "videos": 1,
                "tid": 253,
                "tname": "动漫杂谈",
                "copyright": 1,
                "pic": "http://i0.hdslb.com/bfs/archive/ef6139a42eeee9e578a200bd0ac4b53d84aad950.jpg",
                "title": "从B站百大到暗杀名单 从造谣抹黑到无差别举报：全面起底网络黑公关【网络视频发展史：黑公关专题】",
                "pubdate": 1586777638,
                "ctime": 1586777638,
                "desc": "这期视频做的很不容易，其中艰辛太多。\n网络视频发展史01：BV1L4411M7sC\n网络视频发展史02：BV1hJ411A73W\n网络视频发展史03：BV19J41147tj\n网瘾战争专题节目：BV1et411F77t\n在上期视频中我只是一笔带过的黑公关 很多观众都对这个词汇产生了浓厚的兴趣 所以本期就来聊聊我们熟悉又陌生的【黑公关】\n与黑公关的前世今生。\n本视频不是锤人也不算曝光 只是网络视频发展史中的重要一环。\n喜欢的话不要吝啬【三连】【分享】【关注】尤其是【分享】\nBGM：\nMurray Gold ",
                "state": 0,
                "duration": 3112,
                "rights": {
                    "bp": 0,
                    "elec": 0,
                    "download": 0,
                    "movie": 0,
                    "pay": 0,
                    "hd5": 0,
                    "no_reprint": 0,
                    "autoplay": 1,
                    "ugc_pay": 0,
                    "is_cooperation": 0,
                    "ugc_pay_preview": 0,
                    "no_background": 0,
                    "arc_pay": 0,
                    "pay_free_watch": 0
                },
                "owner": {
                    "mid": 3481012,
                    "name": "低调的帅爷",
                    "face": "https://i1.hdslb.com/bfs/face/445203cc28af4e2825581dce0e046fb065a62abb.jpg"
                },
                "stat": {
                    "aid": 497651376,
                    "view": 3024007,
                    "danmaku": 27830,
                    "reply": 111239,
                    "favorite": 123121,
                    "coin": 180426,
                    "share": 22126,
                    "now_rank": 0,
                    "his_rank": 4,
                    "like": 250876,
                    "dislike": 0,
                    "vt": 0,
                    "vv": 3024007,
                    "fav_g": 0,
                    "like_g": 1
                },
                "dynamic": "#MCN##黑公关##互联网#你们要的黑公关专题，历时半年，多地取材，全面论述这一黑色产业与背后的种种利益纠葛。",
                "cid": 177847455,
                "dimension": {
                    "width": 1920,
                    "height": 1080,
                    "rotate": 0
                },
                "season_id": 2667,
                "short_link_v2": "https://b23.tv/BV1BK411L7ou",
                "pub_location": "江苏",
                "cover43": "",
                "tidv2": 2207,
                "tnamev2": "随拍·综合",
                "pid_v2": 1032,
                "pid_name_v2": "其他",
                "bvid": "BV1BK411L7ou",
                "season_type": 0,
                "is_ogv": false,
                "ogv_info": null,
                "enable_vt": 0,
                "ai_rcmd": null,
                "rcmd_reason": "理性吃瓜，不被当枪使"
            },
            {
                "aid": 752633034,
                "videos": 1,
                "tid": 17,
                "tname": "单机游戏",
                "copyright": 1,
                "pic": "http://i1.hdslb.com/bfs/archive/4e7920306bd35c0e5984b4b75304bd84ef0be807.jpg",
                "title": "【C菌】玩了这个阴间便利店游戏, 再也不敢逛超市了...",
                "pubdate": 1586670021,
                "ctime": 1586670021,
                "desc": "录像带伪纪录片日式恐怖游戏! 女高中生找到一份报酬很高的打工, 是在一个便利店夜班打工...她只身一人在午夜12点前往便利店,  然而, 这并不是一间普通的便利店...\n★谢谢收看! 本伪纪录片系列还有诸多作品! 收藏>5万录制下一部(关于公寓的)!\n★微博@渗透之C菌\n★Instagram@roshinichi",
                "state": 0,
                "duration": 2271,
                "mission_id": 13107,
                "rights": {
                    "bp": 0,
                    "elec": 0,
                    "download": 0,
                    "movie": 0,
                    "pay": 0,
                    "hd5": 0,
                    "no_reprint": 1,
                    "autoplay": 1,
                    "ugc_pay": 0,
                    "is_cooperation": 0,
                    "ugc_pay_preview": 0,
                    "no_background": 0,
                    "arc_pay": 0,
                    "pay_free_watch": 0
                },
                "owner": {
                    "mid": 4162287,
                    "name": "渗透之C君",
                    "face": "https://i0.hdslb.com/bfs/face/a12790be51aa6c9e3583fa94cb9b11cbfe0dacc2.jpg"
                },
                "stat": {
                    "aid": 752633034,
                    "view": 2796966,
                    "danmaku": 66491,
                    "reply": 4776,
                    "favorite": 44803,
                    "coin": 58785,
                    "share": 8263,
                    "now_rank": 0,
                    "his_rank": 8,
                    "like": 151424,
                    "dislike": 0,
                    "vt": 0,
                    "vv": 2796966,
                    "fav_g": 19,
                    "like_g": 78
                },
                "dynamic": "#C菌##夜勤事件# 伪纪录片风格日式恐怖游戏, 来试试胆呀!! #游戏练级挑战#",
                "cid": 177267084,
                "dimension": {
                    "width": 1920,
                    "height": 1080,
                    "rotate": 0
                },
                "short_link_v2": "https://b23.tv/BV1ak4y197sR",
                "cover43": "",
                "tidv2": 2079,
                "tnamev2": "其他游戏",
                "pid_v2": 1008,
                "pid_name_v2": "游戏",
                "bvid": "BV1ak4y197sR",
                "season_type": 0,
                "is_ogv": false,
                "ogv_info": null,
                "enable_vt": 0,
                "ai_rcmd": null,
                "rcmd_reason": "C菌的尖叫使游戏恐怖性激增"
            },
            {
                "aid": 540130909,
                "videos": 1,
                "tid": 47,
                "tname": "同人·手书",
                "copyright": 1,
                "pic": "http://i0.hdslb.com/bfs/archive/22ffc1bed33bdeba97c528b779f49af239464c91.jpg",
                "title": "崩 坏 三 删 减 片 段",
                "pubdate": 1586862933,
                "ctime": 1586832974,
                "desc": "这是崩三和jojo在十年前特别联动的片段，因为不符合崩三的画风被粉丝投诉而被JOJO删减，现在能在果蝇轰这里看到，很高兴，感觉青春回来了。\n爆肝不易，求个三连加分享分享分享分享分享分享分享分享分享~\n微博@果蝇轰",
                "state": 0,
                "duration": 150,
                "rights": {
                    "bp": 0,
                    "elec": 0,
                    "download": 0,
                    "movie": 0,
                    "pay": 0,
                    "hd5": 1,
                    "no_reprint": 1,
                    "autoplay": 1,
                    "ugc_pay": 0,
                    "is_cooperation": 0,
                    "ugc_pay_preview": 0,
                    "no_background": 0,
                    "arc_pay": 0,
                    "pay_free_watch": 0
                },
                "owner": {
                    "mid": 8469526,
                    "name": "果蝇轰",
                    "face": "https://i1.hdslb.com/bfs/face/5ac66ad440fa2b3650d9bac1def1391d102d1378.jpg"
                },
                "stat": {
                    "aid": 540130909,
                    "view": 2009421,
                    "danmaku": 7752,
                    "reply": 2378,
                    "favorite": 49171,
                    "coin": 74679,
                    "share": 21511,
                    "now_rank": 0,
                    "his_rank": 22,
                    "like": 157312,
                    "dislike": 0,
                    "vt": 0,
                    "vv": 2009421,
                    "fav_g": 0,
                    "like_g": 1
                },
                "dynamic": "#崩坏3##搞笑##JOJO的奇妙冒险#\n黛IO vs 丽塔郎，全程经费燃烧警告\n又到了大伙最爱的删减环节（doge",
                "cid": 178107242,
                "dimension": {
                    "width": 1920,
                    "height": 1080,
                    "rotate": 0
                },
                "short_link_v2": "https://b23.tv/BV1ci4y187gK",
                "cover43": "",
                "tidv2": 2064,
                "tnamev2": "单人RPG游戏",
                "pid_v2": 1008,
                "pid_name_v2": "游戏",
                "bvid": "BV1ci4y187gK",
                "season_type": 0,
                "is_ogv": false,
                "ogv_info": null,
                "enable_vt": 0,
                "ai_rcmd": null,
                "rcmd_reason": "画风突变，心脏骤停"
            },
            {
                "aid": 412850026,
                "videos": 1,
                "tid": 183,
                "tname": "影视剪辑",
                "copyright": 1,
                "pic": "http://i1.hdslb.com/bfs/archive/fb394bfed93c203dc9b16bd445252e675d426834.jpg",
                "title": "你管这叫只会一点点？？？",
                "pubdate": 1586877735,
                "ctime": 1586877735,
                "desc": "叶师傅切他下路！！！\n\n新人up制作不易 欢迎点赞\n\nBGM：Real good feeling",
                "state": 0,
                "duration": 165,
                "rights": {
                    "bp": 0,
                    "elec": 0,
                    "download": 0,
                    "movie": 0,
                    "pay": 0,
                    "hd5": 1,
                    "no_reprint": 1,
                    "autoplay": 1,
                    "ugc_pay": 0,
                    "is_cooperation": 0,
                    "ugc_pay_preview": 0,
                    "no_background": 0,
                    "arc_pay": 0,
                    "pay_free_watch": 0
                },
                "owner": {
                    "mid": 356173047,
                    "name": "鲁西西focus",
                    "face": "https://i0.hdslb.com/bfs/face/c50d889e16fb52c5a0e6c940d26641bbdad79217.jpg"
                },
                "stat": {
                    "aid": 412850026,
                    "view": 36567120,
                    "danmaku": 66715,
                    "reply": 17122,
                    "favorite": 572068,
                    "coin": 535339,
                    "share": 78765,
                    "now_rank": 0,
                    "his_rank": 5,
                    "like": 1311385,
                    "dislike": 0,
                    "vt": 0,
                    "vv": 36567120,
                    "fav_g": 0,
                    "like_g": 0
                },
                "dynamic": "#动作##功夫##叶问#",
                "cid": 178418478,
                "dimension": {
                    "width": 1920,
                    "height": 1080,
                    "rotate": 0
                },
                "short_link_v2": "https://b23.tv/BV1sV411Z7nf",
                "cover43": "",
                "tidv2": 2002,
                "tnamev2": "影视剪辑",
                "pid_v2": 1001,
                "pid_name_v2": "影视",
                "bvid": "BV1sV411Z7nf",
                "season_type": 0,
                "is_ogv": false,
                "ogv_info": null,
                "enable_vt": 0,
                "ai_rcmd": null,
                "rcmd_reason": "天下武功，唯快不破"
            }
        ]
    }
}