{
    "code": 0,
    "message": "OK",
    "ttl": 1,
    "data": {
        "config": {
            "id": 6,
            "type": "weekly_selected",
            "number": 6,
            "subject": "真人版只狼",
            "stime": 1556208000,
            "etime": 1556812799,
            "status": 2,
            "name": "2019第6期 04.26 - 05.02",
            "label": "第6期(0503更新)",
            "hint": "本周热词：",
            "color": 2,
            "cover": "http://i0.hdslb.com/bfs/archive/3b453f7ce14672c0fa3d5a6cd01447ada2ec8984.jpg",
            "share_title": "过于沙雕！土味真人版只狼 | B站每周必看2019年第6期",
            "share_subtitle": "这可能是你见过的最沙雕的只狼！果断三连求更新！",
            "media_id": 452092788
        },
        "reminder": "每周五晚18:00更新",
        "list": [
            {
                "aid": 50816735,
                "videos": 1,
                "tid": 17,
                "tname": "单机游戏",
                "copyright": 1,
                "pic": "http://i0.hdslb.com/bfs/archive/9e8af3e70fcf5af9820f8a27ecb6631ab1fd187d.jpg",
                "title": "国产最沙雕的真人版只狼！",
                "pubdate": 1556535647,
                "ctime": 1556535652,
                "desc": "国产最沙雕的真人版只狼！\n\n「森纳映画」这个ID终于干了点符合它名字的事了。",
                "state": 0,
                "duration": 315,
                "rights": {
                    "bp": 0,
                    "elec": 0,
                    "download": 0,
                    "movie": 0,
                    "pay": 0,
                    "hd5": 1,
                    "no_reprint": 1,
                    "autoplay": 1,
                    "ugc_pay": 0,
                    "is_cooperation": 0,
                    "ugc_pay_preview": 0,
                    "no_background": 0,
                    "arc_pay": 0,
                    "pay_free_watch": 0
                },
                "owner": {
                    "mid": 1724598,
                    "name": "森纳映画",
                    "face": "https://i0.hdslb.com/bfs/face/168adb6135df48f581d142663ecd797d328b58d3.jpg"
                },
                "stat": {
                    "aid": 50816735,
                    "view": 3966917,
                    "danmaku": 15300,
                    "reply": 2872,
                    "favorite": 82005,
                    "coin": 223453,
                    "share": 48643,
                    "now_rank": 0,
                    "his_rank": 3,
                    "like": 236851,
                    "dislike": 0,
                    "vt": 0,
                    "vv": 3966917,
                    "fav_g": 0,
                    "like_g": 0
                },
                "dynamic": "#只狼##真人版##FROMSOFTWARE#\n\n“「森纳映画」这个ID终于干了点符合它名字的事了。”",
                "cid": 88974387,
                "dimension": {
                    "width": 1920,
                    "height": 1080,
                    "rotate": 0
                },
                "short_link_v2": "https://b23.tv/BV1w441187oh",
                "cover43": "",
                "tidv2": 2060,
                "tnamev2": "鬼畜剧场",
                "pid_v2": 1007,
                "pid_name_v2": "鬼畜",
                "bvid": "BV1w441187oh",
                "season_type": 0,
                "is_ogv": false,
                "ogv_info": null,
                "enable_vt": 0,
                "ai_rcmd": null,
                "rcmd_reason": "原本以为是硬核拍摄，点开一看过于沙雕！实在是高成本大制作啊哈哈（狗头）"
            },
            {
                "aid": 51001246,
                "videos": 1,
                "tid": 22,
                "tname": "鬼畜调教",
                "copyright": 1,
                "pic": "http://i2.hdslb.com/bfs/archive/05a568d8f2175873daf8e8baa4e455abbef2cd77.jpg",
                "title": "【种族天赋】当丈夫回家遇见老婆和她的男朋友",
                "pubdate": 1556677844,
                "ctime": 1556656090,
                "desc": "这是一个绿色而健康的鬼畜视频。\n特别感谢@TUNO桐音 老师的编曲！",
                "state": 0,
                "duration": 101,
                "rights": {
                    "bp": 0,
                    "elec": 0,
                    "download": 0,
                    "movie": 0,
                    "pay": 0,
                    "hd5": 0,
                    "no_reprint": 1,
                    "autoplay": 1,
                    "ugc_pay": 0,
                    "is_cooperation": 0,
                    "ugc_pay_preview": 0,
                    "no_background": 0,
                    "arc_pay": 0,
                    "pay_free_watch": 0
                },
                "owner": {
                    "mid": 375375,
                    "name": "伊丽莎白鼠",
                    "face": "https://i0.hdslb.com/bfs/face/6c36ec15f6d7ddd9bdb558511521bd0256779e1c.jpg"
                },
                "stat": {
                    "aid": 51001246,
                    "view": 6919655,
                    "danmaku": 27806,
                    "reply": 8755,
                    "favorite": 126850,
                    "coin": 213657,
                    "share": 43498,
                    "now_rank": 0,
                    "his_rank": 3,
                    "like": 339692,
                    "dislike": 0,
                    "vt": 0,
                    "vv": 6919655,
                    "fav_g": 0,
                    "like_g": 0
                },
                "dynamic": "经过连夜修改，一个绿色健康的鬼畜视频诞生了，但由于不可抗拒力只能重新投稿。如今有着各种复杂而繁琐的限制，我在这里不想多说，只希望大家能理解，创作不易，且看且珍惜。总有一天，我所有的创作热情都会因为这类事情消耗殆尽，但今天还不是说再见的时候，你们的支持就是我走下去的动力。",
                "cid": 89300678,
                "dimension": {
                    "width": 1280,
                    "height": 720,
                    "rotate": 0
                },
                "short_link_v2": "https://b23.tv/BV1t4411t7C8",
                "cover43": "",
                "tidv2": 2059,
                "tnamev2": "鬼畜调教",
                "pid_v2": 1007,
                "pid_name_v2": "鬼畜",
                "bvid": "BV1t4411t7C8",
                "season_type": 0,
                "is_ogv": false,
                "ogv_info": null,
                "enable_vt": 0,
                "ai_rcmd": null,
                "rcmd_reason": "失踪人口回归！打开洗脑循环ing"
            },
            {
                "aid": 50256015,
                "videos": 1,
                "tid": 183,
                "tname": "影视剪辑",
                "copyright": 1,
                "pic": "http://i0.hdslb.com/bfs/archive/5b6de79a6d553cf3f58b2b297a81a2146a83818e.jpg",
                "title": "钢铁侠始，钢铁侠终！爱你三千遍！十年终落幕，无悔入漫威！",
                "pubdate": 1556112649,
                "ctime": 1556019728,
                "desc": "BGM：in the end  视频后半段改编自复联4终极预告。  审核大大辛苦了！",
                "state": 0,
                "duration": 161,
                "rights": {
                    "bp": 0,
                    "elec": 0,
                    "download": 0,
                    "movie": 0,
                    "pay": 0,
                    "hd5": 1,
                    "no_reprint": 1,
                    "autoplay": 1,
                    "ugc_pay": 0,
                    "is_cooperation": 0,
                    "ugc_pay_preview": 0,
                    "no_background": 0,
                    "arc_pay": 0,
                    "pay_free_watch": 0
                },
                "owner": {
                    "mid": 32172331,
                    "name": "战场ヶ原-",
                    "face": "https://i1.hdslb.com/bfs/face/c5e69714e66a99ee5061100b6dfc175986a0b966.jpg"
                },
                "stat": {
                    "aid": 50256015,
                    "view": 6242794,
                    "danmaku": 26300,
                    "reply": 7116,
                    "favorite": 228591,
                    "coin": 225918,
                    "share": 36357,
                    "now_rank": 0,
                    "his_rank": 5,
                    "like": 286480,
                    "dislike": 0,
                    "vt": 0,
                    "vv": 6242794,
                    "fav_g": 0,
                    "like_g": 4
                },
                "dynamic": "#复仇者联盟4#无剧透，放心看！超爽的踩点转场混剪！十年终落幕，无悔入漫威！",
                "cid": 88079872,
                "dimension": {
                    "width": 1920,
                    "height": 1080,
                    "rotate": 0
                },
                "short_link_v2": "https://b23.tv/BV1jb411G7Ks",
                "cover43": "",
                "tidv2": 2002,
                "tnamev2": "影视剪辑",
                "pid_v2": 1001,
                "pid_name_v2": "影视",
                "bvid": "BV1jb411G7Ks",
                "season_type": 0,
                "is_ogv": false,
                "ogv_info": null,
                "enable_vt": 0,
                "ai_rcmd": null,
                "rcmd_reason": "血肉之躯，钢铁之心，以人之力，脚踏神明！"
            },
            {
                "aid": 50660118,
                "videos": 1,
                "tid": 182,
                "tname": "影视杂谈",
                "copyright": 1,
                "pic": "http://i1.hdslb.com/bfs/archive/39d41beae6825ea1b4b388279e8a2abf7834fd50.jpg",
                "title": "竟有两个美队？完全理清《复联4》时间线，搞懂这部电影！（含剧透）",
                "pubdate": 1556369857,
                "ctime": 1556369857,
                "desc": "竟有两个美队？完全理清《复联4》时间线，搞懂这部电影！（含剧透）\n头图由微博作者@LuBaZinc 授权使用，感谢！",
                "state": 0,
                "duration": 652,
                "rights": {
                    "bp": 0,
                    "elec": 0,
                    "download": 0,
                    "movie": 0,
                    "pay": 0,
                    "hd5": 0,
                    "no_reprint": 1,
                    "autoplay": 1,
                    "ugc_pay": 0,
                    "is_cooperation": 0,
                    "ugc_pay_preview": 0,
                    "no_background": 0,
                    "arc_pay": 0,
                    "pay_free_watch": 0
                },
                "owner": {
                    "mid": 7487399,
                    "name": "努力的Lorre",
                    "face": "https://i2.hdslb.com/bfs/face/c63ebeed7d49967e2348ef953b539f8de90c5140.jpg"
                },
                "stat": {
                    "aid": 50660118,
                    "view": 1846448,
                    "danmaku": 15728,
                    "reply": 13184,
                    "favorite": 21383,
                    "coin": 38330,
                    "share": 29780,
                    "now_rank": 0,
                    "his_rank": 0,
                    "like": 59370,
                    "dislike": 0,
                    "vt": 0,
                    "vv": 1846448,
                    "fav_g": 0,
                    "like_g": 0
                },
                "dynamic": "竟有两个美队？完全理清《复联4》时间线，搞懂这部电影！（含剧透）",
                "cid": 88691181,
                "dimension": {
                    "width": 1920,
                    "height": 1080,
                    "rotate": 0
                },
                "short_link_v2": "https://b23.tv/BV1s4411b7Qx",
                "cover43": "",
                "tidv2": 2001,
                "tnamev2": "影视解读",
                "pid_v2": 1001,
                "pid_name_v2": "影视",
                "bvid": "BV1s4411b7Qx",
                "season_type": 0,
                "is_ogv": false,
                "ogv_info": null,
                "enable_vt": 0,
                "ai_rcmd": null,
                "rcmd_reason": "剧透慎入！看完首映的你，在二刷前一定需要先看这个视频！"
            },
            {
                "aid": 50530804,
                "videos": 2,
                "tid": 20,
                "tname": "宅舞",
                "copyright": 1,
                "pic": "http://i2.hdslb.com/bfs/archive/3b1919bdf7bcfaf999fb8627bf8922270cc4b08e.jpg",
                "title": "【咬人猫】勾指起誓❤️ 初次自唱跳~原创舞蹈o(*≧▽≦)ツ",
                "pubdate": 1556625040,
                "ctime": 1556424324,
                "desc": "一位小鱼干制作了勾指起誓的小视频av45340316送给我，看完觉得真的好美好呀～于是就开始构思这期舞蹈，想把这份感动和美好分享给更多的大家～也作为自己投稿近八年对大家默默陪伴的回礼～\n歌曲：av43426592      \n作者：ilem\n翻唱：咬人猫  \n编舞：咬人猫",
                "state": 0,
                "duration": 392,
                "rights": {
                    "bp": 0,
                    "elec": 0,
                    "download": 0,
                    "movie": 0,
                    "pay": 0,
                    "hd5": 1,
                    "no_reprint": 1,
                    "autoplay": 1,
                    "ugc_pay": 0,
                    "is_cooperation": 0,
                    "ugc_pay_preview": 0,
                    "no_background": 0,
                    "arc_pay": 0,
                    "pay_free_watch": 0
                },
                "owner": {
                    "mid": 116683,
                    "name": "=咬人猫=",
                    "face": "https://i1.hdslb.com/bfs/face/8fad84a4470f3d894d8f0dc95555ab8f2cb10a83.jpg"
                },
                "stat": {
                    "aid": 50530804,
                    "view": 8592676,
                    "danmaku": 18973,
                    "reply": 11410,
                    "favorite": 136447,
                    "coin": 215870,
                    "share": 32416,
                    "now_rank": 0,
                    "his_rank": 6,
                    "like": 259815,
                    "dislike": 0,
                    "vt": 0,
                    "vv": 8592676,
                    "fav_g": 0,
                    "like_g": 27
                },
                "dynamic": "#咬人猫##勾指起誓##原创舞蹈##翻唱#送给大家八年来默默陪伴的回礼~今后也一起走下去吧~",
                "cid": 89214521,
                "dimension": {
                    "width": 1920,
                    "height": 1080,
                    "rotate": 0
                },
                "short_link_v2": "https://b23.tv/BV1s4411h7ou",
                "cover43": "",
                "tidv2": 2036,
                "tnamev2": "舞蹈综合",
                "pid_v2": 1004,
                "pid_name_v2": "舞蹈",
                "bvid": "BV1s4411h7ou",
                "season_type": 0,
                "is_ogv": false,
                "ogv_info": null,
                "enable_vt": 0,
                "ai_rcmd": null,
                "rcmd_reason": "喵酱.......也太美了吧 (੭*´ᐜ`)੭"
            },
            {
                "aid": 50276557,
                "videos": 1,
                "tid": 17,
                "tname": "单机游戏",
                "copyright": 1,
                "pic": "http://i0.hdslb.com/bfs/archive/54f40bf094effc62bb034f7fa003ea845ee4b615.jpg",
                "title": "【老番茄】史上最骚杀手(第五集)",
                "pubdate": 1556683208,
                "ctime": 1556034813,
                "desc": "第一集：av45629276 ； 第二集：av46295706； 第三集：av48138432；第四集：av49534383\n杀手系列完结啦！最后一集有幸请到了超有才，超优秀，超可爱的up主渗透之C菌来客串配音。我高三一直看C菌的视频学英语，感谢！！\n完结有各方面的原因吧，最主要是毕业季来了，论文考试晚会各种事情，实在是自顾不暇！但是如果喜欢，还是希望你能一键三连。如果收藏点赞很多，我会考虑回来后准备第二季的！",
                "state": 0,
                "duration": 651,
                "rights": {
                    "bp": 0,
                    "elec": 0,
                    "download": 0,
                    "movie": 0,
                    "pay": 0,
                    "hd5": 0,
                    "no_reprint": 1,
                    "autoplay": 1,
                    "ugc_pay": 0,
                    "is_cooperation": 0,
                    "ugc_pay_preview": 0,
                    "no_background": 0,
                    "arc_pay": 0,
                    "pay_free_watch": 0
                },
                "owner": {
                    "mid": 546195,
                    "name": "老番茄",
                    "face": "http://i0.hdslb.com/bfs/face/bc5ca101313d4db223c395d64779e76eb3482d60.jpg"
                },
                "stat": {
                    "aid": 50276557,
                    "view": 18857400,
                    "danmaku": 83116,
                    "reply": 9350,
                    "favorite": 314285,
                    "coin": 810064,
                    "share": 18698,
                    "now_rank": 0,
                    "his_rank": 1,
                    "like": 875892,
                    "dislike": 0,
                    "vt": 0,
                    "vv": 18857400,
                    "fav_g": 5,
                    "like_g": 0
                },
                "dynamic": "你见过这么骚的杀手么",
                "cid": 88016124,
                "dimension": {
                    "width": 1920,
                    "height": 1080,
                    "rotate": 0
                },
                "season_id": 14014,
                "short_link_v2": "https://b23.tv/BV1ab411G7Rs",
                "pub_location": "上海",
                "cover43": "",
                "tidv2": 2079,
                "tnamev2": "其他游戏",
                "pid_v2": 1008,
                "pid_name_v2": "游戏",
                "bvid": "BV1ab411G7Rs",
                "season_type": 0,
                "is_ogv": false,
                "ogv_info": null,
                "enable_vt": 0,
                "ai_rcmd": null,
                "rcmd_reason": "C菌友情客串配音。最后一季，太不舍了！"
            },
            {
                "aid": 50572241,
                "videos": 1,
                "tid": 47,
                "tname": "同人·手书",
                "copyright": 1,
                "pic": "http://i1.hdslb.com/bfs/archive/f2aaee76090c4cca2644404ecf5e1c174bf11b51.jpg",
                "title": "B站宝贝",
                "pubdate": 1556337326,
                "ctime": 1556337326,
                "desc": "2233往期系列\nav52577787 女装小电视的bilibili四重奏\nav56429477 22的千种死法\nav57399954 33教你垃圾分类\nav64787718 22娘的夏天\nav73413072 动若脱2(two),不动如3(三)\nav76078668 影流22\nav84921402 买口罩的22娘\nav86028257 这就是你迟到的借口？\nav92982513 封号rero,殷桃小嘴\nav95706087 封号办公室的日常\nBGM&素材，来自《啾咪宝贝》魔性ED，正版B站就有。",
                "state": 0,
                "duration": 90,
                "rights": {
                    "bp": 0,
                    "elec": 0,
                    "download": 0,
                    "movie": 0,
                    "pay": 0,
                    "hd5": 0,
                    "no_reprint": 1,
                    "autoplay": 1,
                    "ugc_pay": 0,
                    "is_cooperation": 0,
                    "ugc_pay_preview": 0,
                    "no_background": 0,
                    "arc_pay": 0,
                    "pay_free_watch": 0
                },
                "owner": {
                    "mid": 23371320,
                    "name": "异次元臭豆腐",
                    "face": "https://i0.hdslb.com/bfs/face/a8ef50fa75e0afc038c1b9b89c0d7980140ee89b.jpg"
                },
                "stat": {
                    "aid": 50572241,
                    "view": 7912161,
                    "danmaku": 50255,
                    "reply": 6525,
                    "favorite": 226317,
                    "coin": 322771,
                    "share": 15088,
                    "now_rank": 0,
                    "his_rank": 3,
                    "like": 523400,
                    "dislike": 0,
                    "vt": 0,
                    "vv": 7912161,
                    "fav_g": 58,
                    "like_g": 35
                },
                "dynamic": "#B站横着走##B站##bilibili#",
                "cid": 88537669,
                "dimension": {
                    "width": 1280,
                    "height": 720,
                    "rotate": 0
                },
                "season_id": 342144,
                "short_link_v2": "https://b23.tv/BV1B4411h7LY",
                "cover43": "",
                "tidv2": 2037,
                "tnamev2": "同人动画",
                "pid_v2": 1005,
                "pid_name_v2": "二次元",
                "bvid": "BV1B4411h7LY",
                "season_type": 0,
                "is_ogv": false,
                "ogv_info": null,
                "enable_vt": 0,
                "ai_rcmd": null,
                "rcmd_reason": "弹幕大型玩梗现场。火钳刘明！"
            },
            {
                "aid": 49989694,
                "videos": 1,
                "tid": 244,
                "tname": "音乐教学",
                "copyright": 1,
                "pic": "http://i1.hdslb.com/bfs/archive/b40cc60ec2a84c9bc12285734c112d0a5c867a23.jpg",
                "title": "如何用一只猫来制作音乐",
                "pubdate": 1555804567,
                "ctime": 1555804567,
                "desc": "如何用猫制作音乐，音色均由“Mono”产出。音频链接 http://music.163.com/song/1361804472/?userid=87058979",
                "state": 0,
                "duration": 225,
                "rights": {
                    "bp": 0,
                    "elec": 0,
                    "download": 0,
                    "movie": 0,
                    "pay": 0,
                    "hd5": 0,
                    "no_reprint": 1,
                    "autoplay": 1,
                    "ugc_pay": 0,
                    "is_cooperation": 0,
                    "ugc_pay_preview": 0,
                    "no_background": 0,
                    "arc_pay": 0,
                    "pay_free_watch": 0
                },
                "owner": {
                    "mid": 19739105,
                    "name": "黄布林布林",
                    "face": "http://i2.hdslb.com/bfs/face/a0956d258d9306b3aab71f5eecdbf294928d0ce1.jpg"
                },
                "stat": {
                    "aid": 49989694,
                    "view": 705805,
                    "danmaku": 7211,
                    "reply": 1940,
                    "favorite": 45066,
                    "coin": 94880,
                    "share": 9723,
                    "now_rank": 0,
                    "his_rank": 56,
                    "like": 88179,
                    "dislike": 0,
                    "vt": 0,
                    "vv": 705805,
                    "fav_g": 0,
                    "like_g": 0
                },
                "dynamic": "#电音##猫#",
                "cid": 88652362,
                "dimension": {
                    "width": 1920,
                    "height": 1080,
                    "rotate": 0
                },
                "short_link_v2": "https://b23.tv/BV1vb411V7Qc",
                "cover43": "",
                "tidv2": 2016,
                "tnamev2": "原创音乐",
                "pid_v2": 1003,
                "pid_name_v2": "音乐",
                "bvid": "BV1vb411V7Qc",
                "season_type": 0,
                "is_ogv": false,
                "ogv_info": null,
                "enable_vt": 0,
                "ai_rcmd": null,
                "rcmd_reason": "UP主如果你被猫绑架挟持了就眨眨眼，我们好去救你……"
            },
            {
                "aid": 50563374,
                "videos": 1,
                "tid": 17,
                "tname": "单机游戏",
                "copyright": 1,
                "pic": "http://i0.hdslb.com/bfs/archive/34666b83a011ee80309f099e0139a3914d97c1c8.jpg",
                "title": "【敖厂长】难度超变态的沙雕游戏",
                "pubdate": 1556467221,
                "ctime": 1556467222,
                "desc": "小伙伴们收藏 充电走起走起!爱你们",
                "state": 0,
                "duration": 650,
                "rights": {
                    "bp": 0,
                    "elec": 0,
                    "download": 0,
                    "movie": 0,
                    "pay": 0,
                    "hd5": 1,
                    "no_reprint": 1,
                    "autoplay": 1,
                    "ugc_pay": 0,
                    "is_cooperation": 0,
                    "ugc_pay_preview": 0,
                    "no_background": 0,
                    "arc_pay": 0,
                    "pay_free_watch": 0
                },
                "owner": {
                    "mid": 122879,
                    "name": "敖厂长",
                    "face": "https://i2.hdslb.com/bfs/face/71d85b84b0b2aa59009cd6af09b53aac309c3461.jpg"
                },
                "stat": {
                    "aid": 50563374,
                    "view": 4439497,
                    "danmaku": 18736,
                    "reply": 6748,
                    "favorite": 34747,
                    "coin": 169624,
                    "share": 5685,
                    "now_rank": 0,
                    "his_rank": 3,
                    "like": 178716,
                    "dislike": 0,
                    "vt": 0,
                    "vv": 4439497,
                    "fav_g": 0,
                    "like_g": 0
                },
                "dynamic": "#敖厂长#新视频！难度超变态的沙雕游戏",
                "cid": 88523622,
                "dimension": {
                    "width": 1920,
                    "height": 1080,
                    "rotate": 0
                },
                "short_link_v2": "https://b23.tv/BV1v4411h7ya",
                "cover43": "",
                "tidv2": 2079,
                "tnamev2": "其他游戏",
                "pid_v2": 1008,
                "pid_name_v2": "游戏",
                "bvid": "BV1v4411h7ya",
                "season_type": 0,
                "is_ogv": false,
                "ogv_info": null,
                "enable_vt": 0,
                "ai_rcmd": null,
                "rcmd_reason": "众所周知，玩沙雕游戏的人最终都会变成沙雕……"
            },
            {
                "aid": 50281150,
                "videos": 1,
                "tid": 27,
                "tname": "综合",
                "copyright": 1,
                "pic": "http://i0.hdslb.com/bfs/archive/11c89c8137221e3feadab54d6339ad7ad4159a45.jpg",
                "title": "《火影忍者博人传》沙画动画极限2000幅，沙子绘制的动画效果炸裂堪比原作！",
                "pubdate": 1556053438,
                "ctime": 1556053438,
                "desc": "呐～！用了将近两个月的时间制作了这部沙画版的博人传精彩片段，如果算上自己绘制的特效素材数量远超过两千幅喽，真的是画的我欲哭无泪，痛并快乐着～如果不是对火影以及沙画的热爱早就弃坑了！所以大家多多支持我喽，视频里面也有一些我自己的原创，因为毕竟是用沙画的形式所以也做了些小改动，今后还会用这种方式继续创作更多动漫、游戏、电影等精彩的片段，你们的支持与鼓励是非常重要滴，且看且珍惜，毕竟国内用这种方式创作的不谦虚的说嘛～～～极少，嗯。就酱，再次感谢～",
                "state": 0,
                "duration": 234,
                "rights": {
                    "bp": 0,
                    "elec": 0,
                    "download": 0,
                    "movie": 0,
                    "pay": 0,
                    "hd5": 1,
                    "no_reprint": 1,
                    "autoplay": 1,
                    "ugc_pay": 0,
                    "is_cooperation": 0,
                    "ugc_pay_preview": 0,
                    "no_background": 0,
                    "arc_pay": 0,
                    "pay_free_watch": 0
                },
                "owner": {
                    "mid": 220114788,
                    "name": "玉译沙画工作室",
                    "face": "http://i0.hdslb.com/bfs/face/d34fa3e26141f5ff24f0088ffa7a2dd0698023b5.jpg"
                },
                "stat": {
                    "aid": 50281150,
                    "view": 1454987,
                    "danmaku": 11268,
                    "reply": 5234,
                    "favorite": 127095,
                    "coin": 372966,
                    "share": 22303,
                    "now_rank": 0,
                    "his_rank": 2,
                    "like": 268304,
                    "dislike": 0,
                    "vt": 0,
                    "vv": 1454987,
                    "fav_g": 0,
                    "like_g": 0
                },
                "dynamic": "#火影忍者##火影##动画##沙动画#",
                "cid": 88240293,
                "dimension": {
                    "width": 1920,
                    "height": 1080,
                    "rotate": 0
                },
                "short_link_v2": "https://b23.tv/BV1eb411G7EV",
                "cover43": "",
                "tidv2": 2037,
                "tnamev2": "同人动画",
                "pid_v2": 1005,
                "pid_name_v2": "二次元",
                "bvid": "BV1eb411G7EV",
                "season_type": 0,
                "is_ogv": false,
                "ogv_info": null,
                "enable_vt": 0,
                "ai_rcmd": null,
                "rcmd_reason": "惊了！这真的是用沙子画的嘛？！神仙画神仙打架！"
            },
            {
                "aid": 50702218,
                "videos": 1,
                "tid": 17,
                "tname": "单机游戏",
                "copyright": 1,
                "pic": "http://i1.hdslb.com/bfs/archive/08f05744f1f8db7b8143f3da04c8b952396e5c1c.jpg",
                "title": "《纸人》猎奇文化向解说01丨乌盆记.",
                "pubdate": 1556427648,
                "ctime": 1556427650,
                "desc": "不让大家白等，好吧？~有人说纸人这游戏做的不用心，那么我就带着大家从最细微之处来解读纸人这款游戏，事实证明，纸人绝对是目前市面上对中国传统文化元素还原的最到位的游戏，细节之到位，令人发指，和剧情联系起来的时候更是令人拍案叫绝。\n游戏中埋了大量跟中国传统文化有关的梗，可以说是非常用心，有人说这游戏不细致，也许只是他没有体会或者没有看懂这游戏的用心之处而已。\n继续求收藏，收藏够12345，速度更新下一集！这次不重新定义速度的概念，是真的速度更新！\n感谢大家的观看！",
                "state": 0,
                "duration": 2435,
                "rights": {
                    "bp": 0,
                    "elec": 0,
                    "download": 0,
                    "movie": 0,
                    "pay": 0,
                    "hd5": 1,
                    "no_reprint": 1,
                    "autoplay": 1,
                    "ugc_pay": 0,
                    "is_cooperation": 0,
                    "ugc_pay_preview": 0,
                    "no_background": 0,
                    "arc_pay": 0,
                    "pay_free_watch": 0
                },
                "owner": {
                    "mid": 8730238,
                    "name": "小熊flippy",
                    "face": "http://i1.hdslb.com/bfs/face/285290e3ebea8bd007909a7ddb0a486b54cbd29a.jpg"
                },
                "stat": {
                    "aid": 50702218,
                    "view": 1738444,
                    "danmaku": 41925,
                    "reply": 8201,
                    "favorite": 63013,
                    "coin": 155525,
                    "share": 14157,
                    "now_rank": 0,
                    "his_rank": 2,
                    "like": 121367,
                    "dislike": 0,
                    "vt": 0,
                    "vv": 1738444,
                    "fav_g": 0,
                    "like_g": 0
                },
                "dynamic": "#纸人##恐怖游戏##独立游戏#\n不让大家白等，好吧？~有人说纸人这游戏做的不用心，那么我就带着大家从最细微之处来解读纸人这款游戏，事实证明，纸人绝对是目前市面上对中国传统文化元素还原的最到位的游戏，细节之到位，令人发指，和剧情联系起来的时候更是令人拍案叫绝。",
                "cid": 88763707,
                "dimension": {
                    "width": 1920,
                    "height": 1080,
                    "rotate": 0
                },
                "short_link_v2": "https://b23.tv/BV1q4411b7rD",
                "cover43": "",
                "tidv2": 2079,
                "tnamev2": "其他游戏",
                "pid_v2": 1008,
                "pid_name_v2": "游戏",
                "bvid": "BV1q4411b7rD",
                "season_type": 0,
                "is_ogv": false,
                "ogv_info": null,
                "enable_vt": 0,
                "ai_rcmd": null,
                "rcmd_reason": "妈妈，我居然在恐怖游戏里面学习历史和语文_(:3」∠)_"
            },
            {
                "aid": 50874970,
                "videos": 1,
                "tid": 219,
                "tname": "汪星人",
                "copyright": 1,
                "pic": "http://i0.hdslb.com/bfs/archive/4be745439e22afd5857027fb1040f5fe705b140f.jpg",
                "title": "华农兄弟：出生20多天的小狗会走了，肥嘟嘟的，带它们晒晒太阳",
                "pubdate": 1556595615,
                "ctime": 1556595615,
                "desc": "华农兄弟：出生20多天的小狗会走了，肥嘟嘟的，带它们晒晒太阳",
                "state": 0,
                "duration": 380,
                "rights": {
                    "bp": 0,
                    "elec": 0,
                    "download": 0,
                    "movie": 0,
                    "pay": 0,
                    "hd5": 1,
                    "no_reprint": 1,
                    "autoplay": 1,
                    "ugc_pay": 0,
                    "is_cooperation": 0,
                    "ugc_pay_preview": 0,
                    "no_background": 0,
                    "arc_pay": 0,
                    "pay_free_watch": 0
                },
                "owner": {
                    "mid": 250858633,
                    "name": "华农兄弟",
                    "face": "https://i1.hdslb.com/bfs/face/bac504655c69ab937b0be4557e27535f794b0c66.jpg"
                },
                "stat": {
                    "aid": 50874970,
                    "view": 2510945,
                    "danmaku": 25742,
                    "reply": 5326,
                    "favorite": 4786,
                    "coin": 24091,
                    "share": 2473,
                    "now_rank": 0,
                    "his_rank": 9,
                    "like": 82044,
                    "dislike": 0,
                    "vt": 0,
                    "vv": 2510945,
                    "fav_g": 0,
                    "like_g": 0
                },
                "dynamic": "华农兄弟：出生20多天的小狗会走了，肥嘟嘟的，带它们晒晒太阳",
                "cid": 89082287,
                "dimension": {
                    "width": 1920,
                    "height": 1080,
                    "rotate": 0
                },
                "short_link_v2": "https://b23.tv/BV1B441147XL",
                "cover43": "",
                "tidv2": 2168,
                "tnamev2": "狗",
                "pid_v2": 1024,
                "pid_name_v2": "动物",
                "bvid": "BV1B441147XL",
                "season_type": 0,
                "is_ogv": false,
                "ogv_info": null,
                "enable_vt": 0,
                "ai_rcmd": null,
                "rcmd_reason": "点击就看，超萌奶狗！中华田园狗真的好可爱！"
            }
        ]
    }
}