{
    "code": 0,
    "message": "OK",
    "ttl": 1,
    "data": {
        "config": {
            "id": 67,
            "type": "weekly_selected",
            "number": 63,
            "subject": "川普X浮夸",
            "stime": 1590681600,
            "etime": 1591286399,
            "status": 2,
            "name": "2020第63期 05.29 - 06.04",
            "label": "第63期(0605更新)",
            "hint": "",
            "color": 0,
            "cover": "",
            "share_title": "川普X浮夸 | B站每周必看第63期",
            "share_subtitle": "浮夸，是一个卧底最好的掩饰",
            "media_id": 982402688
        },
        "reminder": "每周五晚18:00更新",
        "list": [
            {
                "aid": 285967167,
                "videos": 1,
                "tid": 171,
                "tname": "电子竞技",
                "copyright": 1,
                "pic": "http://i2.hdslb.com/bfs/archive/37454bedb5a754607cdcdc6dbd7e2fef0fb21763.jpg",
                "title": "【英雄联盟】Uzi热血赛场瞬间回顾",
                "pubdate": 1591167518,
                "ctime": 1591167518,
                "desc": "再见，LPL 006！ \n2012-2020，传奇落幕，永远自豪，感谢你与LPL一路破浪前行！\n\n来自玩家授权：@设计猫的电音圈",
                "state": 0,
                "duration": 194,
                "rights": {
                    "bp": 0,
                    "elec": 0,
                    "download": 0,
                    "movie": 0,
                    "pay": 0,
                    "hd5": 0,
                    "no_reprint": 1,
                    "autoplay": 1,
                    "ugc_pay": 0,
                    "is_cooperation": 0,
                    "ugc_pay_preview": 0,
                    "no_background": 0,
                    "arc_pay": 0,
                    "pay_free_watch": 0
                },
                "owner": {
                    "mid": 178778949,
                    "name": "英雄联盟",
                    "face": "https://i0.hdslb.com/bfs/face/bc7be03e4cd671a4e11fcb86f4ed9ea222f6868a.jpg"
                },
                "stat": {
                    "aid": 285967167,
                    "view": 2290277,
                    "danmaku": 16457,
                    "reply": 6022,
                    "favorite": 40756,
                    "coin": 85915,
                    "share": 11347,
                    "now_rank": 0,
                    "his_rank": 9,
                    "like": 131651,
                    "dislike": 0,
                    "vt": 0,
                    "vv": 2290277,
                    "fav_g": 0,
                    "like_g": 0
                },
                "dynamic": "#电子竞技##英雄联盟##LOL#\n再见，LPL 006！ \n2012-2020，传奇落幕，永远自豪，感谢你与LPL一路破浪前行！",
                "cid": 198193919,
                "dimension": {
                    "width": 1920,
                    "height": 1080,
                    "rotate": 0
                },
                "short_link_v2": "https://b23.tv/BV1Mf4y1m7eC",
                "cover43": "",
                "tidv2": 2070,
                "tnamev2": "MOBA游戏",
                "pid_v2": 1008,
                "pid_name_v2": "游戏",
                "bvid": "BV1Mf4y1m7eC",
                "season_type": 0,
                "is_ogv": false,
                "ogv_info": null,
                "enable_vt": 0,
                "ai_rcmd": null,
                "rcmd_reason": "乌兹，永远的神！"
            },
            {
                "aid": 883257043,
                "videos": 1,
                "tid": 24,
                "tname": "MAD·AMV",
                "copyright": 1,
                "pic": "http://i0.hdslb.com/bfs/archive/0bac62d23229936e603a4233b96099ca9a29e4c7.jpg",
                "title": "女人沙雕起来有多要命？？",
                "pubdate": 1590811533,
                "ctime": 1590791538,
                "desc": "感谢审核！\nbgm：Witch Doctor\n3月份以来事情比较多，杂七杂八的，经常咕，不过大概6月份就可以全身心投入创作啦！",
                "state": 0,
                "duration": 126,
                "mission_id": 13382,
                "rights": {
                    "bp": 0,
                    "elec": 0,
                    "download": 0,
                    "movie": 0,
                    "pay": 0,
                    "hd5": 1,
                    "no_reprint": 1,
                    "autoplay": 1,
                    "ugc_pay": 0,
                    "is_cooperation": 0,
                    "ugc_pay_preview": 0,
                    "no_background": 0,
                    "arc_pay": 0,
                    "pay_free_watch": 0
                },
                "owner": {
                    "mid": 124735327,
                    "name": "-柠萌菌-",
                    "face": "https://i1.hdslb.com/bfs/face/e1f0ed8ecb83fbf2bf8f4727bbdf2a6437fc6c33.jpg"
                },
                "stat": {
                    "aid": 883257043,
                    "view": 2647064,
                    "danmaku": 3098,
                    "reply": 1262,
                    "favorite": 82982,
                    "coin": 54519,
                    "share": 7805,
                    "now_rank": 0,
                    "his_rank": 53,
                    "like": 201464,
                    "dislike": 0,
                    "vt": 0,
                    "vv": 2647064,
                    "fav_g": 0,
                    "like_g": 0
                },
                "dynamic": "#沙雕##猛男必看##MAD#",
                "cid": 196609800,
                "dimension": {
                    "width": 1920,
                    "height": 1080,
                    "rotate": 0
                },
                "short_link_v2": "https://b23.tv/BV1LK4y1t76h",
                "cover43": "",
                "tidv2": 2041,
                "tnamev2": "动漫剪辑",
                "pid_v2": 1005,
                "pid_name_v2": "二次元",
                "bvid": "BV1LK4y1t76h",
                "season_type": 0,
                "is_ogv": false,
                "ogv_info": null,
                "enable_vt": 0,
                "ai_rcmd": null,
                "rcmd_reason": "录音棚里欢乐多"
            },
            {
                "aid": 370932376,
                "videos": 1,
                "tid": 257,
                "tname": "配音",
                "copyright": 1,
                "pic": "http://i0.hdslb.com/bfs/archive/c5cb9a91028a3f216893034ed1e7a6409f46b6a4.jpg",
                "title": "如何拒绝别人",
                "pubdate": 1591091182,
                "ctime": 1591091182,
                "desc": "原番：《校园小子》（小破站可以搜到）\n文案/配音/剪辑：阿九",
                "state": 0,
                "duration": 89,
                "mission_id": 13568,
                "rights": {
                    "bp": 0,
                    "elec": 0,
                    "download": 0,
                    "movie": 0,
                    "pay": 0,
                    "hd5": 1,
                    "no_reprint": 1,
                    "autoplay": 1,
                    "ugc_pay": 0,
                    "is_cooperation": 0,
                    "ugc_pay_preview": 0,
                    "no_background": 0,
                    "arc_pay": 0,
                    "pay_free_watch": 0
                },
                "owner": {
                    "mid": 10897973,
                    "name": "小透明阿九",
                    "face": "http://i2.hdslb.com/bfs/face/b8bda7082875598e6c5681fd031cfeda7f9f05e4.jpg"
                },
                "stat": {
                    "aid": 370932376,
                    "view": 19099916,
                    "danmaku": 45105,
                    "reply": 11198,
                    "favorite": 410614,
                    "coin": 623942,
                    "share": 172050,
                    "now_rank": 0,
                    "his_rank": 2,
                    "like": 1531893,
                    "dislike": 0,
                    "vt": 0,
                    "vv": 19099916,
                    "fav_g": 2,
                    "like_g": 0
                },
                "dynamic": "生活中要学会说“不”，但是我要三连还是不能拒绝的\n\n\n#童年恶搞大会##日常##是在下输了#",
                "cid": 197864719,
                "dimension": {
                    "width": 1920,
                    "height": 1080,
                    "rotate": 0
                },
                "short_link_v2": "https://b23.tv/BV18Z4y1W7Au",
                "pub_location": "河南",
                "cover43": "",
                "tidv2": 2044,
                "tnamev2": "动画配音",
                "pid_v2": 1005,
                "pid_name_v2": "二次元",
                "bvid": "BV18Z4y1W7Au",
                "season_type": 0,
                "is_ogv": false,
                "ogv_info": null,
                "enable_vt": 0,
                "ai_rcmd": null,
                "rcmd_reason": "建议全文背诵"
            },
            {
                "aid": 795782363,
                "videos": 1,
                "tid": 232,
                "tname": "科工机械",
                "copyright": 1,
                "pic": "http://i2.hdslb.com/bfs/archive/cd2b164af7ec4246edb61c1b3728ebdc54dc34a8.jpg",
                "title": "B站的儿童节礼物：哔哩哔哩视频卫星，把世界拍给你看！",
                "pubdate": 1590978653,
                "ctime": 1590934198,
                "desc": "6月1号，B站宣布在儿童节送给所有拥有好奇之心的人一份特别礼物——哔哩哔哩视频卫星，愿你们永葆童心，和B站一起探索更大的世界。6月下旬，哔哩哔哩视频卫星将在酒泉卫星发射中心发射，关注本账号预约直播！ 哔哩哔哩视频卫星是一颗多功能遥感视频卫星，具有高精度三维立体成像功能，可实现高分辨对地遥感观测，捕捉夜晚城市微光，观测地球极光变化。 今后哔哩哔哩视频卫星将在卫星拍摄的海量遥感视频、图片的基础上更新科普内容，包含科技、人文、历史、地球、公益、教育等多个领域，用卫星航拍美丽地球。\n特别鸣谢：我们的太空",
                "state": 0,
                "duration": 112,
                "rights": {
                    "bp": 0,
                    "elec": 0,
                    "download": 0,
                    "movie": 0,
                    "pay": 0,
                    "hd5": 1,
                    "no_reprint": 1,
                    "autoplay": 1,
                    "ugc_pay": 0,
                    "is_cooperation": 1,
                    "ugc_pay_preview": 0,
                    "no_background": 0,
                    "arc_pay": 0,
                    "pay_free_watch": 0
                },
                "owner": {
                    "mid": 591889353,
                    "name": "哔哩哔哩视频卫星",
                    "face": "http://i0.hdslb.com/bfs/face/009808672897c039cd46cf70eed44a858e6d8597.jpg"
                },
                "stat": {
                    "aid": 795782363,
                    "view": 6566177,
                    "danmaku": 32873,
                    "reply": 19732,
                    "favorite": 86037,
                    "coin": 150472,
                    "share": 53191,
                    "now_rank": 0,
                    "his_rank": 1,
                    "like": 371443,
                    "dislike": 0,
                    "vt": 0,
                    "vv": 6566177,
                    "fav_g": 0,
                    "like_g": 0
                },
                "dynamic": "6月1号，B站宣布在儿童节送给所有拥有好奇之心的人一份特别礼物——#哔哩哔哩视频卫星#，愿你们永葆童心，和B站一起不断探索更大的世界。\n6月下旬，哔哩哔哩视频卫星将在酒泉卫星发射中心发射，敬请期待！#B站发射视频卫星#",
                "cid": 197488484,
                "dimension": {
                    "width": 1920,
                    "height": 1080,
                    "rotate": 0
                },
                "short_link_v2": "https://b23.tv/BV1HC4y1p7nn",
                "pub_location": "上海",
                "cover43": "",
                "tidv2": 2094,
                "tnamev2": "科学科普",
                "pid_v2": 1010,
                "pid_name_v2": "知识",
                "bvid": "BV1HC4y1p7nn",
                "season_type": 0,
                "is_ogv": false,
                "ogv_info": null,
                "enable_vt": 0,
                "ai_rcmd": null,
                "rcmd_reason": "bilibili星河矿业无限公司赞助"
            },
            {
                "aid": 540779010,
                "videos": 1,
                "tid": 137,
                "tname": "明星综合",
                "copyright": 1,
                "pic": "http://i1.hdslb.com/bfs/archive/bfb66886080f37138b90ca04e28a78aeab66e4f1.jpg",
                "title": "【麦长青】真当我“梁非凡”不上B站",
                "pubdate": 1590911197,
                "ctime": 1590911198,
                "desc": "大家好，我是饰演梁非凡的演员麦长青，听说B站上有很多关于非凡哥的片段，谢谢大家对我喜爱。从今天开始，我也是一名UP主啦，希望能在B站多跟大家一起学习。",
                "state": 0,
                "duration": 94,
                "rights": {
                    "bp": 0,
                    "elec": 0,
                    "download": 0,
                    "movie": 0,
                    "pay": 0,
                    "hd5": 1,
                    "no_reprint": 1,
                    "autoplay": 1,
                    "ugc_pay": 0,
                    "is_cooperation": 0,
                    "ugc_pay_preview": 0,
                    "no_background": 0,
                    "arc_pay": 0,
                    "pay_free_watch": 0
                },
                "owner": {
                    "mid": 549472400,
                    "name": "我係非凡哥-麦长青",
                    "face": "https://i2.hdslb.com/bfs/face/eafd50a10ef7108249e98d13426f528031f76b45.jpg"
                },
                "stat": {
                    "aid": 540779010,
                    "view": 9186578,
                    "danmaku": 32628,
                    "reply": 18887,
                    "favorite": 88555,
                    "coin": 299126,
                    "share": 50226,
                    "now_rank": 0,
                    "his_rank": 5,
                    "like": 811566,
                    "dislike": 0,
                    "vt": 0,
                    "vv": 9186578,
                    "fav_g": 0,
                    "like_g": 2
                },
                "dynamic": "#：梁非凡 鬼畜 刘醒 影视 娱乐 明星##梁非凡##刘醒##麦长青#大家好，我是演员麦长青，我开通B站账号啦！",
                "cid": 197163169,
                "dimension": {
                    "width": 1906,
                    "height": 1080,
                    "rotate": 0
                },
                "short_link_v2": "https://b23.tv/BV1Fi4y1t7F7",
                "up_from_v2": 8,
                "pub_location": "中国香港",
                "cover43": "",
                "tidv2": 2060,
                "tnamev2": "鬼畜剧场",
                "pid_v2": 1007,
                "pid_name_v2": "鬼畜",
                "bvid": "BV1Fi4y1t7F7",
                "season_type": 0,
                "is_ogv": false,
                "ogv_info": null,
                "enable_vt": 0,
                "ai_rcmd": null,
                "rcmd_reason": "鬼畜区新素材Get！"
            },
            {
                "aid": 883470112,
                "videos": 1,
                "tid": 22,
                "tname": "鬼畜调教",
                "copyright": 1,
                "pic": "http://i2.hdslb.com/bfs/archive/93918ce5bf666cd1d17f0075dff78298461f43ef.jpg",
                "title": "刘备：我跟罗贯中很熟",
                "pubdate": 1591012842,
                "ctime": 1591004601,
                "desc": "没想到刘备跟罗贯中还有这样的关系",
                "state": 0,
                "duration": 111,
                "rights": {
                    "bp": 0,
                    "elec": 0,
                    "download": 0,
                    "movie": 0,
                    "pay": 0,
                    "hd5": 0,
                    "no_reprint": 1,
                    "autoplay": 1,
                    "ugc_pay": 0,
                    "is_cooperation": 0,
                    "ugc_pay_preview": 0,
                    "no_background": 0,
                    "arc_pay": 0,
                    "pay_free_watch": 0
                },
                "owner": {
                    "mid": 7714,
                    "name": "女孩为何穿短裙",
                    "face": "https://i1.hdslb.com/bfs/face/5ea9e99fe79418fff79f4601f13c855ce0f6162b.gif"
                },
                "stat": {
                    "aid": 883470112,
                    "view": 1576797,
                    "danmaku": 3437,
                    "reply": 2936,
                    "favorite": 25924,
                    "coin": 43546,
                    "share": 6232,
                    "now_rank": 0,
                    "his_rank": 0,
                    "like": 145865,
                    "dislike": 0,
                    "vt": 0,
                    "vv": 1576797,
                    "fav_g": 0,
                    "like_g": 0
                },
                "dynamic": "#刘备##诸葛亮#",
                "cid": 34826947098,
                "dimension": {
                    "width": 1280,
                    "height": 720,
                    "rotate": 0
                },
                "short_link_v2": "https://b23.tv/BV1DK4y1x7cR",
                "first_frame": "http://i2.hdslb.com/bfs/storyff/_0000152wrij021u2r2pj1g1cbp5xxsb_firsti.jpg",
                "pub_location": "广东",
                "cover43": "",
                "tidv2": 2063,
                "tnamev2": "鬼畜综合",
                "pid_v2": 1007,
                "pid_name_v2": "鬼畜",
                "bvid": "BV1DK4y1x7cR",
                "season_type": 0,
                "is_ogv": false,
                "ogv_info": null,
                "enable_vt": 0,
                "ai_rcmd": null,
                "rcmd_reason": "什么样的公司才够带劲？"
            },
            {
                "aid": 625968094,
                "videos": 1,
                "tid": 22,
                "tname": "鬼畜调教",
                "copyright": 1,
                "pic": "http://i1.hdslb.com/bfs/archive/98ded62b9629c2a879245daa11504abaf4c0b294.jpg",
                "title": "地 摊 阵 线 联 盟",
                "pubdate": 1591263688,
                "ctime": 1591263689,
                "desc": "通通贱卖！",
                "state": 0,
                "duration": 92,
                "rights": {
                    "bp": 0,
                    "elec": 0,
                    "download": 0,
                    "movie": 0,
                    "pay": 0,
                    "hd5": 0,
                    "no_reprint": 1,
                    "autoplay": 1,
                    "ugc_pay": 0,
                    "is_cooperation": 0,
                    "ugc_pay_preview": 0,
                    "no_background": 0,
                    "arc_pay": 0,
                    "pay_free_watch": 0
                },
                "owner": {
                    "mid": 40966108,
                    "name": "倒悬的橘子",
                    "face": "https://i1.hdslb.com/bfs/face/440968b6694576e931ed4ec61d699029d82bcbaa.jpg"
                },
                "stat": {
                    "aid": 625968094,
                    "view": 1942935,
                    "danmaku": 2085,
                    "reply": 1455,
                    "favorite": 26608,
                    "coin": 37778,
                    "share": 11946,
                    "now_rank": 0,
                    "his_rank": 25,
                    "like": 130794,
                    "dislike": 0,
                    "vt": 0,
                    "vv": 1942935,
                    "fav_g": 0,
                    "like_g": 0
                },
                "dynamic": "#鬼畜调教##地摊#",
                "cid": 198569008,
                "dimension": {
                    "width": 1280,
                    "height": 720,
                    "rotate": 0
                },
                "short_link_v2": "https://b23.tv/BV1Yt4y1y7T6",
                "cover43": "",
                "tidv2": 2059,
                "tnamev2": "鬼畜调教",
                "pid_v2": 1007,
                "pid_name_v2": "鬼畜",
                "bvid": "BV1Yt4y1y7T6",
                "season_type": 0,
                "is_ogv": false,
                "ogv_info": null,
                "enable_vt": 0,
                "ai_rcmd": null,
                "rcmd_reason": "开屏雷击，爷青回"
            },
            {
                "aid": 625881651,
                "videos": 1,
                "tid": 138,
                "tname": "搞笑",
                "copyright": 1,
                "pic": "http://i0.hdslb.com/bfs/archive/ccbf5c95c49af765ab99a803d9d4b637468a52e2.jpg",
                "title": "当法官要看你浏览器记录时【阅片无数50】",
                "pubdate": 1591192815,
                "ctime": 1591192817,
                "desc": "想看更多的阅片无数小伙伴们转发三连搞起来哦\n更多生活中的凉风请参见→微博@凉风Kaze\n第四十九期BV1jK4y1t7P7：妹子被告白后当场牺牲\n第四十八期BV14C4y1H7n9：花两百万娶的老婆到期了\n第四十七期BV1Bt4y117Bf：绝了！这是日本拍的抗日神剧？\n第四十六期BV1Gt4y117MH：你管这叫抢银行？",
                "state": 0,
                "duration": 813,
                "rights": {
                    "bp": 0,
                    "elec": 0,
                    "download": 0,
                    "movie": 0,
                    "pay": 0,
                    "hd5": 1,
                    "no_reprint": 1,
                    "autoplay": 1,
                    "ugc_pay": 0,
                    "is_cooperation": 0,
                    "ugc_pay_preview": 0,
                    "no_background": 0,
                    "arc_pay": 0,
                    "pay_free_watch": 0
                },
                "owner": {
                    "mid": 14110780,
                    "name": "凉风Kaze",
                    "face": "https://i1.hdslb.com/bfs/face/e0cc906bb531195e9ee9f3b575effdd2b056eaea.jpg"
                },
                "stat": {
                    "aid": 625881651,
                    "view": 6718224,
                    "danmaku": 40455,
                    "reply": 8115,
                    "favorite": 48899,
                    "coin": 175380,
                    "share": 9920,
                    "now_rank": 0,
                    "his_rank": 5,
                    "like": 544925,
                    "dislike": 0,
                    "vt": 0,
                    "vv": 6718224,
                    "fav_g": 0,
                    "like_g": 0
                },
                "dynamic": "#阅片无数#50期了，希望这期可以收获更多的三连。",
                "cid": 198006797,
                "dimension": {
                    "width": 1920,
                    "height": 1080,
                    "rotate": 0
                },
                "season_id": 175,
                "short_link_v2": "https://b23.tv/BV1Kt4y1y7YM",
                "cover43": "",
                "tidv2": 2001,
                "tnamev2": "影视解读",
                "pid_v2": 1001,
                "pid_name_v2": "影视",
                "bvid": "BV1Kt4y1y7YM",
                "season_type": 0,
                "is_ogv": false,
                "ogv_info": null,
                "enable_vt": 0,
                "ai_rcmd": null,
                "rcmd_reason": "凉风骚话时间到"
            },
            {
                "aid": 840840331,
                "videos": 1,
                "tid": 154,
                "tname": "舞蹈综合",
                "copyright": 1,
                "pic": "http://i2.hdslb.com/bfs/archive/acb29cd4bef82d5772f52692009f24d536e082f4.jpg",
                "title": "别爱我，没结果，除非花手摇过我",
                "pubdate": 1590895841,
                "ctime": 1590755171,
                "desc": "大家好\n哈哈哈哈哈哈哈我死了，这次录的真的特别开心，就是那种，很特别的开心哈哈哈哈哈哈哈哈哈哈\n\n豆豆子：高马尾我i了\n桃桃：花花蝴蝶迷人眼，生活苦但我们甜（？\n粉扑扑：下雨天伞送给你，我摇花手回去。\n麦麥籽：花花世界迷人眼，没有实力别赛脸。\n\n参考：万恶之源→BV1ot4y1275f\n编舞：各家楼下精英阿姨团\n改编：桃核\n摄影：我们要他嚼槟榔配合他偏不的明非\n后期：80年代审美天王调色鬼手炉火",
                "state": 0,
                "duration": 170,
                "rights": {
                    "bp": 0,
                    "elec": 0,
                    "download": 0,
                    "movie": 0,
                    "pay": 0,
                    "hd5": 1,
                    "no_reprint": 1,
                    "autoplay": 1,
                    "ugc_pay": 0,
                    "is_cooperation": 1,
                    "ugc_pay_preview": 0,
                    "no_background": 0,
                    "arc_pay": 0,
                    "pay_free_watch": 0
                },
                "owner": {
                    "mid": 837470,
                    "name": "桃核叫我桃道长",
                    "face": "http://i2.hdslb.com/bfs/face/95723f88a75d9a8ace6a0b7bb55db3809dbab7df.jpg"
                },
                "stat": {
                    "aid": 840840331,
                    "view": 7776269,
                    "danmaku": 25838,
                    "reply": 9495,
                    "favorite": 93226,
                    "coin": 112512,
                    "share": 86473,
                    "now_rank": 0,
                    "his_rank": 8,
                    "like": 279491,
                    "dislike": 0,
                    "vt": 0,
                    "vv": 7776269,
                    "fav_g": 0,
                    "like_g": 1
                },
                "dynamic": "#沙雕舞团舍我其谁# \n大家好，五谷杂粮重出江湖了！！！！\n我们就是！中国女孩！",
                "cid": 196451773,
                "dimension": {
                    "width": 3840,
                    "height": 2160,
                    "rotate": 0
                },
                "short_link_v2": "https://b23.tv/BV1N54y1Q7ws",
                "cover43": "",
                "tidv2": 2031,
                "tnamev2": "明星舞蹈",
                "pid_v2": 1004,
                "pid_name_v2": "舞蹈",
                "bvid": "BV1N54y1Q7ws",
                "season_type": 0,
                "is_ogv": false,
                "ogv_info": null,
                "enable_vt": 0,
                "ai_rcmd": null,
                "rcmd_reason": "大家把”专业团队“打在公屏上"
            },
            {
                "aid": 540993203,
                "videos": 1,
                "tid": 204,
                "tname": "环球",
                "copyright": 1,
                "pic": "http://i2.hdslb.com/bfs/archive/a2368f3c8ce3208323cb17922c9c84fa1c86e1c7.jpg",
                "title": "看着黑人少年们也在打砸抢，他忍不住了",
                "pubdate": 1591000333,
                "ctime": 1591000333,
                "desc": "这些天，美国街头四处打砸抢烧的人群中不可避免的出现了一些黑人少年的身影，将这一切看在眼里的一位黑人大哥实在忍无可忍，他气愤又绝望，声音哽咽地告诉一位16岁的少年：“你现在看到的一切，10年后还会发生，根本没用，你们的任务是想出更好的办法，而不是做这些...”",
                "state": 0,
                "duration": 93,
                "rights": {
                    "bp": 0,
                    "elec": 0,
                    "download": 0,
                    "movie": 0,
                    "pay": 0,
                    "hd5": 0,
                    "no_reprint": 1,
                    "autoplay": 1,
                    "ugc_pay": 0,
                    "is_cooperation": 0,
                    "ugc_pay_preview": 0,
                    "no_background": 0,
                    "arc_pay": 0,
                    "pay_free_watch": 0
                },
                "owner": {
                    "mid": 10330740,
                    "name": "观察者网",
                    "face": "https://i0.hdslb.com/bfs/face/3d0dba3789065512f5217387ab135a093ae10c45.jpg"
                },
                "stat": {
                    "aid": 540993203,
                    "view": 3982820,
                    "danmaku": 8252,
                    "reply": 16854,
                    "favorite": 59122,
                    "coin": 68534,
                    "share": 36872,
                    "now_rank": 0,
                    "his_rank": 2,
                    "like": 234513,
                    "dislike": 0,
                    "vt": 0,
                    "vv": 3982820,
                    "fav_g": 0,
                    "like_g": 0
                },
                "dynamic": "这些天，美国街头四处打砸抢烧的人群中不可避免的出现了一些黑人少年的身影，将这一切看在眼里的一位黑人大哥实在忍无可忍，他气愤又绝望，声音哽咽地告诉一位16岁的少年：“你现在看到的一切，10年后还会发生，根本没用，你们的任务是想出更好的办法，而不是做这些...”#美国##抗议##黑人#",
                "cid": 197547831,
                "dimension": {
                    "width": 540,
                    "height": 960,
                    "rotate": 0
                },
                "short_link_v2": "https://b23.tv/BV1Vi4y1x7pY",
                "pub_location": "美国",
                "cover43": "",
                "tidv2": 2088,
                "tnamev2": "社会观察",
                "pid_v2": 1010,
                "pid_name_v2": "知识",
                "bvid": "BV1Vi4y1x7pY",
                "season_type": 0,
                "is_ogv": false,
                "ogv_info": null,
                "enable_vt": 0,
                "ai_rcmd": null,
                "rcmd_reason": " 你们要想办法解决这个问题，因为我们什么都没有做"
            },
            {
                "aid": 795879858,
                "videos": 1,
                "tid": 171,
                "tname": "电子竞技",
                "copyright": 1,
                "pic": "http://i0.hdslb.com/bfs/archive/b9a177a083636840eb9275459303b66b4bd6752f.jpg",
                "title": "电竞运动员Uzi退役独家专访：如果时间还够，很多东西我可以做到",
                "pubdate": 1591168946,
                "ctime": 1591168946,
                "desc": "6月3日，中国广受关注的电竞运动员Uzi（简自豪）宣布退役。央视网独家专访Uzi，他回应退役原因，并首次正面回应职业生涯中众多争议话题。",
                "state": 0,
                "duration": 897,
                "rights": {
                    "bp": 0,
                    "elec": 0,
                    "download": 0,
                    "movie": 0,
                    "pay": 0,
                    "hd5": 0,
                    "no_reprint": 1,
                    "autoplay": 1,
                    "ugc_pay": 0,
                    "is_cooperation": 0,
                    "ugc_pay_preview": 0,
                    "no_background": 0,
                    "arc_pay": 0,
                    "pay_free_watch": 0
                },
                "owner": {
                    "mid": 222103174,
                    "name": "央视网",
                    "face": "https://i1.hdslb.com/bfs/face/bc9054b679e187858daa6004633d0f45654b99ae.jpg"
                },
                "stat": {
                    "aid": 795879858,
                    "view": 4495365,
                    "danmaku": 45689,
                    "reply": 20425,
                    "favorite": 96079,
                    "coin": 262843,
                    "share": 75313,
                    "now_rank": 0,
                    "his_rank": 1,
                    "like": 333346,
                    "dislike": 0,
                    "vt": 0,
                    "vv": 4495365,
                    "fav_g": 0,
                    "like_g": 0
                },
                "dynamic": "小央追热点【电竞运动员Uzi退役独家专访】\n6月3日，中国广受关注的电竞运动员@UziQAQ（简自豪）宣布退役。央视网独家专访Uzi，回应Uzi退役原因，并首次正面回应职业生涯中众多争议话题。\n#Uzi##乌兹##电竞#",
                "cid": 198198536,
                "dimension": {
                    "width": 1920,
                    "height": 1080,
                    "rotate": 0
                },
                "season_id": 1542689,
                "short_link_v2": "https://b23.tv/BV1dC4y1h7at",
                "cover43": "",
                "tidv2": 2140,
                "tnamev2": "体育资讯",
                "pid_v2": 1018,
                "pid_name_v2": "体育运动",
                "bvid": "BV1dC4y1h7at",
                "season_type": 0,
                "is_ogv": false,
                "ogv_info": null,
                "enable_vt": 0,
                "ai_rcmd": null,
                "rcmd_reason": "再见，Uzi！你好，简自豪！"
            },
            {
                "aid": 668387865,
                "videos": 1,
                "tid": 28,
                "tname": "原创音乐",
                "copyright": 1,
                "pic": "http://i1.hdslb.com/bfs/archive/5347ba68a9a2613809a4b2e6bb6a09051736d7cc.jpg",
                "title": "油管千万粉大神Kurt入驻b站！",
                "pubdate": 1591167638,
                "ctime": 1591002562,
                "desc": "大家好，我是Kurt，从今天开始入驻B站啦！\n我会用各种奇奇怪怪的东西来创作音乐，\n希望能跟大家分享各种有趣的创意和想法~",
                "state": 0,
                "duration": 138,
                "rights": {
                    "bp": 0,
                    "elec": 0,
                    "download": 0,
                    "movie": 0,
                    "pay": 0,
                    "hd5": 1,
                    "no_reprint": 1,
                    "autoplay": 1,
                    "ugc_pay": 0,
                    "is_cooperation": 0,
                    "ugc_pay_preview": 0,
                    "no_background": 0,
                    "arc_pay": 0,
                    "pay_free_watch": 0
                },
                "owner": {
                    "mid": 596324576,
                    "name": "音乐制作人Kurt",
                    "face": "https://i2.hdslb.com/bfs/face/628b1bfeaae9387bdb337cfc5ca334004bee71c1.jpg"
                },
                "stat": {
                    "aid": 668387865,
                    "view": 4583385,
                    "danmaku": 15395,
                    "reply": 14448,
                    "favorite": 87232,
                    "coin": 266263,
                    "share": 32492,
                    "now_rank": 0,
                    "his_rank": 2,
                    "like": 524826,
                    "dislike": 0,
                    "vt": 0,
                    "vv": 4583385,
                    "fav_g": 0,
                    "like_g": 1
                },
                "dynamic": "大家好，我是Kurt，从今天开始入驻B站啦！\n我会用各种奇奇怪怪的东西来创作音乐，\n希望能跟大家分享各种有趣的创意和想法~\n#音乐##欧美##原创歌曲#",
                "cid": 197500683,
                "dimension": {
                    "width": 3840,
                    "height": 2160,
                    "rotate": 0
                },
                "short_link_v2": "https://b23.tv/BV1Ma4y1v7RF",
                "cover43": "",
                "tidv2": 2021,
                "tnamev2": "演奏",
                "pid_v2": 1003,
                "pid_name_v2": "音乐",
                "bvid": "BV1Ma4y1v7RF",
                "season_type": 0,
                "is_ogv": false,
                "ogv_info": null,
                "enable_vt": 0,
                "ai_rcmd": null,
                "rcmd_reason": "烤面包机也能做音乐？魔法师行为！"
            },
            {
                "aid": 840769935,
                "videos": 1,
                "tid": 21,
                "tname": "日常",
                "copyright": 2,
                "pic": "http://i1.hdslb.com/bfs/archive/1e57dbf08a64debca2a8e9fb0114218848fc22d9.jpg",
                "title": "“你是城管？你叫我去摆摊？你骗我吧？”",
                "pubdate": 1590935271,
                "ctime": 1590935272,
                "desc": "自中央文明办调整文明城市测评考核标准后，各地纷纷出台政策对占道经营暂时放宽管理，近日江西瑞昌城市管理局大塘新区中队电话邀请各商贩出来摆摊，接到电话的商贩表示“我不相信”...（@消费日报）",
                "state": 0,
                "duration": 45,
                "rights": {
                    "bp": 0,
                    "elec": 0,
                    "download": 0,
                    "movie": 0,
                    "pay": 0,
                    "hd5": 1,
                    "no_reprint": 0,
                    "autoplay": 1,
                    "ugc_pay": 0,
                    "is_cooperation": 0,
                    "ugc_pay_preview": 0,
                    "no_background": 0,
                    "arc_pay": 0,
                    "pay_free_watch": 0
                },
                "owner": {
                    "mid": 330383888,
                    "name": "广东共青团",
                    "face": "https://i2.hdslb.com/bfs/face/57335867a288c985732abe5b5bebc7851c551d97.jpg"
                },
                "stat": {
                    "aid": 840769935,
                    "view": 1772881,
                    "danmaku": 1400,
                    "reply": 3219,
                    "favorite": 4168,
                    "coin": 1039,
                    "share": 5233,
                    "now_rank": 0,
                    "his_rank": 0,
                    "like": 75687,
                    "dislike": 0,
                    "vt": 0,
                    "vv": 1772881,
                    "fav_g": 0,
                    "like_g": 0
                },
                "dynamic": "当摊贩接到城管电话让你去摆摊…",
                "cid": 197318987,
                "dimension": {
                    "width": 1920,
                    "height": 1080,
                    "rotate": 0
                },
                "short_link_v2": "https://b23.tv/BV1C54y1D7CF",
                "up_from_v2": 9,
                "cover43": "",
                "tidv2": 2196,
                "tnamev2": "职业vlog",
                "pid_v2": 1029,
                "pid_name_v2": "vlog",
                "bvid": "BV1C54y1D7CF",
                "season_type": 0,
                "is_ogv": false,
                "ogv_info": null,
                "enable_vt": 0,
                "ai_rcmd": null,
                "rcmd_reason": "大人，时代变了"
            },
            {
                "aid": 285978539,
                "videos": 1,
                "tid": 204,
                "tname": "环球",
                "copyright": 1,
                "pic": "http://i2.hdslb.com/bfs/archive/96460e715c938357fe329ac8fda86f220bcf66e9.jpg",
                "title": "黑客团体“匿名者”发布视频：揭露大量美国警局罪行",
                "pubdate": 1590980164,
                "ctime": 1590980165,
                "desc": "“在绝大多数警察杀人的事件中，唯一能活着讲述这件事情的，是那个杀人的警察。”",
                "state": 0,
                "duration": 237,
                "rights": {
                    "bp": 0,
                    "elec": 0,
                    "download": 0,
                    "movie": 0,
                    "pay": 0,
                    "hd5": 0,
                    "no_reprint": 1,
                    "autoplay": 1,
                    "ugc_pay": 0,
                    "is_cooperation": 0,
                    "ugc_pay_preview": 0,
                    "no_background": 0,
                    "arc_pay": 0,
                    "pay_free_watch": 0
                },
                "owner": {
                    "mid": 526235992,
                    "name": "凤凰网",
                    "face": "https://i1.hdslb.com/bfs/face/d3d58e48cf9de2c0fc633da20d266a96d029a6db.jpg"
                },
                "stat": {
                    "aid": 285978539,
                    "view": 3181378,
                    "danmaku": 9518,
                    "reply": 9788,
                    "favorite": 44515,
                    "coin": 25149,
                    "share": 44985,
                    "now_rank": 0,
                    "his_rank": 4,
                    "like": 183676,
                    "dislike": 0,
                    "vt": 0,
                    "vv": 3181378,
                    "fav_g": 0,
                    "like_g": 0
                },
                "dynamic": "#警察##黑客##美国#\n触目惊心啊！",
                "cid": 197439446,
                "dimension": {
                    "width": 960,
                    "height": 540,
                    "rotate": 0
                },
                "short_link_v2": "https://b23.tv/BV1gf4y1m7PF",
                "pub_location": "河北",
                "cover43": "",
                "tidv2": 2103,
                "tnamev2": "工程机械",
                "pid_v2": 1012,
                "pid_name_v2": "科技数码",
                "bvid": "BV1gf4y1m7PF",
                "season_type": 0,
                "is_ogv": false,
                "ogv_info": null,
                "enable_vt": 0,
                "ai_rcmd": null,
                "rcmd_reason": "2020年就忙着见证历史了"
            },
            {
                "aid": 583271013,
                "videos": 1,
                "tid": 59,
                "tname": "演奏",
                "copyright": 1,
                "pic": "http://i2.hdslb.com/bfs/archive/5c849e0f6f284e88aa84d2fbdc04b8d26999015c.jpg",
                "title": "【4K】全网最秀最好听的 DANCE MONKEY - Peter Bence （Piano Cover）",
                "pubdate": 1590684547,
                "ctime": 1590684547,
                "desc": "征求大家的意见我弹奏了Dance Monkey钢琴版本，还是你们喜欢的样子，我一个人表演一整只乐队，而且只用钢琴发出来的声音。希望大家能会像我享受制作这首曲子一样去喜欢他。\n网易云音乐已上传视频和音频，欢迎单曲洗脑。\n彼得本斯Peter Bence 中国官方乐迷会QQ群号916280473（已满）  916976092（二群），快来加入我们吧！！！\n官方曲谱购买链接： www.musicnotes.com",
                "state": 0,
                "duration": 193,
                "rights": {
                    "bp": 0,
                    "elec": 0,
                    "download": 0,
                    "movie": 0,
                    "pay": 0,
                    "hd5": 1,
                    "no_reprint": 1,
                    "autoplay": 1,
                    "ugc_pay": 0,
                    "is_cooperation": 0,
                    "ugc_pay_preview": 0,
                    "no_background": 0,
                    "arc_pay": 0,
                    "pay_free_watch": 0
                },
                "owner": {
                    "mid": 314566933,
                    "name": "彼得本斯PeterBence",
                    "face": "https://i1.hdslb.com/bfs/face/d1f2a2ba65891238bd6bfed20a8640b34bd012f8.jpg"
                },
                "stat": {
                    "aid": 583271013,
                    "view": 1891564,
                    "danmaku": 2435,
                    "reply": 1379,
                    "favorite": 59906,
                    "coin": 75827,
                    "share": 16062,
                    "now_rank": 0,
                    "his_rank": 0,
                    "like": 111964,
                    "dislike": 0,
                    "vt": 0,
                    "vv": 1891564,
                    "fav_g": 0,
                    "like_g": 1
                },
                "dynamic": "DANCEMONKEY指弹#纯音乐##钢琴##4K#",
                "cid": 196167988,
                "dimension": {
                    "width": 3840,
                    "height": 2160,
                    "rotate": 0
                },
                "season_id": 3005,
                "short_link_v2": "https://b23.tv/BV1Zz4y1X7pC",
                "cover43": "",
                "tidv2": 2021,
                "tnamev2": "演奏",
                "pid_v2": 1003,
                "pid_name_v2": "音乐",
                "bvid": "BV1Zz4y1X7pC",
                "season_type": 0,
                "is_ogv": false,
                "ogv_info": null,
                "enable_vt": 0,
                "ai_rcmd": null,
                "rcmd_reason": "众所周知，钢琴是多功能打击乐器"
            },
            {
                "aid": 968370173,
                "videos": 1,
                "tid": 173,
                "tname": "桌游棋牌",
                "copyright": 1,
                "pic": "http://i2.hdslb.com/bfs/archive/282cd207e78d24998a14d3c94370fde21faffaca.jpg",
                "title": "不要“做”挑战？（第八期）",
                "pubdate": 1590897602,
                "ctime": 1590881109,
                "desc": "希望观众老爷喜欢这个系列！\n（希望你们喜欢，记得素质三连！）",
                "state": 0,
                "duration": 443,
                "mission_id": 13414,
                "rights": {
                    "bp": 0,
                    "elec": 0,
                    "download": 0,
                    "movie": 0,
                    "pay": 0,
                    "hd5": 0,
                    "no_reprint": 1,
                    "autoplay": 1,
                    "ugc_pay": 0,
                    "is_cooperation": 0,
                    "ugc_pay_preview": 0,
                    "no_background": 0,
                    "arc_pay": 0,
                    "pay_free_watch": 0
                },
                "owner": {
                    "mid": 5970160,
                    "name": "小潮院长",
                    "face": "https://i1.hdslb.com/bfs/face/834eb0de8d2f470bf03e4ea92831b14f3824c863.jpg"
                },
                "stat": {
                    "aid": 968370173,
                    "view": 19221520,
                    "danmaku": 71506,
                    "reply": 8410,
                    "favorite": 80564,
                    "coin": 176685,
                    "share": 40432,
                    "now_rank": 0,
                    "his_rank": 2,
                    "like": 704046,
                    "dislike": 0,
                    "vt": 0,
                    "vv": 19221520,
                    "fav_g": 329,
                    "like_g": 311
                },
                "dynamic": "不要“做”挑战？（第八期）\n笑死我了这一期（尤其是严峻的惩罚）\n\n\n#桌游棋牌##vlog##搞笑#",
                "cid": 197008335,
                "dimension": {
                    "width": 1920,
                    "height": 1080,
                    "rotate": 0
                },
                "season_id": 6728995,
                "short_link_v2": "https://b23.tv/BV1Rp4y1S7Bj",
                "pub_location": "上海",
                "cover43": "",
                "tidv2": 2207,
                "tnamev2": "随拍·综合",
                "pid_v2": 1032,
                "pid_name_v2": "其他",
                "bvid": "BV1Rp4y1S7Bj",
                "season_type": 0,
                "is_ogv": false,
                "ogv_info": null,
                "enable_vt": 0,
                "ai_rcmd": null,
                "rcmd_reason": "虽然很高产，但还是催更"
            },
            {
                "aid": 455862130,
                "videos": 1,
                "tid": 193,
                "tname": "MV",
                "copyright": 1,
                "pic": "http://i2.hdslb.com/bfs/archive/27481d53f495f1df732ea72e95f5ff8043cee6ad.jpg",
                "title": "莲 - 张艺兴",
                "pubdate": 1590977440,
                "ctime": 1590977441,
                "desc": "#bilibili音乐 · 官方发布#\n张艺兴《莲》MV首播！\n更多官方内容，请关注 @大家的音乐姬",
                "state": 0,
                "duration": 318,
                "rights": {
                    "bp": 0,
                    "elec": 0,
                    "download": 0,
                    "movie": 0,
                    "pay": 0,
                    "hd5": 1,
                    "no_reprint": 1,
                    "autoplay": 1,
                    "ugc_pay": 0,
                    "is_cooperation": 1,
                    "ugc_pay_preview": 0,
                    "no_background": 0,
                    "arc_pay": 0,
                    "pay_free_watch": 0
                },
                "owner": {
                    "mid": 32708543,
                    "name": "大家的音乐机",
                    "face": "https://i2.hdslb.com/bfs/face/927600c9ac351375bc63fa6e0ce06e7ed7a8bbd3.jpg"
                },
                "stat": {
                    "aid": 455862130,
                    "view": 6145766,
                    "danmaku": 84104,
                    "reply": 58149,
                    "favorite": 141016,
                    "coin": 216708,
                    "share": 78712,
                    "now_rank": 0,
                    "his_rank": 10,
                    "like": 286799,
                    "dislike": 0,
                    "vt": 0,
                    "vv": 6145766,
                    "fav_g": 15,
                    "like_g": 3
                },
                "dynamic": "#bilibili音乐 · 官方发布#\n张艺兴《莲》MV首播！\n更多官方内容，请关注 @大家的音乐姬",
                "cid": 197211855,
                "dimension": {
                    "width": 1920,
                    "height": 1080,
                    "rotate": 0
                },
                "short_link_v2": "https://b23.tv/BV1V5411x7Vt",
                "cover43": "",
                "tidv2": 2017,
                "tnamev2": "MV",
                "pid_v2": 1003,
                "pid_name_v2": "音乐",
                "bvid": "BV1V5411x7Vt",
                "season_type": 0,
                "is_ogv": false,
                "ogv_info": null,
                "enable_vt": 0,
                "ai_rcmd": null,
                "rcmd_reason": "力拔山兮气盖世！"
            },
            {
                "aid": 370941133,
                "videos": 1,
                "tid": 28,
                "tname": "原创音乐",
                "copyright": 1,
                "pic": "http://i1.hdslb.com/bfs/archive/ad94cedce1884b8dfc46ad59a02fe8809384906a.jpg",
                "title": "I LOVE YOU - 筷子兄弟",
                "pubdate": 1591171691,
                "ctime": 1591171691,
                "desc": "自《小苹果》后，时隔六年，筷子兄弟诚意巨献《I LOVE YOU》。快节奏生活的时代下，朝乾夕惕的我们逐渐淡漠了人与人之间的沟通，那些孤寂与不安的灵魂，渴望着一场心灵的洗礼。这是一首写给所有人的歌，筷子兄弟希望能够借此向社会发出关爱的呼声，愿人们相互抚慰，拉近彼此距离；也希望藉由此歌，能够给大家片刻的治愈时间，鼓舞大家积极面对人生，因为有爱，一切都无法阻碍我们，只要有爱，就什么都不怕！",
                "state": 0,
                "duration": 301,
                "rights": {
                    "bp": 0,
                    "elec": 0,
                    "download": 0,
                    "movie": 0,
                    "pay": 0,
                    "hd5": 1,
                    "no_reprint": 1,
                    "autoplay": 1,
                    "ugc_pay": 0,
                    "is_cooperation": 1,
                    "ugc_pay_preview": 0,
                    "no_background": 0,
                    "arc_pay": 0,
                    "pay_free_watch": 0
                },
                "owner": {
                    "mid": 601414032,
                    "name": "筷子兄弟王太利",
                    "face": "http://i0.hdslb.com/bfs/face/60213a43eba517a451a4ecd28df02c1f62857132.jpg"
                },
                "stat": {
                    "aid": 370941133,
                    "view": 1968802,
                    "danmaku": 18014,
                    "reply": 6111,
                    "favorite": 25960,
                    "coin": 92563,
                    "share": 27684,
                    "now_rank": 0,
                    "his_rank": 10,
                    "like": 152118,
                    "dislike": 0,
                    "vt": 0,
                    "vv": 1968802,
                    "fav_g": 0,
                    "like_g": 2
                },
                "dynamic": "#筷子兄弟##MV##音乐#",
                "cid": 198218208,
                "dimension": {
                    "width": 1920,
                    "height": 1080,
                    "rotate": 0
                },
                "short_link_v2": "https://b23.tv/BV1FZ4y1H79z",
                "cover43": "",
                "tidv2": 2017,
                "tnamev2": "MV",
                "pid_v2": 1003,
                "pid_name_v2": "音乐",
                "bvid": "BV1FZ4y1H79z",
                "season_type": 0,
                "is_ogv": false,
                "ogv_info": null,
                "enable_vt": 0,
                "ai_rcmd": null,
                "rcmd_reason": "女装只有零次和无数次"
            },
            {
                "aid": 455979220,
                "videos": 1,
                "tid": 27,
                "tname": "综合",
                "copyright": 1,
                "pic": "http://i2.hdslb.com/bfs/archive/fc81b74f3d8fac32a60fb24e2746cd5998977029.jpg",
                "title": "地狱级挑战，真的有人可以全认出来嘛？【动漫高手01】",
                "pubdate": 1591158951,
                "ctime": 1591132589,
                "desc": "本期视频形式借鉴动漫猜谜pk赛\n链接：https://www.youtube.com/watch?v=Tdu8nw12UPM&t=512s\n往期视频：\n桃园结义：BV15E411j7sD\n趣味私房：BV1aE411V7xG\n合画醋醋：BV177411d73x\n手机互换：BV1FE411A79D\n食神争霸：BV1J741127M3\n家有女仆：BV1rA41187rT\n走音挑战：BV1aZ4y1j71R\n猛男摔跤：BV1YK4y1C7aZ\n以衣换衣：BV1Mi4y187kW\n不做挑战：BV1sZ4y1x7wa",
                "state": 0,
                "duration": 793,
                "mission_id": 13472,
                "rights": {
                    "bp": 0,
                    "elec": 0,
                    "download": 0,
                    "movie": 0,
                    "pay": 0,
                    "hd5": 0,
                    "no_reprint": 1,
                    "autoplay": 1,
                    "ugc_pay": 0,
                    "is_cooperation": 1,
                    "ugc_pay_preview": 0,
                    "no_background": 0,
                    "arc_pay": 0,
                    "pay_free_watch": 0
                },
                "owner": {
                    "mid": 808171,
                    "name": "吃素的狮子",
                    "face": "https://i1.hdslb.com/bfs/face/dd773c9572494338ada15aa10262a510f161baf1.jpg"
                },
                "stat": {
                    "aid": 455979220,
                    "view": 4367096,
                    "danmaku": 30393,
                    "reply": 8428,
                    "favorite": 37882,
                    "coin": 89699,
                    "share": 7140,
                    "now_rank": 0,
                    "his_rank": 6,
                    "like": 316440,
                    "dislike": 0,
                    "vt": 0,
                    "vv": 4367096,
                    "fav_g": 0,
                    "like_g": 0
                },
                "dynamic": "🙌没有人👐比我👌更懂☝二次元",
                "cid": 198082548,
                "dimension": {
                    "width": 1920,
                    "height": 1080,
                    "rotate": 0
                },
                "short_link_v2": "https://b23.tv/BV1E5411W74y",
                "cover43": "",
                "tidv2": 2042,
                "tnamev2": "动漫评论",
                "pid_v2": 1005,
                "pid_name_v2": "二次元",
                "bvid": "BV1E5411W74y",
                "season_type": 0,
                "is_ogv": false,
                "ogv_info": null,
                "enable_vt": 0,
                "ai_rcmd": null,
                "rcmd_reason": "全员恶人"
            },
            {
                "aid": 925779046,
                "videos": 1,
                "tid": 201,
                "tname": "科学科普",
                "copyright": 1,
                "pic": "http://i0.hdslb.com/bfs/archive/758c01bb03efcc8bd6deb5da2981d4e9c9d8fc7f.jpg",
                "title": "【毕导】建议收藏！如何在毕业答辩上一展雄风，成为答辩之神！",
                "pubdate": 1590751059,
                "ctime": 1590751060,
                "desc": "毕业答辩的奇技淫巧，让所有老师为你倾倒（双鸭\n还没答辩的快来学习，已经答完的可以复盘，\n今年不毕业的建议三连收藏！\n祝大家毕业愉快！\n\n你可能会想看\n→BV1uE411g7PB 我们该不该读研？\n→BV1wC4y1x7c8 科研的打怪升级之路\n→BV1Bi4y1s7oB 我和牛排同时放进烤箱谁先烤熟？\n→BV1Ez4y1d7JT 如何鉴赏一次火箭发射？\n→BV1Sf4y1S7DB 为什么说猫是天生的物理大师？",
                "state": 0,
                "duration": 464,
                "mission_id": 13580,
                "rights": {
                    "bp": 0,
                    "elec": 0,
                    "download": 0,
                    "movie": 0,
                    "pay": 0,
                    "hd5": 1,
                    "no_reprint": 1,
                    "autoplay": 1,
                    "ugc_pay": 0,
                    "is_cooperation": 0,
                    "ugc_pay_preview": 0,
                    "no_background": 0,
                    "arc_pay": 0,
                    "pay_free_watch": 0
                },
                "owner": {
                    "mid": 254463269,
                    "name": "毕导",
                    "face": "https://i2.hdslb.com/bfs/face/a59d6b2dff6faa47bc07877b76f3194c598f5649.jpg"
                },
                "stat": {
                    "aid": 925779046,
                    "view": 4988160,
                    "danmaku": 21479,
                    "reply": 6194,
                    "favorite": 261415,
                    "coin": 280751,
                    "share": 98335,
                    "now_rank": 0,
                    "his_rank": 3,
                    "like": 407614,
                    "dislike": 0,
                    "vt": 0,
                    "vv": 4988160,
                    "fav_g": 47,
                    "like_g": 29
                },
                "dynamic": "#答辩##毕业#我做了一个如何答辩的答辩视频来帮要答辩的各位通过答辩",
                "cid": 197831754,
                "dimension": {
                    "width": 1920,
                    "height": 1080,
                    "rotate": 0
                },
                "short_link_v2": "https://b23.tv/BV1XT4y1u7ca",
                "cover43": "",
                "tidv2": 2084,
                "tnamev2": "应试教育",
                "pid_v2": 1010,
                "pid_name_v2": "知识",
                "bvid": "BV1XT4y1u7ca",
                "season_type": 0,
                "is_ogv": false,
                "ogv_info": null,
                "enable_vt": 0,
                "ai_rcmd": null,
                "rcmd_reason": "你的毕业答辩准备得怎么样了？"
            },
            {
                "aid": 883425418,
                "videos": 1,
                "tid": 124,
                "tname": "社科·法律·心理",
                "copyright": 1,
                "pic": "http://i1.hdslb.com/bfs/archive/c9426c7d4fe90fb9beaba2bd4b4dd6c13978338d.jpg",
                "title": "骁话一下：1862年就得到解放，为什么美国黑人至今无法呼吸",
                "pubdate": 1591194305,
                "ctime": 1591194305,
                "desc": "美国警察跪杀黑人，一句I can't breathe引发全美暴动，这已经不是第一次暴力执法导致全社会暴乱了。黑人最初以奴隶的身份来到美洲大陆，但是他们在1862年就已经得到解放，为什么一直到今天美国的族群关系依旧这么紧张？为什么黑人怨气那么大？为什么他们混的还是那么惨？作为被压迫的民族，为什么他们却总是被视为“反派”？他们抗争过吗，努力过吗，奋斗过吗？本期#骁话一下#，我们就聊聊为什么美国让黑人无法呼吸。",
                "state": 0,
                "duration": 1086,
                "rights": {
                    "bp": 0,
                    "elec": 0,
                    "download": 0,
                    "movie": 0,
                    "pay": 0,
                    "hd5": 0,
                    "no_reprint": 1,
                    "autoplay": 1,
                    "ugc_pay": 0,
                    "is_cooperation": 0,
                    "ugc_pay_preview": 0,
                    "no_background": 0,
                    "arc_pay": 0,
                    "pay_free_watch": 0
                },
                "owner": {
                    "mid": 10330740,
                    "name": "观察者网",
                    "face": "https://i0.hdslb.com/bfs/face/3d0dba3789065512f5217387ab135a093ae10c45.jpg"
                },
                "stat": {
                    "aid": 883425418,
                    "view": 5083936,
                    "danmaku": 84036,
                    "reply": 23028,
                    "favorite": 92216,
                    "coin": 344489,
                    "share": 43657,
                    "now_rank": 0,
                    "his_rank": 1,
                    "like": 660349,
                    "dislike": 0,
                    "vt": 0,
                    "vv": 5083936,
                    "fav_g": 0,
                    "like_g": 0
                },
                "dynamic": "美国警察跪杀黑人，一句I can't breathe引发全美暴动，这已经不是第一次暴力执法导致​全社会暴乱了。黑人最初以奴隶的身份来到美洲大陆，但是他们在1862年就已经得到解放，为什么一直到今天美国的族群关系依旧这么紧张？为什么黑人怨气那么大？为什么他们混的还是那么惨？作为被压迫的民族，为什么他们却总是被视为“反派”？他们抗争过吗，努力过吗，奋斗过吗？本期#骁话一下#，我们就聊聊为什么美国让黑人无法呼吸。#王骁##美国黑人#",
                "cid": 198318965,
                "dimension": {
                    "width": 1920,
                    "height": 1080,
                    "rotate": 0
                },
                "short_link_v2": "https://b23.tv/BV1BK4y1x7b8",
                "pub_location": "上海",
                "cover43": "",
                "tidv2": 2089,
                "tnamev2": "时政解读",
                "pid_v2": 1010,
                "pid_name_v2": "知识",
                "bvid": "BV1BK4y1x7b8",
                "season_type": 0,
                "is_ogv": false,
                "ogv_info": null,
                "enable_vt": 0,
                "ai_rcmd": null,
                "rcmd_reason": "本期全程高能"
            },
            {
                "aid": 968287625,
                "videos": 1,
                "tid": 138,
                "tname": "搞笑",
                "copyright": 1,
                "pic": "http://i1.hdslb.com/bfs/archive/8f5cd74214ef41c131b3fd480dbe3234f0601fd4.jpg",
                "title": "乱 摸",
                "pubdate": 1590724835,
                "ctime": 1590724863,
                "desc": "bilibli第二届摸瞎大赛！\n喜欢我们之间互动的记得多多三连哦！",
                "state": 0,
                "duration": 356,
                "mission_id": 13398,
                "rights": {
                    "bp": 0,
                    "elec": 0,
                    "download": 0,
                    "movie": 0,
                    "pay": 0,
                    "hd5": 0,
                    "no_reprint": 1,
                    "autoplay": 1,
                    "ugc_pay": 0,
                    "is_cooperation": 0,
                    "ugc_pay_preview": 0,
                    "no_background": 0,
                    "arc_pay": 0,
                    "pay_free_watch": 0
                },
                "owner": {
                    "mid": 1577804,
                    "name": "某幻君",
                    "face": "https://i2.hdslb.com/bfs/face/a7eda2f97431d13f89a43b310262d1b19be83c01.jpg"
                },
                "stat": {
                    "aid": 968287625,
                    "view": 10051558,
                    "danmaku": 43133,
                    "reply": 8043,
                    "favorite": 136921,
                    "coin": 217148,
                    "share": 19607,
                    "now_rank": 0,
                    "his_rank": 4,
                    "like": 567760,
                    "dislike": 0,
                    "vt": 0,
                    "vv": 10051558,
                    "fav_g": 37,
                    "like_g": 38
                },
                "dynamic": "bilibli第二届摸瞎大赛",
                "cid": 196204379,
                "dimension": {
                    "width": 1920,
                    "height": 1080,
                    "rotate": 0
                },
                "short_link_v2": "https://b23.tv/BV1cp4y1X7Lj",
                "cover43": "",
                "tidv2": 2207,
                "tnamev2": "随拍·综合",
                "pid_v2": 1032,
                "pid_name_v2": "其他",
                "bvid": "BV1cp4y1X7Lj",
                "season_type": 0,
                "is_ogv": false,
                "ogv_info": null,
                "enable_vt": 0,
                "ai_rcmd": null,
                "rcmd_reason": "bilibli第二届摸瞎大赛！"
            },
            {
                "aid": 413318807,
                "videos": 1,
                "tid": 24,
                "tname": "MAD·AMV",
                "copyright": 1,
                "pic": "http://i2.hdslb.com/bfs/archive/fb185f23da4d73758c027f88b99d885431a59f06.jpg",
                "title": "用六十部动漫台词唱出一首《稻香》",
                "pubdate": 1590724835,
                "ctime": 1590553292,
                "desc": "BGM：稻香-周杰伦\n【企划】：动漫唯美风、帷幕VMusic\n【策划】：帷幕VMovie\n【总监督】：passの伤痕、散华酱\n【视频监督】：带着蜗牛跑、散华酱\n【音频监督】：ORin-风琴之绫\n【作词】：举烛丶\n【演唱】：CoreTania\n【音频后期】：小朋友阿秋\n【视频后期】：谈情不说爱\n第二期终于做好啦！这个系列真的很花时间，希望大家多多三连支持下我们~\n第一期：BV1EE411s7LB，音频：https://www.bilibili.com/audio/au1617600",
                "state": 0,
                "duration": 214,
                "mission_id": 13472,
                "rights": {
                    "bp": 0,
                    "elec": 0,
                    "download": 0,
                    "movie": 0,
                    "pay": 0,
                    "hd5": 1,
                    "no_reprint": 1,
                    "autoplay": 1,
                    "ugc_pay": 0,
                    "is_cooperation": 1,
                    "ugc_pay_preview": 0,
                    "no_background": 0,
                    "arc_pay": 0,
                    "pay_free_watch": 0
                },
                "owner": {
                    "mid": 1826871,
                    "name": "动漫唯美风",
                    "face": "https://i0.hdslb.com/bfs/face/b011fd2c11c8fd2d3ad2fc74444eb9a66ebfa542.jpg"
                },
                "stat": {
                    "aid": 413318807,
                    "view": 6588164,
                    "danmaku": 26453,
                    "reply": 4095,
                    "favorite": 292129,
                    "coin": 413261,
                    "share": 34084,
                    "now_rank": 0,
                    "his_rank": 7,
                    "like": 462588,
                    "dislike": 0,
                    "vt": 0,
                    "vv": 6588164,
                    "fav_g": 0,
                    "like_g": 0
                },
                "dynamic": "#我的文艺复兴##MAD##周杰伦#\n第二期终于做好啦！这个系列真的很花时间，希望大家三连支持下我们~",
                "cid": 195611516,
                "dimension": {
                    "width": 1920,
                    "height": 1080,
                    "rotate": 0
                },
                "season_id": 3462,
                "short_link_v2": "https://b23.tv/BV16V411C7Jv",
                "pub_location": "美国",
                "cover43": "",
                "tidv2": 2041,
                "tnamev2": "动漫剪辑",
                "pid_v2": 1005,
                "pid_name_v2": "二次元",
                "bvid": "BV16V411C7Jv",
                "season_type": 0,
                "is_ogv": false,
                "ogv_info": null,
                "enable_vt": 0,
                "ai_rcmd": null,
                "rcmd_reason": "高级弹幕和硬币都不要留着过年了"
            },
            {
                "aid": 838369156,
                "videos": 1,
                "tid": 122,
                "tname": "野生技能协会",
                "copyright": 1,
                "pic": "http://i2.hdslb.com/bfs/archive/e8641cd476cb0c58ebcaa404b0c0e6c2c88d54ab.jpg",
                "title": "表白利器  马赛克拼贴照片制作  有字幕",
                "pubdate": 1590974439,
                "ctime": 1590921721,
                "desc": "-",
                "state": 0,
                "duration": 216,
                "mission_id": 13517,
                "rights": {
                    "bp": 0,
                    "elec": 0,
                    "download": 0,
                    "movie": 0,
                    "pay": 0,
                    "hd5": 1,
                    "no_reprint": 1,
                    "autoplay": 1,
                    "ugc_pay": 0,
                    "is_cooperation": 0,
                    "ugc_pay_preview": 0,
                    "no_background": 0,
                    "arc_pay": 0,
                    "pay_free_watch": 0
                },
                "owner": {
                    "mid": 435307801,
                    "name": "TUNE_天宇",
                    "face": "https://i1.hdslb.com/bfs/face/f3978bc49331f0e3f0306169c68583224361dcd9.jpg"
                },
                "stat": {
                    "aid": 838369156,
                    "view": 997792,
                    "danmaku": 431,
                    "reply": 1599,
                    "favorite": 93783,
                    "coin": 37062,
                    "share": 5660,
                    "now_rank": 0,
                    "his_rank": 10,
                    "like": 48406,
                    "dislike": 0,
                    "vt": 0,
                    "vv": 997792,
                    "fav_g": 0,
                    "like_g": 0
                },
                "dynamic": "表白利器  马赛克拼贴照片制作  有字幕\n#野生技术协会##表白##520告白季#",
                "cid": 197198054,
                "dimension": {
                    "width": 1920,
                    "height": 1080,
                    "rotate": 0
                },
                "short_link_v2": "https://b23.tv/BV14g4y1i7Ey",
                "pub_location": "河南",
                "cover43": "",
                "tidv2": 2102,
                "tnamev2": "摄影摄像",
                "pid_v2": 1012,
                "pid_name_v2": "科技数码",
                "bvid": "BV14g4y1i7Ey",
                "season_type": 0,
                "is_ogv": false,
                "ogv_info": null,
                "enable_vt": 0,
                "ai_rcmd": null,
                "rcmd_reason": "收藏夹，出来干活了"
            },
            {
                "aid": 200950560,
                "videos": 1,
                "tid": 214,
                "tname": "田园美食",
                "copyright": 1,
                "pic": "http://i2.hdslb.com/bfs/archive/bd62cc09767ca6541c76c6d502962ec4d4448ab5.jpg",
                "title": "【土豆的花样吃法】农耕之乐，劳作之美，饮食之道——土豆的一生",
                "pubdate": 1591190640,
                "ctime": 1591190640,
                "desc": "我觉得没有人不爱吃土豆的吧！\n一颗土豆大卸八块埋土里等啊等，\n每一块都能结出好多好多小土豆！\n每颗小土豆又能做成土豆烧排骨，酸辣土豆粉，土豆泥、土豆薯片…等等等等……\n你的家乡还有没啥地道的土豆吃法啊？",
                "state": 0,
                "duration": 1044,
                "mission_id": 13544,
                "rights": {
                    "bp": 0,
                    "elec": 0,
                    "download": 0,
                    "movie": 0,
                    "pay": 0,
                    "hd5": 0,
                    "no_reprint": 1,
                    "autoplay": 1,
                    "ugc_pay": 0,
                    "is_cooperation": 0,
                    "ugc_pay_preview": 0,
                    "no_background": 0,
                    "arc_pay": 0,
                    "pay_free_watch": 0
                },
                "owner": {
                    "mid": 19577966,
                    "name": "李子柒",
                    "face": "https://i2.hdslb.com/bfs/face/82d27965dae3b2fe9e52780c6309c7b37ad4cbf2.jpg"
                },
                "stat": {
                    "aid": 200950560,
                    "view": 5359907,
                    "danmaku": 37920,
                    "reply": 8557,
                    "favorite": 32430,
                    "coin": 146460,
                    "share": 23366,
                    "now_rank": 0,
                    "his_rank": 9,
                    "like": 312321,
                    "dislike": 0,
                    "vt": 0,
                    "vv": 5359907,
                    "fav_g": 3,
                    "like_g": 18
                },
                "dynamic": "怎么做都好吃的土豆，吃货们都懂的",
                "cid": 198282486,
                "dimension": {
                    "width": 1920,
                    "height": 1080,
                    "rotate": 0
                },
                "short_link_v2": "https://b23.tv/BV1nz411i7dW",
                "cover43": "",
                "tidv2": 2152,
                "tnamev2": "美食记录",
                "pid_v2": 1020,
                "pid_name_v2": "美食",
                "bvid": "BV1nz411i7dW",
                "season_type": 0,
                "is_ogv": false,
                "ogv_info": null,
                "enable_vt": 0,
                "ai_rcmd": null,
                "rcmd_reason": "应该很少有人能拒绝土豆吧"
            },
            {
                "aid": 753342906,
                "videos": 1,
                "tid": 76,
                "tname": "美食制作",
                "copyright": 1,
                "pic": "http://i2.hdslb.com/bfs/archive/a294d33520dba34abebbb36ad6838c481ea2f890.jpg",
                "title": "为了还原$88一份的肠粉件，炸油条失败了无数遍，做粉皮全靠买课件...",
                "pubdate": 1590844061,
                "ctime": 1590844061,
                "desc": "日更微博【绵羊不只会料理】https://weibo.com/mianyangliaoli\n微信公众号【绵羊料理】有详细的菜谱，打算交作业的同学记得订阅+\n油管同步更新：https://www.youtube.com/c/sheephoho",
                "state": 0,
                "duration": 378,
                "mission_id": 13544,
                "rights": {
                    "bp": 0,
                    "elec": 0,
                    "download": 0,
                    "movie": 0,
                    "pay": 0,
                    "hd5": 0,
                    "no_reprint": 1,
                    "autoplay": 1,
                    "ugc_pay": 0,
                    "is_cooperation": 0,
                    "ugc_pay_preview": 0,
                    "no_background": 0,
                    "arc_pay": 0,
                    "pay_free_watch": 0
                },
                "owner": {
                    "mid": 18202105,
                    "name": "绵羊料理",
                    "face": "https://i1.hdslb.com/bfs/face/54b5c9c2ad7f1baff195090bfd6afa365ef20c37.jpg"
                },
                "stat": {
                    "aid": 753342906,
                    "view": 6345192,
                    "danmaku": 16929,
                    "reply": 4604,
                    "favorite": 36343,
                    "coin": 178002,
                    "share": 10808,
                    "now_rank": 0,
                    "his_rank": 9,
                    "like": 353541,
                    "dislike": 0,
                    "vt": 0,
                    "vv": 6345192,
                    "fav_g": 0,
                    "like_g": 6
                },
                "dynamic": "肠粉和油条真绝配，灵魂的画作也有内味\n不嫌贵，不怕累，绵羊A货工厂...\n一做就废！\n#地道美食大赏##美食##厨艺##料理制作#",
                "cid": 196733960,
                "dimension": {
                    "width": 1920,
                    "height": 1080,
                    "rotate": 0
                },
                "season_id": 134,
                "short_link_v2": "https://b23.tv/BV1Gk4y1r7bk",
                "cover43": "",
                "tidv2": 2149,
                "tnamev2": "美食制作",
                "pid_v2": 1020,
                "pid_name_v2": "美食",
                "bvid": "BV1Gk4y1r7bk",
                "season_type": 0,
                "is_ogv": false,
                "ogv_info": null,
                "enable_vt": 0,
                "ai_rcmd": null,
                "rcmd_reason": "美食UP的百万文案从不令人失望"
            },
            {
                "aid": 883317850,
                "videos": 1,
                "tid": 239,
                "tname": "家居房产",
                "copyright": 1,
                "pic": "http://i1.hdslb.com/bfs/archive/130402a99bba42004e7fccd8ea6a7647372141b2.jpg",
                "title": "脱 离 苦 海",
                "pubdate": 1590811240,
                "ctime": 1590759204,
                "desc": "终于搬完家了，粉丝找到我家住址的事情视频里也有提，希望接下来这一年能过得安心一些。",
                "state": 0,
                "duration": 754,
                "mission_id": 13602,
                "rights": {
                    "bp": 0,
                    "elec": 0,
                    "download": 0,
                    "movie": 0,
                    "pay": 0,
                    "hd5": 0,
                    "no_reprint": 1,
                    "autoplay": 1,
                    "ugc_pay": 0,
                    "is_cooperation": 0,
                    "ugc_pay_preview": 0,
                    "no_background": 0,
                    "arc_pay": 0,
                    "pay_free_watch": 0
                },
                "owner": {
                    "mid": 2206456,
                    "name": "花少北丶",
                    "face": "https://i1.hdslb.com/bfs/face/06c233a0136f738f8f54a08770dc7d484ae45081.jpg"
                },
                "stat": {
                    "aid": 883317850,
                    "view": 8089156,
                    "danmaku": 128321,
                    "reply": 16945,
                    "favorite": 114159,
                    "coin": 343752,
                    "share": 14047,
                    "now_rank": 0,
                    "his_rank": 1,
                    "like": 635027,
                    "dislike": 0,
                    "vt": 0,
                    "vv": 8089156,
                    "fav_g": 4,
                    "like_g": 11
                },
                "dynamic": "等了超久的新家VLOG终于来咯",
                "cid": 196326451,
                "dimension": {
                    "width": 1920,
                    "height": 1080,
                    "rotate": 0
                },
                "short_link_v2": "https://b23.tv/BV1eK4y1t7SN",
                "cover43": "",
                "tidv2": 2197,
                "tnamev2": "其他vlog",
                "pid_v2": 1029,
                "pid_name_v2": "vlog",
                "bvid": "BV1eK4y1t7SN",
                "season_type": 0,
                "is_ogv": false,
                "ogv_info": null,
                "enable_vt": 0,
                "ai_rcmd": null,
                "rcmd_reason": "河北首富乔迁之喜"
            }
        ]
    }
}