{
    "code": 0,
    "message": "OK",
    "ttl": 1,
    "data": {
        "config": {
            "id": 68,
            "type": "weekly_selected",
            "number": 64,
            "subject": "周杰伦Mojito",
            "stime": 1591286400,
            "etime": 1591891199,
            "status": 2,
            "name": "2020第64期 06.05 - 06.11",
            "label": "第64期(0612更新)",
            "hint": "",
            "color": 0,
            "cover": "",
            "share_title": "周杰伦Mojito | B站每周必看第64期",
            "share_subtitle": "那个男人从古巴端着Mojito鸡尾酒来了~",
            "media_id": 986993088
        },
        "reminder": "每周五晚18:00更新",
        "list": [
            {
                "aid": 883409884,
                "videos": 1,
                "tid": 193,
                "tname": "MV",
                "copyright": 1,
                "pic": "http://i2.hdslb.com/bfs/archive/722964117f0380b7b6c0a0fbe77028151b17472a.jpg",
                "title": "【官方MV】Mojito - 周杰伦",
                "pubdate": 1591896097,
                "ctime": 1591894400,
                "desc": "#bilibili音乐 · 官方发布#\n那个男人从古巴端着Mojito鸡尾酒来了~\n周杰伦《Mojito》MV首播！\n更多官方内容，请关注 @大家的音乐姬\n\n#应版权方要求，该作品暂不开放二创#",
                "state": 0,
                "duration": 189,
                "rights": {
                    "bp": 0,
                    "elec": 0,
                    "download": 0,
                    "movie": 0,
                    "pay": 0,
                    "hd5": 1,
                    "no_reprint": 1,
                    "autoplay": 1,
                    "ugc_pay": 0,
                    "is_cooperation": 0,
                    "ugc_pay_preview": 0,
                    "no_background": 1,
                    "arc_pay": 0,
                    "pay_free_watch": 0
                },
                "owner": {
                    "mid": 32708543,
                    "name": "大家的音乐机",
                    "face": "https://i2.hdslb.com/bfs/face/927600c9ac351375bc63fa6e0ce06e7ed7a8bbd3.jpg"
                },
                "stat": {
                    "aid": 883409884,
                    "view": 28216350,
                    "danmaku": 170940,
                    "reply": 61379,
                    "favorite": 532050,
                    "coin": 744158,
                    "share": 301333,
                    "now_rank": 0,
                    "his_rank": 1,
                    "like": 1134302,
                    "dislike": 0,
                    "vt": 0,
                    "vv": 28216350,
                    "fav_g": 35,
                    "like_g": 44
                },
                "dynamic": "#bilibili音乐 · 官方发布#\n那个男人从古巴端着Mojito鸡尾酒来了~\n周杰伦《Mojito》MV首播！\n更多官方内容，请关注 @大家的音乐姬",
                "cid": 201056987,
                "dimension": {
                    "width": 1920,
                    "height": 1080,
                    "rotate": 0
                },
                "short_link_v2": "https://b23.tv/BV1PK4y1b7dt",
                "cover43": "",
                "tidv2": 2017,
                "tnamev2": "MV",
                "pid_v2": 1003,
                "pid_name_v2": "音乐",
                "bvid": "BV1PK4y1b7dt",
                "season_type": 0,
                "is_ogv": false,
                "ogv_info": null,
                "enable_vt": 0,
                "ai_rcmd": null,
                "rcmd_reason": "这世界已经因为周董甜得过头"
            },
            {
                "aid": 840988362,
                "videos": 1,
                "tid": 17,
                "tname": "单机游戏",
                "copyright": 1,
                "pic": "http://i2.hdslb.com/bfs/archive/166a9ce666c0f5e794341131a4ab1c269466dacd.jpg",
                "title": "鬼：别爱我，没结果！",
                "pubdate": 1591869657,
                "ctime": 1591789449,
                "desc": "相关游戏：《白色情人节》\n封面素材来源于微电影:亲切的贞子\n《白色情人节》在这一部里并没有把故事彻底交代清楚，我用自己的理解修改了一些剧情，让其变成一个完整的故事，所以与原本的游戏剧情可能略微有些出入，望理解~\n如果喜欢视频的小伙伴请务必支持一下，三连或弹幕或评论，小盒感激不尽！\n三连速度=更新速度！！！",
                "state": 0,
                "duration": 535,
                "mission_id": 13414,
                "rights": {
                    "bp": 0,
                    "elec": 0,
                    "download": 0,
                    "movie": 0,
                    "pay": 0,
                    "hd5": 0,
                    "no_reprint": 1,
                    "autoplay": 1,
                    "ugc_pay": 0,
                    "is_cooperation": 0,
                    "ugc_pay_preview": 0,
                    "no_background": 0,
                    "arc_pay": 0,
                    "pay_free_watch": 0
                },
                "owner": {
                    "mid": 10874201,
                    "name": "盒子酸奶",
                    "face": "https://i2.hdslb.com/bfs/face/eeb7692fe046da4b9bc88788af68c243ed585546.jpg"
                },
                "stat": {
                    "aid": 840988362,
                    "view": 3606276,
                    "danmaku": 7994,
                    "reply": 2172,
                    "favorite": 20502,
                    "coin": 30623,
                    "share": 4451,
                    "now_rank": 0,
                    "his_rank": 5,
                    "like": 137096,
                    "dislike": 0,
                    "vt": 0,
                    "vv": 3606276,
                    "fav_g": 0,
                    "like_g": 0
                },
                "dynamic": "9个小时=9分钟！！！！《白色情人节》！\n如果喜欢视频的小伙伴请务必支持一下，三连或弹幕或评论，小盒感激不尽！三连速度=更新速度！！！\n#沙雕剧场##搞笑##单机游戏#",
                "cid": 200623398,
                "dimension": {
                    "width": 1920,
                    "height": 1080,
                    "rotate": 0
                },
                "short_link_v2": "https://b23.tv/BV1554y1B7F7",
                "cover43": "",
                "tidv2": 2079,
                "tnamev2": "其他游戏",
                "pid_v2": 1008,
                "pid_name_v2": "游戏",
                "bvid": "BV1554y1B7F7",
                "season_type": 0,
                "is_ogv": false,
                "ogv_info": null,
                "enable_vt": 0,
                "ai_rcmd": null,
                "rcmd_reason": "建议改成：分头行动"
            },
            {
                "aid": 498396567,
                "videos": 1,
                "tid": 21,
                "tname": "日常",
                "copyright": 1,
                "pic": "http://i2.hdslb.com/bfs/archive/187a9795ece4357ea3cf4c10ca7931ff56307dcf.jpg",
                "title": "当我用法海的语气跟爸妈说话时！大威天龙！！",
                "pubdate": 1591849814,
                "ctime": 1591849817,
                "desc": "-",
                "state": 0,
                "duration": 85,
                "mission_id": 13568,
                "rights": {
                    "bp": 0,
                    "elec": 0,
                    "download": 0,
                    "movie": 0,
                    "pay": 0,
                    "hd5": 1,
                    "no_reprint": 1,
                    "autoplay": 1,
                    "ugc_pay": 0,
                    "is_cooperation": 0,
                    "ugc_pay_preview": 0,
                    "no_background": 0,
                    "arc_pay": 0,
                    "pay_free_watch": 0
                },
                "owner": {
                    "mid": 587618113,
                    "name": "姚姚不是P30",
                    "face": "https://i1.hdslb.com/bfs/face/f7dfb91a42f081980339cde0874f56ddcc9750b6.jpg"
                },
                "stat": {
                    "aid": 498396567,
                    "view": 5821492,
                    "danmaku": 6374,
                    "reply": 5563,
                    "favorite": 26445,
                    "coin": 37666,
                    "share": 38340,
                    "now_rank": 0,
                    "his_rank": 45,
                    "like": 275449,
                    "dislike": 0,
                    "vt": 0,
                    "vv": 5821492,
                    "fav_g": 0,
                    "like_g": 0
                },
                "dynamic": "#全能打卡挑战# #搞笑# #沙雕#",
                "cid": 200717525,
                "dimension": {
                    "width": 1080,
                    "height": 1920,
                    "rotate": 0
                },
                "short_link_v2": "https://b23.tv/BV1fK411H7ez",
                "cover43": "",
                "tidv2": 2154,
                "tnamev2": "剧情演绎",
                "pid_v2": 1021,
                "pid_name_v2": "小剧场",
                "bvid": "BV1fK411H7ez",
                "season_type": 0,
                "is_ogv": false,
                "ogv_info": null,
                "enable_vt": 0,
                "ai_rcmd": null,
                "rcmd_reason": "雕虫小技竟敢班门弄斧，大威天龙！"
            },
            {
                "aid": 200887543,
                "videos": 1,
                "tid": 22,
                "tname": "鬼畜调教",
                "copyright": 1,
                "pic": "http://i0.hdslb.com/bfs/archive/388f23f53d3355af859415d04140809ae4de490c.jpg",
                "title": "大家好我是周淑怡，今天正式入驻B站啦！一首《拍桌少女》送给大家！",
                "pubdate": 1591437013,
                "ctime": 1591437014,
                "desc": "观众姥爷好，我是周淑怡，之前老看B站没有内味，所以我也来B站啦，大家记得关注我，一定要一键三连哦！！！！Ps：在想要不要做一期读评论！！",
                "state": 0,
                "duration": 113,
                "rights": {
                    "bp": 0,
                    "elec": 0,
                    "download": 0,
                    "movie": 0,
                    "pay": 0,
                    "hd5": 1,
                    "no_reprint": 1,
                    "autoplay": 1,
                    "ugc_pay": 0,
                    "is_cooperation": 1,
                    "ugc_pay_preview": 0,
                    "no_background": 0,
                    "arc_pay": 0,
                    "pay_free_watch": 0
                },
                "owner": {
                    "mid": 306895558,
                    "name": "不2不叫周淑怡",
                    "face": "http://i0.hdslb.com/bfs/face/93a7371c185067d166126322cf768702d7c049d9.jpg"
                },
                "stat": {
                    "aid": 200887543,
                    "view": 10069490,
                    "danmaku": 58600,
                    "reply": 36642,
                    "favorite": 51964,
                    "coin": 148576,
                    "share": 34089,
                    "now_rank": 0,
                    "his_rank": 8,
                    "like": 681514,
                    "dislike": 0,
                    "vt": 0,
                    "vv": 10069490,
                    "fav_g": 0,
                    "like_g": 2
                },
                "dynamic": "大家好我是周淑怡，今天正式入驻B站啦！",
                "cid": 199179826,
                "dimension": {
                    "width": 1920,
                    "height": 1080,
                    "rotate": 0
                },
                "short_link_v2": "https://b23.tv/BV1Fz411i75r",
                "cover43": "",
                "tidv2": 2059,
                "tnamev2": "鬼畜调教",
                "pid_v2": 1007,
                "pid_name_v2": "鬼畜",
                "bvid": "BV1Fz411i75r",
                "season_type": 0,
                "is_ogv": false,
                "ogv_info": null,
                "enable_vt": 0,
                "ai_rcmd": null,
                "rcmd_reason": "初来乍到就送鬼畜，太有诚意了"
            },
            {
                "aid": 583471642,
                "videos": 1,
                "tid": 138,
                "tname": "搞笑",
                "copyright": 1,
                "pic": "http://i0.hdslb.com/bfs/archive/423f5f93de1f020f7128c4d494a26c61ddf7bf9a.jpg",
                "title": "传 闻 中 的 花 少 北",
                "pubdate": 1591715544,
                "ctime": 1591715544,
                "desc": "对不起 蕾皇和马哥没有台词\n\n不要刷cp不要刷cp不要刷cp!\n\n青春由不得你系列：\n初评级：BV15g4y1B7Rr\n争C位 ：BV1hz4y1R7ei",
                "state": 0,
                "duration": 112,
                "mission_id": 13651,
                "rights": {
                    "bp": 0,
                    "elec": 0,
                    "download": 0,
                    "movie": 0,
                    "pay": 0,
                    "hd5": 1,
                    "no_reprint": 1,
                    "autoplay": 1,
                    "ugc_pay": 0,
                    "is_cooperation": 0,
                    "ugc_pay_preview": 0,
                    "no_background": 0,
                    "arc_pay": 0,
                    "pay_free_watch": 0
                },
                "owner": {
                    "mid": 439112604,
                    "name": "异瞳乱麻",
                    "face": "https://i0.hdslb.com/bfs/face/e71b1d7f0b044c66f528b4c12ba4b0b74f7bebbf.jpg"
                },
                "stat": {
                    "aid": 583471642,
                    "view": 2104416,
                    "danmaku": 7012,
                    "reply": 1737,
                    "favorite": 40616,
                    "coin": 18566,
                    "share": 18127,
                    "now_rank": 0,
                    "his_rank": 0,
                    "like": 149860,
                    "dislike": 0,
                    "vt": 0,
                    "vv": 2104416,
                    "fav_g": 0,
                    "like_g": 0
                },
                "dynamic": "#花少北##北子哥##搞笑#",
                "cid": 200402938,
                "dimension": {
                    "width": 1920,
                    "height": 1080,
                    "rotate": 0
                },
                "short_link_v2": "https://b23.tv/BV1Fz4y1R7A3",
                "cover43": "",
                "tidv2": 2060,
                "tnamev2": "鬼畜剧场",
                "pid_v2": 1007,
                "pid_name_v2": "鬼畜",
                "bvid": "BV1Fz4y1R7A3",
                "season_type": 0,
                "is_ogv": false,
                "ogv_info": null,
                "enable_vt": 0,
                "ai_rcmd": null,
                "rcmd_reason": "魔幻剪辑，我裂开了"
            },
            {
                "aid": 883487447,
                "videos": 1,
                "tid": 31,
                "tname": "翻唱",
                "copyright": 1,
                "pic": "http://i0.hdslb.com/bfs/archive/d040103ce545ce5d65db3a8a3d60d80d25a8b893.jpg",
                "title": "《Numb》——4K超清  翻唱",
                "pubdate": 1591357628,
                "ctime": 1591357628,
                "desc": "原唱：Linkin Park\n翻唱：怪物彼岸花\n后期：麦普多\n录音设备：MK4电容麦&Fireface UC声卡\n拍摄设备：EOS 200D II\n这期筹备了一个月左右，希望大家能够给个三连\n非常感谢粉丝们这么长时间以来的支持。",
                "state": 0,
                "duration": 204,
                "rights": {
                    "bp": 0,
                    "elec": 0,
                    "download": 0,
                    "movie": 0,
                    "pay": 0,
                    "hd5": 1,
                    "no_reprint": 1,
                    "autoplay": 1,
                    "ugc_pay": 0,
                    "is_cooperation": 0,
                    "ugc_pay_preview": 0,
                    "no_background": 0,
                    "arc_pay": 0,
                    "pay_free_watch": 0
                },
                "owner": {
                    "mid": 11299160,
                    "name": "独立游戏老炮",
                    "face": "https://i2.hdslb.com/bfs/face/ece0e157d05bdf00ef324c0f4b8bd94b91f758f3.jpg"
                },
                "stat": {
                    "aid": 883487447,
                    "view": 16197386,
                    "danmaku": 51414,
                    "reply": 24868,
                    "favorite": 257724,
                    "coin": 769799,
                    "share": 50390,
                    "now_rank": 0,
                    "his_rank": 2,
                    "like": 1146514,
                    "dislike": 0,
                    "vt": 0,
                    "vv": 16197386,
                    "fav_g": 0,
                    "like_g": 4
                },
                "dynamic": "这期我希望大家能够给我三连\n#怪物彼岸花##欧美音乐##歌手#",
                "cid": 198925422,
                "dimension": {
                    "width": 3840,
                    "height": 2160,
                    "rotate": 0
                },
                "season_id": 1029269,
                "short_link_v2": "https://b23.tv/BV1mK4y1x7Mb",
                "cover43": "",
                "tidv2": 2020,
                "tnamev2": "翻唱",
                "pid_v2": 1003,
                "pid_name_v2": "音乐",
                "bvid": "BV1mK4y1x7Mb",
                "season_type": 0,
                "is_ogv": false,
                "ogv_info": null,
                "enable_vt": 0,
                "ai_rcmd": null,
                "rcmd_reason": "一起点燃音乐区的沙雕气质"
            },
            {
                "aid": 840881096,
                "videos": 2,
                "tid": 17,
                "tname": "单机游戏",
                "copyright": 1,
                "pic": "http://i1.hdslb.com/bfs/archive/593331af5e04d2304705e62950d50921dad314dd.jpg",
                "title": "【中字】索尼PlayStation 5线上发布会",
                "pubdate": 1591911520,
                "ctime": 1591911520,
                "desc": "索尼PlayStation5线上发布会，见证游戏未来之形。\n*播放详情页打开CC字幕，选择中文（中国），即可显示字幕。",
                "state": 0,
                "duration": 4825,
                "rights": {
                    "bp": 0,
                    "elec": 0,
                    "download": 0,
                    "movie": 0,
                    "pay": 0,
                    "hd5": 0,
                    "no_reprint": 0,
                    "autoplay": 1,
                    "ugc_pay": 0,
                    "is_cooperation": 1,
                    "ugc_pay_preview": 0,
                    "no_background": 0,
                    "arc_pay": 0,
                    "pay_free_watch": 0
                },
                "owner": {
                    "mid": 32708316,
                    "name": "下班被游戏打",
                    "face": "https://i0.hdslb.com/bfs/face/55ccf15b82b1387cfa599c48aaab6388ae855f55.jpg"
                },
                "stat": {
                    "aid": 840881096,
                    "view": 1641276,
                    "danmaku": 30050,
                    "reply": 5770,
                    "favorite": 17873,
                    "coin": 14182,
                    "share": 30861,
                    "now_rank": 0,
                    "his_rank": 9,
                    "like": 33694,
                    "dislike": 0,
                    "vt": 0,
                    "vv": 1641276,
                    "fav_g": 0,
                    "like_g": 0
                },
                "dynamic": "#PS5##游戏资讯##PS4# 游戏未来，近在咫尺。PS5发布，来看有哪些猛料！",
                "cid": 201086287,
                "dimension": {
                    "width": 0,
                    "height": 0,
                    "rotate": 0
                },
                "short_link_v2": "https://b23.tv/BV1T54y1Q7f8",
                "pub_location": "上海",
                "cover43": "",
                "tidv2": 2066,
                "tnamev2": "单机主机类游戏",
                "pid_v2": 1008,
                "pid_name_v2": "游戏",
                "bvid": "BV1T54y1Q7f8",
                "season_type": 0,
                "is_ogv": false,
                "ogv_info": null,
                "enable_vt": 0,
                "ai_rcmd": null,
                "rcmd_reason": "索尼次世代“路由器”PS5来袭！大作保驾护航！"
            },
            {
                "aid": 413476970,
                "videos": 2,
                "tid": 203,
                "tname": "热点",
                "copyright": 1,
                "pic": "http://i1.hdslb.com/bfs/archive/5b1d34e5b34afac15a44811ea8afa630dd15d444.jpg",
                "title": "耿爽卸任外交部发言人  “耿直爽快”，江湖再见！",
                "pubdate": 1591344735,
                "ctime": 1591344735,
                "desc": "6月5日，作为外交部发言人的耿爽最后一次主持外交部例行记者会。他同时宣布，将不再担任外交部新闻司副司长、发言人。一起回顾这些年他的妙语连珠、犀利反驳和“耿式”笑容！",
                "state": 0,
                "duration": 119,
                "rights": {
                    "bp": 0,
                    "elec": 0,
                    "download": 0,
                    "movie": 0,
                    "pay": 0,
                    "hd5": 1,
                    "no_reprint": 1,
                    "autoplay": 1,
                    "ugc_pay": 0,
                    "is_cooperation": 0,
                    "ugc_pay_preview": 0,
                    "no_background": 0,
                    "arc_pay": 0,
                    "pay_free_watch": 0
                },
                "owner": {
                    "mid": 456664753,
                    "name": "央视新闻",
                    "face": "https://i1.hdslb.com/bfs/face/e649df706cdb30c0f300e755f0330faeaf6b498b.jpg"
                },
                "stat": {
                    "aid": 413476970,
                    "view": 2320085,
                    "danmaku": 26140,
                    "reply": 5942,
                    "favorite": 32474,
                    "coin": 69677,
                    "share": 15588,
                    "now_rank": 0,
                    "his_rank": 8,
                    "like": 206544,
                    "dislike": 0,
                    "vt": 0,
                    "vv": 2320085,
                    "fav_g": 0,
                    "like_g": 0
                },
                "dynamic": "6月5日，作为外交部发言人的耿爽最后一次主持外交部例行记者会。他同时宣布，将不再担任外交部新闻司副司长、发言人。一起回顾这些年他的妙语连珠、犀利反驳和“耿式”笑容！#外交##耿爽##央视新闻#",
                "cid": 198874148,
                "dimension": {
                    "width": 1080,
                    "height": 1870,
                    "rotate": 0
                },
                "short_link_v2": "https://b23.tv/BV1UV411r7MR",
                "cover43": "",
                "tidv2": 2089,
                "tnamev2": "时政解读",
                "pid_v2": 1010,
                "pid_name_v2": "知识",
                "bvid": "BV1UV411r7MR",
                "season_type": 0,
                "is_ogv": false,
                "ogv_info": null,
                "enable_vt": 0,
                "ai_rcmd": null,
                "rcmd_reason": "耿直爽快，后会有期！"
            },
            {
                "aid": 795929775,
                "videos": 1,
                "tid": 138,
                "tname": "搞笑",
                "copyright": 1,
                "pic": "http://i0.hdslb.com/bfs/archive/7f143480a8cc0326795a619d6b4ddf9b5bb683e5.jpg",
                "title": "女顾客竟然提出了这种要求！【摆摊系列】",
                "pubdate": 1591502447,
                "ctime": 1591502473,
                "desc": "委托人扮演者：北酱c\n男神扮演者：心灵侦探明柏辰\n更多生活中的凉风请参见→微博@凉风Kaze",
                "state": 0,
                "duration": 229,
                "rights": {
                    "bp": 0,
                    "elec": 0,
                    "download": 0,
                    "movie": 0,
                    "pay": 0,
                    "hd5": 1,
                    "no_reprint": 1,
                    "autoplay": 1,
                    "ugc_pay": 0,
                    "is_cooperation": 0,
                    "ugc_pay_preview": 0,
                    "no_background": 0,
                    "arc_pay": 0,
                    "pay_free_watch": 0
                },
                "owner": {
                    "mid": 14110780,
                    "name": "凉风Kaze",
                    "face": "https://i1.hdslb.com/bfs/face/e0cc906bb531195e9ee9f3b575effdd2b056eaea.jpg"
                },
                "stat": {
                    "aid": 795929775,
                    "view": 3874452,
                    "danmaku": 19660,
                    "reply": 8374,
                    "favorite": 27473,
                    "coin": 94725,
                    "share": 7846,
                    "now_rank": 0,
                    "his_rank": 6,
                    "like": 376582,
                    "dislike": 0,
                    "vt": 0,
                    "vv": 3874452,
                    "fav_g": 0,
                    "like_g": 0
                },
                "dynamic": "这期不是广告，是凉仔正在尝试的新节目，反响好的话可能会做成系列，欢迎提建议以及三连。",
                "cid": 199397711,
                "dimension": {
                    "width": 1920,
                    "height": 1080,
                    "rotate": 0
                },
                "short_link_v2": "https://b23.tv/BV1cC4y1a7wP",
                "cover43": "",
                "tidv2": 2154,
                "tnamev2": "剧情演绎",
                "pid_v2": 1021,
                "pid_name_v2": "小剧场",
                "bvid": "BV1cC4y1a7wP",
                "season_type": 0,
                "is_ogv": false,
                "ogv_info": null,
                "enable_vt": 0,
                "ai_rcmd": null,
                "rcmd_reason": "凉风进军情景剧了"
            },
            {
                "aid": 540993302,
                "videos": 1,
                "tid": 31,
                "tname": "翻唱",
                "copyright": 1,
                "pic": "http://i1.hdslb.com/bfs/archive/6ca89ea674c5c67b03ee92987a32859b48242dbf.jpg",
                "title": "清唱，他不爱我",
                "pubdate": 1591678495,
                "ctime": 1591678495,
                "desc": "-",
                "state": 0,
                "duration": 215,
                "rights": {
                    "bp": 0,
                    "elec": 0,
                    "download": 0,
                    "movie": 0,
                    "pay": 0,
                    "hd5": 0,
                    "no_reprint": 1,
                    "autoplay": 1,
                    "ugc_pay": 0,
                    "is_cooperation": 0,
                    "ugc_pay_preview": 0,
                    "no_background": 0,
                    "arc_pay": 0,
                    "pay_free_watch": 0
                },
                "owner": {
                    "mid": 605205509,
                    "name": "广西吴恩师",
                    "face": "http://i2.hdslb.com/bfs/face/55865e2847f84f0361e42d1593adde0239a6fbd6.jpg"
                },
                "stat": {
                    "aid": 540993302,
                    "view": 9372980,
                    "danmaku": 17638,
                    "reply": 9677,
                    "favorite": 121810,
                    "coin": 442667,
                    "share": 100620,
                    "now_rank": 0,
                    "his_rank": 7,
                    "like": 570645,
                    "dislike": 0,
                    "vt": 0,
                    "vv": 9372980,
                    "fav_g": 0,
                    "like_g": 1
                },
                "dynamic": "#吉他弹唱#",
                "cid": 200221044,
                "dimension": {
                    "width": 1280,
                    "height": 720,
                    "rotate": 0
                },
                "short_link_v2": "https://b23.tv/BV1Vi4y1x7bk",
                "cover43": "",
                "tidv2": 2020,
                "tnamev2": "翻唱",
                "pid_v2": 1003,
                "pid_name_v2": "音乐",
                "bvid": "BV1Vi4y1x7bk",
                "season_type": 0,
                "is_ogv": false,
                "ogv_info": null,
                "enable_vt": 0,
                "ai_rcmd": null,
                "rcmd_reason": "被神仙吻过的声音"
            },
            {
                "aid": 370979589,
                "videos": 1,
                "tid": 171,
                "tname": "电子竞技",
                "copyright": 1,
                "pic": "http://i0.hdslb.com/bfs/archive/daa0e712623e120eaf9993f840dc41078afbcee0.jpg",
                "title": "Uzi | 大家好，我是你们的枣子哥简自豪，今天正式入驻B站啦！",
                "pubdate": 1591357509,
                "ctime": 1591357510,
                "desc": "大家好，我是Uzi，今天我正式入驻B站啦。哔哩哔哩的各位召唤师们，想和我一起组队上分，没事儿聊聊退休生活的，快关注我吧！\nBgm：\nFighting Against Myself-Vladimir Sterzer\nWhisper of Stream - a_hisa\nEmpires-Ruelle",
                "state": 0,
                "duration": 95,
                "rights": {
                    "bp": 0,
                    "elec": 0,
                    "download": 0,
                    "movie": 0,
                    "pay": 0,
                    "hd5": 1,
                    "no_reprint": 1,
                    "autoplay": 1,
                    "ugc_pay": 0,
                    "is_cooperation": 0,
                    "ugc_pay_preview": 0,
                    "no_background": 0,
                    "arc_pay": 0,
                    "pay_free_watch": 0
                },
                "owner": {
                    "mid": 42619059,
                    "name": "Uzi",
                    "face": "https://i0.hdslb.com/bfs/face/25380ddbcc5609892121bef738b14a6931b1a4ac.jpg"
                },
                "stat": {
                    "aid": 370979589,
                    "view": 12104295,
                    "danmaku": 47921,
                    "reply": 62060,
                    "favorite": 219087,
                    "coin": 977046,
                    "share": 48206,
                    "now_rank": 0,
                    "his_rank": 1,
                    "like": 1082533,
                    "dislike": 0,
                    "vt": 0,
                    "vv": 12104295,
                    "fav_g": 0,
                    "like_g": 0
                },
                "dynamic": "#UZI##小狗##RNG#大家好，我是Uzi，今天我正式入驻B站啦！",
                "cid": 198835779,
                "dimension": {
                    "width": 1920,
                    "height": 1080,
                    "rotate": 0
                },
                "short_link_v2": "https://b23.tv/BV15Z4y1H7jh",
                "cover43": "",
                "tidv2": 2070,
                "tnamev2": "MOBA游戏",
                "pid_v2": 1008,
                "pid_name_v2": "游戏",
                "bvid": "BV15Z4y1H7jh",
                "season_type": 0,
                "is_ogv": false,
                "ogv_info": null,
                "enable_vt": 0,
                "ai_rcmd": null,
                "rcmd_reason": "以后一起在B站玩耍呀"
            },
            {
                "aid": 668435686,
                "videos": 1,
                "tid": 124,
                "tname": "社科·法律·心理",
                "copyright": 1,
                "pic": "http://i2.hdslb.com/bfs/archive/1e8b59b0f33aca0a7aa0abb635fbf45dd8985707.jpg",
                "title": "【罗翔】株连九族还不够，还要株十族？",
                "pubdate": 1591675233,
                "ctime": 1591665580,
                "desc": "株连九族是从哪个朝代开始的？九族是哪九族？方孝孺是不是愚忠？",
                "state": 0,
                "duration": 690,
                "mission_id": 13695,
                "rights": {
                    "bp": 0,
                    "elec": 0,
                    "download": 0,
                    "movie": 0,
                    "pay": 0,
                    "hd5": 1,
                    "no_reprint": 1,
                    "autoplay": 1,
                    "ugc_pay": 0,
                    "is_cooperation": 0,
                    "ugc_pay_preview": 0,
                    "no_background": 0,
                    "arc_pay": 0,
                    "pay_free_watch": 0
                },
                "owner": {
                    "mid": 517327498,
                    "name": "罗翔说刑法",
                    "face": "https://i1.hdslb.com/bfs/face/4e5d0a51273fe3f8fabc700b6a71bb8a38c9e21e.jpg"
                },
                "stat": {
                    "aid": 668435686,
                    "view": 2265751,
                    "danmaku": 37024,
                    "reply": 18745,
                    "favorite": 14835,
                    "coin": 43936,
                    "share": 5070,
                    "now_rank": 0,
                    "his_rank": 10,
                    "like": 189363,
                    "dislike": 0,
                    "vt": 0,
                    "vv": 2265751,
                    "fav_g": 0,
                    "like_g": 0
                },
                "dynamic": "#罗翔##刑法##厚大#",
                "cid": 200158644,
                "dimension": {
                    "width": 1920,
                    "height": 1080,
                    "rotate": 0
                },
                "short_link_v2": "https://b23.tv/BV1ea4y1v7Ho",
                "pub_location": "北京",
                "cover43": "",
                "tidv2": 2090,
                "tnamev2": "人文历史",
                "pid_v2": 1010,
                "pid_name_v2": "知识",
                "bvid": "BV1ea4y1v7Ho",
                "season_type": 0,
                "is_ogv": false,
                "ogv_info": null,
                "enable_vt": 0,
                "ai_rcmd": null,
                "rcmd_reason": "和罗翔老师一起，做法治之光"
            },
            {
                "aid": 838499147,
                "videos": 1,
                "tid": 17,
                "tname": "单机游戏",
                "copyright": 1,
                "pic": "http://i0.hdslb.com/bfs/archive/2a6c06ffb0fd37433ce1ada6e837ee804c164de9.jpg",
                "title": "情同手足",
                "pubdate": 1591416015,
                "ctime": 1591395732,
                "desc": "游戏：Super Bunny Man",
                "state": 0,
                "duration": 774,
                "mission_id": 13415,
                "rights": {
                    "bp": 0,
                    "elec": 0,
                    "download": 0,
                    "movie": 0,
                    "pay": 0,
                    "hd5": 0,
                    "no_reprint": 1,
                    "autoplay": 1,
                    "ugc_pay": 0,
                    "is_cooperation": 1,
                    "ugc_pay_preview": 0,
                    "no_background": 0,
                    "arc_pay": 0,
                    "pay_free_watch": 0
                },
                "owner": {
                    "mid": 1577804,
                    "name": "某幻君",
                    "face": "https://i2.hdslb.com/bfs/face/a7eda2f97431d13f89a43b310262d1b19be83c01.jpg"
                },
                "stat": {
                    "aid": 838499147,
                    "view": 10332097,
                    "danmaku": 80571,
                    "reply": 10543,
                    "favorite": 121290,
                    "coin": 253843,
                    "share": 53411,
                    "now_rank": 0,
                    "his_rank": 3,
                    "like": 592565,
                    "dislike": 0,
                    "vt": 0,
                    "vv": 10332097,
                    "fav_g": 14,
                    "like_g": 12
                },
                "dynamic": "情同手足",
                "cid": 199071579,
                "dimension": {
                    "width": 1920,
                    "height": 1080,
                    "rotate": 0
                },
                "short_link_v2": "https://b23.tv/BV1Tg4y1q7iK",
                "cover43": "",
                "tidv2": 2060,
                "tnamev2": "鬼畜剧场",
                "pid_v2": 1007,
                "pid_name_v2": "鬼畜",
                "bvid": "BV1Tg4y1q7iK",
                "season_type": 0,
                "is_ogv": false,
                "ogv_info": null,
                "enable_vt": 0,
                "ai_rcmd": null,
                "rcmd_reason": "梅开二度好兄弟"
            },
            {
                "aid": 540903597,
                "videos": 1,
                "tid": 137,
                "tname": "明星综合",
                "copyright": 1,
                "pic": "http://i1.hdslb.com/bfs/archive/f5973ecc23fe679fb6833ae013a30debc7a5593a.jpg",
                "title": "【贝爷】探索者们，我开通B站账号了！让我们一起永不放弃！",
                "pubdate": 1591348290,
                "ctime": 1591348290,
                "desc": "很高兴来到bilibili！",
                "state": 0,
                "duration": 20,
                "rights": {
                    "bp": 0,
                    "elec": 0,
                    "download": 0,
                    "movie": 0,
                    "pay": 0,
                    "hd5": 1,
                    "no_reprint": 1,
                    "autoplay": 1,
                    "ugc_pay": 0,
                    "is_cooperation": 0,
                    "ugc_pay_preview": 0,
                    "no_background": 0,
                    "arc_pay": 0,
                    "pay_free_watch": 0
                },
                "owner": {
                    "mid": 515015078,
                    "name": "BearGrylls贝爷",
                    "face": "https://i2.hdslb.com/bfs/face/651ebb8897473a1f591bcef0b11c65e906a63bcd.jpg"
                },
                "stat": {
                    "aid": 540903597,
                    "view": 10407653,
                    "danmaku": 28136,
                    "reply": 20415,
                    "favorite": 108013,
                    "coin": 162153,
                    "share": 23201,
                    "now_rank": 0,
                    "his_rank": 9,
                    "like": 793576,
                    "dislike": 0,
                    "vt": 0,
                    "vv": 10407653,
                    "fav_g": 53,
                    "like_g": 19
                },
                "dynamic": "#荒野求生##贝爷##永不放弃#各位探索者，我是贝尔·格里尔斯，以后你们可以在bilibili上和我交流生存技巧和窍门了，还是那句话，永不放弃！",
                "cid": 404674312,
                "dimension": {
                    "width": 1920,
                    "height": 1080,
                    "rotate": 0
                },
                "short_link_v2": "https://b23.tv/BV1Ri4y1s7Xq",
                "first_frame": "http://i0.hdslb.com/bfs/storyff/n210908a21g8ss47koafnz35fa4ckahj_firsti.jpg",
                "cover43": "",
                "tidv2": 2126,
                "tnamev2": "户外探险",
                "pid_v2": 1016,
                "pid_name_v2": "户外潮流",
                "bvid": "BV1Ri4y1s7Xq",
                "season_type": 0,
                "is_ogv": false,
                "ogv_info": null,
                "enable_vt": 0,
                "ai_rcmd": null,
                "rcmd_reason": "B站新晋美食区一哥?"
            },
            {
                "aid": 540877670,
                "videos": 2,
                "tid": 59,
                "tname": "演奏",
                "copyright": 1,
                "pic": "http://i1.hdslb.com/bfs/archive/8590557d15e0da02dd283306358d8c69fc462ccb.jpg",
                "title": "注入魔法：嗷呜！让一百只狗狗唱老城之路",
                "pubdate": 1591615981,
                "ctime": 1591615981,
                "desc": "汪！我们用一百只狗狗的叫声重编了Lil Nas X的老城之路（OLD TOWN ROAD）\n※补投稿件",
                "state": 0,
                "duration": 707,
                "mission_id": 13651,
                "rights": {
                    "bp": 0,
                    "elec": 0,
                    "download": 0,
                    "movie": 0,
                    "pay": 0,
                    "hd5": 1,
                    "no_reprint": 1,
                    "autoplay": 1,
                    "ugc_pay": 0,
                    "is_cooperation": 0,
                    "ugc_pay_preview": 0,
                    "no_background": 0,
                    "arc_pay": 0,
                    "pay_free_watch": 0
                },
                "owner": {
                    "mid": 596324576,
                    "name": "音乐制作人Kurt",
                    "face": "https://i2.hdslb.com/bfs/face/628b1bfeaae9387bdb337cfc5ca334004bee71c1.jpg"
                },
                "stat": {
                    "aid": 540877670,
                    "view": 1325196,
                    "danmaku": 10383,
                    "reply": 4518,
                    "favorite": 48645,
                    "coin": 156512,
                    "share": 13565,
                    "now_rank": 0,
                    "his_rank": 20,
                    "like": 205069,
                    "dislike": 0,
                    "vt": 0,
                    "vv": 1325196,
                    "fav_g": 0,
                    "like_g": 0
                },
                "dynamic": "#音乐##自制##狗#\n汪！我们用一百只狗狗的叫声重编了Lil Nas X的老城之路（OLD TOWN ROAD）",
                "cid": 200017088,
                "dimension": {
                    "width": 1920,
                    "height": 1080,
                    "rotate": 0
                },
                "short_link_v2": "https://b23.tv/BV1Ui4y1s7x6",
                "cover43": "",
                "tidv2": 2168,
                "tnamev2": "狗",
                "pid_v2": 1024,
                "pid_name_v2": "动物",
                "bvid": "BV1Ui4y1s7x6",
                "season_type": 0,
                "is_ogv": false,
                "ogv_info": null,
                "enable_vt": 0,
                "ai_rcmd": null,
                "rcmd_reason": "比一比，你和狗谁唱歌更好听?"
            },
            {
                "aid": 838382978,
                "videos": 1,
                "tid": 138,
                "tname": "搞笑",
                "copyright": 1,
                "pic": "http://i2.hdslb.com/bfs/archive/5b1bcc13b93a03c16d18be73c571dedfe1cc24e8.jpg",
                "title": "再见了，心爱的梦中女孩……",
                "pubdate": 1591765800,
                "ctime": 1591712627,
                "desc": "这个视频竟然足足做了三个月，点赞25W再来一期故事接龙短剧~\n偶像练习：BV1KT4y1V79S\n不信挑战：BV1ka4y1x7u5\n澡堂联谊：BV1w541147bc\n不看挑战：BV1NK411572h\n家有仙妻：BV1Lk4y1k7yj\n螃蟹争霸：BV1ck4y1k7aw\n不要相信2：BV1ze411W7kK\n不要走音2：BV12i4y147wV\n起名大会：BV1WC4y1p7Dh\n背后画画：BV1ya4y1e7yq\n动漫高手：BV1E5411W74y\n走音挑战3：BV1k5411p74g",
                "state": 0,
                "duration": 602,
                "rights": {
                    "bp": 0,
                    "elec": 0,
                    "download": 0,
                    "movie": 0,
                    "pay": 0,
                    "hd5": 1,
                    "no_reprint": 1,
                    "autoplay": 1,
                    "ugc_pay": 0,
                    "is_cooperation": 0,
                    "ugc_pay_preview": 0,
                    "no_background": 0,
                    "arc_pay": 0,
                    "pay_free_watch": 0
                },
                "owner": {
                    "mid": 808171,
                    "name": "吃素的狮子",
                    "face": "https://i1.hdslb.com/bfs/face/dd773c9572494338ada15aa10262a510f161baf1.jpg"
                },
                "stat": {
                    "aid": 838382978,
                    "view": 3546332,
                    "danmaku": 22554,
                    "reply": 10457,
                    "favorite": 32835,
                    "coin": 113498,
                    "share": 7339,
                    "now_rank": 0,
                    "his_rank": 2,
                    "like": 257811,
                    "dislike": 0,
                    "vt": 0,
                    "vv": 3546332,
                    "fav_g": 0,
                    "like_g": 0
                },
                "dynamic": "这个视频竟然足足做了三个月，只为了完成一个挑战，我们拍了一部大电影····",
                "cid": 200371279,
                "dimension": {
                    "width": 1920,
                    "height": 1080,
                    "rotate": 0
                },
                "short_link_v2": "https://b23.tv/BV1kg4y1i7pe",
                "cover43": "",
                "tidv2": 2154,
                "tnamev2": "剧情演绎",
                "pid_v2": 1021,
                "pid_name_v2": "小剧场",
                "bvid": "BV1kg4y1i7pe",
                "season_type": 0,
                "is_ogv": false,
                "ogv_info": null,
                "enable_vt": 0,
                "ai_rcmd": null,
                "rcmd_reason": "听说有人在这个视频里出不去了"
            },
            {
                "aid": 370935957,
                "videos": 1,
                "tid": 204,
                "tname": "环球",
                "copyright": 1,
                "pic": "http://i0.hdslb.com/bfs/archive/ece2daff45916429d16189b92e7f921ccfc82e41.jpg",
                "title": "【相对论】对话郭杰瑞 ，聊聊“美国眼睛”里的中国与世界什么样？",
                "pubdate": 1591767608,
                "ctime": 1591767608,
                "desc": "作为一个海外B站UP博主，郭杰瑞不是中国话说得最好的，也不是在中国生活得最久的，却“火”了。他从拍美食、旅行，到点评抗疫、见证抗议。为何此次弗洛伊德事件点燃全美多地的怒火？为什么说点评中国抗疫并非刻意“表扬”？中美关系波动，国民该如何互动？\n央视新闻《相对论》，记者庄胜春对话郭杰瑞，远隔重洋，聊聊“美国眼睛”里的中国与世界什么样？",
                "state": 0,
                "duration": 2279,
                "rights": {
                    "bp": 0,
                    "elec": 0,
                    "download": 0,
                    "movie": 0,
                    "pay": 0,
                    "hd5": 1,
                    "no_reprint": 1,
                    "autoplay": 1,
                    "ugc_pay": 0,
                    "is_cooperation": 1,
                    "ugc_pay_preview": 0,
                    "no_background": 0,
                    "arc_pay": 0,
                    "pay_free_watch": 0
                },
                "owner": {
                    "mid": 456664753,
                    "name": "央视新闻",
                    "face": "https://i1.hdslb.com/bfs/face/e649df706cdb30c0f300e755f0330faeaf6b498b.jpg"
                },
                "stat": {
                    "aid": 370935957,
                    "view": 3219428,
                    "danmaku": 43920,
                    "reply": 6492,
                    "favorite": 16835,
                    "coin": 42281,
                    "share": 5075,
                    "now_rank": 0,
                    "his_rank": 8,
                    "like": 198505,
                    "dislike": 0,
                    "vt": 0,
                    "vv": 3219428,
                    "fav_g": 0,
                    "like_g": 1
                },
                "dynamic": "作为一个海外B站UP博主，郭杰瑞不是中国话说得最好的，也不是在中国生活得最久的，却“火”了。他从拍美食、旅行，到点评抗疫、见证抗议。为何此次弗洛伊德事件点燃全美多地的怒火？为什么说点评中国抗疫并非刻意“表扬”？中美关系波动，国民该如何互动？\n央视新闻《相对论》，记者庄胜春对话郭杰瑞，远隔重洋，聊聊“美国眼睛”里的中国与世界什么样？#郭杰瑞##人文##美国#",
                "cid": 200515618,
                "dimension": {
                    "width": 1920,
                    "height": 1080,
                    "rotate": 0
                },
                "season_id": 371,
                "short_link_v2": "https://b23.tv/BV1FZ4y1H7Fz",
                "cover43": "",
                "tidv2": 2089,
                "tnamev2": "时政解读",
                "pid_v2": 1010,
                "pid_name_v2": "知识",
                "bvid": "BV1FZ4y1H7Fz",
                "season_type": 0,
                "is_ogv": false,
                "ogv_info": null,
                "enable_vt": 0,
                "ai_rcmd": null,
                "rcmd_reason": "央视与郭杰瑞的梦幻联动！"
            },
            {
                "aid": 583424193,
                "videos": 2,
                "tid": 24,
                "tname": "MAD·AMV",
                "copyright": 1,
                "pic": "http://i2.hdslb.com/bfs/archive/861eb5d09d2cd4f75f98b0855ace8de6482f390f.jpg",
                "title": "【4k/裸眼3D/无水印】爆肝抠图1350张，该细还得细！",
                "pubdate": 1591605006,
                "ctime": 1591592782,
                "desc": "BGM：三亩地 - 城南花已开\n封面画师：小半杯奶\n只因当时头脑一热，想如果用4k视频做裸眼3D会有怎样的效果呢，然后 事实证明这完全是一个抖m行为...于是爆肝了这么多天，抠到怀疑人生...",
                "state": 0,
                "duration": 340,
                "rights": {
                    "bp": 0,
                    "elec": 0,
                    "download": 0,
                    "movie": 0,
                    "pay": 0,
                    "hd5": 1,
                    "no_reprint": 1,
                    "autoplay": 1,
                    "ugc_pay": 0,
                    "is_cooperation": 0,
                    "ugc_pay_preview": 0,
                    "no_background": 0,
                    "arc_pay": 0,
                    "pay_free_watch": 0
                },
                "owner": {
                    "mid": 10773628,
                    "name": "永远的我的鸟笼Me",
                    "face": "https://i1.hdslb.com/bfs/face/467c59cf5001a2db9f14df6d556741eb0dd86416.gif"
                },
                "stat": {
                    "aid": 583424193,
                    "view": 2087600,
                    "danmaku": 2008,
                    "reply": 1802,
                    "favorite": 102171,
                    "coin": 108012,
                    "share": 8545,
                    "now_rank": 0,
                    "his_rank": 3,
                    "like": 142494,
                    "dislike": 0,
                    "vt": 0,
                    "vv": 2087600,
                    "fav_g": 2,
                    "like_g": 6
                },
                "dynamic": "#多素材##裸眼3D##AMV#\n肉眼可见的工作量了，只因当时头脑一热，想如果用4k视频做裸眼3D会有怎样的效果呢，然后 事实证明这完全是一个抖m行为...于是爆肝了这么多天，抠到怀疑人生，不过最终还是抠完了，希望喜欢～",
                "cid": 199889463,
                "dimension": {
                    "width": 3840,
                    "height": 2160,
                    "rotate": 0
                },
                "short_link_v2": "https://b23.tv/BV1Yz4y197X1",
                "cover43": "",
                "tidv2": 2041,
                "tnamev2": "动漫剪辑",
                "pid_v2": 1005,
                "pid_name_v2": "二次元",
                "bvid": "BV1Yz4y197X1",
                "season_type": 0,
                "is_ogv": false,
                "ogv_info": null,
                "enable_vt": 0,
                "ai_rcmd": null,
                "rcmd_reason": "2分49秒的限时截屏体验"
            },
            {
                "aid": 668456246,
                "videos": 1,
                "tid": 130,
                "tname": "音乐综合",
                "copyright": 1,
                "pic": "http://i1.hdslb.com/bfs/archive/62c597821db50c8fa6df4454a97aff7980678c11.jpg",
                "title": "热水澡",
                "pubdate": 1591329656,
                "ctime": 1591298731,
                "desc": "如果这首歌 点赞破20万或者收藏破5万的话\n解锁重量级隐藏大制作！！！！\n\n执行监制：尤超白\n编曲：谢炜岚\n混音：白萝卜混音工作室",
                "state": 0,
                "duration": 192,
                "rights": {
                    "bp": 0,
                    "elec": 0,
                    "download": 0,
                    "movie": 0,
                    "pay": 0,
                    "hd5": 1,
                    "no_reprint": 1,
                    "autoplay": 1,
                    "ugc_pay": 0,
                    "is_cooperation": 1,
                    "ugc_pay_preview": 0,
                    "no_background": 0,
                    "arc_pay": 0,
                    "pay_free_watch": 0
                },
                "owner": {
                    "mid": 279583114,
                    "name": "老坛胡说",
                    "face": "https://i1.hdslb.com/bfs/face/01b96e872a5b0df74e66b94126e13a78cb6f9b74.jpg"
                },
                "stat": {
                    "aid": 668456246,
                    "view": 3630665,
                    "danmaku": 21351,
                    "reply": 6031,
                    "favorite": 73873,
                    "coin": 176523,
                    "share": 11845,
                    "now_rank": 0,
                    "his_rank": 5,
                    "like": 369677,
                    "dislike": 0,
                    "vt": 0,
                    "vv": 3630665,
                    "fav_g": 0,
                    "like_g": 1
                },
                "dynamic": "如题：",
                "cid": 198722213,
                "dimension": {
                    "width": 1920,
                    "height": 1080,
                    "rotate": 0
                },
                "short_link_v2": "https://b23.tv/BV18a4y1v7Da",
                "cover43": "",
                "tidv2": 2154,
                "tnamev2": "剧情演绎",
                "pid_v2": 1021,
                "pid_name_v2": "小剧场",
                "bvid": "BV18a4y1v7Da",
                "season_type": 0,
                "is_ogv": false,
                "ogv_info": null,
                "enable_vt": 0,
                "ai_rcmd": null,
                "rcmd_reason": "这Rap，够带劲！"
            },
            {
                "aid": 925952313,
                "videos": 1,
                "tid": 161,
                "tname": "手工",
                "copyright": 1,
                "pic": "http://i2.hdslb.com/bfs/archive/fc74c0edf88db3979fe8b5de00b1e70327560333.jpg",
                "title": "做了一个生日蛋糕涂抹器",
                "pubdate": 1591521948,
                "ctime": 1591521948,
                "desc": "-",
                "state": 0,
                "duration": 182,
                "rights": {
                    "bp": 0,
                    "elec": 0,
                    "download": 0,
                    "movie": 0,
                    "pay": 0,
                    "hd5": 1,
                    "no_reprint": 1,
                    "autoplay": 1,
                    "ugc_pay": 0,
                    "is_cooperation": 0,
                    "ugc_pay_preview": 0,
                    "no_background": 0,
                    "arc_pay": 0,
                    "pay_free_watch": 0
                },
                "owner": {
                    "mid": 280793434,
                    "name": "手工耿",
                    "face": "https://i1.hdslb.com/bfs/face/b8a75ae7d2a0e2af1d36ca9f1084d850eebb28e3.jpg"
                },
                "stat": {
                    "aid": 925952313,
                    "view": 4677176,
                    "danmaku": 21581,
                    "reply": 7625,
                    "favorite": 19951,
                    "coin": 97410,
                    "share": 31060,
                    "now_rank": 0,
                    "his_rank": 11,
                    "like": 322085,
                    "dislike": 0,
                    "vt": 0,
                    "vv": 4677176,
                    "fav_g": 0,
                    "like_g": 2
                },
                "dynamic": "#手工# #生日蛋糕# #手工制作#",
                "cid": 199639850,
                "dimension": {
                    "width": 1080,
                    "height": 1920,
                    "rotate": 0
                },
                "short_link_v2": "https://b23.tv/BV1UT4y1E78n",
                "cover43": "",
                "tidv2": 2104,
                "tnamev2": "自制发明/设备",
                "pid_v2": 1012,
                "pid_name_v2": "科技数码",
                "bvid": "BV1UT4y1E78n",
                "season_type": 0,
                "is_ogv": false,
                "ogv_info": null,
                "enable_vt": 0,
                "ai_rcmd": null,
                "rcmd_reason": "让你涂蛋糕，不是让你粉墙"
            },
            {
                "aid": 413489903,
                "videos": 1,
                "tid": 138,
                "tname": "搞笑",
                "copyright": 1,
                "pic": "http://i0.hdslb.com/bfs/archive/1a35f5718b141e1e6f652d9bb47c01bc9a5ac2da.jpg",
                "title": "摆摊一小时收入5000块，当场花完，爽！",
                "pubdate": 1591520429,
                "ctime": 1591520429,
                "desc": "点赞如果能过40W，再去摆一次！\n这期视频的收益也会全部捐掉！\n感谢观众老爷们一直的鼓励和支持，才让我们拥有鼓挑战不同生活方式的勇气！\n希望大家喜欢这个视频，多多点赞多多转发吧！感恩！",
                "state": 0,
                "duration": 611,
                "mission_id": 13602,
                "rights": {
                    "bp": 0,
                    "elec": 0,
                    "download": 0,
                    "movie": 0,
                    "pay": 0,
                    "hd5": 1,
                    "no_reprint": 1,
                    "autoplay": 1,
                    "ugc_pay": 0,
                    "is_cooperation": 1,
                    "ugc_pay_preview": 0,
                    "no_background": 0,
                    "arc_pay": 0,
                    "pay_free_watch": 0
                },
                "owner": {
                    "mid": 113362335,
                    "name": "宝剑嫂",
                    "face": "https://i0.hdslb.com/bfs/face/93f3d5d1085357565a4c2e4ac151104ac3d783ac.jpg"
                },
                "stat": {
                    "aid": 413489903,
                    "view": 2823180,
                    "danmaku": 12549,
                    "reply": 3609,
                    "favorite": 29217,
                    "coin": 182380,
                    "share": 4902,
                    "now_rank": 0,
                    "his_rank": 12,
                    "like": 278067,
                    "dislike": 0,
                    "vt": 0,
                    "vv": 2823180,
                    "fav_g": 0,
                    "like_g": 1
                },
                "dynamic": "摆摊一小时赚了5000块是什么极致体验？？？\n点赞如果能过40W，再做一次这件事！\n希望能够帮助到一些人！\n#摆摊##挑战##情侣#",
                "cid": 199613322,
                "dimension": {
                    "width": 1920,
                    "height": 1080,
                    "rotate": 0
                },
                "short_link_v2": "https://b23.tv/BV1kV411r7gb",
                "pub_location": "浙江",
                "cover43": "",
                "tidv2": 2196,
                "tnamev2": "职业vlog",
                "pid_v2": 1029,
                "pid_name_v2": "vlog",
                "bvid": "BV1kV411r7gb",
                "season_type": 0,
                "is_ogv": false,
                "ogv_info": null,
                "enable_vt": 0,
                "ai_rcmd": null,
                "rcmd_reason": "限量款，全部地摊大甩卖"
            },
            {
                "aid": 455914516,
                "videos": 1,
                "tid": 228,
                "tname": "人文历史",
                "copyright": 1,
                "pic": "http://i1.hdslb.com/bfs/archive/1a5623b97b03231204c82502f3d1e0bf5527d7b3.jpg",
                "title": "壮阔史诗！二战历史年表，超燃影视化剪辑【历史调研室】",
                "pubdate": 1591695040,
                "ctime": 1591682796,
                "desc": "求关注求三连！！！\n视频形式参考了Director鹤唳云端的中国历史年表：BV1n441127jG\nBGM和视频素材见片尾",
                "state": 0,
                "duration": 435,
                "mission_id": 13695,
                "rights": {
                    "bp": 0,
                    "elec": 0,
                    "download": 0,
                    "movie": 0,
                    "pay": 0,
                    "hd5": 1,
                    "no_reprint": 1,
                    "autoplay": 1,
                    "ugc_pay": 0,
                    "is_cooperation": 1,
                    "ugc_pay_preview": 0,
                    "no_background": 0,
                    "arc_pay": 0,
                    "pay_free_watch": 0
                },
                "owner": {
                    "mid": 519872016,
                    "name": "历史调研室",
                    "face": "https://i0.hdslb.com/bfs/face/5e687a2a90670e6b8e14b4f635ec38eb99f7e5eb.jpg"
                },
                "stat": {
                    "aid": 455914516,
                    "view": 16331043,
                    "danmaku": 76343,
                    "reply": 14132,
                    "favorite": 597711,
                    "coin": 609844,
                    "share": 168789,
                    "now_rank": 0,
                    "his_rank": 13,
                    "like": 701988,
                    "dislike": 0,
                    "vt": 0,
                    "vv": 16331043,
                    "fav_g": 919,
                    "like_g": 594
                },
                "dynamic": "#知识分享官##第二次世界大战#\n壮阔史诗！超燃！7分钟带你看完整个二战！",
                "cid": 204031142,
                "dimension": {
                    "width": 2560,
                    "height": 1080,
                    "rotate": 0
                },
                "short_link_v2": "https://b23.tv/BV1Z5411p7Ct",
                "cover43": "",
                "tidv2": 2090,
                "tnamev2": "人文历史",
                "pid_v2": 1010,
                "pid_name_v2": "知识",
                "bvid": "BV1Z5411p7Ct",
                "season_type": 0,
                "is_ogv": false,
                "ogv_info": null,
                "enable_vt": 0,
                "ai_rcmd": null,
                "rcmd_reason": "这都是必考知识点，快学习！"
            },
            {
                "aid": 795924502,
                "videos": 1,
                "tid": 76,
                "tname": "美食制作",
                "copyright": 1,
                "pic": "http://i2.hdslb.com/bfs/archive/89bfd92d051a24404586dd2675f1ab5e3a740cb6.jpg",
                "title": "不放一滴油的滑蛋猪排饭，也能馋倒隔壁八个大汉！夜深人静时灵魂的养料",
                "pubdate": 1591547621,
                "ctime": 1591547621,
                "desc": "真的……要减肥了呀T T！！！！",
                "state": 0,
                "duration": 250,
                "rights": {
                    "bp": 0,
                    "elec": 0,
                    "download": 0,
                    "movie": 0,
                    "pay": 0,
                    "hd5": 1,
                    "no_reprint": 1,
                    "autoplay": 1,
                    "ugc_pay": 0,
                    "is_cooperation": 0,
                    "ugc_pay_preview": 0,
                    "no_background": 0,
                    "arc_pay": 0,
                    "pay_free_watch": 0
                },
                "owner": {
                    "mid": 17409016,
                    "name": "爱做饭的芋头SAMA",
                    "face": "http://i1.hdslb.com/bfs/face/2182d21ff5ae520f392f55b59022bc17f43b4943.jpg"
                },
                "stat": {
                    "aid": 795924502,
                    "view": 2282840,
                    "danmaku": 6112,
                    "reply": 4773,
                    "favorite": 40378,
                    "coin": 74032,
                    "share": 8710,
                    "now_rank": 0,
                    "his_rank": 8,
                    "like": 185531,
                    "dislike": 0,
                    "vt": 0,
                    "vv": 2282840,
                    "fav_g": 0,
                    "like_g": 1
                },
                "dynamic": "我真的太爱滑蛋猪排饭了，我觉得我上辈子可能就是个滑蛋猪排饭……",
                "cid": 199800089,
                "dimension": {
                    "width": 1920,
                    "height": 1080,
                    "rotate": 0
                },
                "short_link_v2": "https://b23.tv/BV1FC4y1a7MB",
                "cover43": "",
                "tidv2": 2149,
                "tnamev2": "美食制作",
                "pid_v2": 1020,
                "pid_name_v2": "美食",
                "bvid": "BV1FC4y1a7MB",
                "season_type": 0,
                "is_ogv": false,
                "ogv_info": null,
                "enable_vt": 0,
                "ai_rcmd": null,
                "rcmd_reason": "吃着美味的猪排，留下了感慨体重的泪水"
            },
            {
                "aid": 243389307,
                "videos": 1,
                "tid": 76,
                "tname": "美食制作",
                "copyright": 1,
                "pic": "http://i1.hdslb.com/bfs/archive/9734e620d5c109bb44f1843dccf8a877577dc125.jpg",
                "title": "我偷偷盖了个树屋！",
                "pubdate": 1591868451,
                "ctime": 1591861011,
                "desc": "谁不想的在夏天的时候，有个树屋呢！",
                "state": 0,
                "duration": 509,
                "mission_id": 13544,
                "rights": {
                    "bp": 0,
                    "elec": 0,
                    "download": 0,
                    "movie": 0,
                    "pay": 0,
                    "hd5": 1,
                    "no_reprint": 1,
                    "autoplay": 1,
                    "ugc_pay": 0,
                    "is_cooperation": 0,
                    "ugc_pay_preview": 0,
                    "no_background": 0,
                    "arc_pay": 0,
                    "pay_free_watch": 0
                },
                "owner": {
                    "mid": 382193067,
                    "name": "巫托邦",
                    "face": "https://i0.hdslb.com/bfs/face/80945db142e5b2b64ab390e61b3ed61e7b1ba175.jpg"
                },
                "stat": {
                    "aid": 243389307,
                    "view": 2719729,
                    "danmaku": 12664,
                    "reply": 4112,
                    "favorite": 55553,
                    "coin": 270233,
                    "share": 10881,
                    "now_rank": 0,
                    "his_rank": 2,
                    "like": 348792,
                    "dislike": 0,
                    "vt": 0,
                    "vv": 2719729,
                    "fav_g": 0,
                    "like_g": 0
                },
                "dynamic": "花了好多天，终于有一个属于自己的树屋呢，拍摄场地+1，",
                "cid": 200847677,
                "dimension": {
                    "width": 1920,
                    "height": 1080,
                    "rotate": 0
                },
                "season_id": 3421,
                "short_link_v2": "https://b23.tv/BV1mv411z7Rp",
                "cover43": "",
                "tidv2": 2152,
                "tnamev2": "美食记录",
                "pid_v2": 1020,
                "pid_name_v2": "美食",
                "bvid": "BV1mv411z7Rp",
                "season_type": 0,
                "is_ogv": false,
                "ogv_info": null,
                "enable_vt": 0,
                "ai_rcmd": null,
                "rcmd_reason": "谁不想的在夏天的时候，有个树屋呢！"
            }
        ]
    }
}