{
    "code": 0,
    "message": "OK",
    "ttl": 1,
    "data": {
        "config": {
            "id": 70,
            "type": "weekly_selected",
            "number": 66,
            "subject": "杨超越Rap",
            "stime": 1592496000,
            "etime": 1593100799,
            "status": 2,
            "name": "2020第66期 06.19 - 06.25",
            "label": "第66期(0626更新)",
            "hint": "",
            "color": 0,
            "cover": "",
            "share_title": "杨超越爆笑Rap | B站每周必看第66期",
            "share_subtitle": "干啥啥不行，Rap就是第一名",
            "media_id": 996695088
        },
        "reminder": "每周五晚18:00更新",
        "list": [
            {
                "aid": 926086596,
                "videos": 1,
                "tid": 22,
                "tname": "鬼畜调教",
                "copyright": 1,
                "pic": "http://i2.hdslb.com/bfs/archive/f3a76faac1303ffec2136033b68698b0cd39fbd8.jpg",
                "title": "【杨超越爆笑rap】干啥啥不行，rap第一名！（全程高能）",
                "pubdate": 1592989617,
                "ctime": 1592989617,
                "desc": "“从今以后我就要称呼你为'您'了。”\n“因为点了关注的你，已经在我心上了。”\n\n祝大家看得开心哈哈哈，up会努力更新的，努力做出更有趣的视频！",
                "state": 0,
                "duration": 72,
                "rights": {
                    "bp": 0,
                    "elec": 0,
                    "download": 0,
                    "movie": 0,
                    "pay": 0,
                    "hd5": 1,
                    "no_reprint": 1,
                    "autoplay": 1,
                    "ugc_pay": 0,
                    "is_cooperation": 0,
                    "ugc_pay_preview": 0,
                    "no_background": 0,
                    "arc_pay": 0,
                    "pay_free_watch": 0
                },
                "owner": {
                    "mid": 89338806,
                    "name": "纽毕斯",
                    "face": "https://i0.hdslb.com/bfs/face/471c3a6ea6760e5bf83ac0c9a47b4471588450bc.jpg"
                },
                "stat": {
                    "aid": 926086596,
                    "view": 6419424,
                    "danmaku": 27380,
                    "reply": 6635,
                    "favorite": 86265,
                    "coin": 86738,
                    "share": 60397,
                    "now_rank": 0,
                    "his_rank": 12,
                    "like": 293445,
                    "dislike": 0,
                    "vt": 0,
                    "vv": 6419424,
                    "fav_g": 0,
                    "like_g": 5
                },
                "dynamic": "#鬼畜调教##搞笑##杨超越#\n呜呜呜，半夜看到笑死了哈哈哈哈",
                "cid": 205231099,
                "dimension": {
                    "width": 1920,
                    "height": 1080,
                    "rotate": 0
                },
                "season_id": 1321202,
                "short_link_v2": "https://b23.tv/BV18T4y1J7dT",
                "cover43": "",
                "tidv2": 2059,
                "tnamev2": "鬼畜调教",
                "pid_v2": 1007,
                "pid_name_v2": "鬼畜",
                "bvid": "BV18T4y1J7dT",
                "season_type": 0,
                "is_ogv": false,
                "ogv_info": null,
                "enable_vt": 0,
                "ai_rcmd": null,
                "rcmd_reason": "亿遍播放，已经会全文背诵了"
            },
            {
                "aid": 841053650,
                "videos": 1,
                "tid": 138,
                "tname": "搞笑",
                "copyright": 1,
                "pic": "http://i2.hdslb.com/bfs/archive/069dfe3f161936e417d02184cf24ccc71306f23d.jpg",
                "title": "马化腾曾扮妹子陪聊！【阅片无数53】",
                "pubdate": 1593007216,
                "ctime": 1593007217,
                "desc": "想看更多的阅片无数小伙伴们转发三连搞起来哦\n更多生活中的凉风请参见→微博@凉风Kaze\n第五十二期BV1ZK411p7LX：妈，你听我解释……\n第五十一期BV1Vv41167MG：小猪获救后被做成香肠\n第五十期BV1Kt4y1y7YM：当法官要看你浏览器记录时\n第四十九期BV1jK4y1t7P7：妹子被告白后当场牺牲",
                "state": 0,
                "duration": 779,
                "rights": {
                    "bp": 0,
                    "elec": 0,
                    "download": 0,
                    "movie": 0,
                    "pay": 0,
                    "hd5": 1,
                    "no_reprint": 1,
                    "autoplay": 1,
                    "ugc_pay": 0,
                    "is_cooperation": 0,
                    "ugc_pay_preview": 0,
                    "no_background": 0,
                    "arc_pay": 0,
                    "pay_free_watch": 0
                },
                "owner": {
                    "mid": 14110780,
                    "name": "凉风Kaze",
                    "face": "https://i1.hdslb.com/bfs/face/e0cc906bb531195e9ee9f3b575effdd2b056eaea.jpg"
                },
                "stat": {
                    "aid": 841053650,
                    "view": 5070078,
                    "danmaku": 466,
                    "reply": 7314,
                    "favorite": 46962,
                    "coin": 179581,
                    "share": 7805,
                    "now_rank": 0,
                    "his_rank": 7,
                    "like": 496051,
                    "dislike": 0,
                    "vt": 0,
                    "vv": 5070078,
                    "fav_g": 0,
                    "like_g": 0
                },
                "dynamic": "马化腾曾扮妹子陪聊！\n想知道具体内容不要错过本期的#阅片无数#",
                "cid": 322009242,
                "dimension": {
                    "width": 1920,
                    "height": 1080,
                    "rotate": 0
                },
                "season_id": 175,
                "short_link_v2": "https://b23.tv/BV1e54y1B7W6",
                "cover43": "",
                "tidv2": 2052,
                "tnamev2": "动漫reaction",
                "pid_v2": 1005,
                "pid_name_v2": "二次元",
                "bvid": "BV1e54y1B7W6",
                "season_type": 0,
                "is_ogv": false,
                "ogv_info": null,
                "enable_vt": 0,
                "ai_rcmd": null,
                "rcmd_reason": "凉风考古一直可以的"
            },
            {
                "aid": 968686837,
                "videos": 1,
                "tid": 182,
                "tname": "影视杂谈",
                "copyright": 1,
                "pic": "http://i1.hdslb.com/bfs/archive/b25efe570ee23f19b470275092005e8d2d88df1b.jpg",
                "title": "一个人，造出让40亿人震碎的夜晚！",
                "pubdate": 1593052903,
                "ctime": 1593052903,
                "desc": "素材来源：《张艺谋的2008》\n\n如果说北京奥运会，是中国第一次面向世界的呐喊\n那奥运会开幕式，就是声带的第一声震动\n对于普通百姓、对于国外媒体、对于即将写进历史的未来\n这声震动的成败，与一个人直接相关\n\n（北京奥运会的举办和开幕式的成功，是全国人民共同努力的成果，标题中的“一个人”仅指张艺谋个人的影响）",
                "state": 0,
                "duration": 984,
                "rights": {
                    "bp": 0,
                    "elec": 0,
                    "download": 0,
                    "movie": 0,
                    "pay": 0,
                    "hd5": 1,
                    "no_reprint": 1,
                    "autoplay": 1,
                    "ugc_pay": 0,
                    "is_cooperation": 0,
                    "ugc_pay_preview": 0,
                    "no_background": 0,
                    "arc_pay": 0,
                    "pay_free_watch": 0
                },
                "owner": {
                    "mid": 3433092,
                    "name": "狂阿弥_",
                    "face": "https://i0.hdslb.com/bfs/face/058bed7faee94ad5ac573d8eb7e31535e4850f41.jpg"
                },
                "stat": {
                    "aid": 968686837,
                    "view": 17759905,
                    "danmaku": 86350,
                    "reply": 12347,
                    "favorite": 390171,
                    "coin": 836221,
                    "share": 81012,
                    "now_rank": 0,
                    "his_rank": 2,
                    "like": 1156941,
                    "dislike": 0,
                    "vt": 0,
                    "vv": 17759905,
                    "fav_g": 4891,
                    "like_g": 2159
                },
                "dynamic": "震颤！",
                "cid": 205896630,
                "dimension": {
                    "width": 1920,
                    "height": 1080,
                    "rotate": 0
                },
                "season_id": 1267254,
                "short_link_v2": "https://b23.tv/BV1zp4y1U7Z5",
                "cover43": "",
                "tidv2": 2001,
                "tnamev2": "影视解读",
                "pid_v2": 1001,
                "pid_name_v2": "影视",
                "bvid": "BV1zp4y1U7Z5",
                "season_type": 0,
                "is_ogv": false,
                "ogv_info": null,
                "enable_vt": 0,
                "ai_rcmd": null,
                "rcmd_reason": "十二年前的那个夜晚，不仅仅是一场开幕式"
            },
            {
                "aid": 883546097,
                "videos": 1,
                "tid": 21,
                "tname": "日常",
                "copyright": 1,
                "pic": "http://i2.hdslb.com/bfs/archive/a17ac5286747b591747c0a2f79b32b8beb1ded1b.jpg",
                "title": "欢迎报考浙江大学！！！",
                "pubdate": 1592618409,
                "ctime": 1592601757,
                "desc": "这是我花了很多很多精力做的视频，从过年的时候就开始构思了，光是文案前前后后就改了十几稿。我不擅长配音，只能一遍又一遍地练，一遍又一遍地改。我很想抽几位送录取通知书，但可惜我做不到。所以，我只能怀着最谦卑的善意，祝愿每位看视频的人，金榜题名、梦想成真。也希望你们喜欢这个视频，多多点赞，多多三连，多多互动吧！",
                "state": 0,
                "duration": 393,
                "mission_id": 13772,
                "rights": {
                    "bp": 0,
                    "elec": 0,
                    "download": 0,
                    "movie": 0,
                    "pay": 0,
                    "hd5": 1,
                    "no_reprint": 1,
                    "autoplay": 1,
                    "ugc_pay": 0,
                    "is_cooperation": 0,
                    "ugc_pay_preview": 0,
                    "no_background": 0,
                    "arc_pay": 0,
                    "pay_free_watch": 0
                },
                "owner": {
                    "mid": 38606568,
                    "name": "一颗咕咕星",
                    "face": "https://i0.hdslb.com/bfs/face/92c20ba3c4b442e6c0738a4b02f86b1eb46ba7e1.jpg"
                },
                "stat": {
                    "aid": 883546097,
                    "view": 4462712,
                    "danmaku": 19968,
                    "reply": 8776,
                    "favorite": 38375,
                    "coin": 49972,
                    "share": 18652,
                    "now_rank": 0,
                    "his_rank": 24,
                    "like": 218121,
                    "dislike": 0,
                    "vt": 0,
                    "vv": 4462712,
                    "fav_g": 2,
                    "like_g": 3
                },
                "dynamic": "断断续续四个月，前前后后十几稿，我终于把这期视频做出来了！希望你们喜欢！\n#2020我们毕业了！##自制##高考#",
                "cid": 203717150,
                "dimension": {
                    "width": 1920,
                    "height": 1080,
                    "rotate": 0
                },
                "short_link_v2": "https://b23.tv/BV1PK4y147Z4",
                "cover43": "",
                "tidv2": 2207,
                "tnamev2": "随拍·综合",
                "pid_v2": 1032,
                "pid_name_v2": "其他",
                "bvid": "BV1PK4y147Z4",
                "season_type": 0,
                "is_ogv": false,
                "ogv_info": null,
                "enable_vt": 0,
                "ai_rcmd": null,
                "rcmd_reason": "首先要祝高考的同学加油呀"
            },
            {
                "aid": 841097504,
                "videos": 1,
                "tid": 253,
                "tname": "动漫杂谈",
                "copyright": 1,
                "pic": "http://i1.hdslb.com/bfs/archive/2451a2d6f94d7b3e8757f00ae8f6c5c7ec126831.jpg",
                "title": "劈腿撕逼抢男人！全程高能！三角恋名场景TOP10！",
                "pubdate": 1592827203,
                "ctime": 1592814711,
                "desc": "我心中的的三角恋名场景TOP10，点赞过20W出续集！\n微博 @泛式 https://weibo.com/FunShiki",
                "state": 0,
                "duration": 644,
                "mission_id": 13809,
                "rights": {
                    "bp": 0,
                    "elec": 0,
                    "download": 0,
                    "movie": 0,
                    "pay": 0,
                    "hd5": 0,
                    "no_reprint": 1,
                    "autoplay": 1,
                    "ugc_pay": 0,
                    "is_cooperation": 0,
                    "ugc_pay_preview": 0,
                    "no_background": 0,
                    "arc_pay": 0,
                    "pay_free_watch": 0
                },
                "owner": {
                    "mid": 63231,
                    "name": "泛式",
                    "face": "https://i0.hdslb.com/bfs/face/2608aaa45309c77ac88fbfaa40e160b8c7892985.jpg"
                },
                "stat": {
                    "aid": 841097504,
                    "view": 3244859,
                    "danmaku": 31327,
                    "reply": 7143,
                    "favorite": 55462,
                    "coin": 105203,
                    "share": 13483,
                    "now_rank": 0,
                    "his_rank": 6,
                    "like": 257516,
                    "dislike": 0,
                    "vt": 0,
                    "vv": 3244859,
                    "fav_g": 0,
                    "like_g": 0
                },
                "dynamic": "泛式队长，快乐更新！",
                "cid": 204572856,
                "dimension": {
                    "width": 1920,
                    "height": 1080,
                    "rotate": 0
                },
                "short_link_v2": "https://b23.tv/BV1Z54y1B7R7",
                "pub_location": "上海",
                "cover43": "",
                "tidv2": 2042,
                "tnamev2": "动漫评论",
                "pid_v2": 1005,
                "pid_name_v2": "二次元",
                "bvid": "BV1Z54y1B7R7",
                "season_type": 0,
                "is_ogv": false,
                "ogv_info": null,
                "enable_vt": 0,
                "ai_rcmd": null,
                "rcmd_reason": "世界名画反复出现"
            },
            {
                "aid": 753508180,
                "videos": 1,
                "tid": 138,
                "tname": "搞笑",
                "copyright": 1,
                "pic": "http://i1.hdslb.com/bfs/archive/0f03c71ce624656086a13265923d5d06a29c4cbe.jpg",
                "title": "当 滑稽 和其他表情合体",
                "pubdate": 1592889801,
                "ctime": 1592889801,
                "desc": "表情包之后会发布在动态，希望大家支持一下，可以让更多人看到！小部分的表情取材自网友，在此表示感谢。",
                "state": 0,
                "duration": 128,
                "mission_id": 13651,
                "rights": {
                    "bp": 0,
                    "elec": 0,
                    "download": 0,
                    "movie": 0,
                    "pay": 0,
                    "hd5": 0,
                    "no_reprint": 1,
                    "autoplay": 1,
                    "ugc_pay": 0,
                    "is_cooperation": 0,
                    "ugc_pay_preview": 0,
                    "no_background": 0,
                    "arc_pay": 0,
                    "pay_free_watch": 0
                },
                "owner": {
                    "mid": 437549884,
                    "name": "尽七七",
                    "face": "https://i1.hdslb.com/bfs/face/6365cdae62cb9662d0bebdcb465fc508e81a1d7a.jpg"
                },
                "stat": {
                    "aid": 753508180,
                    "view": 5039312,
                    "danmaku": 30711,
                    "reply": 10391,
                    "favorite": 173341,
                    "coin": 145892,
                    "share": 84868,
                    "now_rank": 0,
                    "his_rank": 3,
                    "like": 473075,
                    "dislike": 0,
                    "vt": 0,
                    "vv": 5039312,
                    "fav_g": 0,
                    "like_g": 0
                },
                "dynamic": "#bilibili新星计划##魔性##沙雕#",
                "cid": 204833689,
                "dimension": {
                    "width": 3840,
                    "height": 2144,
                    "rotate": 0
                },
                "short_link_v2": "https://b23.tv/BV1Hk4y1z7GA",
                "cover43": "",
                "tidv2": 2207,
                "tnamev2": "随拍·综合",
                "pid_v2": 1032,
                "pid_name_v2": "其他",
                "bvid": "BV1Hk4y1z7GA",
                "season_type": 0,
                "is_ogv": false,
                "ogv_info": null,
                "enable_vt": 0,
                "ai_rcmd": null,
                "rcmd_reason": "新表情包+10086"
            },
            {
                "aid": 583623415,
                "videos": 1,
                "tid": 24,
                "tname": "MAD·AMV",
                "copyright": 1,
                "pic": "http://i1.hdslb.com/bfs/archive/9c9d21e11a02340b457c287d49d1e690a4cbaad1.jpg",
                "title": "刻进DNA里的画面——前方名场景高能【BILIBILI 11周年】",
                "pubdate": 1592826600,
                "ctime": 1592808770,
                "desc": "",
                "state": 0,
                "duration": 183,
                "mission_id": 13809,
                "rights": {
                    "bp": 0,
                    "elec": 0,
                    "download": 0,
                    "movie": 0,
                    "pay": 0,
                    "hd5": 0,
                    "no_reprint": 1,
                    "autoplay": 1,
                    "ugc_pay": 0,
                    "is_cooperation": 1,
                    "ugc_pay_preview": 0,
                    "no_background": 0,
                    "arc_pay": 0,
                    "pay_free_watch": 0
                },
                "owner": {
                    "mid": 586350333,
                    "name": "善良的小矿工",
                    "face": "https://i0.hdslb.com/bfs/face/00443b615a23d0da65a13af4ee315cd5676eaed3.jpg"
                },
                "stat": {
                    "aid": 583623415,
                    "view": 20807088,
                    "danmaku": 75131,
                    "reply": 16543,
                    "favorite": 959958,
                    "coin": 1161135,
                    "share": 96868,
                    "now_rank": 0,
                    "his_rank": 1,
                    "like": 1529961,
                    "dislike": 0,
                    "vt": 0,
                    "vv": 20807088,
                    "fav_g": 4,
                    "like_g": 3
                },
                "dynamic": "#你心中的名场景##BILIBILI 11周年演讲#",
                "cid": 382503834,
                "dimension": {
                    "width": 1920,
                    "height": 1080,
                    "rotate": 0
                },
                "short_link_v2": "https://b23.tv/BV1Rz4y1Q7tg",
                "first_frame": "http://i2.hdslb.com/bfs/storyff/n210804a2xfyf526vodzc2nkekgewhmo_firsti.jpg",
                "pub_location": "上海",
                "cover43": "",
                "tidv2": 2002,
                "tnamev2": "影视剪辑",
                "pid_v2": 1001,
                "pid_name_v2": "影视",
                "bvid": "BV1Rz4y1Q7tg",
                "season_type": 0,
                "is_ogv": false,
                "ogv_info": null,
                "enable_vt": 0,
                "ai_rcmd": null,
                "rcmd_reason": "这就是刻在内心的感动吧"
            },
            {
                "aid": 413611365,
                "videos": 1,
                "tid": 138,
                "tname": "搞笑",
                "copyright": 2,
                "pic": "http://i0.hdslb.com/bfs/archive/a224293fb73e1f515861f2285a0a4d09347fd525.jpg",
                "title": "同学，请不要在天上飞来飞去",
                "pubdate": 1592658662,
                "ctime": 1592658662,
                "desc": "毕业典礼上，被介绍到的老师会跳起来“蹦一蹦”，学生们在红毯上“飞来飞去”；还可在复刻实景的像素风校园里，领学士服、云打卡……近日，中国传媒大学毕业生打造线上毕业典礼，可爱又热闹。网友：帮不能实地参加毕业典礼的同学圆梦了！（视频来源：央视新闻、松鼠视频、四川日报）",
                "state": 0,
                "duration": 49,
                "rights": {
                    "bp": 0,
                    "elec": 0,
                    "download": 0,
                    "movie": 0,
                    "pay": 0,
                    "hd5": 0,
                    "no_reprint": 0,
                    "autoplay": 1,
                    "ugc_pay": 0,
                    "is_cooperation": 0,
                    "ugc_pay_preview": 0,
                    "no_background": 0,
                    "arc_pay": 0,
                    "pay_free_watch": 0
                },
                "owner": {
                    "mid": 330383888,
                    "name": "广东共青团",
                    "face": "https://i2.hdslb.com/bfs/face/57335867a288c985732abe5b5bebc7851c551d97.jpg"
                },
                "stat": {
                    "aid": 413611365,
                    "view": 4201166,
                    "danmaku": 1547,
                    "reply": 2416,
                    "favorite": 44531,
                    "coin": 7340,
                    "share": 30973,
                    "now_rank": 0,
                    "his_rank": 20,
                    "like": 224307,
                    "dislike": 0,
                    "vt": 0,
                    "vv": 4201166,
                    "fav_g": 0,
                    "like_g": 0
                },
                "dynamic": "大家也不用拘谨，可以在座位上站起来跳一跳…",
                "cid": 203978885,
                "dimension": {
                    "width": 640,
                    "height": 360,
                    "rotate": 0
                },
                "short_link_v2": "https://b23.tv/BV18V411k7kr",
                "cover43": "",
                "tidv2": 2078,
                "tnamev2": "沙盒类",
                "pid_v2": 1008,
                "pid_name_v2": "游戏",
                "bvid": "BV18V411k7kr",
                "season_type": 0,
                "is_ogv": false,
                "ogv_info": null,
                "enable_vt": 0,
                "ai_rcmd": null,
                "rcmd_reason": "MC能完成这样是真的666！"
            },
            {
                "aid": 456009184,
                "videos": 1,
                "tid": 17,
                "tname": "单机游戏",
                "copyright": 1,
                "pic": "http://i2.hdslb.com/bfs/archive/a1802834134494cf1d3c1efb41de333b7f59a53e.jpg",
                "title": "当代年轻人现状",
                "pubdate": 1592550073,
                "ctime": 1592550073,
                "desc": "游戏：没有人知道的大冒险",
                "state": 0,
                "duration": 1112,
                "rights": {
                    "bp": 0,
                    "elec": 0,
                    "download": 0,
                    "movie": 0,
                    "pay": 0,
                    "hd5": 0,
                    "no_reprint": 1,
                    "autoplay": 1,
                    "ugc_pay": 0,
                    "is_cooperation": 0,
                    "ugc_pay_preview": 0,
                    "no_background": 0,
                    "arc_pay": 0,
                    "pay_free_watch": 0
                },
                "owner": {
                    "mid": 1577804,
                    "name": "某幻君",
                    "face": "https://i2.hdslb.com/bfs/face/a7eda2f97431d13f89a43b310262d1b19be83c01.jpg"
                },
                "stat": {
                    "aid": 456009184,
                    "view": 4651942,
                    "danmaku": 30902,
                    "reply": 4122,
                    "favorite": 45064,
                    "coin": 76239,
                    "share": 8668,
                    "now_rank": 0,
                    "his_rank": 7,
                    "like": 273474,
                    "dislike": 0,
                    "vt": 0,
                    "vv": 4651942,
                    "fav_g": 0,
                    "like_g": 5
                },
                "dynamic": "当代年轻人现状",
                "cid": 203501531,
                "dimension": {
                    "width": 1920,
                    "height": 1080,
                    "rotate": 0
                },
                "short_link_v2": "https://b23.tv/BV145411W71i",
                "cover43": "",
                "tidv2": 2060,
                "tnamev2": "鬼畜剧场",
                "pid_v2": 1007,
                "pid_name_v2": "鬼畜",
                "bvid": "BV145411W71i",
                "season_type": 0,
                "is_ogv": false,
                "ogv_info": null,
                "enable_vt": 0,
                "ai_rcmd": null,
                "rcmd_reason": "过于真实"
            },
            {
                "aid": 328513569,
                "videos": 1,
                "tid": 47,
                "tname": "同人·手书",
                "copyright": 1,
                "pic": "http://i0.hdslb.com/bfs/archive/aa699d31b115bf0d8929d7d2c088c1bc2c2e65e1.jpg",
                "title": "【童年经典/反派手书】你管这叫童年阴影?",
                "pubdate": 1592614826,
                "ctime": 1592570977,
                "desc": "原曲：《Le bien qui fait mal》 请不要在原曲底下提及这部视频！\n部分经典反派没登场是因为篇幅不够和能力有限，在一个月内赶出这部手书真的太艰难了，大家都很辛苦。\n参演作品:《成龙历险记》《虹猫蓝兔七侠传》《幸福小镇》《小鲤鱼历险记》《星游记》《果宝特攻》《中华小子》《魔角侦探》《哪吒传奇》《葫芦娃》《山村老尸》《巴啦啦小魔仙》《摩尔庄园》《洛克王国》《熊出没》《洛洛历险记》《星际宝贝》《我的世界》《精灵宝可梦》《开心宝贝》《海绵宝宝》《黑猫警长》《植物大战僵尸》《仙剑奇侠传三》《犬夜叉》",
                "state": 0,
                "duration": 183,
                "mission_id": 13471,
                "rights": {
                    "bp": 0,
                    "elec": 0,
                    "download": 0,
                    "movie": 0,
                    "pay": 0,
                    "hd5": 1,
                    "no_reprint": 1,
                    "autoplay": 1,
                    "ugc_pay": 0,
                    "is_cooperation": 1,
                    "ugc_pay_preview": 0,
                    "no_background": 0,
                    "arc_pay": 0,
                    "pay_free_watch": 0
                },
                "owner": {
                    "mid": 29658682,
                    "name": "白堊纪怪人",
                    "face": "https://i1.hdslb.com/bfs/face/42367534289b8cbb8bcf135ebddc2f79269b76cf.jpg"
                },
                "stat": {
                    "aid": 328513569,
                    "view": 12020310,
                    "danmaku": 45625,
                    "reply": 10152,
                    "favorite": 485017,
                    "coin": 472067,
                    "share": 53206,
                    "now_rank": 0,
                    "his_rank": 2,
                    "like": 702611,
                    "dislike": 0,
                    "vt": 0,
                    "vv": 12020310,
                    "fav_g": 0,
                    "like_g": 0
                },
                "dynamic": "#我的童年经典##手书##燃#",
                "cid": 297717943,
                "dimension": {
                    "width": 1920,
                    "height": 1080,
                    "rotate": 0
                },
                "season_id": 1308694,
                "short_link_v2": "https://b23.tv/BV1QA411v7mK",
                "pub_location": "江西",
                "cover43": "",
                "tidv2": 2037,
                "tnamev2": "同人动画",
                "pid_v2": 1005,
                "pid_name_v2": "二次元",
                "bvid": "BV1QA411v7mK",
                "season_type": 0,
                "is_ogv": false,
                "ogv_info": null,
                "enable_vt": 0,
                "ai_rcmd": null,
                "rcmd_reason": "爷的青春"
            },
            {
                "aid": 541188645,
                "videos": 1,
                "tid": 27,
                "tname": "综合",
                "copyright": 1,
                "pic": "http://i1.hdslb.com/bfs/archive/1a3906c6d1071adc4681fcb33ea05bc0fc99a4a1.jpg",
                "title": "大  威  天  妈",
                "pubdate": 1593078935,
                "ctime": 1593056793,
                "desc": "秀知学院这个地方对修炼内丹很有好处的！\n这里有各式各样的妖鬼蛇神。。。\n大胆辉夜！你根本就没吧我藤原妈妈放在眼里，我一眼就看出你不是人！\n准——备——捉——妖！！！",
                "state": 0,
                "duration": 115,
                "mission_id": 13752,
                "rights": {
                    "bp": 0,
                    "elec": 0,
                    "download": 0,
                    "movie": 0,
                    "pay": 0,
                    "hd5": 1,
                    "no_reprint": 1,
                    "autoplay": 1,
                    "ugc_pay": 0,
                    "is_cooperation": 1,
                    "ugc_pay_preview": 0,
                    "no_background": 0,
                    "arc_pay": 0,
                    "pay_free_watch": 0
                },
                "owner": {
                    "mid": 50844167,
                    "name": "可靠de伏特加",
                    "face": "https://i2.hdslb.com/bfs/face/b3d7d0f2f5f6f13b7a43619ec8b9f3f9af53723d.jpg"
                },
                "stat": {
                    "aid": 541188645,
                    "view": 5189015,
                    "danmaku": 8407,
                    "reply": 2191,
                    "favorite": 85336,
                    "coin": 86416,
                    "share": 24570,
                    "now_rank": 0,
                    "his_rank": 15,
                    "like": 281231,
                    "dislike": 0,
                    "vt": 0,
                    "vv": 5189015,
                    "fav_g": 0,
                    "like_g": 0
                },
                "dynamic": "最生草的版本来了！！\n大胆辉夜！诱惑会长欺凌石上，我一眼就看出你不是人！！\n准——备——捉——妖！！！",
                "cid": 205485060,
                "dimension": {
                    "width": 3840,
                    "height": 2160,
                    "rotate": 0
                },
                "short_link_v2": "https://b23.tv/BV1mi4y1G7Rn",
                "cover43": "",
                "tidv2": 2059,
                "tnamev2": "鬼畜调教",
                "pid_v2": 1007,
                "pid_name_v2": "鬼畜",
                "bvid": "BV1mi4y1G7Rn",
                "season_type": 0,
                "is_ogv": false,
                "ogv_info": null,
                "enable_vt": 0,
                "ai_rcmd": null,
                "rcmd_reason": "梦幻联动，准备捉妖！"
            },
            {
                "aid": 583637201,
                "videos": 1,
                "tid": 22,
                "tname": "鬼畜调教",
                "copyright": 1,
                "pic": "http://i1.hdslb.com/bfs/archive/97e6b7d35e182cc2f367661351c73f8f50860fc0.jpg",
                "title": "【费玉污】《一剪梅》被删减版本！",
                "pubdate": 1593144044,
                "ctime": 1593108694,
                "desc": "很喜欢费玉清老师这样德艺双馨的人民艺术家，真正的有血有肉，正所谓文能一剪梅，武能嘿嘿嘿！\n准备去鸭店买一只烧鸭奖励勤劳的自己。\n\nBGM：一剪梅 × Wild for the Night (Mashup) - 费玉清/Skrillex\nBGM是自己混了一版，在参考NovaXeno的Mix的基础上，进行了一点修改。",
                "state": 0,
                "duration": 163,
                "rights": {
                    "bp": 0,
                    "elec": 0,
                    "download": 0,
                    "movie": 0,
                    "pay": 0,
                    "hd5": 0,
                    "no_reprint": 1,
                    "autoplay": 1,
                    "ugc_pay": 0,
                    "is_cooperation": 0,
                    "ugc_pay_preview": 0,
                    "no_background": 0,
                    "arc_pay": 0,
                    "pay_free_watch": 0
                },
                "owner": {
                    "mid": 375375,
                    "name": "伊丽莎白鼠",
                    "face": "https://i0.hdslb.com/bfs/face/6c36ec15f6d7ddd9bdb558511521bd0256779e1c.jpg"
                },
                "stat": {
                    "aid": 583637201,
                    "view": 7613966,
                    "danmaku": 27990,
                    "reply": 8752,
                    "favorite": 135418,
                    "coin": 313886,
                    "share": 48927,
                    "now_rank": 0,
                    "his_rank": 4,
                    "like": 614864,
                    "dislike": 0,
                    "vt": 0,
                    "vv": 7613966,
                    "fav_g": 0,
                    "like_g": 0
                },
                "dynamic": "该视频曾发布于1983年，因为费玉污老师在讲荤段子的时候不务正业，唱了费玉清老师的2句《一剪梅》而惨遭删除，在UP主的努力下，被删减的视频终于重见天日！",
                "cid": 205813723,
                "dimension": {
                    "width": 1280,
                    "height": 720,
                    "rotate": 0
                },
                "short_link_v2": "https://b23.tv/BV1Mz4y1X7Nj",
                "cover43": "",
                "tidv2": 2059,
                "tnamev2": "鬼畜调教",
                "pid_v2": 1007,
                "pid_name_v2": "鬼畜",
                "bvid": "BV1Mz4y1X7Nj",
                "season_type": 0,
                "is_ogv": false,
                "ogv_info": null,
                "enable_vt": 0,
                "ai_rcmd": null,
                "rcmd_reason": "兄弟们请把害怕打在公屏上"
            },
            {
                "aid": 926206375,
                "videos": 1,
                "tid": 124,
                "tname": "社科·法律·心理",
                "copyright": 1,
                "pic": "http://i2.hdslb.com/bfs/archive/4e9fb3dd82cc58bb48535fc855ae9bac93c2d04c.jpg",
                "title": "【罗翔】100g冰毒里掺50g面粉，怎么判？国际禁毒日",
                "pubdate": 1593144044,
                "ctime": 1593071268,
                "desc": "6月26日是国际禁毒日，和大家聊聊毒品相关的法律问题。远离毒品，珍爱生命。",
                "state": 0,
                "duration": 336,
                "mission_id": 13695,
                "rights": {
                    "bp": 0,
                    "elec": 0,
                    "download": 0,
                    "movie": 0,
                    "pay": 0,
                    "hd5": 1,
                    "no_reprint": 1,
                    "autoplay": 1,
                    "ugc_pay": 0,
                    "is_cooperation": 0,
                    "ugc_pay_preview": 0,
                    "no_background": 0,
                    "arc_pay": 0,
                    "pay_free_watch": 0
                },
                "owner": {
                    "mid": 517327498,
                    "name": "罗翔说刑法",
                    "face": "https://i1.hdslb.com/bfs/face/4e5d0a51273fe3f8fabc700b6a71bb8a38c9e21e.jpg"
                },
                "stat": {
                    "aid": 926206375,
                    "view": 6014004,
                    "danmaku": 45691,
                    "reply": 11926,
                    "favorite": 66318,
                    "coin": 186876,
                    "share": 22510,
                    "now_rank": 0,
                    "his_rank": 6,
                    "like": 462081,
                    "dislike": 0,
                    "vt": 0,
                    "vv": 6014004,
                    "fav_g": 1,
                    "like_g": 2
                },
                "dynamic": "#罗翔##刑法##厚大#",
                "cid": 205570221,
                "dimension": {
                    "width": 1920,
                    "height": 1080,
                    "rotate": 0
                },
                "short_link_v2": "https://b23.tv/BV1xT4y177Kq",
                "pub_location": "北京",
                "cover43": "",
                "tidv2": 2088,
                "tnamev2": "社会观察",
                "pid_v2": 1010,
                "pid_name_v2": "知识",
                "bvid": "BV1xT4y177Kq",
                "season_type": 0,
                "is_ogv": false,
                "ogv_info": null,
                "enable_vt": 0,
                "ai_rcmd": null,
                "rcmd_reason": "国际禁毒日，来听和毒品相关的法律问题"
            },
            {
                "aid": 583611554,
                "videos": 1,
                "tid": 17,
                "tname": "单机游戏",
                "copyright": 1,
                "pic": "http://i0.hdslb.com/bfs/archive/cf8efc02cb2f6aa69fe2963c971586e8a9cd96d8.jpg",
                "title": "世界上BUG最多的搞笑游戏 每局1500个BUG",
                "pubdate": 1592994658,
                "ctime": 1592994658,
                "desc": "我带着BUG回来了，求【收藏】,收藏过3W星期五很快还会有视频的！",
                "state": 0,
                "duration": 460,
                "mission_id": 13777,
                "rights": {
                    "bp": 0,
                    "elec": 0,
                    "download": 0,
                    "movie": 0,
                    "pay": 0,
                    "hd5": 0,
                    "no_reprint": 1,
                    "autoplay": 1,
                    "ugc_pay": 0,
                    "is_cooperation": 0,
                    "ugc_pay_preview": 0,
                    "no_background": 0,
                    "arc_pay": 0,
                    "pay_free_watch": 0
                },
                "owner": {
                    "mid": 10558098,
                    "name": "黑镖客梦回",
                    "face": "https://i0.hdslb.com/bfs/face/3e84a195ffa855961911689a49f754f1e3612a61.jpg"
                },
                "stat": {
                    "aid": 583611554,
                    "view": 6070882,
                    "danmaku": 14337,
                    "reply": 4082,
                    "favorite": 44356,
                    "coin": 49171,
                    "share": 5401,
                    "now_rank": 0,
                    "his_rank": 15,
                    "like": 255019,
                    "dislike": 0,
                    "vt": 0,
                    "vv": 6070882,
                    "fav_g": 6,
                    "like_g": 14
                },
                "dynamic": "求【收藏】,收藏过3W很快还会更新视频的！    #BUG##黑镖客##我要上推荐##生活#",
                "cid": 205232782,
                "dimension": {
                    "width": 1920,
                    "height": 1080,
                    "rotate": 0
                },
                "short_link_v2": "https://b23.tv/BV1cz4y1X7TT",
                "cover43": "",
                "tidv2": 2079,
                "tnamev2": "其他游戏",
                "pid_v2": 1008,
                "pid_name_v2": "游戏",
                "bvid": "BV1cz4y1X7TT",
                "season_type": 0,
                "is_ogv": false,
                "ogv_info": null,
                "enable_vt": 0,
                "ai_rcmd": null,
                "rcmd_reason": "这里的僵尸竟然喜欢跳广场舞？"
            },
            {
                "aid": 286242925,
                "videos": 1,
                "tid": 138,
                "tname": "搞笑",
                "copyright": 1,
                "pic": "http://i0.hdslb.com/bfs/archive/a8786510e283ced5f81b82da8abaa94fc6c09e4c.jpg",
                "title": "口技大师！",
                "pubdate": 1593144044,
                "ctime": 1593144078,
                "desc": "谁才是真正的口技之王！",
                "state": 0,
                "duration": 777,
                "mission_id": 13749,
                "rights": {
                    "bp": 0,
                    "elec": 0,
                    "download": 0,
                    "movie": 0,
                    "pay": 0,
                    "hd5": 0,
                    "no_reprint": 1,
                    "autoplay": 1,
                    "ugc_pay": 0,
                    "is_cooperation": 0,
                    "ugc_pay_preview": 0,
                    "no_background": 0,
                    "arc_pay": 0,
                    "pay_free_watch": 0
                },
                "owner": {
                    "mid": 546195,
                    "name": "老番茄",
                    "face": "http://i0.hdslb.com/bfs/face/bc5ca101313d4db223c395d64779e76eb3482d60.jpg"
                },
                "stat": {
                    "aid": 286242925,
                    "view": 8512684,
                    "danmaku": 115991,
                    "reply": 13042,
                    "favorite": 128040,
                    "coin": 288315,
                    "share": 18498,
                    "now_rank": 0,
                    "his_rank": 1,
                    "like": 645987,
                    "dislike": 0,
                    "vt": 0,
                    "vv": 8512684,
                    "fav_g": 4,
                    "like_g": 6
                },
                "dynamic": "口技大师！",
                "cid": 205824964,
                "dimension": {
                    "width": 1920,
                    "height": 1080,
                    "rotate": 0
                },
                "short_link_v2": "https://b23.tv/BV1Df4y1174h",
                "cover43": "",
                "tidv2": 2207,
                "tnamev2": "随拍·综合",
                "pid_v2": 1032,
                "pid_name_v2": "其他",
                "bvid": "BV1Df4y1174h",
                "season_type": 0,
                "is_ogv": false,
                "ogv_info": null,
                "enable_vt": 0,
                "ai_rcmd": null,
                "rcmd_reason": "京 中 有 善 口 技 者"
            },
            {
                "aid": 626114146,
                "videos": 1,
                "tid": 76,
                "tname": "美食制作",
                "copyright": 1,
                "pic": "http://i0.hdslb.com/bfs/archive/c5403dc8902ab9e33142982d02a055ff088a730b.jpg",
                "title": "4大勺糯米2大块肉，连吃几个都嫌不够",
                "pubdate": 1592753613,
                "ctime": 1592753613,
                "desc": "日更微博【绵羊不只会料理】https://weibo.com/mianyangliaoli\n微信公众号【绵羊料理】有详细的菜谱，打算交作业的同学记得订阅+\n油管同步更新：https://www.youtube.com/c/sheephoho",
                "state": 0,
                "duration": 291,
                "mission_id": 13544,
                "rights": {
                    "bp": 0,
                    "elec": 0,
                    "download": 0,
                    "movie": 0,
                    "pay": 0,
                    "hd5": 0,
                    "no_reprint": 1,
                    "autoplay": 1,
                    "ugc_pay": 0,
                    "is_cooperation": 0,
                    "ugc_pay_preview": 0,
                    "no_background": 0,
                    "arc_pay": 0,
                    "pay_free_watch": 0
                },
                "owner": {
                    "mid": 18202105,
                    "name": "绵羊料理",
                    "face": "https://i1.hdslb.com/bfs/face/54b5c9c2ad7f1baff195090bfd6afa365ef20c37.jpg"
                },
                "stat": {
                    "aid": 626114146,
                    "view": 6229508,
                    "danmaku": 22134,
                    "reply": 5580,
                    "favorite": 49520,
                    "coin": 242137,
                    "share": 13878,
                    "now_rank": 0,
                    "his_rank": 2,
                    "like": 409556,
                    "dislike": 0,
                    "vt": 0,
                    "vv": 6229508,
                    "fav_g": 7,
                    "like_g": 7
                },
                "dynamic": "5个角的大肉粽，一只足有半斤重\n三步到位，包学包会，咸甜的搭配，绝对够味！\n#地道美食大赏##端午我来了##美食##厨艺##料理制作#",
                "cid": 204427877,
                "dimension": {
                    "width": 1920,
                    "height": 1080,
                    "rotate": 0
                },
                "season_id": 134,
                "short_link_v2": "https://b23.tv/BV1Jt4y197Ht",
                "cover43": "",
                "tidv2": 2149,
                "tnamev2": "美食制作",
                "pid_v2": 1020,
                "pid_name_v2": "美食",
                "bvid": "BV1Jt4y197Ht",
                "season_type": 0,
                "is_ogv": false,
                "ogv_info": null,
                "enable_vt": 0,
                "ai_rcmd": null,
                "rcmd_reason": "大家端午安康呀"
            },
            {
                "aid": 796058785,
                "videos": 1,
                "tid": 47,
                "tname": "同人·手书",
                "copyright": 1,
                "pic": "http://i0.hdslb.com/bfs/archive/6152db89221a22804440fc62c5eff23a05a70bd3.jpg",
                "title": "华生：都别动！他手里有枪！",
                "pubdate": 1592552986,
                "ctime": 1592552986,
                "desc": "这是福尔摩斯的最终回了吧（应该？\n因为福尔摩斯一共就4集！！我傻了！我已经把这个动漫榨干到无法再榨干了\n太可怕了！\n但是还是请关注我！！关注我！！关注我！！关注我！！关注我！！关注我！！关注我！！关注我！！关注我！！关注我！！关注我！！关注我！！关注我！！关注我！！关注我！！关注我！！关注我！！关注我！！关注我！！关注我！！关注我！！关注我！！关注我！！关注我！！关注我！！关注我！！关注我！！关注我！！关注我！！关注我！！关注我！！关注我！！关注我！！关注我！！关注我！！关注我！！关注我！！关注我！！关注",
                "state": 0,
                "duration": 123,
                "mission_id": 13471,
                "rights": {
                    "bp": 0,
                    "elec": 0,
                    "download": 0,
                    "movie": 0,
                    "pay": 0,
                    "hd5": 1,
                    "no_reprint": 1,
                    "autoplay": 1,
                    "ugc_pay": 0,
                    "is_cooperation": 0,
                    "ugc_pay_preview": 0,
                    "no_background": 0,
                    "arc_pay": 0,
                    "pay_free_watch": 0
                },
                "owner": {
                    "mid": 5294454,
                    "name": "逗比的雀巢",
                    "face": "https://i0.hdslb.com/bfs/face/e56d8c14d3b74b4e32fbaf2ac4af119328c56c93.jpg"
                },
                "stat": {
                    "aid": 796058785,
                    "view": 8734195,
                    "danmaku": 5915,
                    "reply": 1926,
                    "favorite": 44480,
                    "coin": 68108,
                    "share": 11237,
                    "now_rank": 0,
                    "his_rank": 11,
                    "like": 340323,
                    "dislike": 0,
                    "vt": 0,
                    "vv": 8734195,
                    "fav_g": 0,
                    "like_g": 0
                },
                "dynamic": "#我的童年经典##高能##搞笑视频# \n这是！福尔摩斯最终回！可恶! 三连！\n这是！福尔摩斯最终回！可恶! 三连！\n这是！福尔摩斯最终回！可恶! 三连！",
                "cid": 203503066,
                "dimension": {
                    "width": 1920,
                    "height": 1080,
                    "rotate": 0
                },
                "season_id": 1961,
                "short_link_v2": "https://b23.tv/BV1rC4y1a7in",
                "cover43": "",
                "tidv2": 2041,
                "tnamev2": "动漫剪辑",
                "pid_v2": 1005,
                "pid_name_v2": "二次元",
                "bvid": "BV1rC4y1a7in",
                "season_type": 0,
                "is_ogv": false,
                "ogv_info": null,
                "enable_vt": 0,
                "ai_rcmd": null,
                "rcmd_reason": "福尔摩斯，你火了！"
            },
            {
                "aid": 541029634,
                "videos": 2,
                "tid": 47,
                "tname": "同人·手书",
                "copyright": 1,
                "pic": "http://i2.hdslb.com/bfs/archive/43052d08ba5e6a791fbe128c9afa7efad6d4fc08.jpg",
                "title": "2020年最牛学生毕设！？广美《落凡尘》震撼登场！",
                "pubdate": 1592465031,
                "ctime": 1592465031,
                "desc": "作品：《落凡尘》\n\n指导老师：钟鼎   黄军花\n创作团队：李嘉馨  姚旺  于鹏  王颢霖  冼梓嫣  吴诗灵  黎逸  陈柏坚  司乾坤  \n任俊彦  洪铭沣  张嘉俊  梁策\n\n作品简介：\n本片围绕“神话”这个主题，基于星宿与银河的传说创作。讲述了一个认真负责“放星星”的神仙与顽皮妹妹之间发生的故事。短片充满想象力地将织布与天上的星宿星座联系在一起，既继承了传统文化中的神话传说元素，又有一定的创新。 十三位同学合理分组取长补短，力求去用三维数字动画的方式结合优秀的美术设计去呈现一个脑洞大开的“新神话故",
                "state": 0,
                "duration": 961,
                "mission_id": 13742,
                "rights": {
                    "bp": 0,
                    "elec": 0,
                    "download": 0,
                    "movie": 0,
                    "pay": 0,
                    "hd5": 1,
                    "no_reprint": 1,
                    "autoplay": 1,
                    "ugc_pay": 0,
                    "is_cooperation": 0,
                    "ugc_pay_preview": 0,
                    "no_background": 0,
                    "arc_pay": 0,
                    "pay_free_watch": 0
                },
                "owner": {
                    "mid": 59550906,
                    "name": "wuhu动画人空间",
                    "face": "https://i0.hdslb.com/bfs/face/48469a84187484653a3fb913c7c4ca01df3d1fd7.jpg"
                },
                "stat": {
                    "aid": 541029634,
                    "view": 3043775,
                    "danmaku": 9363,
                    "reply": 5850,
                    "favorite": 144596,
                    "coin": 153120,
                    "share": 52442,
                    "now_rank": 0,
                    "his_rank": 13,
                    "like": 237564,
                    "dislike": 0,
                    "vt": 0,
                    "vv": 3043775,
                    "fav_g": 0,
                    "like_g": 0
                },
                "dynamic": "#2020动画毕业季##广州美术学院视觉艺术设计学院##动画毕设#",
                "cid": 203198710,
                "dimension": {
                    "width": 1920,
                    "height": 1080,
                    "rotate": 0
                },
                "short_link_v2": "https://b23.tv/BV1si4y1x776",
                "pub_location": "浙江",
                "cover43": "",
                "tidv2": 2037,
                "tnamev2": "同人动画",
                "pid_v2": 1005,
                "pid_name_v2": "二次元",
                "bvid": "BV1si4y1x776",
                "season_type": 0,
                "is_ogv": false,
                "ogv_info": null,
                "enable_vt": 0,
                "ai_rcmd": null,
                "rcmd_reason": "血书求出电影"
            },
            {
                "aid": 796036736,
                "videos": 17,
                "tid": 182,
                "tname": "影视杂谈",
                "copyright": 1,
                "pic": "http://i0.hdslb.com/bfs/archive/d7a15ce7bccdaf3ff0a41e2b2c80feac1f9edc82.jpg",
                "title": "【木鱼微剧场】《红楼梦》（全集）",
                "pubdate": 1592740099,
                "ctime": 1592740099,
                "desc": "满纸荒唐言，一把辛酸泪，都云作者痴，谁解其中味？在中国文学史上，很多研究者都认为，《红楼梦》是旧时所有小说中文学成就与艺术成就最高的一部，是中国古典小说的最高峰。不过，很多朋友对于《红楼梦》的主要故事，却知之甚少。红楼梦的妙处并不是它的大戏剧结构，而是在于它细节的丰富。在于它的悲中带喜，喜中有悲，充满了丰富性和世俗性。是在大俗中展现的大雅，是诞生于日常现实生活中的浪漫主义，在含蓄与丰富中传达悲叹的极上妙处。\n\n这次的合集重新做了后期，且修正了之前视频中的问题，喜欢的话，还请三连支持一波哈~",
                "state": 0,
                "duration": 41979,
                "rights": {
                    "bp": 0,
                    "elec": 0,
                    "download": 0,
                    "movie": 0,
                    "pay": 0,
                    "hd5": 0,
                    "no_reprint": 1,
                    "autoplay": 1,
                    "ugc_pay": 0,
                    "is_cooperation": 0,
                    "ugc_pay_preview": 0,
                    "no_background": 0,
                    "arc_pay": 0,
                    "pay_free_watch": 0
                },
                "owner": {
                    "mid": 927587,
                    "name": "木鱼水心",
                    "face": "https://i2.hdslb.com/bfs/face/e922d9dc09a2d21f1400ad0f02f75ecf1b3575c8.jpg"
                },
                "stat": {
                    "aid": 796036736,
                    "view": 23269914,
                    "danmaku": 267473,
                    "reply": 14602,
                    "favorite": 615504,
                    "coin": 547373,
                    "share": 126735,
                    "now_rank": 0,
                    "his_rank": 3,
                    "like": 653564,
                    "dislike": 0,
                    "vt": 0,
                    "vv": 23269914,
                    "fav_g": 47,
                    "like_g": 2
                },
                "dynamic": "木鱼微剧场《红楼梦》全集\n此版本重新做了后期\n且修正了之前视频中的Bug\n其实花费了相当多工作量，喜欢的话可以收藏哦~\n#木鱼水心##木鱼微剧场##红楼梦#",
                "cid": 204105211,
                "dimension": {
                    "width": 1920,
                    "height": 1080,
                    "rotate": 0
                },
                "short_link_v2": "https://b23.tv/BV1CC4y1a7ee",
                "pub_location": "北京",
                "cover43": "",
                "tidv2": 2001,
                "tnamev2": "影视解读",
                "pid_v2": 1001,
                "pid_name_v2": "影视",
                "bvid": "BV1CC4y1a7ee",
                "season_type": 0,
                "is_ogv": false,
                "ogv_info": null,
                "enable_vt": 0,
                "ai_rcmd": null,
                "rcmd_reason": "听完就能去和语文老师对线了"
            },
            {
                "aid": 968607863,
                "videos": 1,
                "tid": 161,
                "tname": "手工",
                "copyright": 1,
                "pic": "http://i1.hdslb.com/bfs/archive/972f4d1a9fa8e83093e5d16ff551bde05197ca6d.jpg",
                "title": "自制路由器小跟班",
                "pubdate": 1592823628,
                "ctime": 1592823635,
                "desc": "家里无线网信号不太好，自己做了一个路由器小跟班，无论你走到哪，信号都是满格的",
                "state": 0,
                "duration": 239,
                "rights": {
                    "bp": 0,
                    "elec": 0,
                    "download": 0,
                    "movie": 0,
                    "pay": 0,
                    "hd5": 1,
                    "no_reprint": 1,
                    "autoplay": 1,
                    "ugc_pay": 0,
                    "is_cooperation": 0,
                    "ugc_pay_preview": 0,
                    "no_background": 0,
                    "arc_pay": 0,
                    "pay_free_watch": 0
                },
                "owner": {
                    "mid": 280793434,
                    "name": "手工耿",
                    "face": "https://i1.hdslb.com/bfs/face/b8a75ae7d2a0e2af1d36ca9f1084d850eebb28e3.jpg"
                },
                "stat": {
                    "aid": 968607863,
                    "view": 3442630,
                    "danmaku": 17381,
                    "reply": 7950,
                    "favorite": 15009,
                    "coin": 79420,
                    "share": 12793,
                    "now_rank": 0,
                    "his_rank": 9,
                    "like": 267121,
                    "dislike": 0,
                    "vt": 0,
                    "vv": 3442630,
                    "fav_g": 0,
                    "like_g": 2
                },
                "dynamic": "#创意##视频教程##手工制作#",
                "cid": 204486788,
                "dimension": {
                    "width": 1080,
                    "height": 1920,
                    "rotate": 0
                },
                "short_link_v2": "https://b23.tv/BV1Zp4y1D7cC",
                "cover43": "",
                "tidv2": 2104,
                "tnamev2": "自制发明/设备",
                "pid_v2": 1012,
                "pid_name_v2": "科技数码",
                "bvid": "BV1Zp4y1D7cC",
                "season_type": 0,
                "is_ogv": false,
                "ogv_info": null,
                "enable_vt": 0,
                "ai_rcmd": null,
                "rcmd_reason": "这一个真的太强了"
            },
            {
                "aid": 413502496,
                "videos": 1,
                "tid": 31,
                "tname": "翻唱",
                "copyright": 1,
                "pic": "http://i1.hdslb.com/bfs/archive/7a605ed09b24b8894761305b0af5a65561b6d40b.jpg",
                "title": "Kurt最新中文作品 | 五月天《干杯》",
                "pubdate": 1592557255,
                "ctime": 1592382467,
                "desc": "这次我们翻唱了五月天的《干杯》，希望大家喜欢。\n\n也祝bilibili十一周年生日快乐，干杯！",
                "state": 0,
                "duration": 248,
                "rights": {
                    "bp": 0,
                    "elec": 0,
                    "download": 0,
                    "movie": 0,
                    "pay": 0,
                    "hd5": 1,
                    "no_reprint": 1,
                    "autoplay": 1,
                    "ugc_pay": 0,
                    "is_cooperation": 0,
                    "ugc_pay_preview": 0,
                    "no_background": 0,
                    "arc_pay": 0,
                    "pay_free_watch": 0
                },
                "owner": {
                    "mid": 596324576,
                    "name": "音乐制作人Kurt",
                    "face": "https://i2.hdslb.com/bfs/face/628b1bfeaae9387bdb337cfc5ca334004bee71c1.jpg"
                },
                "stat": {
                    "aid": 413502496,
                    "view": 2181845,
                    "danmaku": 19893,
                    "reply": 5729,
                    "favorite": 70469,
                    "coin": 177745,
                    "share": 17827,
                    "now_rank": 0,
                    "his_rank": 4,
                    "like": 226043,
                    "dislike": 0,
                    "vt": 0,
                    "vv": 2181845,
                    "fav_g": 0,
                    "like_g": 0
                },
                "dynamic": "#BILIBILI 11周年##音乐##KHS#\n这次我们翻唱了五月天的《干杯》，希望大家喜欢。\n也祝bilibili十一周年生日快乐，干杯！\n演唱：Jason Chen\n咻，周年庆传送门：https://www.bilibli.com/11",
                "cid": 202909474,
                "dimension": {
                    "width": 3840,
                    "height": 2160,
                    "rotate": 0
                },
                "short_link_v2": "https://b23.tv/BV1dV411r7gL",
                "cover43": "",
                "tidv2": 2020,
                "tnamev2": "翻唱",
                "pid_v2": 1003,
                "pid_name_v2": "音乐",
                "bvid": "BV1dV411r7gL",
                "season_type": 0,
                "is_ogv": false,
                "ogv_info": null,
                "enable_vt": 0,
                "ai_rcmd": null,
                "rcmd_reason": "会不会 有一天 时间真的能倒退"
            },
            {
                "aid": 371099497,
                "videos": 1,
                "tid": 250,
                "tname": "出行",
                "copyright": 1,
                "pic": "http://i0.hdslb.com/bfs/archive/7bc9a8fc5b033ed546f8ed37b301eb4fe6c94676.jpg",
                "title": "实地暗访特朗普纽约酒店，疫情下美国酒店业有多凉？",
                "pubdate": 1592797778,
                "ctime": 1592797778,
                "desc": "",
                "state": 0,
                "duration": 369,
                "mission_id": 13602,
                "rights": {
                    "bp": 0,
                    "elec": 0,
                    "download": 0,
                    "movie": 0,
                    "pay": 0,
                    "hd5": 0,
                    "no_reprint": 1,
                    "autoplay": 1,
                    "ugc_pay": 0,
                    "is_cooperation": 0,
                    "ugc_pay_preview": 0,
                    "no_background": 0,
                    "arc_pay": 0,
                    "pay_free_watch": 0
                },
                "owner": {
                    "mid": 176037767,
                    "name": "我是郭杰瑞",
                    "face": "http://i2.hdslb.com/bfs/face/6182455e4d61159121c223ddc7a3a381f2d4d056.jpg"
                },
                "stat": {
                    "aid": 371099497,
                    "view": 3699845,
                    "danmaku": 25651,
                    "reply": 5758,
                    "favorite": 12243,
                    "coin": 48212,
                    "share": 7567,
                    "now_rank": 0,
                    "his_rank": 5,
                    "like": 251835,
                    "dislike": 0,
                    "vt": 0,
                    "vv": 3699845,
                    "fav_g": 0,
                    "like_g": 0
                },
                "dynamic": "",
                "cid": 204488464,
                "dimension": {
                    "width": 1920,
                    "height": 1080,
                    "rotate": 0
                },
                "short_link_v2": "https://b23.tv/BV1DZ4y1H7jK",
                "cover43": "",
                "tidv2": 2160,
                "tnamev2": "城市出行",
                "pid_v2": 1022,
                "pid_name_v2": "旅游出行",
                "bvid": "BV1DZ4y1H7jK",
                "season_type": 0,
                "is_ogv": false,
                "ogv_info": null,
                "enable_vt": 0,
                "ai_rcmd": null,
                "rcmd_reason": "这里的警察特别特别多，别的酒店没有这个功能"
            },
            {
                "aid": 668605442,
                "videos": 1,
                "tid": 214,
                "tname": "田园美食",
                "copyright": 1,
                "pic": "http://i2.hdslb.com/bfs/archive/44aca67a81b31dc02588b2d4b4a67bf57ca42ef9.jpg",
                "title": "【油菜的一生】最是难忘菜籽香，新榨的菜籽油做啥都好吃呀",
                "pubdate": 1592652012,
                "ctime": 1592652013,
                "desc": "中国人的生活离不开“柴米油盐酱醋茶”\n那我们每天吃到的“菜籽油”又是怎么来的呢？\n一颗米尖大的菜籽历经寒冬就能变成上千颗！\n让人好不感叹生命和自然的神奇。\n菜籽榨油后有做不尽的四海美食，\n可不就是爱吃什么做什么嘛！",
                "state": 0,
                "duration": 1319,
                "rights": {
                    "bp": 0,
                    "elec": 0,
                    "download": 0,
                    "movie": 0,
                    "pay": 0,
                    "hd5": 0,
                    "no_reprint": 1,
                    "autoplay": 1,
                    "ugc_pay": 0,
                    "is_cooperation": 0,
                    "ugc_pay_preview": 0,
                    "no_background": 0,
                    "arc_pay": 0,
                    "pay_free_watch": 0
                },
                "owner": {
                    "mid": 19577966,
                    "name": "李子柒",
                    "face": "https://i2.hdslb.com/bfs/face/82d27965dae3b2fe9e52780c6309c7b37ad4cbf2.jpg"
                },
                "stat": {
                    "aid": 668605442,
                    "view": 3410071,
                    "danmaku": 33251,
                    "reply": 6533,
                    "favorite": 24434,
                    "coin": 138557,
                    "share": 13916,
                    "now_rank": 0,
                    "his_rank": 8,
                    "like": 264066,
                    "dislike": 0,
                    "vt": 0,
                    "vv": 3410071,
                    "fav_g": 4,
                    "like_g": 4
                },
                "dynamic": "看过遍地黄花，尝过满桌小菜，才算领略了菜籽油的一生",
                "cid": 203843213,
                "dimension": {
                    "width": 1920,
                    "height": 1080,
                    "rotate": 0
                },
                "short_link_v2": "https://b23.tv/BV1Ca4y1Y7XJ",
                "cover43": "",
                "tidv2": 2152,
                "tnamev2": "美食记录",
                "pid_v2": 1020,
                "pid_name_v2": "美食",
                "bvid": "BV1Ca4y1Y7XJ",
                "season_type": 0,
                "is_ogv": false,
                "ogv_info": null,
                "enable_vt": 0,
                "ai_rcmd": null,
                "rcmd_reason": "这视频看起来香惨了"
            },
            {
                "aid": 796083329,
                "videos": 2,
                "tid": 95,
                "tname": "数码",
                "copyright": 1,
                "pic": "http://i1.hdslb.com/bfs/archive/403fceb8f4db03d7bd0cbacb8b4be2e093c80614.jpg",
                "title": "全面完整的电脑教程，从零装一台完美电脑",
                "pubdate": 1592366981,
                "ctime": 1592366981,
                "desc": "本期视频内容包括但不限于电脑知识科普、CPU主板显卡内存硬盘机箱电源风扇选购指南、全面完整的装机教程、最官方最简单的Win10系统安装教程、驱动安装教程、磁盘管理教程、配置推荐。\n详解详解10代酷睿和Ryzen CPU、Intel400系芯片组和AM4主板，各硬件主流品牌定位、各主流硬件的具体数据、安装教程与后续优化！\n更详细的图文内容可查阅我的专栏文章：cv6345173，比视频更详细和直观，所有的数据整理后在专栏的文末给出参考文献和下载链接。",
                "state": 0,
                "duration": 1994,
                "rights": {
                    "bp": 0,
                    "elec": 0,
                    "download": 0,
                    "movie": 0,
                    "pay": 0,
                    "hd5": 0,
                    "no_reprint": 1,
                    "autoplay": 1,
                    "ugc_pay": 0,
                    "is_cooperation": 0,
                    "ugc_pay_preview": 0,
                    "no_background": 0,
                    "arc_pay": 0,
                    "pay_free_watch": 0
                },
                "owner": {
                    "mid": 383336986,
                    "name": "清云",
                    "face": "https://i1.hdslb.com/bfs/face/2976b119025339477613c476b2e038a8b61615d7.jpg"
                },
                "stat": {
                    "aid": 796083329,
                    "view": 1843495,
                    "danmaku": 4157,
                    "reply": 2327,
                    "favorite": 203593,
                    "coin": 126602,
                    "share": 10096,
                    "now_rank": 0,
                    "his_rank": 5,
                    "like": 136831,
                    "dislike": 0,
                    "vt": 0,
                    "vv": 1843495,
                    "fav_g": 9,
                    "like_g": 8
                },
                "dynamic": "总耗时两个月的电脑装机指南视频终于完成了！\n全称无尿点，凝练的语言，完整全面的数据和教程！\n内容包括但不限于电脑知识科普、CPU主板显卡内存硬盘机箱电源风扇选购指南、全面完整的装机教程、安装Win10系统教程、驱动安装教程、磁盘管理教程、配置推荐。\n之后安心更平安京的视频，这段时间我学会了很多东西，相信会有更好的视频呈现给大家。\n#装机##电脑##4K#",
                "cid": 202808561,
                "dimension": {
                    "width": 2160,
                    "height": 1080,
                    "rotate": 0
                },
                "short_link_v2": "https://b23.tv/BV1UC4y1a79h",
                "cover43": "",
                "tidv2": 2099,
                "tnamev2": "电脑",
                "pid_v2": 1012,
                "pid_name_v2": "科技数码",
                "bvid": "BV1UC4y1a79h",
                "season_type": 0,
                "is_ogv": false,
                "ogv_info": null,
                "enable_vt": 0,
                "ai_rcmd": null,
                "rcmd_reason": "再次召唤收藏夹"
            },
            {
                "aid": 838695607,
                "videos": 1,
                "tid": 233,
                "tname": "极客DIY",
                "copyright": 1,
                "pic": "http://i2.hdslb.com/bfs/archive/3e74bc8aea97debd4c9a91280027add3b3aec1b3.jpg",
                "title": "【才浅手工】两个月打造两把誓约胜利之剑，已用青金石附魔",
                "pubdate": 1593013034,
                "ctime": 1593013034,
                "desc": "很抱歉，拖更有点久，喜欢的话欢迎一键三连",
                "state": 0,
                "duration": 558,
                "mission_id": 13695,
                "rights": {
                    "bp": 0,
                    "elec": 0,
                    "download": 0,
                    "movie": 0,
                    "pay": 0,
                    "hd5": 0,
                    "no_reprint": 1,
                    "autoplay": 1,
                    "ugc_pay": 0,
                    "is_cooperation": 0,
                    "ugc_pay_preview": 0,
                    "no_background": 0,
                    "arc_pay": 0,
                    "pay_free_watch": 0
                },
                "owner": {
                    "mid": 2200736,
                    "name": "才疏学浅的才浅",
                    "face": "https://i2.hdslb.com/bfs/face/5e164548b80c4a0ea63e922a82eedc865220358f.jpg"
                },
                "stat": {
                    "aid": 838695607,
                    "view": 3924674,
                    "danmaku": 35788,
                    "reply": 8024,
                    "favorite": 123206,
                    "coin": 517746,
                    "share": 15946,
                    "now_rank": 0,
                    "his_rank": 1,
                    "like": 492257,
                    "dislike": 0,
                    "vt": 0,
                    "vv": 3924674,
                    "fav_g": 4,
                    "like_g": 4
                },
                "dynamic": "#DIY##手工##野生技术协会#\n本期是和会员购合作打造两把咖喱棒，中间有些材料是联系工厂定制的，所以耽误的时间有点久，这里给大家道个歉",
                "cid": 206694332,
                "dimension": {
                    "width": 1920,
                    "height": 1080,
                    "rotate": 0
                },
                "season_id": 141314,
                "short_link_v2": "https://b23.tv/BV14g4y1v7Ks",
                "cover43": "",
                "tidv2": 2148,
                "tnamev2": "其他手工",
                "pid_v2": 1019,
                "pid_name_v2": "手工",
                "bvid": "BV14g4y1v7Ks",
                "season_type": 0,
                "is_ogv": false,
                "ogv_info": null,
                "enable_vt": 0,
                "ai_rcmd": null,
                "rcmd_reason": "又是神仙UP的神仙操作"
            },
            {
                "aid": 626062005,
                "videos": 1,
                "tid": 212,
                "tname": "美食侦探",
                "copyright": 1,
                "pic": "http://i1.hdslb.com/bfs/archive/d514d59a86280391c990a54ef1f77a05a354f26a.jpg",
                "title": "【豆腐脑】吃了两星期豆腐，废了几十斤豆子，豆腐脑终于可以出摊了~【街头美食在家做】",
                "pubdate": 1592906440,
                "ctime": 1592875011,
                "desc": "刚好来了朋友招待了几天，顺便等装备，前前后后废了几十斤豆子，总算把豆腐脑给还原了。\n有什么想要我做的街头小吃，欢迎在评论或弹幕留言。\n这期视频真的挺折腾的，主要是量太大了和少量制作有比较大差异，求个三连不过分吧！",
                "state": 0,
                "duration": 924,
                "mission_id": 13544,
                "rights": {
                    "bp": 0,
                    "elec": 0,
                    "download": 0,
                    "movie": 0,
                    "pay": 0,
                    "hd5": 1,
                    "no_reprint": 1,
                    "autoplay": 1,
                    "ugc_pay": 0,
                    "is_cooperation": 0,
                    "ugc_pay_preview": 0,
                    "no_background": 0,
                    "arc_pay": 0,
                    "pay_free_watch": 0
                },
                "owner": {
                    "mid": 3334179,
                    "name": "我的样子平平无奇",
                    "face": "https://i0.hdslb.com/bfs/face/5c982dc61c92d7059ce32f94cd095b54e02729f7.jpg"
                },
                "stat": {
                    "aid": 626062005,
                    "view": 2126898,
                    "danmaku": 22933,
                    "reply": 5069,
                    "favorite": 36677,
                    "coin": 149601,
                    "share": 7525,
                    "now_rank": 0,
                    "his_rank": 18,
                    "like": 171789,
                    "dislike": 0,
                    "vt": 0,
                    "vv": 2126898,
                    "fav_g": 0,
                    "like_g": 0
                },
                "dynamic": "目前为止最难还原的一期街头小吃，主要是量太大了和少量制作有比较大差异，想要一个三连嘤嘤嘤。如果你们有什么想让我做的街头小吃，请在评论区留言。#街头美食在家做##地道美食大赏##豆腐脑#",
                "cid": 204776454,
                "dimension": {
                    "width": 1920,
                    "height": 1080,
                    "rotate": 0
                },
                "season_id": 2903,
                "short_link_v2": "https://b23.tv/BV1Rt4y1X79C",
                "cover43": "",
                "tidv2": 2149,
                "tnamev2": "美食制作",
                "pid_v2": 1020,
                "pid_name_v2": "美食",
                "bvid": "BV1Rt4y1X79C",
                "season_type": 0,
                "is_ogv": false,
                "ogv_info": null,
                "enable_vt": 0,
                "ai_rcmd": null,
                "rcmd_reason": "可盐可甜，豆腐脑赛高！"
            },
            {
                "aid": 328504790,
                "videos": 1,
                "tid": 193,
                "tname": "MV",
                "copyright": 1,
                "pic": "http://i2.hdslb.com/bfs/archive/285557fbfa74c661c01fc12eae611da8792dd790.jpg",
                "title": "【李玉刚自投稿】你们要的《赤伶》剧情版MV来了！",
                "pubdate": 1592826129,
                "ctime": 1592826130,
                "desc": "当《赤伶》唱到“戏幕起 戏幕落 谁是客。”时，我脑海中浮现出曾经我在《国色天香》中的歌词：“他们说落幕就是散场，我却忍不住一直思量；他们说旧戏文已泛黄，我却当做是国色天香。”也正像我曾在《新贵妃醉酒》的MV中着半面妆，一人对镜思量的寓意。所以我才对《赤伶》如此感触，它就像在述说我自始至终的心情：虽落寞却也坚定。\n谢谢你们来听我的歌，也请各位看客“莫嘲风月戏，莫笑人荒唐。”如果能使你们更加热爱国风、更有心去走近国粹、甚至去传承传统文化，我便已知足。 \nPS：剧情版MV已经来了，正式版还会远吗？",
                "state": 0,
                "duration": 298,
                "rights": {
                    "bp": 0,
                    "elec": 0,
                    "download": 0,
                    "movie": 0,
                    "pay": 0,
                    "hd5": 1,
                    "no_reprint": 1,
                    "autoplay": 1,
                    "ugc_pay": 0,
                    "is_cooperation": 0,
                    "ugc_pay_preview": 0,
                    "no_background": 0,
                    "arc_pay": 0,
                    "pay_free_watch": 0
                },
                "owner": {
                    "mid": 85318798,
                    "name": "李玉刚",
                    "face": "http://i1.hdslb.com/bfs/face/32c88bbfdbd4c6baaab2d44136a5c7102de93eb4.jpg"
                },
                "stat": {
                    "aid": 328504790,
                    "view": 12091720,
                    "danmaku": 39198,
                    "reply": 11407,
                    "favorite": 375389,
                    "coin": 669571,
                    "share": 55765,
                    "now_rank": 0,
                    "his_rank": 2,
                    "like": 832044,
                    "dislike": 0,
                    "vt": 0,
                    "vv": 12091720,
                    "fav_g": 4,
                    "like_g": 8
                },
                "dynamic": "#华语MV##古风##音乐#",
                "cid": 204624846,
                "dimension": {
                    "width": 1920,
                    "height": 1080,
                    "rotate": 0
                },
                "short_link_v2": "https://b23.tv/BV1SA411v7zD",
                "cover43": "",
                "tidv2": 2017,
                "tnamev2": "MV",
                "pid_v2": 1003,
                "pid_name_v2": "音乐",
                "bvid": "BV1SA411v7zD",
                "season_type": 0,
                "is_ogv": false,
                "ogv_info": null,
                "enable_vt": 0,
                "ai_rcmd": null,
                "rcmd_reason": "莫嘲风月戏，莫笑人荒唐"
            }
        ]
    }
}