{
    "code": 0,
    "message": "OK",
    "ttl": 1,
    "data": {
        "config": {
            "id": 73,
            "type": "weekly_selected",
            "number": 69,
            "subject": "敢 杀 我 的 马？",
            "stime": 1594310400,
            "etime": 1594915199,
            "status": 2,
            "name": "2020第69期 07.10 - 07.16",
            "label": "第69期(0717更新)",
            "hint": "",
            "color": 0,
            "cover": "",
            "share_title": "敢 杀 我 的 马？| B站每周必看第69期",
            "share_subtitle": "看《让子弹飞》的鬼畜，你说说什么叫惊喜？",
            "media_id": 1013012288
        },
        "reminder": "每周五晚18:00更新",
        "list": [
            {
                "aid": 626357031,
                "videos": 1,
                "tid": 22,
                "tname": "鬼畜调教",
                "copyright": 1,
                "pic": "http://i2.hdslb.com/bfs/archive/b1a07a8baefa0694760cd6d99f212bee45d1333d.jpg",
                "title": "敢 杀 我 的 马？！",
                "pubdate": 1594440048,
                "ctime": 1594440062,
                "desc": "最近每次翻到让子弹飞都重温一遍，就想着做了个鬼畜\n然后另一个惊喜争取在你们暑假之内整出来吧\n特别感谢：疯猴pme",
                "state": 0,
                "duration": 146,
                "mission_id": 1716853,
                "rights": {
                    "bp": 0,
                    "elec": 0,
                    "download": 0,
                    "movie": 0,
                    "pay": 0,
                    "hd5": 1,
                    "no_reprint": 1,
                    "autoplay": 1,
                    "ugc_pay": 0,
                    "is_cooperation": 0,
                    "ugc_pay_preview": 0,
                    "no_background": 0,
                    "arc_pay": 0,
                    "pay_free_watch": 0
                },
                "owner": {
                    "mid": 59905809,
                    "name": "哦呼w",
                    "face": "https://i0.hdslb.com/bfs/face/57ead5621801ec8a637bc47754e00e9ae6e62888.gif"
                },
                "stat": {
                    "aid": 626357031,
                    "view": 125659514,
                    "danmaku": 815246,
                    "reply": 154197,
                    "favorite": 2644973,
                    "coin": 4521271,
                    "share": 686956,
                    "now_rank": 0,
                    "his_rank": 1,
                    "like": 5314789,
                    "dislike": 0,
                    "vt": 0,
                    "vv": 125659514,
                    "fav_g": 568,
                    "like_g": 235
                },
                "dynamic": "#鬼畜调教##让子弹飞##原创曲#",
                "cid": 210738676,
                "dimension": {
                    "width": 1920,
                    "height": 816,
                    "rotate": 0
                },
                "season_id": 879555,
                "short_link_v2": "https://b23.tv/BV1yt4y1Q7SS",
                "pub_location": "重庆",
                "cover43": "",
                "tidv2": 2059,
                "tnamev2": "鬼畜调教",
                "pid_v2": 1007,
                "pid_name_v2": "鬼畜",
                "bvid": "BV1yt4y1Q7SS",
                "season_type": 0,
                "is_ogv": false,
                "ogv_info": null,
                "enable_vt": 0,
                "ai_rcmd": null,
                "rcmd_reason": "吃着火锅唱着歌，突然马没了？"
            },
            {
                "aid": 413762343,
                "videos": 1,
                "tid": 257,
                "tname": "配音",
                "copyright": 1,
                "pic": "http://i0.hdslb.com/bfs/archive/ffccd8d54e5c795e1c65c7919f44088f2e1e1c65.jpg",
                "title": "这样骂够吗？(200w粉纪念)",
                "pubdate": 1594715700,
                "ctime": 1594715701,
                "desc": "封面-黎洛修 部分表情包来自微博@Seseren 视频-帅冷冷 bgm-悠哉日常大王OST\n感谢每一位的关注和陪伴～",
                "state": 0,
                "duration": 218,
                "rights": {
                    "bp": 0,
                    "elec": 0,
                    "download": 0,
                    "movie": 0,
                    "pay": 0,
                    "hd5": 0,
                    "no_reprint": 1,
                    "autoplay": 1,
                    "ugc_pay": 0,
                    "is_cooperation": 0,
                    "ugc_pay_preview": 0,
                    "no_background": 0,
                    "arc_pay": 0,
                    "pay_free_watch": 0
                },
                "owner": {
                    "mid": 11073,
                    "name": "hanser",
                    "face": "https://i0.hdslb.com/bfs/face/0d179321aca5adc3a18f5e257c2f8ada1956063b.jpg"
                },
                "stat": {
                    "aid": 413762343,
                    "view": 14435115,
                    "danmaku": 99128,
                    "reply": 49166,
                    "favorite": 463450,
                    "coin": 669921,
                    "share": 155158,
                    "now_rank": 0,
                    "his_rank": 1,
                    "like": 1054216,
                    "dislike": 0,
                    "vt": 0,
                    "vv": 14435115,
                    "fav_g": 32,
                    "like_g": 25
                },
                "dynamic": "200w粉纪念稿件 感谢每一位的关注和陪伴～",
                "cid": 212364987,
                "dimension": {
                    "width": 1920,
                    "height": 1080,
                    "rotate": 0
                },
                "short_link_v2": "https://b23.tv/BV1iV41167p1",
                "pub_location": "福建",
                "cover43": "",
                "tidv2": 2037,
                "tnamev2": "同人动画",
                "pid_v2": 1005,
                "pid_name_v2": "二次元",
                "bvid": "BV1iV41167p1",
                "season_type": 0,
                "is_ogv": false,
                "ogv_info": null,
                "enable_vt": 0,
                "ai_rcmd": null,
                "rcmd_reason": "别骂了别骂了"
            },
            {
                "aid": 413884112,
                "videos": 1,
                "tid": 17,
                "tname": "单机游戏",
                "copyright": 1,
                "pic": "http://i1.hdslb.com/bfs/archive/c5bb243b4e67602d947928f4c8e82a02cb3a999b.jpg",
                "title": "【师生对线】这微机课上得简直离谱！",
                "pubdate": 1594958441,
                "ctime": 1594953440,
                "desc": "相关游戏：Do Not Feed the Monkeys，The Friends of Ringo Ishikawa\n师生对线特别篇！希望大家看得开心！\n求三连求关注么么哒！！",
                "state": 0,
                "duration": 409,
                "mission_id": 13777,
                "order_id": 10025375,
                "rights": {
                    "bp": 0,
                    "elec": 0,
                    "download": 0,
                    "movie": 0,
                    "pay": 0,
                    "hd5": 0,
                    "no_reprint": 1,
                    "autoplay": 1,
                    "ugc_pay": 0,
                    "is_cooperation": 0,
                    "ugc_pay_preview": 0,
                    "no_background": 0,
                    "arc_pay": 0,
                    "pay_free_watch": 0
                },
                "owner": {
                    "mid": 3353026,
                    "name": "鹤吱菌",
                    "face": "https://i1.hdslb.com/bfs/face/0dc328ed08cdb7e83920919b633077abaa851c79.jpg"
                },
                "stat": {
                    "aid": 413884112,
                    "view": 4364601,
                    "danmaku": 12720,
                    "reply": 3495,
                    "favorite": 38094,
                    "coin": 66428,
                    "share": 5405,
                    "now_rank": 0,
                    "his_rank": 12,
                    "like": 269849,
                    "dislike": 0,
                    "vt": 0,
                    "vv": 4364601,
                    "fav_g": 0,
                    "like_g": 2
                },
                "dynamic": "#多人游戏打卡挑战##王小炮#\n你们看到这期视频的时候我应该已经在去上海的路上了！\n这就是最新的远程更新大法！！这么神奇不值得一个三连嘛~",
                "cid": 213312929,
                "dimension": {
                    "width": 1920,
                    "height": 1080,
                    "rotate": 0
                },
                "season_id": 192266,
                "short_link_v2": "https://b23.tv/BV1cV411r79L",
                "cover43": "",
                "tidv2": 2037,
                "tnamev2": "同人动画",
                "pid_v2": 1005,
                "pid_name_v2": "二次元",
                "bvid": "BV1cV411r79L",
                "season_type": 0,
                "is_ogv": false,
                "ogv_info": null,
                "enable_vt": 0,
                "ai_rcmd": null,
                "rcmd_reason": "您已成功解锁闯关游戏《师生对线》的新关卡"
            },
            {
                "aid": 456252120,
                "videos": 1,
                "tid": 31,
                "tname": "翻唱",
                "copyright": 1,
                "pic": "http://i0.hdslb.com/bfs/archive/f4da3acf9bb86efc9218650fe3db6350c0376d2a.jpg",
                "title": "【核能填翻】这才是《隐秘的角落》主题曲",
                "pubdate": 1594526427,
                "ctime": 1594470356,
                "desc": "看完《隐秘的角落》感觉《夜的第七章》和这部剧太配了。。。\n特别感谢：编曲重制：MIDI匠做MIDI    视频制作：宁小流",
                "state": 0,
                "duration": 228,
                "mission_id": 13784,
                "rights": {
                    "bp": 0,
                    "elec": 0,
                    "download": 0,
                    "movie": 0,
                    "pay": 0,
                    "hd5": 1,
                    "no_reprint": 1,
                    "autoplay": 1,
                    "ugc_pay": 0,
                    "is_cooperation": 1,
                    "ugc_pay_preview": 0,
                    "no_background": 0,
                    "arc_pay": 0,
                    "pay_free_watch": 0
                },
                "owner": {
                    "mid": 328285226,
                    "name": "火树银花的花大侠",
                    "face": "https://i2.hdslb.com/bfs/face/72a5cc6e7411d12757de4ae213d7ece7b5263a48.jpg"
                },
                "stat": {
                    "aid": 456252120,
                    "view": 925236,
                    "danmaku": 2830,
                    "reply": 1475,
                    "favorite": 34732,
                    "coin": 77300,
                    "share": 13285,
                    "now_rank": 0,
                    "his_rank": 0,
                    "like": 83300,
                    "dislike": 0,
                    "vt": 0,
                    "vv": 925236,
                    "fav_g": 0,
                    "like_g": 1
                },
                "dynamic": "#说唱创想街区##隐秘的角落##说唱#《夜的第七章》与《隐秘的角落》梦幻联动",
                "cid": 211351945,
                "dimension": {
                    "width": 1920,
                    "height": 1040,
                    "rotate": 0
                },
                "short_link_v2": "https://b23.tv/BV1v5411Y7gW",
                "cover43": "",
                "tidv2": 2020,
                "tnamev2": "翻唱",
                "pid_v2": 1003,
                "pid_name_v2": "音乐",
                "bvid": "BV1v5411Y7gW",
                "season_type": 0,
                "is_ogv": false,
                "ogv_info": null,
                "enable_vt": 0,
                "ai_rcmd": null,
                "rcmd_reason": "《隐秘的角落》和《夜的第七章》太配了"
            },
            {
                "aid": 796486578,
                "videos": 27,
                "tid": 17,
                "tname": "单机游戏",
                "copyright": 1,
                "pic": "http://i0.hdslb.com/bfs/archive/930d644e5c9f6274229dc8bab995f3a9bb2181b8.jpg",
                "title": "【4K完结】老戴《对马岛之魂》最高难度流程攻略，PS4收官之作【对马之魂】【4K】",
                "pubdate": 1594942087,
                "ctime": 1594942087,
                "desc": "新坑开启，请大家三连，送我上热门好吗，拜托啦，谢谢",
                "state": 0,
                "duration": 58278,
                "rights": {
                    "bp": 0,
                    "elec": 0,
                    "download": 0,
                    "movie": 0,
                    "pay": 0,
                    "hd5": 1,
                    "no_reprint": 1,
                    "autoplay": 1,
                    "ugc_pay": 0,
                    "is_cooperation": 0,
                    "ugc_pay_preview": 0,
                    "no_background": 0,
                    "arc_pay": 0,
                    "pay_free_watch": 0
                },
                "owner": {
                    "mid": 2142762,
                    "name": "老戴在此",
                    "face": "https://i0.hdslb.com/bfs/face/986a9f29848d17b39a99e41557d56dcd1091a3a9.jpg"
                },
                "stat": {
                    "aid": 796486578,
                    "view": 7086193,
                    "danmaku": 126573,
                    "reply": 9555,
                    "favorite": 58636,
                    "coin": 78243,
                    "share": 13585,
                    "now_rank": 0,
                    "his_rank": 79,
                    "like": 108947,
                    "dislike": 0,
                    "vt": 0,
                    "vv": 7086193,
                    "fav_g": 21,
                    "like_g": 45
                },
                "dynamic": "熬了一晚上，新坑开启，请大家三连，送我上热门好吗，拜托啦，谢谢 #4K##PS4##对马之魂#",
                "cid": 213694698,
                "dimension": {
                    "width": 3840,
                    "height": 2160,
                    "rotate": 0
                },
                "season_id": 6448976,
                "short_link_v2": "https://b23.tv/BV18C4y1b747",
                "pub_location": "上海",
                "cover43": "",
                "tidv2": 2066,
                "tnamev2": "单机主机类游戏",
                "pid_v2": 1008,
                "pid_name_v2": "游戏",
                "bvid": "BV18C4y1b747",
                "season_type": 0,
                "is_ogv": false,
                "ogv_info": null,
                "enable_vt": 0,
                "ai_rcmd": null,
                "rcmd_reason": "我转生到对马岛当猛男"
            },
            {
                "aid": 371472905,
                "videos": 1,
                "tid": 124,
                "tname": "社科·法律·心理",
                "copyright": 1,
                "pic": "http://i1.hdslb.com/bfs/archive/4e82852c2721a18f3fc1548e0b8ba631fdbd3d4c.jpg",
                "title": "【罗翔】搞黄色犯罪吗？“流氓罪”的历史变迁",
                "pubdate": 1594958441,
                "ctime": 1594913713,
                "desc": "流氓罪的历史变迁算是一个小型的标本，从中我们可以洞悉法治发展的进程。",
                "state": 0,
                "duration": 467,
                "mission_id": 13954,
                "rights": {
                    "bp": 0,
                    "elec": 0,
                    "download": 0,
                    "movie": 0,
                    "pay": 0,
                    "hd5": 1,
                    "no_reprint": 1,
                    "autoplay": 1,
                    "ugc_pay": 0,
                    "is_cooperation": 0,
                    "ugc_pay_preview": 0,
                    "no_background": 0,
                    "arc_pay": 0,
                    "pay_free_watch": 0
                },
                "owner": {
                    "mid": 517327498,
                    "name": "罗翔说刑法",
                    "face": "https://i1.hdslb.com/bfs/face/4e5d0a51273fe3f8fabc700b6a71bb8a38c9e21e.jpg"
                },
                "stat": {
                    "aid": 371472905,
                    "view": 3169334,
                    "danmaku": 52269,
                    "reply": 11016,
                    "favorite": 21691,
                    "coin": 61616,
                    "share": 29444,
                    "now_rank": 0,
                    "his_rank": 7,
                    "like": 275843,
                    "dislike": 0,
                    "vt": 0,
                    "vv": 3169334,
                    "fav_g": 0,
                    "like_g": 0
                },
                "dynamic": "#知识分享官##罗翔##刑法#",
                "cid": 213227497,
                "dimension": {
                    "width": 1920,
                    "height": 1080,
                    "rotate": 0
                },
                "short_link_v2": "https://b23.tv/BV1qZ4y1T7vp",
                "pub_location": "北京",
                "cover43": "",
                "tidv2": 2088,
                "tnamev2": "社会观察",
                "pid_v2": 1010,
                "pid_name_v2": "知识",
                "bvid": "BV1qZ4y1T7vp",
                "season_type": 0,
                "is_ogv": false,
                "ogv_info": null,
                "enable_vt": 0,
                "ai_rcmd": null,
                "rcmd_reason": "我有一个朋友系列"
            },
            {
                "aid": 841280898,
                "videos": 1,
                "tid": 21,
                "tname": "日常",
                "copyright": 1,
                "pic": "http://i2.hdslb.com/bfs/archive/2ed49e5035ebb45f24309715bdfa7b13467300fc.jpg",
                "title": "花13100块清空彩票店刮刮乐，我会亏多少？",
                "pubdate": 1594527603,
                "ctime": 1594527603,
                "desc": "两个从白天刮到晚上，硬币都刮黑了，刮的头晕脑胀！这么辛苦给个三连呗！",
                "state": 0,
                "duration": 397,
                "mission_id": 13846,
                "rights": {
                    "bp": 0,
                    "elec": 0,
                    "download": 0,
                    "movie": 0,
                    "pay": 0,
                    "hd5": 0,
                    "no_reprint": 1,
                    "autoplay": 1,
                    "ugc_pay": 0,
                    "is_cooperation": 0,
                    "ugc_pay_preview": 0,
                    "no_background": 0,
                    "arc_pay": 0,
                    "pay_free_watch": 0
                },
                "owner": {
                    "mid": 438880209,
                    "name": "大胡子魏",
                    "face": "https://i0.hdslb.com/bfs/face/6de7badb5ef80bb5587aab11e701ef567f6070b8.jpg"
                },
                "stat": {
                    "aid": 841280898,
                    "view": 9747902,
                    "danmaku": 31509,
                    "reply": 7084,
                    "favorite": 107906,
                    "coin": 723017,
                    "share": 53769,
                    "now_rank": 0,
                    "his_rank": 4,
                    "like": 896089,
                    "dislike": 0,
                    "vt": 0,
                    "vv": 9747902,
                    "fav_g": 6,
                    "like_g": 24
                },
                "dynamic": "#全能打卡挑战##脑洞大挑战##福袋#两个从白天刮到晚上，硬币都刮黑了，刮的头晕脑胀！这么辛苦给个三连呗！",
                "cid": 211507777,
                "dimension": {
                    "width": 1920,
                    "height": 1080,
                    "rotate": 0
                },
                "short_link_v2": "https://b23.tv/BV1c54y1q7dx",
                "pub_location": "江西",
                "cover43": "",
                "tidv2": 2207,
                "tnamev2": "随拍·综合",
                "pid_v2": 1032,
                "pid_name_v2": "其他",
                "bvid": "BV1c54y1q7dx",
                "season_type": 0,
                "is_ogv": false,
                "ogv_info": null,
                "enable_vt": 0,
                "ai_rcmd": null,
                "rcmd_reason": "刮彩票刮到手抽筋，是个狠人！"
            },
            {
                "aid": 668864868,
                "videos": 1,
                "tid": 17,
                "tname": "单机游戏",
                "copyright": 1,
                "pic": "http://i1.hdslb.com/bfs/archive/3909a0a05be6c17d534e98477e948bc96263e628.jpg",
                "title": "【C菌】超高质量国产恐怖游戏大作《烟火》实况 (超长试玩版)",
                "pubdate": 1594792855,
                "ctime": 1594792859,
                "desc": "2D国产恐怖游戏大作《烟火》在2020年7月15日公布了序章和第一章的试玩! 故事的主人公是一名刑警, 而故事从他调查的一起棘手的案子说起...死者葬礼中途, 棺材突然起火, 这究竟是为何?\n★★谢谢收看! 收藏过5万的话保证正式版发售时出实况!!\n★微博@渗透之C菌\n★Instagram@roshinichi",
                "state": 0,
                "duration": 2721,
                "rights": {
                    "bp": 0,
                    "elec": 0,
                    "download": 0,
                    "movie": 0,
                    "pay": 0,
                    "hd5": 0,
                    "no_reprint": 1,
                    "autoplay": 1,
                    "ugc_pay": 0,
                    "is_cooperation": 0,
                    "ugc_pay_preview": 0,
                    "no_background": 0,
                    "arc_pay": 0,
                    "pay_free_watch": 0
                },
                "owner": {
                    "mid": 4162287,
                    "name": "渗透之C君",
                    "face": "https://i0.hdslb.com/bfs/face/a12790be51aa6c9e3583fa94cb9b11cbfe0dacc2.jpg"
                },
                "stat": {
                    "aid": 668864868,
                    "view": 2936462,
                    "danmaku": 55932,
                    "reply": 4061,
                    "favorite": 59151,
                    "coin": 81080,
                    "share": 11980,
                    "now_rank": 0,
                    "his_rank": 6,
                    "like": 164467,
                    "dislike": 0,
                    "vt": 0,
                    "vv": 2936462,
                    "fav_g": 0,
                    "like_g": 34
                },
                "dynamic": "#游戏练级挑战##C菌##渗透之C君# 国产2D恐怖游戏新作《烟火》试玩版公布! 这个游戏太棒了!",
                "cid": 212573418,
                "dimension": {
                    "width": 1920,
                    "height": 1080,
                    "rotate": 0
                },
                "short_link_v2": "https://b23.tv/BV1Wa4y1a7da",
                "cover43": "",
                "tidv2": 2066,
                "tnamev2": "单机主机类游戏",
                "pid_v2": 1008,
                "pid_name_v2": "游戏",
                "bvid": "BV1Wa4y1a7da",
                "season_type": 0,
                "is_ogv": false,
                "ogv_info": null,
                "enable_vt": 0,
                "ai_rcmd": null,
                "rcmd_reason": "想不想看C菌是如何被吓到的"
            },
            {
                "aid": 968758401,
                "videos": 1,
                "tid": 21,
                "tname": "日常",
                "copyright": 2,
                "pic": "http://i2.hdslb.com/bfs/archive/180b100f2702871dc1352aab455dc8c18f4fe793.jpg",
                "title": "“我要闯红灯啦！我没办法了！”",
                "pubdate": 1594719653,
                "ctime": 1594719654,
                "desc": "近日，株洲市某平台司机刘师傅接到一个去市中心医院的订单，一位女乘客抱着孩子焦急地上车。孩子刚满一岁，因为过敏引发全身红肿，出现呼吸急促、甚至休克的情况。为了最快送患者就医，刘师傅第一时间拨打了110，并转接交警指挥中心，在民警的帮助下，顺利通过多个路口，当时有两个路口来不及变灯，刘师傅连闯2个红灯，仅用10分钟到达医院，孩子的母亲很快将孩子送往急诊室就医。（来源：星视频）",
                "state": 0,
                "duration": 93,
                "rights": {
                    "bp": 0,
                    "elec": 0,
                    "download": 0,
                    "movie": 0,
                    "pay": 0,
                    "hd5": 0,
                    "no_reprint": 0,
                    "autoplay": 1,
                    "ugc_pay": 0,
                    "is_cooperation": 0,
                    "ugc_pay_preview": 0,
                    "no_background": 0,
                    "arc_pay": 0,
                    "pay_free_watch": 0
                },
                "owner": {
                    "mid": 330383888,
                    "name": "广东共青团",
                    "face": "https://i2.hdslb.com/bfs/face/57335867a288c985732abe5b5bebc7851c551d97.jpg"
                },
                "stat": {
                    "aid": 968758401,
                    "view": 8393975,
                    "danmaku": 14232,
                    "reply": 8946,
                    "favorite": 40908,
                    "coin": 50708,
                    "share": 5557,
                    "now_rank": 0,
                    "his_rank": 17,
                    "like": 585478,
                    "dislike": 0,
                    "vt": 0,
                    "vv": 8393975,
                    "fav_g": 0,
                    "like_g": 0
                },
                "dynamic": "",
                "cid": 212386389,
                "dimension": {
                    "width": 852,
                    "height": 480,
                    "rotate": 0
                },
                "short_link_v2": "https://b23.tv/BV1Vp4y1S754",
                "cover43": "",
                "tidv2": 2088,
                "tnamev2": "社会观察",
                "pid_v2": 1010,
                "pid_name_v2": "知识",
                "bvid": "BV1Vp4y1S754",
                "season_type": 0,
                "is_ogv": false,
                "ogv_info": null,
                "enable_vt": 0,
                "ai_rcmd": null,
                "rcmd_reason": "热心司机先报警再闯红灯"
            },
            {
                "aid": 796347964,
                "videos": 3,
                "tid": 29,
                "tname": "音乐现场",
                "copyright": 2,
                "pic": "http://i0.hdslb.com/bfs/archive/cd7ea9d53d50806351b15edb89d0ba9f63124511.jpg",
                "title": "居然连电钻都拿出来用了！高音也听的太爽了！！刘宪华Believer现场版公开",
                "pubdate": 1594565945,
                "ctime": 1594565945,
                "desc": "YouTube\n居然连电钻都拿出来用了！高音也听的太爽了！！刘宪华Believer现场版公开",
                "state": 0,
                "duration": 606,
                "rights": {
                    "bp": 0,
                    "elec": 0,
                    "download": 0,
                    "movie": 0,
                    "pay": 0,
                    "hd5": 0,
                    "no_reprint": 0,
                    "autoplay": 1,
                    "ugc_pay": 0,
                    "is_cooperation": 0,
                    "ugc_pay_preview": 0,
                    "no_background": 0,
                    "arc_pay": 0,
                    "pay_free_watch": 0
                },
                "owner": {
                    "mid": 16720403,
                    "name": "pcyxjy",
                    "face": "http://i2.hdslb.com/bfs/face/f4475f7a56a13d0553f471b0ae851fc14decb4d5.jpg"
                },
                "stat": {
                    "aid": 796347964,
                    "view": 3779039,
                    "danmaku": 18243,
                    "reply": 10976,
                    "favorite": 112570,
                    "coin": 52635,
                    "share": 68845,
                    "now_rank": 0,
                    "his_rank": 8,
                    "like": 219351,
                    "dislike": 0,
                    "vt": 0,
                    "vv": 3779039,
                    "fav_g": 0,
                    "like_g": 0
                },
                "dynamic": "居然连电钻都拿出来用了！高音也听的太爽了！！刘宪华Believer现场版公开",
                "cid": 212985123,
                "dimension": {
                    "width": 1280,
                    "height": 720,
                    "rotate": 0
                },
                "short_link_v2": "https://b23.tv/BV1tC4y1h7Yy",
                "cover43": "",
                "tidv2": 2018,
                "tnamev2": "音乐现场",
                "pid_v2": 1003,
                "pid_name_v2": "音乐",
                "bvid": "BV1tC4y1h7Yy",
                "season_type": 0,
                "is_ogv": false,
                "ogv_info": null,
                "enable_vt": 0,
                "ai_rcmd": null,
                "rcmd_reason": "这个LIVE就炸场得离谱！"
            },
            {
                "aid": 201258347,
                "videos": 1,
                "tid": 253,
                "tname": "动漫杂谈",
                "copyright": 1,
                "pic": "http://i1.hdslb.com/bfs/archive/e874be136851830e2499b89df549f649cc50f9dd.jpg",
                "title": "妹子为了阻止男的跳楼当场告白！【阅片无数动漫篇01】",
                "pubdate": 1594476044,
                "ctime": 1594476047,
                "desc": "没想到吧，你凉大胖又回来了！\n更多生活中的凉风请参见→微博@凉风Kaze\n另外一些不适合在视频解答的题，之后会放在微博",
                "state": 0,
                "duration": 774,
                "rights": {
                    "bp": 0,
                    "elec": 0,
                    "download": 0,
                    "movie": 0,
                    "pay": 0,
                    "hd5": 1,
                    "no_reprint": 1,
                    "autoplay": 1,
                    "ugc_pay": 0,
                    "is_cooperation": 0,
                    "ugc_pay_preview": 0,
                    "no_background": 0,
                    "arc_pay": 0,
                    "pay_free_watch": 0
                },
                "owner": {
                    "mid": 14110780,
                    "name": "凉风Kaze",
                    "face": "https://i1.hdslb.com/bfs/face/e0cc906bb531195e9ee9f3b575effdd2b056eaea.jpg"
                },
                "stat": {
                    "aid": 201258347,
                    "view": 13201563,
                    "danmaku": 106561,
                    "reply": 13363,
                    "favorite": 121849,
                    "coin": 691328,
                    "share": 13042,
                    "now_rank": 0,
                    "his_rank": 2,
                    "like": 983341,
                    "dislike": 0,
                    "vt": 0,
                    "vv": 13201563,
                    "fav_g": 7,
                    "like_g": 4
                },
                "dynamic": "顺应民意本期为加更的#阅片无数#动漫篇第一期\n有什么意见反馈可以在评论区提出来！",
                "cid": 211465040,
                "dimension": {
                    "width": 1920,
                    "height": 1080,
                    "rotate": 0
                },
                "season_id": 175,
                "short_link_v2": "https://b23.tv/BV1Vz411v7RC",
                "pub_location": "上海",
                "cover43": "",
                "tidv2": 2042,
                "tnamev2": "动漫评论",
                "pid_v2": 1005,
                "pid_name_v2": "二次元",
                "bvid": "BV1Vz411v7RC",
                "season_type": 0,
                "is_ogv": false,
                "ogv_info": null,
                "enable_vt": 0,
                "ai_rcmd": null,
                "rcmd_reason": "动漫篇第1期，合影留念~"
            },
            {
                "aid": 201298412,
                "videos": 1,
                "tid": 203,
                "tname": "热点",
                "copyright": 1,
                "pic": "http://i2.hdslb.com/bfs/archive/6e6ba27c9707a0d7e21e93682d28ae24f2f203e4.jpg",
                "title": "“还是吃得太饱了”你们做的表情包被袁隆平看见了",
                "pubdate": 1594374957,
                "ctime": 1594374957,
                "desc": "素材来源：腾讯新闻《时代我》、央视网《面对面》节目：《袁隆平：高产更高产》、《袁隆平：梦想不息》",
                "state": 0,
                "duration": 165,
                "rights": {
                    "bp": 0,
                    "elec": 0,
                    "download": 0,
                    "movie": 0,
                    "pay": 0,
                    "hd5": 0,
                    "no_reprint": 1,
                    "autoplay": 1,
                    "ugc_pay": 0,
                    "is_cooperation": 0,
                    "ugc_pay_preview": 0,
                    "no_background": 0,
                    "arc_pay": 0,
                    "pay_free_watch": 0
                },
                "owner": {
                    "mid": 330383888,
                    "name": "广东共青团",
                    "face": "https://i2.hdslb.com/bfs/face/57335867a288c985732abe5b5bebc7851c551d97.jpg"
                },
                "stat": {
                    "aid": 201298412,
                    "view": 16433715,
                    "danmaku": 117509,
                    "reply": 27881,
                    "favorite": 222871,
                    "coin": 393938,
                    "share": 33576,
                    "now_rank": 0,
                    "his_rank": 12,
                    "like": 1226843,
                    "dislike": 0,
                    "vt": 0,
                    "vv": 16433715,
                    "fav_g": 6,
                    "like_g": 1
                },
                "dynamic": "",
                "cid": 210936141,
                "dimension": {
                    "width": 1280,
                    "height": 720,
                    "rotate": 0
                },
                "short_link_v2": "https://b23.tv/BV1qz411v7Kt",
                "cover43": "",
                "tidv2": 2088,
                "tnamev2": "社会观察",
                "pid_v2": 1010,
                "pid_name_v2": "知识",
                "bvid": "BV1qz411v7Kt",
                "season_type": 0,
                "is_ogv": false,
                "ogv_info": null,
                "enable_vt": 0,
                "ai_rcmd": null,
                "rcmd_reason": "祝福爷爷寿比南山"
            },
            {
                "aid": 328769637,
                "videos": 1,
                "tid": 182,
                "tname": "影视杂谈",
                "copyright": 1,
                "pic": "http://i1.hdslb.com/bfs/archive/e98c5a0298a6feb841d2cbb57f659c729a12a336.jpg",
                "title": "最新曝光！三人诈骗腾讯前一晚的珍贵影像",
                "pubdate": 1594354209,
                "ctime": 1594335782,
                "desc": "策划，文案，剪辑：KILLLER绅士\n师爷，黄老爷配音：菜藏\n县长配音：北炎",
                "state": 0,
                "duration": 588,
                "mission_id": 13750,
                "rights": {
                    "bp": 0,
                    "elec": 0,
                    "download": 0,
                    "movie": 0,
                    "pay": 0,
                    "hd5": 1,
                    "no_reprint": 1,
                    "autoplay": 1,
                    "ugc_pay": 0,
                    "is_cooperation": 1,
                    "ugc_pay_preview": 0,
                    "no_background": 0,
                    "arc_pay": 0,
                    "pay_free_watch": 0
                },
                "owner": {
                    "mid": 11793131,
                    "name": "KILLLER绅士",
                    "face": "https://i2.hdslb.com/bfs/face/1660e46e3e8e0f1b462adf47c10b334b5088bb29.jpg"
                },
                "stat": {
                    "aid": 328769637,
                    "view": 3734922,
                    "danmaku": 5221,
                    "reply": 2830,
                    "favorite": 57255,
                    "coin": 170781,
                    "share": 28095,
                    "now_rank": 0,
                    "his_rank": 14,
                    "like": 224956,
                    "dislike": 0,
                    "vt": 0,
                    "vv": 3734922,
                    "fav_g": 0,
                    "like_g": 0
                },
                "dynamic": "#让子弹飞##腾讯##搞笑#",
                "cid": 210747617,
                "dimension": {
                    "width": 1920,
                    "height": 816,
                    "rotate": 0
                },
                "season_id": 35787,
                "short_link_v2": "https://b23.tv/BV1hA411e75w",
                "cover43": "",
                "tidv2": 2060,
                "tnamev2": "鬼畜剧场",
                "pid_v2": 1007,
                "pid_name_v2": "鬼畜",
                "bvid": "BV1hA411e75w",
                "season_type": 0,
                "is_ogv": false,
                "ogv_info": null,
                "enable_vt": 0,
                "ai_rcmd": null,
                "rcmd_reason": "逐渐忘记原版配音"
            },
            {
                "aid": 541289833,
                "videos": 1,
                "tid": 71,
                "tname": "综艺",
                "copyright": 1,
                "pic": "http://i0.hdslb.com/bfs/archive/96d4316e2568e3fb98fcfae4656425c14509140e.jpg",
                "title": "2020，让我们在海边一起毕业吧！【B站夏日毕业歌会全程回顾】",
                "pubdate": 1594478158,
                "ctime": 1594472468,
                "desc": "2020年的夏天，B站与众多歌手一起，为毕业或已毕业的人在海边献上一场电影质感的夏日毕业歌会。浪花与歌声为伴，海风和旋律共舞，落日海边，星空草地，静谧图书馆，全程实景拍摄，为这个毕业季增添一份沉浸式的仪式感。希望能带你找回独属于你青春记忆里的那段旋律。",
                "state": 0,
                "duration": 9246,
                "redirect_url": "https://www.bilibili.com/bangumi/play/ep488655",
                "rights": {
                    "bp": 0,
                    "elec": 0,
                    "download": 0,
                    "movie": 0,
                    "pay": 1,
                    "hd5": 1,
                    "no_reprint": 1,
                    "autoplay": 0,
                    "ugc_pay": 0,
                    "is_cooperation": 0,
                    "ugc_pay_preview": 0,
                    "no_background": 0,
                    "arc_pay": 0,
                    "pay_free_watch": 0
                },
                "owner": {
                    "mid": 1894563281,
                    "name": "哔哩哔哩毕业歌会",
                    "face": "https://i2.hdslb.com/bfs/face/eab24c415e879a2edb78741f2d3fe7ee88c83d65.jpg"
                },
                "stat": {
                    "aid": 541289833,
                    "view": 8581834,
                    "danmaku": 145737,
                    "reply": 8423,
                    "favorite": 2451,
                    "coin": 140161,
                    "share": 48923,
                    "now_rank": 0,
                    "his_rank": 5,
                    "like": 319781,
                    "dislike": 0,
                    "vt": 0,
                    "vv": 8581834,
                    "fav_g": 0,
                    "like_g": 4
                },
                "dynamic": "#B站夏日毕业歌会# 2020年的夏天，B站与众多歌手一起，为毕业或已毕业的人在海边献上一场电影质感的夏日毕业歌会。浪花与歌声为伴，海风和旋律共舞，落日海边，星空草地，静谧图书馆，全程实景拍摄，为这个毕业季增添一份沉浸式的仪式感。希望能带你找回独属于你青春记忆里的那段旋律。",
                "cid": 213047998,
                "dimension": {
                    "width": 3840,
                    "height": 2160,
                    "rotate": 0
                },
                "short_link_v2": "https://b23.tv/BV17i4y1V7TY",
                "pub_location": "上海",
                "cover43": "",
                "tidv2": 2018,
                "tnamev2": "音乐现场",
                "pid_v2": 1003,
                "pid_name_v2": "音乐",
                "bvid": "BV17i4y1V7TY",
                "season_type": 0,
                "is_ogv": false,
                "ogv_info": null,
                "enable_vt": 0,
                "ai_rcmd": null,
                "rcmd_reason": "大家毕业快乐啊"
            },
            {
                "aid": 883775602,
                "videos": 1,
                "tid": 17,
                "tname": "单机游戏",
                "copyright": 1,
                "pic": "http://i2.hdslb.com/bfs/archive/ed9e8d4cab83374441bef6ce495819168fffe67c.jpg",
                "title": "【老番茄】史上最狠中学生(第一集)",
                "pubdate": 1594958441,
                "ctime": 1594958449,
                "desc": "克莱曼婷的故事还在继续。前作视频可在空间找到。\n游戏：《The Walking Dead: The Final Season》。感兴趣的推荐购买原游戏进行体验。\n如果喜欢，希望一键三连支持一下~",
                "state": 0,
                "duration": 970,
                "rights": {
                    "bp": 0,
                    "elec": 0,
                    "download": 0,
                    "movie": 0,
                    "pay": 0,
                    "hd5": 0,
                    "no_reprint": 1,
                    "autoplay": 1,
                    "ugc_pay": 0,
                    "is_cooperation": 0,
                    "ugc_pay_preview": 0,
                    "no_background": 0,
                    "arc_pay": 0,
                    "pay_free_watch": 0
                },
                "owner": {
                    "mid": 546195,
                    "name": "老番茄",
                    "face": "http://i0.hdslb.com/bfs/face/bc5ca101313d4db223c395d64779e76eb3482d60.jpg"
                },
                "stat": {
                    "aid": 883775602,
                    "view": 12616575,
                    "danmaku": 136164,
                    "reply": 22754,
                    "favorite": 293992,
                    "coin": 749784,
                    "share": 44348,
                    "now_rank": 0,
                    "his_rank": 1,
                    "like": 1084364,
                    "dislike": 0,
                    "vt": 0,
                    "vv": 12616575,
                    "fav_g": 0,
                    "like_g": 0
                },
                "dynamic": "#老番茄##walking dead##僵尸#",
                "cid": 212724784,
                "dimension": {
                    "width": 1920,
                    "height": 1080,
                    "rotate": 0
                },
                "short_link_v2": "https://b23.tv/BV1YK4y1s7UA",
                "cover43": "",
                "tidv2": 2155,
                "tnamev2": "语言类小剧场",
                "pid_v2": 1021,
                "pid_name_v2": "小剧场",
                "bvid": "BV1YK4y1s7UA",
                "season_type": 0,
                "is_ogv": false,
                "ogv_info": null,
                "enable_vt": 0,
                "ai_rcmd": null,
                "rcmd_reason": "僵尸：我想吃火锅"
            },
            {
                "aid": 796265905,
                "videos": 1,
                "tid": 213,
                "tname": "美食测评",
                "copyright": 1,
                "pic": "http://i2.hdslb.com/bfs/archive/2f40015d64dc95849b580f7ea8dc4d1ce8d37feb.jpg",
                "title": "长沙妹子赶路600里，挑战最辣湖南米粉，看颜色就被吓到了...",
                "pubdate": 1594625075,
                "ctime": 1594625075,
                "desc": "日更微博【绵羊不只会料理】https://weibo.com/mianyangliaoli\n微信公众号【绵羊料理】有详细的菜谱，打算交作业的同学记得订阅+\n油管同步更新：https://www.youtube.com/c/sheephoho",
                "state": 0,
                "duration": 304,
                "mission_id": 13852,
                "rights": {
                    "bp": 0,
                    "elec": 0,
                    "download": 0,
                    "movie": 0,
                    "pay": 0,
                    "hd5": 1,
                    "no_reprint": 1,
                    "autoplay": 1,
                    "ugc_pay": 0,
                    "is_cooperation": 0,
                    "ugc_pay_preview": 0,
                    "no_background": 0,
                    "arc_pay": 0,
                    "pay_free_watch": 0
                },
                "owner": {
                    "mid": 18202105,
                    "name": "绵羊料理",
                    "face": "https://i1.hdslb.com/bfs/face/54b5c9c2ad7f1baff195090bfd6afa365ef20c37.jpg"
                },
                "stat": {
                    "aid": 796265905,
                    "view": 6651306,
                    "danmaku": 31203,
                    "reply": 5779,
                    "favorite": 31142,
                    "coin": 175841,
                    "share": 17139,
                    "now_rank": 0,
                    "his_rank": 6,
                    "like": 376142,
                    "dislike": 0,
                    "vt": 0,
                    "vv": 6651306,
                    "fav_g": 3,
                    "like_g": 8
                },
                "dynamic": "爱吃的女孩又回来了，只是这次的运气...#全世界都爱中国味##吃播##美食#",
                "cid": 211974774,
                "dimension": {
                    "width": 1920,
                    "height": 1080,
                    "rotate": 0
                },
                "season_id": 135,
                "short_link_v2": "https://b23.tv/BV1GC4y1h7SC",
                "cover43": "",
                "tidv2": 2152,
                "tnamev2": "美食记录",
                "pid_v2": 1020,
                "pid_name_v2": "美食",
                "bvid": "BV1GC4y1h7SC",
                "season_type": 0,
                "is_ogv": false,
                "ogv_info": null,
                "enable_vt": 0,
                "ai_rcmd": null,
                "rcmd_reason": "不想做旅行博主的美食UP不是好rapper"
            },
            {
                "aid": 838874320,
                "videos": 1,
                "tid": 17,
                "tname": "单机游戏",
                "copyright": 1,
                "pic": "http://i2.hdslb.com/bfs/archive/d3395e258e0a05e22681c51f583c95fd45d5bb3c.jpg",
                "title": "2002年画面最好的沙雕游戏",
                "pubdate": 1594440048,
                "ctime": 1594440058,
                "desc": "囧的呼唤275期(下)\n大家千万不要因为这期视频就头脑发热预购四海兄弟重制版,1代和重制版不是一个制作组弄的。我们也不知道重制版是不是优化良好，BUG会不会多，而且也不知道重制版最后能还原多少1代的风采。所以劝大家理性，等重制版发售后看看口碑和评价再购买也不迟，不要冲动去预购。",
                "state": 0,
                "duration": 618,
                "rights": {
                    "bp": 0,
                    "elec": 0,
                    "download": 0,
                    "movie": 0,
                    "pay": 0,
                    "hd5": 1,
                    "no_reprint": 1,
                    "autoplay": 1,
                    "ugc_pay": 0,
                    "is_cooperation": 0,
                    "ugc_pay_preview": 0,
                    "no_background": 0,
                    "arc_pay": 0,
                    "pay_free_watch": 0
                },
                "owner": {
                    "mid": 122879,
                    "name": "敖厂长",
                    "face": "https://i2.hdslb.com/bfs/face/71d85b84b0b2aa59009cd6af09b53aac309c3461.jpg"
                },
                "stat": {
                    "aid": 838874320,
                    "view": 3932544,
                    "danmaku": 13721,
                    "reply": 3355,
                    "favorite": 24810,
                    "coin": 78270,
                    "share": 3867,
                    "now_rank": 0,
                    "his_rank": 8,
                    "like": 205086,
                    "dislike": 0,
                    "vt": 0,
                    "vv": 3932544,
                    "fav_g": 0,
                    "like_g": 3
                },
                "dynamic": "#敖厂长#《囧的呼唤》发布啦！来看看2002年画面最好的沙雕搞笑游戏，一定会让你觉得趣味纷呈！",
                "cid": 210449838,
                "dimension": {
                    "width": 1920,
                    "height": 1080,
                    "rotate": 0
                },
                "short_link_v2": "https://b23.tv/BV1P54y1S7TB",
                "cover43": "",
                "tidv2": 2066,
                "tnamev2": "单机主机类游戏",
                "pid_v2": 1008,
                "pid_name_v2": "游戏",
                "bvid": "BV1P54y1S7TB",
                "season_type": 0,
                "is_ogv": false,
                "ogv_info": null,
                "enable_vt": 0,
                "ai_rcmd": null,
                "rcmd_reason": "这游戏太好笑了哈哈哈哈"
            },
            {
                "aid": 328860968,
                "videos": 1,
                "tid": 213,
                "tname": "美食测评",
                "copyright": 1,
                "pic": "http://i1.hdslb.com/bfs/archive/cc071632fcee840fbcdb0aa4f35e882f17e0d068.jpg",
                "title": "为什么和牛这么贵？一口下去60没了，女子吃完竟然.....",
                "pubdate": 1594441541,
                "ctime": 1594362671,
                "desc": "女子吃完竟然。。。。又点了一盘\n记得关注我@豆奶子呀~别忘了点赞收藏！\n❤豆奶日语学习公众号：豆日语\\(^o^)/~\n碎片时间轻松学日语~~记得关注一下哦\n→av41491192 片尾曲 日语版改革春风吹满地\n→av40409086 日本妹子为什么这么瘦\n→av42806782 日本妹子为啥冬天光腿\n→av43240232 日本妹子吃超难吃中国菜的反应\n→av40892710 日本妹子为啥牙齿不太好看",
                "state": 0,
                "duration": 702,
                "mission_id": 13845,
                "rights": {
                    "bp": 0,
                    "elec": 0,
                    "download": 0,
                    "movie": 0,
                    "pay": 0,
                    "hd5": 0,
                    "no_reprint": 1,
                    "autoplay": 1,
                    "ugc_pay": 0,
                    "is_cooperation": 0,
                    "ugc_pay_preview": 0,
                    "no_background": 0,
                    "arc_pay": 0,
                    "pay_free_watch": 0
                },
                "owner": {
                    "mid": 6574487,
                    "name": "纳豆奶奶",
                    "face": "https://i2.hdslb.com/bfs/face/0a8638b34173708fcf979bd1166fbb7fdb1110a4.jpg"
                },
                "stat": {
                    "aid": 328860968,
                    "view": 4014832,
                    "danmaku": 36970,
                    "reply": 6031,
                    "favorite": 38018,
                    "coin": 216843,
                    "share": 8066,
                    "now_rank": 0,
                    "his_rank": 5,
                    "like": 403603,
                    "dislike": 0,
                    "vt": 0,
                    "vv": 4014832,
                    "fav_g": 0,
                    "like_g": 4
                },
                "dynamic": "风韵少妇吃完竟然。。。。又点了一盘(狗头)\n#吃喝玩乐局##吃播##美食vlog#",
                "cid": 210855499,
                "dimension": {
                    "width": 1920,
                    "height": 1080,
                    "rotate": 0
                },
                "season_id": 107,
                "short_link_v2": "https://b23.tv/BV1ZA411e7UH",
                "cover43": "",
                "tidv2": 2152,
                "tnamev2": "美食记录",
                "pid_v2": 1020,
                "pid_name_v2": "美食",
                "bvid": "BV1ZA411e7UH",
                "season_type": 0,
                "is_ogv": false,
                "ogv_info": null,
                "enable_vt": 0,
                "ai_rcmd": null,
                "rcmd_reason": "纳豆爷爷：一口都不给我留？"
            },
            {
                "aid": 201287842,
                "videos": 1,
                "tid": 173,
                "tname": "桌游棋牌",
                "copyright": 1,
                "pic": "http://i2.hdslb.com/bfs/archive/68662ffb133c15232d4c7e763c43e07bccc98ccb.jpg",
                "title": "复旦学霸平常不上b站！结果竟被初中生物难倒！",
                "pubdate": 1594786225,
                "ctime": 1594744674,
                "desc": "桃园结义：BV15E411j7sD\n趣味私房：BV1aE411V7xG\n合画醋醋：BV177411d73x\n手机互换：BV1FE411A79D\n食神争霸：BV1J741127M3\n家有女仆：BV1rA41187rT\n走音挑战：BV1aZ4y1j71R\n猛男摔跤：BV1YK4y1C7aZ\n以衣换衣：BV1Mi4y187kW\n不做挑战：BV1sZ4y1x7wa\n西天取经：BV1BZ4y1x7j3\n蒙眼摔跤：BV1xz411B7Zx\n偶像练习：BV1KT4y1V79S\n不信挑战：BV1ka4y1x7u5\n澡堂联",
                "state": 0,
                "duration": 754,
                "mission_id": 13777,
                "rights": {
                    "bp": 0,
                    "elec": 0,
                    "download": 0,
                    "movie": 0,
                    "pay": 0,
                    "hd5": 0,
                    "no_reprint": 1,
                    "autoplay": 1,
                    "ugc_pay": 0,
                    "is_cooperation": 1,
                    "ugc_pay_preview": 0,
                    "no_background": 0,
                    "arc_pay": 0,
                    "pay_free_watch": 0
                },
                "owner": {
                    "mid": 808171,
                    "name": "吃素的狮子",
                    "face": "https://i1.hdslb.com/bfs/face/dd773c9572494338ada15aa10262a510f161baf1.jpg"
                },
                "stat": {
                    "aid": 201287842,
                    "view": 3074005,
                    "danmaku": 36738,
                    "reply": 6489,
                    "favorite": 20898,
                    "coin": 68465,
                    "share": 2269,
                    "now_rank": 0,
                    "his_rank": 7,
                    "like": 245254,
                    "dislike": 0,
                    "vt": 0,
                    "vv": 3074005,
                    "fav_g": 0,
                    "like_g": 2
                },
                "dynamic": "左：[酸了][酸了][酸了] 右：[呲牙][呲牙][呲牙]",
                "cid": 212559943,
                "dimension": {
                    "width": 1920,
                    "height": 1080,
                    "rotate": 0
                },
                "short_link_v2": "https://b23.tv/BV1pz411v7AA",
                "cover43": "",
                "tidv2": 2207,
                "tnamev2": "随拍·综合",
                "pid_v2": 1032,
                "pid_name_v2": "其他",
                "bvid": "BV1pz411v7AA",
                "season_type": 0,
                "is_ogv": false,
                "ogv_info": null,
                "enable_vt": 0,
                "ai_rcmd": null,
                "rcmd_reason": "中科院物理所申请来出题"
            },
            {
                "aid": 753789143,
                "videos": 1,
                "tid": 124,
                "tname": "社科·法律·心理",
                "copyright": 1,
                "pic": "http://i0.hdslb.com/bfs/archive/074d575a84af4152c92877e28f55f4fbba9defe8.jpg",
                "title": "骁话一下：高考生破千万，大学生太多了吗？",
                "pubdate": 1594814814,
                "ctime": 1594814814,
                "desc": "高考是中国实现阶层流通最重要的渠道。今年，是我国恢复高考的第43个年头。由于高校的扩招，今年的高考考生已经突破了千万大关。而高校毕业生“就业难”也接连几年成为社会热议的话题。其实，与世界一流的发达国家相比，我国高校所培养的大学生数量还远远不够，中国的高等教育也还有很长的路要走。本期#骁话一下#，我们就来聊一聊，高考恢复43年，究竟给我们带来了什么。",
                "state": 0,
                "duration": 913,
                "mission_id": 13954,
                "rights": {
                    "bp": 0,
                    "elec": 0,
                    "download": 0,
                    "movie": 0,
                    "pay": 0,
                    "hd5": 1,
                    "no_reprint": 1,
                    "autoplay": 1,
                    "ugc_pay": 0,
                    "is_cooperation": 0,
                    "ugc_pay_preview": 0,
                    "no_background": 0,
                    "arc_pay": 0,
                    "pay_free_watch": 0
                },
                "owner": {
                    "mid": 10330740,
                    "name": "观察者网",
                    "face": "https://i0.hdslb.com/bfs/face/3d0dba3789065512f5217387ab135a093ae10c45.jpg"
                },
                "stat": {
                    "aid": 753789143,
                    "view": 3837810,
                    "danmaku": 45345,
                    "reply": 16226,
                    "favorite": 55375,
                    "coin": 172768,
                    "share": 26424,
                    "now_rank": 0,
                    "his_rank": 5,
                    "like": 364089,
                    "dislike": 0,
                    "vt": 0,
                    "vv": 3837810,
                    "fav_g": 0,
                    "like_g": 0
                },
                "dynamic": "高考是中国实现阶层流通最重要的渠道。今年，是我国恢复高考的第43个年头。由于高校的扩招，今年的高考考生已经突破了千万大关。而高校毕业生“就业难”也接连几年成为社会热议的话题。其实，与世界一流的发达国家相比，我国高校所培养的大学生数量还远远不够，中国的高等教育也还有很长的路要走。本期#骁话一下#，我们就来聊一聊，高考恢复43年，究竟给我们带来了什么。 #知识分享官##王骁#",
                "cid": 212783465,
                "dimension": {
                    "width": 1920,
                    "height": 1080,
                    "rotate": 0
                },
                "short_link_v2": "https://b23.tv/BV1ok4y1q7zq",
                "pub_location": "上海",
                "cover43": "",
                "tidv2": 2088,
                "tnamev2": "社会观察",
                "pid_v2": 1010,
                "pid_name_v2": "知识",
                "bvid": "BV1ok4y1q7zq",
                "season_type": 0,
                "is_ogv": false,
                "ogv_info": null,
                "enable_vt": 0,
                "ai_rcmd": null,
                "rcmd_reason": "不是大学生太多了，而是可以消化大学生的产业太少了"
            },
            {
                "aid": 796284698,
                "videos": 1,
                "tid": 124,
                "tname": "社科·法律·心理",
                "copyright": 1,
                "pic": "http://i1.hdslb.com/bfs/archive/e02714bbea9192130d32b1c3b1432df15d4c37bd.jpg",
                "title": "【围炉夜话】为什么你永远不会赢？如何用智商吊打赌博？赌博套路揭秘！",
                "pubdate": 1594531695,
                "ctime": 1594531695,
                "desc": "文案参考/扩展阅读：\n魔鬼数学【美】Jordan Ellenberg \n（彩票期望值计算）\n入侵的艺术【美】Kevin D.Mitnick / William L.Simon\n（伪随机数、入侵赌博机）\n10堂极简概率课【美】Persi Diaconis / Brian Skyrms\n（马尔可夫链）\n超纲冷知识【英】吉姆·查普曼 \n（我们出生的概率）",
                "state": 0,
                "duration": 2005,
                "rights": {
                    "bp": 0,
                    "elec": 0,
                    "download": 0,
                    "movie": 0,
                    "pay": 0,
                    "hd5": 0,
                    "no_reprint": 1,
                    "autoplay": 1,
                    "ugc_pay": 0,
                    "is_cooperation": 0,
                    "ugc_pay_preview": 0,
                    "no_background": 0,
                    "arc_pay": 0,
                    "pay_free_watch": 0
                },
                "owner": {
                    "mid": 79577853,
                    "name": "智能路障",
                    "face": "https://i0.hdslb.com/bfs/face/f56a6aef4271593a451f3545dc00af3549868939.jpg"
                },
                "stat": {
                    "aid": 796284698,
                    "view": 1917405,
                    "danmaku": 22164,
                    "reply": 6897,
                    "favorite": 59125,
                    "coin": 148233,
                    "share": 25761,
                    "now_rank": 0,
                    "his_rank": 13,
                    "like": 151303,
                    "dislike": 0,
                    "vt": 0,
                    "vv": 1917405,
                    "fav_g": 0,
                    "like_g": 3
                },
                "dynamic": "即将踏入社会务必看一下这个视频，请大家一定要远离赌博！",
                "cid": 211565997,
                "dimension": {
                    "width": 1920,
                    "height": 1080,
                    "rotate": 0
                },
                "short_link_v2": "https://b23.tv/BV1uC4y1h7Z8",
                "cover43": "",
                "tidv2": 2198,
                "tnamev2": "休闲玩乐",
                "pid_v2": 1030,
                "pid_name_v2": "生活兴趣",
                "bvid": "BV1uC4y1h7Z8",
                "season_type": 0,
                "is_ogv": false,
                "ogv_info": null,
                "enable_vt": 0,
                "ai_rcmd": null,
                "rcmd_reason": "用运气与数学和概率对赌，是不可能赢的"
            },
            {
                "aid": 926264470,
                "videos": 1,
                "tid": 76,
                "tname": "美食制作",
                "copyright": 1,
                "pic": "http://i0.hdslb.com/bfs/archive/e099b1eaa6848f7ba419d6357f48a805ab556382.jpg",
                "title": "厨师长教你：“珊瑚鱼”的做法，实实在在的纯技术分享，先收藏了",
                "pubdate": 1594701694,
                "ctime": 1594701694,
                "desc": "厨师长教你：“珊瑚鱼”的做法，实实在在的纯技术分享，先收藏了",
                "state": 0,
                "duration": 709,
                "mission_id": 13852,
                "rights": {
                    "bp": 0,
                    "elec": 0,
                    "download": 0,
                    "movie": 0,
                    "pay": 0,
                    "hd5": 0,
                    "no_reprint": 1,
                    "autoplay": 1,
                    "ugc_pay": 0,
                    "is_cooperation": 0,
                    "ugc_pay_preview": 0,
                    "no_background": 0,
                    "arc_pay": 0,
                    "pay_free_watch": 0
                },
                "owner": {
                    "mid": 290526283,
                    "name": "美食作家王刚R",
                    "face": "https://i1.hdslb.com/bfs/face/1463fa4ea6bffd867dc257dca87248bb1d671cde.jpg"
                },
                "stat": {
                    "aid": 926264470,
                    "view": 4107696,
                    "danmaku": 40712,
                    "reply": 10188,
                    "favorite": 40508,
                    "coin": 166409,
                    "share": 28096,
                    "now_rank": 0,
                    "his_rank": 5,
                    "like": 283637,
                    "dislike": 0,
                    "vt": 0,
                    "vv": 4107696,
                    "fav_g": 0,
                    "like_g": 1
                },
                "dynamic": "#厨师长##厨艺##美食教学#",
                "cid": 212246330,
                "dimension": {
                    "width": 4096,
                    "height": 2160,
                    "rotate": 0
                },
                "season_id": 5504,
                "short_link_v2": "https://b23.tv/BV1XT4y1778W",
                "cover43": "",
                "tidv2": 2149,
                "tnamev2": "美食制作",
                "pid_v2": 1020,
                "pid_name_v2": "美食",
                "bvid": "BV1XT4y1778W",
                "season_type": 0,
                "is_ogv": false,
                "ogv_info": null,
                "enable_vt": 0,
                "ai_rcmd": null,
                "rcmd_reason": "这鱼，做得就是精细"
            },
            {
                "aid": 668870829,
                "videos": 1,
                "tid": 161,
                "tname": "手工",
                "copyright": 1,
                "pic": "http://i2.hdslb.com/bfs/archive/2fd9c551d3319f3d5a7b7e4157c37066357a7dad.jpg",
                "title": "家里狗狗很喜欢咬我拖鞋，自己用油丝绳做了一双钢拖，让它一次咬个够",
                "pubdate": 1594637979,
                "ctime": 1594637979,
                "desc": "-",
                "state": 0,
                "duration": 234,
                "rights": {
                    "bp": 0,
                    "elec": 0,
                    "download": 0,
                    "movie": 0,
                    "pay": 0,
                    "hd5": 1,
                    "no_reprint": 1,
                    "autoplay": 1,
                    "ugc_pay": 0,
                    "is_cooperation": 0,
                    "ugc_pay_preview": 0,
                    "no_background": 0,
                    "arc_pay": 0,
                    "pay_free_watch": 0
                },
                "owner": {
                    "mid": 280793434,
                    "name": "手工耿",
                    "face": "https://i1.hdslb.com/bfs/face/b8a75ae7d2a0e2af1d36ca9f1084d850eebb28e3.jpg"
                },
                "stat": {
                    "aid": 668870829,
                    "view": 5503425,
                    "danmaku": 28978,
                    "reply": 13038,
                    "favorite": 13885,
                    "coin": 68371,
                    "share": 22351,
                    "now_rank": 0,
                    "his_rank": 13,
                    "like": 318819,
                    "dislike": 0,
                    "vt": 0,
                    "vv": 5503425,
                    "fav_g": 0,
                    "like_g": 2
                },
                "dynamic": "#手工# #手工制作# #原创#",
                "cid": 212052480,
                "dimension": {
                    "width": 1080,
                    "height": 1920,
                    "rotate": 0
                },
                "short_link_v2": "https://b23.tv/BV1sa4y1a74g",
                "cover43": "",
                "tidv2": 2148,
                "tnamev2": "其他手工",
                "pid_v2": 1019,
                "pid_name_v2": "手工",
                "bvid": "BV1sa4y1a74g",
                "season_type": 0,
                "is_ogv": false,
                "ogv_info": null,
                "enable_vt": 0,
                "ai_rcmd": null,
                "rcmd_reason": "宠 狗 大 师"
            },
            {
                "aid": 883802704,
                "videos": 1,
                "tid": 182,
                "tname": "影视杂谈",
                "copyright": 1,
                "pic": "http://i2.hdslb.com/bfs/archive/dc67537bc7a3a8aa2d9dddc79b942870f67a4a49.jpg",
                "title": "【片片】烧脑暴击！七人接连惨死，幕后真相扑朔迷离！密室杀人悬疑剧《极地暗杀》上",
                "pubdate": 1594642048,
                "ctime": 1594642049,
                "desc": "前几天答应大家的“花式死亡大赏”今天正式续上了。\n嗯，就是我上个月在公众号推荐过的HBO新剧：\n《极地暗杀》\n关注微信公众号：小片片说大片，更多宠粉福利等你来！",
                "state": 0,
                "duration": 1092,
                "rights": {
                    "bp": 0,
                    "elec": 0,
                    "download": 0,
                    "movie": 0,
                    "pay": 0,
                    "hd5": 0,
                    "no_reprint": 1,
                    "autoplay": 1,
                    "ugc_pay": 0,
                    "is_cooperation": 0,
                    "ugc_pay_preview": 0,
                    "no_background": 0,
                    "arc_pay": 0,
                    "pay_free_watch": 0
                },
                "owner": {
                    "mid": 10119428,
                    "name": "小片片说大片",
                    "face": "https://i2.hdslb.com/bfs/face/949fd3f0b9fe23703c970d494edc41ae52ee32de.jpg"
                },
                "stat": {
                    "aid": 883802704,
                    "view": 2627731,
                    "danmaku": 6387,
                    "reply": 1449,
                    "favorite": 17051,
                    "coin": 53023,
                    "share": 3047,
                    "now_rank": 0,
                    "his_rank": 24,
                    "like": 179567,
                    "dislike": 0,
                    "vt": 0,
                    "vv": 2627731,
                    "fav_g": 0,
                    "like_g": 0
                },
                "dynamic": "南极版《无人生还》？七人惨死！罗生门里究竟是谁完成《极地暗杀》#百万剪辑师挑战##悬疑##烧脑#",
                "cid": 212076718,
                "dimension": {
                    "width": 1920,
                    "height": 1080,
                    "rotate": 0
                },
                "season_id": 3151262,
                "short_link_v2": "https://b23.tv/BV1CK4y1s7Nc",
                "cover43": "",
                "tidv2": 2001,
                "tnamev2": "影视解读",
                "pid_v2": 1001,
                "pid_name_v2": "影视",
                "bvid": "BV1CK4y1s7Nc",
                "season_type": 0,
                "is_ogv": false,
                "ogv_info": null,
                "enable_vt": 0,
                "ai_rcmd": null,
                "rcmd_reason": "HBO出品的大片画面，i了i了"
            },
            {
                "aid": 371411908,
                "videos": 1,
                "tid": 171,
                "tname": "电子竞技",
                "copyright": 1,
                "pic": "http://i1.hdslb.com/bfs/archive/b844ffb85621a276099cc0f6bd9eee881e8d99ef.jpg",
                "title": "靠谱盘点87期：众筹买神？Ning和乌兹罕见双排，枣子哥扬言要去IG打上单",
                "pubdate": 1594919144,
                "ctime": 1594919144,
                "desc": "很高兴回来，感谢大家的等待\n喜欢这期视频的话给个三连支持一下吧\n求求了这个对我真的很重要\n收藏过两万下周继续更新\n@超Carry的柴西@靠谱电竞",
                "state": 0,
                "duration": 1180,
                "rights": {
                    "bp": 0,
                    "elec": 0,
                    "download": 0,
                    "movie": 0,
                    "pay": 0,
                    "hd5": 1,
                    "no_reprint": 1,
                    "autoplay": 1,
                    "ugc_pay": 0,
                    "is_cooperation": 0,
                    "ugc_pay_preview": 0,
                    "no_background": 0,
                    "arc_pay": 0,
                    "pay_free_watch": 0
                },
                "owner": {
                    "mid": 279991456,
                    "name": "靠谱电竞",
                    "face": "https://i1.hdslb.com/bfs/face/f5694c95af22cfe15189a61d9874414128f1781b.jpg"
                },
                "stat": {
                    "aid": 371411908,
                    "view": 3232174,
                    "danmaku": 23374,
                    "reply": 6121,
                    "favorite": 49752,
                    "coin": 246350,
                    "share": 10295,
                    "now_rank": 0,
                    "his_rank": 2,
                    "like": 270044,
                    "dislike": 0,
                    "vt": 0,
                    "vv": 3232174,
                    "fav_g": 0,
                    "like_g": 0
                },
                "dynamic": "回来了.JPG",
                "cid": 214574983,
                "dimension": {
                    "width": 1920,
                    "height": 1080,
                    "rotate": 0
                },
                "season_id": 93,
                "short_link_v2": "https://b23.tv/BV1SZ4y1u74X",
                "cover43": "",
                "tidv2": 2070,
                "tnamev2": "MOBA游戏",
                "pid_v2": 1008,
                "pid_name_v2": "游戏",
                "bvid": "BV1SZ4y1u74X",
                "season_type": 0,
                "is_ogv": false,
                "ogv_info": null,
                "enable_vt": 0,
                "ai_rcmd": null,
                "rcmd_reason": "爷青回"
            },
            {
                "aid": 883803523,
                "videos": 1,
                "tid": 138,
                "tname": "搞笑",
                "copyright": 1,
                "pic": "http://i2.hdslb.com/bfs/archive/8d218d72c5ed6be9d26893ec6377e58edeb47351.jpg",
                "title": "戒 网 行 动！亲 情 葬 送！",
                "pubdate": 1594785647,
                "ctime": 1594709949,
                "desc": "感谢大家的观看，小东这次不多说了\n点赞20万，flag提前！马上安排双马尾尼妹\n豁出去了！",
                "state": 0,
                "duration": 819,
                "mission_id": 13751,
                "rights": {
                    "bp": 0,
                    "elec": 0,
                    "download": 0,
                    "movie": 0,
                    "pay": 0,
                    "hd5": 0,
                    "no_reprint": 1,
                    "autoplay": 1,
                    "ugc_pay": 0,
                    "is_cooperation": 0,
                    "ugc_pay_preview": 0,
                    "no_background": 0,
                    "arc_pay": 0,
                    "pay_free_watch": 0
                },
                "owner": {
                    "mid": 285499073,
                    "name": "东尼ookii",
                    "face": "https://i2.hdslb.com/bfs/face/456b2bff7e41ab212b74e9019fda1f26362e8723.jpg"
                },
                "stat": {
                    "aid": 883803523,
                    "view": 4362714,
                    "danmaku": 40660,
                    "reply": 3897,
                    "favorite": 33651,
                    "coin": 70460,
                    "share": 3892,
                    "now_rank": 0,
                    "his_rank": 4,
                    "like": 394508,
                    "dislike": 0,
                    "vt": 0,
                    "vv": 4362714,
                    "fav_g": 0,
                    "like_g": 10
                },
                "dynamic": "这期很劲爆，细品......",
                "cid": 212304846,
                "dimension": {
                    "width": 1920,
                    "height": 1080,
                    "rotate": 0
                },
                "short_link_v2": "https://b23.tv/BV1kK4y1s7rP",
                "cover43": "",
                "tidv2": 2154,
                "tnamev2": "剧情演绎",
                "pid_v2": 1021,
                "pid_name_v2": "小剧场",
                "bvid": "BV1kK4y1s7rP",
                "season_type": 0,
                "is_ogv": false,
                "ogv_info": null,
                "enable_vt": 0,
                "ai_rcmd": null,
                "rcmd_reason": "3:47，正片开始"
            },
            {
                "aid": 498823555,
                "videos": 1,
                "tid": 208,
                "tname": "校园学习",
                "copyright": 1,
                "pic": "http://i1.hdslb.com/bfs/archive/874f08f435d504faa2f7e4185b358a9464901083.jpg",
                "title": "【半佛】如何用10分钟解决专业选择大坑",
                "pubdate": 1594802496,
                "ctime": 1594802496,
                "desc": "一些从利益角度出发的决策思路，希望对你有所帮助。",
                "state": 0,
                "duration": 822,
                "mission_id": 13954,
                "rights": {
                    "bp": 0,
                    "elec": 0,
                    "download": 0,
                    "movie": 0,
                    "pay": 0,
                    "hd5": 1,
                    "no_reprint": 1,
                    "autoplay": 1,
                    "ugc_pay": 0,
                    "is_cooperation": 0,
                    "ugc_pay_preview": 0,
                    "no_background": 0,
                    "arc_pay": 0,
                    "pay_free_watch": 0
                },
                "owner": {
                    "mid": 37663924,
                    "name": "硬核的半佛仙人",
                    "face": "https://i1.hdslb.com/bfs/face/aaf33dced1941af0946f37c62f4b48fcaba9c9a2.jpg"
                },
                "stat": {
                    "aid": 498823555,
                    "view": 3366323,
                    "danmaku": 24002,
                    "reply": 22722,
                    "favorite": 81164,
                    "coin": 99287,
                    "share": 90191,
                    "now_rank": 0,
                    "his_rank": 8,
                    "like": 215641,
                    "dislike": 0,
                    "vt": 0,
                    "vv": 3366323,
                    "fav_g": 0,
                    "like_g": 0
                },
                "dynamic": "一些关于专业选择的微小经验，希望能对大家有所帮助。\n欢迎多多三连分享，说不定就能帮到几个人呢。#财经##学习#",
                "cid": 212713331,
                "dimension": {
                    "width": 1920,
                    "height": 1080,
                    "rotate": 0
                },
                "short_link_v2": "https://b23.tv/BV1hK411H7bY",
                "cover43": "",
                "tidv2": 2084,
                "tnamev2": "应试教育",
                "pid_v2": 1010,
                "pid_name_v2": "知识",
                "bvid": "BV1hK411H7bY",
                "season_type": 0,
                "is_ogv": false,
                "ogv_info": null,
                "enable_vt": 0,
                "ai_rcmd": null,
                "rcmd_reason": "从就业和赚钱的角度来思考专业选择"
            }
        ]
    }
}