{
    "code": 0,
    "message": "OK",
    "ttl": 1,
    "data": {
        "config": {
            "id": 74,
            "type": "weekly_selected",
            "number": 70,
            "subject": "钬☆，峩鍆淶ㄋ",
            "stime": 1594915200,
            "etime": 1595519999,
            "status": 2,
            "name": "2020第70期 07.17 - 07.23",
            "label": "第70期(0724更新)",
            "hint": "",
            "color": 0,
            "cover": "",
            "share_title": "钬☆，峩鍆淶ㄋ",
            "share_subtitle": "暒宸汏嗨，玖等孒，莪們唻孒",
            "media_id": 1019207988
        },
        "reminder": "每周五晚18:00更新",
        "list": [
            {
                "aid": 201488361,
                "videos": 1,
                "tid": 201,
                "tname": "科学科普",
                "copyright": 1,
                "pic": "http://i1.hdslb.com/bfs/archive/bc7b5ea6ed962cde598e4312d61379c3b73c20ba.jpg",
                "title": "钬☆，峩鍆淶ㄋ！",
                "pubdate": 1595490521,
                "ctime": 1595489507,
                "desc": "7月23日12时41分，我国在海南岛东北海岸中国文昌航天发射场，用长征五号遥四运载火箭成功发射首次火星探测任务天问一号探测器，火箭飞行约 2167  秒后，成功将探测器送入预定轨道，开启火星探测之旅，迈出了我国行星探测第一步。天问一号探测器将在地火转移轨道飞行约7个月后，到达火星附近，通过“刹车”完成火星捕获，进入环火轨道，并择机开展着陆、巡视等任务，进行火星科学探测。（唐巍、吕炳宏）",
                "state": 0,
                "duration": 226,
                "rights": {
                    "bp": 0,
                    "elec": 0,
                    "download": 0,
                    "movie": 0,
                    "pay": 0,
                    "hd5": 1,
                    "no_reprint": 1,
                    "autoplay": 1,
                    "ugc_pay": 0,
                    "is_cooperation": 1,
                    "ugc_pay_preview": 0,
                    "no_background": 0,
                    "arc_pay": 0,
                    "pay_free_watch": 0
                },
                "owner": {
                    "mid": 19474906,
                    "name": "我们的太空",
                    "face": "https://i1.hdslb.com/bfs/face/9fcdff8facba455e78b413008e3b2c33740d68a5.jpg"
                },
                "stat": {
                    "aid": 201488361,
                    "view": 1036513,
                    "danmaku": 15319,
                    "reply": 5959,
                    "favorite": 10409,
                    "coin": 19892,
                    "share": 5694,
                    "now_rank": 0,
                    "his_rank": 53,
                    "like": 86722,
                    "dislike": 0,
                    "vt": 0,
                    "vv": 1036513,
                    "fav_g": 0,
                    "like_g": 0
                },
                "dynamic": "太空视角看“天问一号”遨游太空！",
                "cid": 215670270,
                "dimension": {
                    "width": 1920,
                    "height": 1080,
                    "rotate": 0
                },
                "short_link_v2": "https://b23.tv/BV1wh411Z7Yg",
                "cover43": "",
                "tidv2": 2103,
                "tnamev2": "工程机械",
                "pid_v2": 1012,
                "pid_name_v2": "科技数码",
                "bvid": "BV1wh411Z7Yg",
                "season_type": 0,
                "is_ogv": false,
                "ogv_info": null,
                "enable_vt": 0,
                "ai_rcmd": null,
                "rcmd_reason": "暒宸汏嗨，玖等孒！"
            },
            {
                "aid": 926390114,
                "videos": 1,
                "tid": 138,
                "tname": "搞笑",
                "copyright": 1,
                "pic": "http://i0.hdslb.com/bfs/archive/dc14148000867984cc421c01072417b579a67365.jpg",
                "title": "我这是捅了麻子窝了？！",
                "pubdate": 1595117461,
                "ctime": 1595117461,
                "desc": "@哦呼w大大的鬼畜循环了n遍，不要停下来呀！\n鬼畜音频来源：BV1yt4y1Q7SS 《敢 杀 我 的 马》",
                "state": 0,
                "duration": 146,
                "mission_id": 13750,
                "rights": {
                    "bp": 0,
                    "elec": 0,
                    "download": 0,
                    "movie": 0,
                    "pay": 0,
                    "hd5": 0,
                    "no_reprint": 1,
                    "autoplay": 1,
                    "ugc_pay": 0,
                    "is_cooperation": 0,
                    "ugc_pay_preview": 0,
                    "no_background": 0,
                    "arc_pay": 0,
                    "pay_free_watch": 0
                },
                "owner": {
                    "mid": 2303353,
                    "name": "教墨除一",
                    "face": "https://i1.hdslb.com/bfs/face/dcbc8f201be05f3ab4e3d55228888301825a8be3.jpg"
                },
                "stat": {
                    "aid": 926390114,
                    "view": 7786523,
                    "danmaku": 12797,
                    "reply": 5214,
                    "favorite": 194312,
                    "coin": 397078,
                    "share": 56834,
                    "now_rank": 0,
                    "his_rank": 4,
                    "like": 618864,
                    "dislike": 0,
                    "vt": 0,
                    "vv": 7786523,
                    "fav_g": 0,
                    "like_g": 0
                },
                "dynamic": "#搞笑剪辑##让子弹飞##沙雕视频#",
                "cid": 214059559,
                "dimension": {
                    "width": 1080,
                    "height": 1920,
                    "rotate": 0
                },
                "short_link_v2": "https://b23.tv/BV1YT4y1E7TA",
                "cover43": "",
                "tidv2": 2002,
                "tnamev2": "影视剪辑",
                "pid_v2": 1001,
                "pid_name_v2": "影视",
                "bvid": "BV1YT4y1E7TA",
                "season_type": 0,
                "is_ogv": false,
                "ogv_info": null,
                "enable_vt": 0,
                "ai_rcmd": null,
                "rcmd_reason": "换一种方式，梅开二度"
            },
            {
                "aid": 668905729,
                "videos": 1,
                "tid": 183,
                "tname": "影视剪辑",
                "copyright": 1,
                "pic": "http://i2.hdslb.com/bfs/archive/9442f1590121b7b69b268467efde1c374d45c094.jpg",
                "title": "“他们因爱而不朽”",
                "pubdate": 1595010904,
                "ctime": 1594997697,
                "desc": "BGM:Eutopia",
                "state": 0,
                "duration": 288,
                "rights": {
                    "bp": 0,
                    "elec": 0,
                    "download": 0,
                    "movie": 0,
                    "pay": 0,
                    "hd5": 0,
                    "no_reprint": 1,
                    "autoplay": 1,
                    "ugc_pay": 0,
                    "is_cooperation": 0,
                    "ugc_pay_preview": 0,
                    "no_background": 0,
                    "arc_pay": 0,
                    "pay_free_watch": 0
                },
                "owner": {
                    "mid": 49291992,
                    "name": "可挽澜之",
                    "face": "https://i0.hdslb.com/bfs/face/ee7af4b492b52bffb2c0b2c209ed9cdb1b1b9355.jpg"
                },
                "stat": {
                    "aid": 668905729,
                    "view": 11181276,
                    "danmaku": 54912,
                    "reply": 9318,
                    "favorite": 536460,
                    "coin": 529602,
                    "share": 111293,
                    "now_rank": 0,
                    "his_rank": 2,
                    "like": 758696,
                    "dislike": 0,
                    "vt": 0,
                    "vv": 11181276,
                    "fav_g": 0,
                    "like_g": 0
                },
                "dynamic": "#哈利波特##群像##影视剪辑#",
                "cid": 1554797556,
                "dimension": {
                    "width": 3840,
                    "height": 2160,
                    "rotate": 0
                },
                "season_id": 36764,
                "short_link_v2": "https://b23.tv/BV1qa4y1a7TG",
                "first_frame": "http://i2.hdslb.com/bfs/storyff/n240522sa1o4ga1yqele2i2jgkya3w99_firsti.jpg",
                "pub_location": "福建",
                "cover43": "",
                "tidv2": 2002,
                "tnamev2": "影视剪辑",
                "pid_v2": 1001,
                "pid_name_v2": "影视",
                "bvid": "BV1qa4y1a7TG",
                "season_type": 0,
                "is_ogv": false,
                "ogv_info": null,
                "enable_vt": 0,
                "ai_rcmd": null,
                "rcmd_reason": "太好哭了，永远的哈利波特"
            },
            {
                "aid": 668900919,
                "videos": 1,
                "tid": 161,
                "tname": "手工",
                "copyright": 1,
                "pic": "http://i0.hdslb.com/bfs/archive/33eead2d683af5b969072c348dfce4a36601e606.jpg",
                "title": "自制夫妻分分合合床",
                "pubdate": 1594983205,
                "ctime": 1594969411,
                "desc": "-",
                "state": 0,
                "duration": 83,
                "rights": {
                    "bp": 0,
                    "elec": 0,
                    "download": 0,
                    "movie": 0,
                    "pay": 0,
                    "hd5": 1,
                    "no_reprint": 1,
                    "autoplay": 1,
                    "ugc_pay": 0,
                    "is_cooperation": 0,
                    "ugc_pay_preview": 0,
                    "no_background": 0,
                    "arc_pay": 0,
                    "pay_free_watch": 0
                },
                "owner": {
                    "mid": 280793434,
                    "name": "手工耿",
                    "face": "https://i1.hdslb.com/bfs/face/b8a75ae7d2a0e2af1d36ca9f1084d850eebb28e3.jpg"
                },
                "stat": {
                    "aid": 668900919,
                    "view": 9981649,
                    "danmaku": 18027,
                    "reply": 11607,
                    "favorite": 17527,
                    "coin": 56265,
                    "share": 57672,
                    "now_rank": 0,
                    "his_rank": 14,
                    "like": 434831,
                    "dislike": 0,
                    "vt": 0,
                    "vv": 9981649,
                    "fav_g": 2,
                    "like_g": 5
                },
                "dynamic": "#脑洞艺术祭# #创意手工# #设计#",
                "cid": 213419373,
                "dimension": {
                    "width": 1080,
                    "height": 1920,
                    "rotate": 0
                },
                "short_link_v2": "https://b23.tv/BV1Ya4y1a7DC",
                "cover43": "",
                "tidv2": 2104,
                "tnamev2": "自制发明/设备",
                "pid_v2": 1012,
                "pid_name_v2": "科技数码",
                "bvid": "BV1Ya4y1a7DC",
                "season_type": 0,
                "is_ogv": false,
                "ogv_info": null,
                "enable_vt": 0,
                "ai_rcmd": null,
                "rcmd_reason": "大床房秒变双人房，这个项目我投了"
            },
            {
                "aid": 838960469,
                "videos": 1,
                "tid": 182,
                "tname": "影视杂谈",
                "copyright": 1,
                "pic": "http://i2.hdslb.com/bfs/archive/8860080fa96cc632eacd18ea21db627cffc2b0c0.jpg",
                "title": "以为是大烂片！没想到一口气10集！差点就错过了这部良心剧《穿越火线》",
                "pubdate": 1595508362,
                "ctime": 1595508362,
                "desc": "",
                "state": 0,
                "duration": 600,
                "rights": {
                    "bp": 0,
                    "elec": 0,
                    "download": 0,
                    "movie": 0,
                    "pay": 0,
                    "hd5": 1,
                    "no_reprint": 1,
                    "autoplay": 1,
                    "ugc_pay": 0,
                    "is_cooperation": 0,
                    "ugc_pay_preview": 0,
                    "no_background": 0,
                    "arc_pay": 0,
                    "pay_free_watch": 0
                },
                "owner": {
                    "mid": 3386870,
                    "name": "轩邈Elias",
                    "face": "https://i2.hdslb.com/bfs/face/6d86897f84cfefe0aec14f69beb0e9bdd587d326.jpg"
                },
                "stat": {
                    "aid": 838960469,
                    "view": 6269747,
                    "danmaku": 31491,
                    "reply": 22251,
                    "favorite": 40471,
                    "coin": 56655,
                    "share": 20630,
                    "now_rank": 0,
                    "his_rank": 12,
                    "like": 300710,
                    "dislike": 0,
                    "vt": 0,
                    "vv": 6269747,
                    "fav_g": 22,
                    "like_g": 11
                },
                "dynamic": "#百万剪辑师挑战##鹿晗##穿越火线#\n这部剧有毒！别看了！！！",
                "cid": 215784021,
                "dimension": {
                    "width": 1920,
                    "height": 1080,
                    "rotate": 0
                },
                "season_id": 3295633,
                "short_link_v2": "https://b23.tv/BV1854y1S7Un",
                "cover43": "",
                "tidv2": 2001,
                "tnamev2": "影视解读",
                "pid_v2": 1001,
                "pid_name_v2": "影视",
                "bvid": "BV1854y1S7Un",
                "season_type": 0,
                "is_ogv": false,
                "ogv_info": null,
                "enable_vt": 0,
                "ai_rcmd": null,
                "rcmd_reason": "这剧有毒，快跑！"
            },
            {
                "aid": 243992250,
                "videos": 1,
                "tid": 47,
                "tname": "同人·手书",
                "copyright": 1,
                "pic": "http://i0.hdslb.com/bfs/archive/0e5c31c616372582e244e44f49636c1e8b62a345.jpg",
                "title": "羊   的   名   字",
                "pubdate": 1595268859,
                "ctime": 1595268859,
                "desc": "求求关注啊啊啊啊啊啊啊啊啊\n给点动力肝得更快",
                "state": 0,
                "duration": 228,
                "mission_id": 13884,
                "rights": {
                    "bp": 0,
                    "elec": 0,
                    "download": 0,
                    "movie": 0,
                    "pay": 0,
                    "hd5": 1,
                    "no_reprint": 1,
                    "autoplay": 1,
                    "ugc_pay": 0,
                    "is_cooperation": 0,
                    "ugc_pay_preview": 0,
                    "no_background": 0,
                    "arc_pay": 0,
                    "pay_free_watch": 0
                },
                "owner": {
                    "mid": 10380815,
                    "name": "有超超",
                    "face": "https://i2.hdslb.com/bfs/face/89217f683bb6dab092bf4b2357e203a59d55b475.jpg"
                },
                "stat": {
                    "aid": 243992250,
                    "view": 7343227,
                    "danmaku": 39067,
                    "reply": 8389,
                    "favorite": 209986,
                    "coin": 328186,
                    "share": 107629,
                    "now_rank": 0,
                    "his_rank": 2,
                    "like": 619585,
                    "dislike": 0,
                    "vt": 0,
                    "vv": 7343227,
                    "fav_g": 4,
                    "like_g": 2
                },
                "dynamic": "感人故事 泪目泪目",
                "cid": 214787234,
                "dimension": {
                    "width": 1920,
                    "height": 1080,
                    "rotate": 0
                },
                "season_id": 3423439,
                "short_link_v2": "https://b23.tv/BV16v411q7aa",
                "cover43": "",
                "tidv2": 2037,
                "tnamev2": "同人动画",
                "pid_v2": 1005,
                "pid_name_v2": "二次元",
                "bvid": "BV16v411q7aa",
                "season_type": 0,
                "is_ogv": false,
                "ogv_info": null,
                "enable_vt": 0,
                "ai_rcmd": null,
                "rcmd_reason": "新海诚已经报警了"
            },
            {
                "aid": 668900341,
                "videos": 1,
                "tid": 138,
                "tname": "搞笑",
                "copyright": 1,
                "pic": "http://i1.hdslb.com/bfs/archive/001ee4198bb7fb78effdd590a72b4f7fca978f94.jpg",
                "title": "【王老六】对不起所有支持我的人，我错了。",
                "pubdate": 1595329574,
                "ctime": 1595329574,
                "desc": "",
                "state": 0,
                "duration": 77,
                "mission_id": 13950,
                "rights": {
                    "bp": 0,
                    "elec": 0,
                    "download": 0,
                    "movie": 0,
                    "pay": 0,
                    "hd5": 0,
                    "no_reprint": 1,
                    "autoplay": 1,
                    "ugc_pay": 0,
                    "is_cooperation": 0,
                    "ugc_pay_preview": 0,
                    "no_background": 0,
                    "arc_pay": 0,
                    "pay_free_watch": 0
                },
                "owner": {
                    "mid": 605544858,
                    "name": "矮油王老六",
                    "face": "https://i0.hdslb.com/bfs/face/059c0b75ef665c52b2d7c7ae504384f92392a885.jpg"
                },
                "stat": {
                    "aid": 668900341,
                    "view": 6001830,
                    "danmaku": 2940,
                    "reply": 4302,
                    "favorite": 43821,
                    "coin": 105791,
                    "share": 16404,
                    "now_rank": 0,
                    "his_rank": 10,
                    "like": 462245,
                    "dislike": 0,
                    "vt": 0,
                    "vv": 6001830,
                    "fav_g": 0,
                    "like_g": 0
                },
                "dynamic": "#王老六##搞笑##全程高能#",
                "cid": 215016899,
                "dimension": {
                    "width": 720,
                    "height": 1280,
                    "rotate": 0
                },
                "short_link_v2": "https://b23.tv/BV1ea4y1a7gh",
                "cover43": "",
                "tidv2": 2154,
                "tnamev2": "剧情演绎",
                "pid_v2": 1021,
                "pid_name_v2": "小剧场",
                "bvid": "BV1ea4y1a7gh",
                "season_type": 0,
                "is_ogv": false,
                "ogv_info": null,
                "enable_vt": 0,
                "ai_rcmd": null,
                "rcmd_reason": "四 海 为 家"
            },
            {
                "aid": 328938726,
                "videos": 1,
                "tid": 171,
                "tname": "电子竞技",
                "copyright": 1,
                "pic": "http://i1.hdslb.com/bfs/archive/90e79a0ccea93dc36dca80efcfe7d5d46e3ac0e5.jpg",
                "title": "漩涡宁人OP",
                "pubdate": 1595066616,
                "ctime": 1595066616,
                "desc": "非黑。个人+网友+部分人设参考撤硕の老哥《IG忍者》。\n7月26日，宇智波水，你没有❤。",
                "state": 0,
                "duration": 92,
                "rights": {
                    "bp": 0,
                    "elec": 0,
                    "download": 0,
                    "movie": 0,
                    "pay": 0,
                    "hd5": 0,
                    "no_reprint": 1,
                    "autoplay": 1,
                    "ugc_pay": 0,
                    "is_cooperation": 0,
                    "ugc_pay_preview": 0,
                    "no_background": 0,
                    "arc_pay": 0,
                    "pay_free_watch": 0
                },
                "owner": {
                    "mid": 3090759,
                    "name": "男人_请出护甲",
                    "face": "https://i0.hdslb.com/bfs/face/06211b767292ca396b249321a68d54da382a3766.jpg"
                },
                "stat": {
                    "aid": 328938726,
                    "view": 3841940,
                    "danmaku": 4485,
                    "reply": 5572,
                    "favorite": 53371,
                    "coin": 106827,
                    "share": 61465,
                    "now_rank": 0,
                    "his_rank": 10,
                    "like": 132786,
                    "dislike": 0,
                    "vt": 0,
                    "vv": 3841940,
                    "fav_g": 0,
                    "like_g": 0
                },
                "dynamic": "#英雄联盟##LOL##电竞##漩涡宁人#",
                "cid": 215532197,
                "dimension": {
                    "width": 852,
                    "height": 480,
                    "rotate": 0
                },
                "short_link_v2": "https://b23.tv/BV1HA411v7Ui",
                "cover43": "",
                "tidv2": 2059,
                "tnamev2": "鬼畜调教",
                "pid_v2": 1007,
                "pid_name_v2": "鬼畜",
                "bvid": "BV1HA411v7Ui",
                "season_type": 0,
                "is_ogv": false,
                "ogv_info": null,
                "enable_vt": 0,
                "ai_rcmd": null,
                "rcmd_reason": "漩涡宁人，宇智波阿水，迈特Shy，牛古李"
            },
            {
                "aid": 498965066,
                "videos": 1,
                "tid": 124,
                "tname": "社科·法律·心理",
                "copyright": 1,
                "pic": "http://i2.hdslb.com/bfs/archive/4868500851c03866e9205089fd9df178c291c67e.jpg",
                "title": "五星红旗在白宫飘扬 中国黑客的复仇",
                "pubdate": 1594976400,
                "ctime": 1594930011,
                "desc": "参考文章：\n1. 中国网事：黑客风云二十五年\n2. 红客暗档，我曾经也是名黑客\n3. 那一年的中国黑客自卫反击战，向英雄致敬",
                "state": 0,
                "duration": 803,
                "mission_id": 13954,
                "rights": {
                    "bp": 0,
                    "elec": 0,
                    "download": 0,
                    "movie": 0,
                    "pay": 0,
                    "hd5": 1,
                    "no_reprint": 1,
                    "autoplay": 1,
                    "ugc_pay": 0,
                    "is_cooperation": 0,
                    "ugc_pay_preview": 0,
                    "no_background": 0,
                    "arc_pay": 0,
                    "pay_free_watch": 0
                },
                "owner": {
                    "mid": 408487386,
                    "name": "海盗Talk",
                    "face": "https://i0.hdslb.com/bfs/face/36e06892aa1cfcc14373345cf6b76d7e78b49363.jpg"
                },
                "stat": {
                    "aid": 498965066,
                    "view": 10621675,
                    "danmaku": 124896,
                    "reply": 16696,
                    "favorite": 326749,
                    "coin": 759251,
                    "share": 75191,
                    "now_rank": 0,
                    "his_rank": 1,
                    "like": 1118823,
                    "dislike": 0,
                    "vt": 0,
                    "vv": 10621675,
                    "fav_g": 0,
                    "like_g": 5
                },
                "dynamic": "#互联网##社会##人文#讲个严肃的故事",
                "cid": 213652346,
                "dimension": {
                    "width": 1920,
                    "height": 1080,
                    "rotate": 0
                },
                "short_link_v2": "https://b23.tv/BV1kK411J7LL",
                "pub_location": "北京",
                "cover43": "",
                "tidv2": 2089,
                "tnamev2": "时政解读",
                "pid_v2": 1010,
                "pid_name_v2": "知识",
                "bvid": "BV1kK411J7LL",
                "season_type": 0,
                "is_ogv": false,
                "ogv_info": null,
                "enable_vt": 0,
                "ai_rcmd": null,
                "rcmd_reason": "中美黑客正面Battle"
            },
            {
                "aid": 541405407,
                "videos": 1,
                "tid": 182,
                "tname": "影视杂谈",
                "copyright": 1,
                "pic": "http://i1.hdslb.com/bfs/archive/45b6947f1cb18e64e9ce6a8a8bcb1964f1441979.jpg",
                "title": "人类早期击杀牛头人珍贵影像【阅片无数56】",
                "pubdate": 1595494283,
                "ctime": 1595494283,
                "desc": "想看更多的阅片无数小伙伴们转发三连搞起来哦\n更多生活中的凉风请参见→微博@凉风Kaze\n第五十五期BV1sz411v7b8：网恋女友竟是一起搬砖的工友！\n第五十四期BV16D4y1S7fz：Woc！60年前的电影太能撩了！\n第五十三期BV1e54y1B7W6：马化腾曾扮妹子陪聊！\n第五十二期BV1ZK411p7LX：妈，你听我解释……\n第五十一期BV1Vv41167MG：小猪获救后被做成香肠",
                "state": 0,
                "duration": 747,
                "rights": {
                    "bp": 0,
                    "elec": 0,
                    "download": 0,
                    "movie": 0,
                    "pay": 0,
                    "hd5": 1,
                    "no_reprint": 1,
                    "autoplay": 1,
                    "ugc_pay": 0,
                    "is_cooperation": 0,
                    "ugc_pay_preview": 0,
                    "no_background": 0,
                    "arc_pay": 0,
                    "pay_free_watch": 0
                },
                "owner": {
                    "mid": 14110780,
                    "name": "凉风Kaze",
                    "face": "https://i1.hdslb.com/bfs/face/e0cc906bb531195e9ee9f3b575effdd2b056eaea.jpg"
                },
                "stat": {
                    "aid": 541405407,
                    "view": 5328167,
                    "danmaku": 37278,
                    "reply": 11030,
                    "favorite": 44580,
                    "coin": 161100,
                    "share": 9943,
                    "now_rank": 0,
                    "his_rank": 2,
                    "like": 527684,
                    "dislike": 0,
                    "vt": 0,
                    "vv": 5328167,
                    "fav_g": 0,
                    "like_g": 0
                },
                "dynamic": "本期#阅片无数#给各位带来人类早期击杀牛头人珍贵影像\n绝对精彩！",
                "cid": 215698030,
                "dimension": {
                    "width": 1920,
                    "height": 1080,
                    "rotate": 0
                },
                "season_id": 175,
                "short_link_v2": "https://b23.tv/BV1Wi4y137Kq",
                "cover43": "",
                "tidv2": 2001,
                "tnamev2": "影视解读",
                "pid_v2": 1001,
                "pid_name_v2": "影视",
                "bvid": "BV1Wi4y137Kq",
                "season_type": 0,
                "is_ogv": false,
                "ogv_info": null,
                "enable_vt": 0,
                "ai_rcmd": null,
                "rcmd_reason": "周董风评被害"
            },
            {
                "aid": 201491705,
                "videos": 1,
                "tid": 31,
                "tname": "翻唱",
                "copyright": 1,
                "pic": "http://i1.hdslb.com/bfs/archive/2362ad01a48fbd13f934de29d3df7d6d5b2a025b.jpg",
                "title": "《属于周杰伦的情歌王2.0》安安静静的回忆有杰伦陪伴的20年",
                "pubdate": 1595245628,
                "ctime": 1595245628,
                "desc": "从开始编写到录制后期，前前后后一共用了快一个月的时间。中间因为改造自己的屋子占用了一个礼拜，四整天从早到夜里录音剪辑，终于把2.0肝完啦！每一首歌、每一段和声都是精心设计的，希望大家可以喜欢！数不清里面有多少首杰伦的歌曲，有几首歌因为实在是节奏和速度不合适，所以就没有强加在里面，后续会单独做翻唱。对于我来说，杰伦就是青春。这里面唱的每一首歌，都有一段属于它的回忆。可能有一些歌并不是真正的“情歌”，也有些是杰伦写给别人的歌，就当做彩蛋放到情歌王里，希望大家会喜欢！希望大家多提出宝贵的意见，每条评论我都会看，",
                "state": 0,
                "duration": 1419,
                "mission_id": 13997,
                "rights": {
                    "bp": 0,
                    "elec": 0,
                    "download": 0,
                    "movie": 0,
                    "pay": 0,
                    "hd5": 1,
                    "no_reprint": 1,
                    "autoplay": 1,
                    "ugc_pay": 0,
                    "is_cooperation": 0,
                    "ugc_pay_preview": 0,
                    "no_background": 0,
                    "arc_pay": 0,
                    "pay_free_watch": 0
                },
                "owner": {
                    "mid": 394305932,
                    "name": "木子旭_LEE",
                    "face": "https://i2.hdslb.com/bfs/face/418fcd76310992a7f170f71257430894e4de9fda.jpg"
                },
                "stat": {
                    "aid": 201491705,
                    "view": 4169057,
                    "danmaku": 38852,
                    "reply": 4705,
                    "favorite": 161976,
                    "coin": 272719,
                    "share": 60292,
                    "now_rank": 0,
                    "his_rank": 9,
                    "like": 224781,
                    "dislike": 0,
                    "vt": 0,
                    "vv": 4169057,
                    "fav_g": 0,
                    "like_g": 0
                },
                "dynamic": "#bilibili夏日音乐季##周杰伦##串烧#2.0悄悄的来啦，这次的版本有些长，我也数不清里面到底有多少首歌曲，希望大家可以安安静静的听完，留出20多分钟，来回忆一下有杰伦陪伴的20年。",
                "cid": 214635734,
                "dimension": {
                    "width": 1920,
                    "height": 1080,
                    "rotate": 0
                },
                "season_id": 165218,
                "short_link_v2": "https://b23.tv/BV1Vh411Z7j5",
                "pub_location": "北京",
                "cover43": "",
                "tidv2": 2020,
                "tnamev2": "翻唱",
                "pid_v2": 1003,
                "pid_name_v2": "音乐",
                "bvid": "BV1Vh411Z7j5",
                "season_type": 0,
                "is_ogv": false,
                "ogv_info": null,
                "enable_vt": 0,
                "ai_rcmd": null,
                "rcmd_reason": "币比赞多系列"
            },
            {
                "aid": 753959562,
                "videos": 1,
                "tid": 21,
                "tname": "日常",
                "copyright": 1,
                "pic": "http://i1.hdslb.com/bfs/archive/7b7905480191aa0ed06f2385550a740a0d3bfccc.jpg",
                "title": "我做了一个决定",
                "pubdate": 1595044851,
                "ctime": 1595044865,
                "desc": "微博：是贤宝宝本人\nyoutube：贤宝宝",
                "state": 0,
                "duration": 237,
                "rights": {
                    "bp": 0,
                    "elec": 0,
                    "download": 0,
                    "movie": 0,
                    "pay": 0,
                    "hd5": 0,
                    "no_reprint": 1,
                    "autoplay": 1,
                    "ugc_pay": 0,
                    "is_cooperation": 0,
                    "ugc_pay_preview": 0,
                    "no_background": 0,
                    "arc_pay": 0,
                    "pay_free_watch": 0
                },
                "owner": {
                    "mid": 3957971,
                    "name": "贤宝宝Baby",
                    "face": "https://i2.hdslb.com/bfs/face/1effdaecc83bbfabcb9c2f93af99e255bcd0f7db.jpg"
                },
                "stat": {
                    "aid": 753959562,
                    "view": 5789238,
                    "danmaku": 36869,
                    "reply": 7776,
                    "favorite": 20468,
                    "coin": 85604,
                    "share": 3267,
                    "now_rank": 0,
                    "his_rank": 6,
                    "like": 419932,
                    "dislike": 0,
                    "vt": 0,
                    "vv": 5789238,
                    "fav_g": 1,
                    "like_g": 4
                },
                "dynamic": "",
                "cid": 213358267,
                "dimension": {
                    "width": 1920,
                    "height": 1080,
                    "rotate": 0
                },
                "short_link_v2": "https://b23.tv/BV1Pk4y1m7XJ",
                "cover43": "",
                "tidv2": 2148,
                "tnamev2": "其他手工",
                "pid_v2": 1019,
                "pid_name_v2": "手工",
                "bvid": "BV1Pk4y1m7XJ",
                "season_type": 0,
                "is_ogv": false,
                "ogv_info": null,
                "enable_vt": 0,
                "ai_rcmd": null,
                "rcmd_reason": "世界上第二大拼图，UP主明年见"
            },
            {
                "aid": 583904945,
                "videos": 1,
                "tid": 253,
                "tname": "动漫杂谈",
                "copyright": 1,
                "pic": "http://i2.hdslb.com/bfs/archive/9c51de2f610675e9f553400bddc699828a144888.jpg",
                "title": "评分7.4! 柯南剧场版最后的良心？诚实吐槽M14天空的遇难船",
                "pubdate": 1595149534,
                "ctime": 1595149536,
                "desc": "微博：@瓶子君152\n点个关注和三连再走吧~",
                "state": 0,
                "duration": 756,
                "rights": {
                    "bp": 0,
                    "elec": 0,
                    "download": 0,
                    "movie": 0,
                    "pay": 0,
                    "hd5": 1,
                    "no_reprint": 1,
                    "autoplay": 1,
                    "ugc_pay": 0,
                    "is_cooperation": 0,
                    "ugc_pay_preview": 0,
                    "no_background": 0,
                    "arc_pay": 0,
                    "pay_free_watch": 0
                },
                "owner": {
                    "mid": 730732,
                    "name": "瓶子君152",
                    "face": "https://i1.hdslb.com/bfs/face/c894b369f73e720da9c350a487f3cd8cd8349986.jpg"
                },
                "stat": {
                    "aid": 583904945,
                    "view": 5089872,
                    "danmaku": 23627,
                    "reply": 5442,
                    "favorite": 50198,
                    "coin": 142407,
                    "share": 10578,
                    "now_rank": 0,
                    "his_rank": 6,
                    "like": 291140,
                    "dislike": 0,
                    "vt": 0,
                    "vv": 5089872,
                    "fav_g": 0,
                    "like_g": 0
                },
                "dynamic": "#名侦探柯南##动漫杂谈##天空的遇难船#\n憋了那么久的M14视频终于出了，柯南视频嘛，总是使出了120%的精力制作的，希望大家喜欢\n点赞过20w吐槽柯南真人版\n（最后查出昨天字幕出问题的原因是B站提供的旧版小丸工具箱）",
                "cid": 214141510,
                "dimension": {
                    "width": 1920,
                    "height": 1080,
                    "rotate": 0
                },
                "short_link_v2": "https://b23.tv/BV1Uz4y1D7LF",
                "pub_location": "上海",
                "cover43": "",
                "tidv2": 2042,
                "tnamev2": "动漫评论",
                "pid_v2": 1005,
                "pid_name_v2": "二次元",
                "bvid": "BV1Uz4y1D7LF",
                "season_type": 0,
                "is_ogv": false,
                "ogv_info": null,
                "enable_vt": 0,
                "ai_rcmd": null,
                "rcmd_reason": "柯南拆炸弹是怎么回事呢？"
            },
            {
                "aid": 328923898,
                "videos": 1,
                "tid": 213,
                "tname": "美食测评",
                "copyright": 1,
                "pic": "http://i0.hdslb.com/bfs/archive/129a8bf1e19ee3e443e696a42d85281c49d9b05f.jpg",
                "title": "投 辣 既 遂【盗月社 X 罗翔】",
                "pubdate": 1595415644,
                "ctime": 1595411340,
                "desc": "和张三比赛吃辣，被辣死怎么判刑？",
                "state": 0,
                "duration": 661,
                "mission_id": 13951,
                "rights": {
                    "bp": 0,
                    "elec": 0,
                    "download": 0,
                    "movie": 0,
                    "pay": 0,
                    "hd5": 1,
                    "no_reprint": 1,
                    "autoplay": 1,
                    "ugc_pay": 0,
                    "is_cooperation": 1,
                    "ugc_pay_preview": 0,
                    "no_background": 0,
                    "arc_pay": 0,
                    "pay_free_watch": 0
                },
                "owner": {
                    "mid": 99157282,
                    "name": "盗月社食遇记",
                    "face": "https://i1.hdslb.com/bfs/face/c7fb5da587c2ec6b56ad47579933fda34c000457.jpg"
                },
                "stat": {
                    "aid": 328923898,
                    "view": 4826787,
                    "danmaku": 48223,
                    "reply": 7963,
                    "favorite": 30911,
                    "coin": 98812,
                    "share": 17225,
                    "now_rank": 0,
                    "his_rank": 8,
                    "like": 368311,
                    "dislike": 0,
                    "vt": 0,
                    "vv": 4826787,
                    "fav_g": 0,
                    "like_g": 2
                },
                "dynamic": "把张三辣死，得判几年？#盗月社##罗翔##张三#",
                "cid": 215348353,
                "dimension": {
                    "width": 1920,
                    "height": 1080,
                    "rotate": 0
                },
                "short_link_v2": "https://b23.tv/BV1TA411v7wD",
                "cover43": "",
                "tidv2": 2152,
                "tnamev2": "美食记录",
                "pid_v2": 1020,
                "pid_name_v2": "美食",
                "bvid": "BV1TA411v7wD",
                "season_type": 0,
                "is_ogv": false,
                "ogv_info": null,
                "enable_vt": 0,
                "ai_rcmd": null,
                "rcmd_reason": "罗老师吃辣：多大点事儿"
            },
            {
                "aid": 456491463,
                "videos": 1,
                "tid": 253,
                "tname": "动漫杂谈",
                "copyright": 1,
                "pic": "http://i1.hdslb.com/bfs/archive/5069bba2256849dd3de17a7c327995f9bee68ffc.jpg",
                "title": "【火影人物志60】爱与恨的极致，宇智波佐助 真正的火影燃尽黑暗！",
                "pubdate": 1595174976,
                "ctime": 1595174976,
                "desc": "“二柱子”只是一句调侃，真正的佐助深不可测~\n如果您喜欢这个视频，记得关注我，还有三连支持一下╮(￣▽￣)╭\n相关人物志：宇智波鼬-BV1dt411a7Ku 小樱-BV1gE411u7dF 卡卡西-BV1Es411J7km",
                "state": 0,
                "duration": 1031,
                "rights": {
                    "bp": 0,
                    "elec": 0,
                    "download": 0,
                    "movie": 0,
                    "pay": 0,
                    "hd5": 0,
                    "no_reprint": 1,
                    "autoplay": 1,
                    "ugc_pay": 0,
                    "is_cooperation": 0,
                    "ugc_pay_preview": 0,
                    "no_background": 0,
                    "arc_pay": 0,
                    "pay_free_watch": 0
                },
                "owner": {
                    "mid": 10040906,
                    "name": "四季萌芽",
                    "face": "http://i2.hdslb.com/bfs/face/41bedf18266e592fb6748ca5d4a6d1399328131c.jpg"
                },
                "stat": {
                    "aid": 456491463,
                    "view": 3438586,
                    "danmaku": 17536,
                    "reply": 9671,
                    "favorite": 41940,
                    "coin": 109713,
                    "share": 9271,
                    "now_rank": 0,
                    "his_rank": 6,
                    "like": 160052,
                    "dislike": 0,
                    "vt": 0,
                    "vv": 3438586,
                    "fav_g": 37,
                    "like_g": 48
                },
                "dynamic": "#火影忍者##佐助##动漫杂谈#“二柱子”只是一句调侃，真正的佐助深不可测~我滴天，终于把佐助做出来了!!WGSL!!这期应该很不错",
                "cid": 214378724,
                "dimension": {
                    "width": 1920,
                    "height": 1080,
                    "rotate": 0
                },
                "season_id": 3778,
                "short_link_v2": "https://b23.tv/BV1E5411a7xQ",
                "pub_location": "湖南",
                "cover43": "",
                "tidv2": 2042,
                "tnamev2": "动漫评论",
                "pid_v2": 1005,
                "pid_name_v2": "二次元",
                "bvid": "BV1E5411a7xQ",
                "season_type": 0,
                "is_ogv": false,
                "ogv_info": null,
                "enable_vt": 0,
                "ai_rcmd": null,
                "rcmd_reason": "最爱的二柱子来了"
            },
            {
                "aid": 286450013,
                "videos": 1,
                "tid": 124,
                "tname": "社科·法律·心理",
                "copyright": 1,
                "pic": "http://i2.hdslb.com/bfs/archive/a90bdbfeb2a92ccc196df38cf0a64bc62158b23c.jpg",
                "title": "前魅族副总裁分享11条防社会毒打建议，年薪几百万不是梦！【必收藏】",
                "pubdate": 1595163610,
                "ctime": 1595098631,
                "desc": "-",
                "state": 0,
                "duration": 1024,
                "mission_id": 13954,
                "rights": {
                    "bp": 0,
                    "elec": 0,
                    "download": 0,
                    "movie": 0,
                    "pay": 0,
                    "hd5": 0,
                    "no_reprint": 1,
                    "autoplay": 1,
                    "ugc_pay": 0,
                    "is_cooperation": 0,
                    "ugc_pay_preview": 0,
                    "no_background": 0,
                    "arc_pay": 0,
                    "pay_free_watch": 0
                },
                "owner": {
                    "mid": 19526512,
                    "name": "TenGuSan",
                    "face": "https://i1.hdslb.com/bfs/face/7ae4916301a78744c54dfb30a0ab260aff57458f.jpg"
                },
                "stat": {
                    "aid": 286450013,
                    "view": 1427246,
                    "danmaku": 6265,
                    "reply": 2055,
                    "favorite": 95695,
                    "coin": 93511,
                    "share": 15088,
                    "now_rank": 0,
                    "his_rank": 7,
                    "like": 102133,
                    "dislike": 0,
                    "vt": 0,
                    "vv": 1427246,
                    "fav_g": 0,
                    "like_g": 0
                },
                "dynamic": "#知识分享官##夏日人生分享会##互联网##社会##应聘##职场#《如何用500块钱的相机赚300万》第三集之“教你混社会”。嘉宾：前魅族副总裁李楠。",
                "cid": 214017193,
                "dimension": {
                    "width": 1920,
                    "height": 1080,
                    "rotate": 0
                },
                "short_link_v2": "https://b23.tv/BV1Sf4y1R7w4",
                "cover43": "",
                "tidv2": 2093,
                "tnamev2": "职场发展",
                "pid_v2": 1010,
                "pid_name_v2": "知识",
                "bvid": "BV1Sf4y1R7w4",
                "season_type": 0,
                "is_ogv": false,
                "ogv_info": null,
                "enable_vt": 0,
                "ai_rcmd": null,
                "rcmd_reason": "这语速一听就是满满的干货"
            },
            {
                "aid": 371415382,
                "videos": 1,
                "tid": 182,
                "tname": "影视杂谈",
                "copyright": 1,
                "pic": "http://i1.hdslb.com/bfs/archive/366c37b0021d3e5b1693d196e520e2d0884820ab.jpg",
                "title": "【盘点】看完后能改变你人生的纪录片TOP10 提升自我 改变人生轨迹",
                "pubdate": 1595160404,
                "ctime": 1595160404,
                "desc": "一部纪录片，或许对你无足轻重，但蝴蝶扑翅，未尝不可卷起一场飓风，十部纪录片，十种改变人生轨迹的契机",
                "state": 0,
                "duration": 373,
                "rights": {
                    "bp": 0,
                    "elec": 0,
                    "download": 0,
                    "movie": 0,
                    "pay": 0,
                    "hd5": 1,
                    "no_reprint": 1,
                    "autoplay": 1,
                    "ugc_pay": 0,
                    "is_cooperation": 0,
                    "ugc_pay_preview": 0,
                    "no_background": 0,
                    "arc_pay": 0,
                    "pay_free_watch": 0
                },
                "owner": {
                    "mid": 7518633,
                    "name": "看不见的罗杰",
                    "face": "https://i0.hdslb.com/bfs/face/cd7625c5f6f188b5213badf0caddb3e8942f586e.jpg"
                },
                "stat": {
                    "aid": 371415382,
                    "view": 5565191,
                    "danmaku": 2348,
                    "reply": 1572,
                    "favorite": 495825,
                    "coin": 127454,
                    "share": 30741,
                    "now_rank": 0,
                    "his_rank": 10,
                    "like": 212697,
                    "dislike": 0,
                    "vt": 0,
                    "vv": 5565191,
                    "fav_g": 0,
                    "like_g": 1
                },
                "dynamic": "#百万剪辑师挑战##影评##纪录片#",
                "cid": 214285509,
                "dimension": {
                    "width": 1920,
                    "height": 1080,
                    "rotate": 0
                },
                "season_id": 24976,
                "short_link_v2": "https://b23.tv/BV1DZ4y1u7Ye",
                "cover43": "",
                "tidv2": 2008,
                "tnamev2": "影视综合",
                "pid_v2": 1001,
                "pid_name_v2": "影视",
                "bvid": "BV1DZ4y1u7Ye",
                "season_type": 0,
                "is_ogv": false,
                "ogv_info": null,
                "enable_vt": 0,
                "ai_rcmd": null,
                "rcmd_reason": "十部纪录片，十种改变人生轨迹的契机"
            },
            {
                "aid": 838804049,
                "videos": 1,
                "tid": 213,
                "tname": "美食测评",
                "copyright": 1,
                "pic": "http://i2.hdslb.com/bfs/archive/0186754b4e3a40648b73be8927890f75be947623.jpg",
                "title": "试吃蓝鳍金枪鱼，一刀下去满手是油，香味十足",
                "pubdate": 1595145658,
                "ctime": 1594840265,
                "desc": "试吃蓝鳍金枪鱼，一刀下去满手是油，香味十足",
                "state": 0,
                "duration": 482,
                "mission_id": 13852,
                "rights": {
                    "bp": 0,
                    "elec": 0,
                    "download": 0,
                    "movie": 0,
                    "pay": 0,
                    "hd5": 0,
                    "no_reprint": 1,
                    "autoplay": 1,
                    "ugc_pay": 0,
                    "is_cooperation": 0,
                    "ugc_pay_preview": 0,
                    "no_background": 0,
                    "arc_pay": 0,
                    "pay_free_watch": 0
                },
                "owner": {
                    "mid": 476704454,
                    "name": "小文哥吃吃吃",
                    "face": "https://i2.hdslb.com/bfs/face/a70aa74915d9e1e3282312b2b6759bc4aae1ed18.jpg"
                },
                "stat": {
                    "aid": 838804049,
                    "view": 9734424,
                    "danmaku": 35609,
                    "reply": 8554,
                    "favorite": 67540,
                    "coin": 422727,
                    "share": 16936,
                    "now_rank": 0,
                    "his_rank": 9,
                    "like": 1049786,
                    "dislike": 0,
                    "vt": 0,
                    "vv": 9734424,
                    "fav_g": 37,
                    "like_g": 52
                },
                "dynamic": "#全世界都爱中国味##蓝鳍金枪鱼##金枪鱼#",
                "cid": 212908677,
                "dimension": {
                    "width": 1920,
                    "height": 1080,
                    "rotate": 0
                },
                "season_id": 1719,
                "short_link_v2": "https://b23.tv/BV13g4y1i7JZ",
                "cover43": "",
                "tidv2": 2149,
                "tnamev2": "美食制作",
                "pid_v2": 1020,
                "pid_name_v2": "美食",
                "bvid": "BV13g4y1i7JZ",
                "season_type": 0,
                "is_ogv": false,
                "ogv_info": null,
                "enable_vt": 0,
                "ai_rcmd": null,
                "rcmd_reason": "这个肉太漂亮了！"
            },
            {
                "aid": 456493311,
                "videos": 1,
                "tid": 228,
                "tname": "人文历史",
                "copyright": 1,
                "pic": "http://i0.hdslb.com/bfs/archive/fce23228b44554b9c3ddfceab9e1a60ed80f8fb1.jpg",
                "title": "【互联网黑产博弈004】通过一个手机号，我查到了自己的户籍信息，行踪轨迹。",
                "pubdate": 1594982103,
                "ctime": 1594970478,
                "desc": "贩卖个人信息是一个非常严重的犯罪行为！",
                "state": 0,
                "duration": 426,
                "mission_id": 13954,
                "rights": {
                    "bp": 0,
                    "elec": 0,
                    "download": 0,
                    "movie": 0,
                    "pay": 0,
                    "hd5": 0,
                    "no_reprint": 1,
                    "autoplay": 1,
                    "ugc_pay": 0,
                    "is_cooperation": 0,
                    "ugc_pay_preview": 0,
                    "no_background": 0,
                    "arc_pay": 0,
                    "pay_free_watch": 0
                },
                "owner": {
                    "mid": 512574759,
                    "name": "公孙田浩",
                    "face": "https://i0.hdslb.com/bfs/face/11b2013210c53647027b465e34be88dd278d52ba.jpg"
                },
                "stat": {
                    "aid": 456493311,
                    "view": 3871224,
                    "danmaku": 11583,
                    "reply": 9368,
                    "favorite": 92428,
                    "coin": 133446,
                    "share": 47329,
                    "now_rank": 0,
                    "his_rank": 8,
                    "like": 268830,
                    "dislike": 0,
                    "vt": 0,
                    "vv": 3871224,
                    "fav_g": 7,
                    "like_g": 2
                },
                "dynamic": "今天的主题和第一期视频也就是五亿数据泄露那期一样，但本期主要把内容拉长做细，掰开揉碎去聊一聊，这条买卖个人信息产业链它背后的诞生与发展。",
                "cid": 213419297,
                "dimension": {
                    "width": 1920,
                    "height": 1080,
                    "rotate": 0
                },
                "short_link_v2": "https://b23.tv/BV175411a71j",
                "cover43": "",
                "tidv2": 2088,
                "tnamev2": "社会观察",
                "pid_v2": 1010,
                "pid_name_v2": "知识",
                "bvid": "BV175411a71j",
                "season_type": 0,
                "is_ogv": false,
                "ogv_info": null,
                "enable_vt": 0,
                "ai_rcmd": null,
                "rcmd_reason": "可怕的黑色产业链，还好我不值三四千"
            },
            {
                "aid": 711376773,
                "videos": 1,
                "tid": 28,
                "tname": "原创音乐",
                "copyright": 1,
                "pic": "http://i1.hdslb.com/bfs/archive/d3321bbd0645f01a1583a09fa4ef976ba3b8b3b6.jpg",
                "title": "对不起，我旧病复发，医生说这次需要移植，祝福我吧。好久没唱歌了，今天唱一首自己的歌",
                "pubdate": 1595392238,
                "ctime": 1595392238,
                "desc": "平静的早晨点一炷香，祝自己万寿无疆",
                "state": 0,
                "duration": 148,
                "rights": {
                    "bp": 0,
                    "elec": 0,
                    "download": 0,
                    "movie": 0,
                    "pay": 0,
                    "hd5": 1,
                    "no_reprint": 1,
                    "autoplay": 1,
                    "ugc_pay": 0,
                    "is_cooperation": 0,
                    "ugc_pay_preview": 0,
                    "no_background": 0,
                    "arc_pay": 0,
                    "pay_free_watch": 0
                },
                "owner": {
                    "mid": 401748416,
                    "name": "抗白六代目",
                    "face": "https://i2.hdslb.com/bfs/face/8abaf5a94427fa17a09014cd643eb1b2426aa7ff.jpg"
                },
                "stat": {
                    "aid": 711376773,
                    "view": 2348808,
                    "danmaku": 13614,
                    "reply": 14029,
                    "favorite": 31831,
                    "coin": 181896,
                    "share": 3749,
                    "now_rank": 0,
                    "his_rank": 7,
                    "like": 246180,
                    "dislike": 0,
                    "vt": 0,
                    "vv": 2348808,
                    "fav_g": 0,
                    "like_g": 0
                },
                "dynamic": "#原创歌曲##火影##弹唱#",
                "cid": 215247411,
                "dimension": {
                    "width": 1920,
                    "height": 1080,
                    "rotate": 0
                },
                "short_link_v2": "https://b23.tv/BV1cD4y1D7NF",
                "up_from_v2": 8,
                "pub_location": "安徽",
                "cover43": "",
                "tidv2": 2016,
                "tnamev2": "原创音乐",
                "pid_v2": 1003,
                "pid_name_v2": "音乐",
                "bvid": "BV1cD4y1D7NF",
                "season_type": 0,
                "is_ogv": false,
                "ogv_info": null,
                "enable_vt": 0,
                "ai_rcmd": null,
                "rcmd_reason": "努力生活的人，加油"
            },
            {
                "aid": 243834476,
                "videos": 1,
                "tid": 213,
                "tname": "美食测评",
                "copyright": 1,
                "pic": "http://i2.hdslb.com/bfs/archive/f8d1a77c64ae26f2c3c87ce564707127d73cbcfe.jpg",
                "title": "试吃黄油蟹的“妹妹“奄仔蟹！据说性价比超高！会翻车吗？",
                "pubdate": 1594980056,
                "ctime": 1594901014,
                "desc": "联动一波！下周五继续一起吃顿好的！",
                "state": 0,
                "duration": 461,
                "mission_id": 13752,
                "rights": {
                    "bp": 0,
                    "elec": 0,
                    "download": 0,
                    "movie": 0,
                    "pay": 0,
                    "hd5": 1,
                    "no_reprint": 1,
                    "autoplay": 1,
                    "ugc_pay": 0,
                    "is_cooperation": 1,
                    "ugc_pay_preview": 0,
                    "no_background": 0,
                    "arc_pay": 0,
                    "pay_free_watch": 0
                },
                "owner": {
                    "mid": 2920960,
                    "name": "大祥哥来了",
                    "face": "https://i1.hdslb.com/bfs/face/c72fee3b75a352f6a8d6c3e98bf0e050afa0caa0.jpg"
                },
                "stat": {
                    "aid": 243834476,
                    "view": 3749238,
                    "danmaku": 20240,
                    "reply": 3813,
                    "favorite": 10778,
                    "coin": 54009,
                    "share": 2954,
                    "now_rank": 0,
                    "his_rank": 14,
                    "like": 262975,
                    "dislike": 0,
                    "vt": 0,
                    "vv": 3749238,
                    "fav_g": 0,
                    "like_g": 0
                },
                "dynamic": "#美食##搞笑##吃播#",
                "cid": 213158781,
                "dimension": {
                    "width": 1920,
                    "height": 1080,
                    "rotate": 0
                },
                "short_link_v2": "https://b23.tv/BV1Dv411i7t8",
                "cover43": "",
                "tidv2": 2152,
                "tnamev2": "美食记录",
                "pid_v2": 1020,
                "pid_name_v2": "美食",
                "bvid": "BV1Dv411i7t8",
                "season_type": 0,
                "is_ogv": false,
                "ogv_info": null,
                "enable_vt": 0,
                "ai_rcmd": null,
                "rcmd_reason": "蛋黄派X大祥哥，美食区UP主梦幻联动吃蟹啦"
            },
            {
                "aid": 328983903,
                "videos": 1,
                "tid": 250,
                "tname": "出行",
                "copyright": 1,
                "pic": "http://i1.hdslb.com/bfs/archive/f0689f158f8ec18af2ffe22a87bf6a5ff064052b.jpg",
                "title": "文 化 沙 漠",
                "pubdate": 1595240716,
                "ctime": 1595240716,
                "desc": "所以我选择了理科。",
                "state": 0,
                "duration": 490,
                "rights": {
                    "bp": 0,
                    "elec": 0,
                    "download": 0,
                    "movie": 0,
                    "pay": 0,
                    "hd5": 1,
                    "no_reprint": 1,
                    "autoplay": 1,
                    "ugc_pay": 0,
                    "is_cooperation": 0,
                    "ugc_pay_preview": 0,
                    "no_background": 0,
                    "arc_pay": 0,
                    "pay_free_watch": 0
                },
                "owner": {
                    "mid": 1577804,
                    "name": "某幻君",
                    "face": "https://i2.hdslb.com/bfs/face/a7eda2f97431d13f89a43b310262d1b19be83c01.jpg"
                },
                "stat": {
                    "aid": 328983903,
                    "view": 3639360,
                    "danmaku": 38132,
                    "reply": 7510,
                    "favorite": 37206,
                    "coin": 79958,
                    "share": 10136,
                    "now_rank": 0,
                    "his_rank": 8,
                    "like": 290272,
                    "dislike": 0,
                    "vt": 0,
                    "vv": 3639360,
                    "fav_g": 0,
                    "like_g": 4
                },
                "dynamic": "文化沙漠。",
                "cid": 214628464,
                "dimension": {
                    "width": 1920,
                    "height": 1080,
                    "rotate": 0
                },
                "short_link_v2": "https://b23.tv/BV1xA411v7eK",
                "cover43": "",
                "tidv2": 2084,
                "tnamev2": "应试教育",
                "pid_v2": 1010,
                "pid_name_v2": "知识",
                "bvid": "BV1xA411v7eK",
                "season_type": 0,
                "is_ogv": false,
                "ogv_info": null,
                "enable_vt": 0,
                "ai_rcmd": null,
                "rcmd_reason": "UP主挑战做高考文综试卷！"
            },
            {
                "aid": 753928375,
                "videos": 1,
                "tid": 214,
                "tname": "田园美食",
                "copyright": 1,
                "pic": "http://i0.hdslb.com/bfs/archive/53ad5fef2000d4e1aca0e9f7f218de51d1d46ee2.jpg",
                "title": "【黄瓜的一生】黄瓜正当季，那就变着法来吃个黄瓜吧",
                "pubdate": 1595259368,
                "ctime": 1595259368,
                "desc": "上半年疫情期间把外围墙的竹排栏围了，\n种了些爬藤花草和黄瓜、丝瓜啥的藤蔓蔬菜\n一个季节转瞬、满眼绿色！\n摘下新鲜的黄瓜，采了些山野鸡枞菌\n黄瓜皮腊肉、鸡丝凉面、青瓜炒饭、鸡肉卷饼\n这是我这儿夏天的味道，你那里呢？",
                "state": 0,
                "duration": 1191,
                "mission_id": 13852,
                "rights": {
                    "bp": 0,
                    "elec": 0,
                    "download": 0,
                    "movie": 0,
                    "pay": 0,
                    "hd5": 0,
                    "no_reprint": 1,
                    "autoplay": 1,
                    "ugc_pay": 0,
                    "is_cooperation": 0,
                    "ugc_pay_preview": 0,
                    "no_background": 0,
                    "arc_pay": 0,
                    "pay_free_watch": 0
                },
                "owner": {
                    "mid": 19577966,
                    "name": "李子柒",
                    "face": "https://i2.hdslb.com/bfs/face/82d27965dae3b2fe9e52780c6309c7b37ad4cbf2.jpg"
                },
                "stat": {
                    "aid": 753928375,
                    "view": 4530795,
                    "danmaku": 43528,
                    "reply": 7371,
                    "favorite": 25726,
                    "coin": 138973,
                    "share": 14622,
                    "now_rank": 0,
                    "his_rank": 11,
                    "like": 303634,
                    "dislike": 0,
                    "vt": 0,
                    "vv": 4530795,
                    "fav_g": 0,
                    "like_g": 8
                },
                "dynamic": "清新爽口的黄瓜，是夏天的味道呀~",
                "cid": 214705674,
                "dimension": {
                    "width": 1920,
                    "height": 1080,
                    "rotate": 0
                },
                "short_link_v2": "https://b23.tv/BV19k4y127pr",
                "cover43": "",
                "tidv2": 2152,
                "tnamev2": "美食记录",
                "pid_v2": 1020,
                "pid_name_v2": "美食",
                "bvid": "BV19k4y127pr",
                "season_type": 0,
                "is_ogv": false,
                "ogv_info": null,
                "enable_vt": 0,
                "ai_rcmd": null,
                "rcmd_reason": "尝一尝夏天的味道吧"
            },
            {
                "aid": 926385355,
                "videos": 1,
                "tid": 76,
                "tname": "美食制作",
                "copyright": 1,
                "pic": "http://i2.hdslb.com/bfs/archive/eb585550aef96d5cb10da7cb3215087c5f979afa.jpg",
                "title": "论：如何把豆腐，做成吃不起的样子",
                "pubdate": 1595329945,
                "ctime": 1595329946,
                "desc": "日更微博【绵羊不只会料理】https://weibo.com/mianyangliaoli\n微信公众号【绵羊料理】有详细的菜谱，打算交作业的同学记得订阅+\n油管同步更新：https://www.youtube.com/c/sheephoho",
                "state": 0,
                "duration": 297,
                "mission_id": 13951,
                "rights": {
                    "bp": 0,
                    "elec": 0,
                    "download": 0,
                    "movie": 0,
                    "pay": 0,
                    "hd5": 1,
                    "no_reprint": 1,
                    "autoplay": 1,
                    "ugc_pay": 0,
                    "is_cooperation": 0,
                    "ugc_pay_preview": 0,
                    "no_background": 0,
                    "arc_pay": 0,
                    "pay_free_watch": 0
                },
                "owner": {
                    "mid": 18202105,
                    "name": "绵羊料理",
                    "face": "https://i1.hdslb.com/bfs/face/54b5c9c2ad7f1baff195090bfd6afa365ef20c37.jpg"
                },
                "stat": {
                    "aid": 926385355,
                    "view": 6475171,
                    "danmaku": 16410,
                    "reply": 4870,
                    "favorite": 44308,
                    "coin": 299093,
                    "share": 9578,
                    "now_rank": 0,
                    "his_rank": 6,
                    "like": 488078,
                    "dislike": 0,
                    "vt": 0,
                    "vv": 6475171,
                    "fav_g": 0,
                    "like_g": 11
                },
                "dynamic": "传说这豆腐，会做的人吃不起，吃得起的人不会做。我花了几百块，结果...#美食##厨艺##料理制作##美食赛道#",
                "cid": 215018166,
                "dimension": {
                    "width": 1920,
                    "height": 1080,
                    "rotate": 0
                },
                "season_id": 134,
                "short_link_v2": "https://b23.tv/BV1hT4y1E7qj",
                "cover43": "",
                "tidv2": 2149,
                "tnamev2": "美食制作",
                "pid_v2": 1020,
                "pid_name_v2": "美食",
                "bvid": "BV1hT4y1E7qj",
                "season_type": 0,
                "is_ogv": false,
                "ogv_info": null,
                "enable_vt": 0,
                "ai_rcmd": null,
                "rcmd_reason": "一个词：上流"
            },
            {
                "aid": 498914877,
                "videos": 1,
                "tid": 203,
                "tname": "热点",
                "copyright": 1,
                "pic": "http://i1.hdslb.com/bfs/archive/74c8bfa24e9932f7739b5074da2e389c758da155.jpg",
                "title": "【逸语道破】今天发生的事，可列入人类外交史荒诞实录",
                "pubdate": 1595430993,
                "ctime": 1595430993,
                "desc": "当地时间21日下午4时，美国政府要求中国政府在72小时内（即当地时间周五下午4点前）关闭驻休斯敦总领事馆，并撤离所有人员。观察者网就这一突发新闻专访了复旦大学美国问题专家沈逸教授，他表示得知这个消息非常震惊和错愕，特朗普政府正在走向不受控制的边缘，关闭中国使领馆这一荒谬的决定可以载入人类外交史荒诞实录。",
                "state": 0,
                "duration": 717,
                "rights": {
                    "bp": 0,
                    "elec": 0,
                    "download": 0,
                    "movie": 0,
                    "pay": 0,
                    "hd5": 0,
                    "no_reprint": 1,
                    "autoplay": 1,
                    "ugc_pay": 0,
                    "is_cooperation": 0,
                    "ugc_pay_preview": 0,
                    "no_background": 0,
                    "arc_pay": 0,
                    "pay_free_watch": 0
                },
                "owner": {
                    "mid": 10330740,
                    "name": "观察者网",
                    "face": "https://i0.hdslb.com/bfs/face/3d0dba3789065512f5217387ab135a093ae10c45.jpg"
                },
                "stat": {
                    "aid": 498914877,
                    "view": 2531161,
                    "danmaku": 19422,
                    "reply": 7550,
                    "favorite": 19703,
                    "coin": 56959,
                    "share": 14870,
                    "now_rank": 0,
                    "his_rank": 0,
                    "like": 164422,
                    "dislike": 0,
                    "vt": 0,
                    "vv": 2531161,
                    "fav_g": 0,
                    "like_g": 0
                },
                "dynamic": "#中国使领馆##特朗普##沈逸#当地时间21日下午4时，美国政府要求中国政府在72小时内（即当地时间周五下午4点前）关闭驻休斯敦总领事馆，并撤离所有人员。观察者网就这一突发新闻专访了复旦大学美国问题专家沈逸教授，他表示得知这个消息非常震惊和错愕，特朗普政府正在走向不受控制的边缘，关闭中国使领馆这一荒谬的决定可以载入人类外交史荒诞实录。",
                "cid": 215486357,
                "dimension": {
                    "width": 1920,
                    "height": 1080,
                    "rotate": 0
                },
                "short_link_v2": "https://b23.tv/BV17K411J7VZ",
                "pub_location": "上海",
                "cover43": "",
                "tidv2": 2089,
                "tnamev2": "时政解读",
                "pid_v2": 1010,
                "pid_name_v2": "知识",
                "bvid": "BV17K411J7VZ",
                "season_type": 0,
                "is_ogv": false,
                "ogv_info": null,
                "enable_vt": 0,
                "ai_rcmd": null,
                "rcmd_reason": "荒诞之处到底在哪？"
            },
            {
                "aid": 711490578,
                "videos": 1,
                "tid": 173,
                "tname": "桌游棋牌",
                "copyright": 1,
                "pic": "http://i1.hdslb.com/bfs/archive/8ceb50d52cf4b385c7708c4713cc2d1b18e6a91f.jpg",
                "title": "黑魔导的时代结束了【水无月菌】",
                "pubdate": 1595418436,
                "ctime": 1595418436,
                "desc": "_(:з)∠)_感谢万伟康from无人周六up主的熱き決闘者たち音源！空间传送门15897890\n感觉这个游戏最近多了好多XX漫画老师_(:з)∠)_\n喜欢请三连点个关注！感谢观看！",
                "state": 0,
                "duration": 334,
                "mission_id": 13777,
                "rights": {
                    "bp": 0,
                    "elec": 0,
                    "download": 0,
                    "movie": 0,
                    "pay": 0,
                    "hd5": 0,
                    "no_reprint": 1,
                    "autoplay": 1,
                    "ugc_pay": 0,
                    "is_cooperation": 0,
                    "ugc_pay_preview": 0,
                    "no_background": 0,
                    "arc_pay": 0,
                    "pay_free_watch": 0
                },
                "owner": {
                    "mid": 1958342,
                    "name": "水无月菌",
                    "face": "https://i2.hdslb.com/bfs/face/f9c8a8ecb20f3e1a8cb7f93c579e06a40f01ecb2.jpg"
                },
                "stat": {
                    "aid": 711490578,
                    "view": 7895152,
                    "danmaku": 9025,
                    "reply": 4498,
                    "favorite": 32732,
                    "coin": 96655,
                    "share": 13321,
                    "now_rank": 0,
                    "his_rank": 18,
                    "like": 220814,
                    "dislike": 0,
                    "vt": 0,
                    "vv": 7895152,
                    "fav_g": 0,
                    "like_g": 2
                },
                "dynamic": "苦力波救我！！！！",
                "cid": 215376313,
                "dimension": {
                    "width": 1920,
                    "height": 1080,
                    "rotate": 0
                },
                "short_link_v2": "https://b23.tv/BV1yD4y1m7pe",
                "cover43": "",
                "tidv2": 2079,
                "tnamev2": "其他游戏",
                "pid_v2": 1008,
                "pid_name_v2": "游戏",
                "bvid": "BV1yD4y1m7pe",
                "season_type": 0,
                "is_ogv": false,
                "ogv_info": null,
                "enable_vt": 0,
                "ai_rcmd": null,
                "rcmd_reason": ""
            },
            {
                "aid": 413984282,
                "videos": 1,
                "tid": 204,
                "tname": "环球",
                "copyright": 1,
                "pic": "http://i0.hdslb.com/bfs/archive/86d389eee6fbc6aa8a664685e64ef92ba52493e6.jpg",
                "title": "这是一场灾难，还是造富运动？|起底美国疫情03",
                "pubdate": 1594989294,
                "ctime": 1594989111,
                "desc": "我们以为5月是结束前的高潮，没想到却等来了新一轮反弹的开始。频发的暴乱，重新飙升的病例，美国的这场疫情为什么没完没了？老人接连死去，穷人走投无路，富人却身价暴涨，这到底是一场灾难，还是一次造富运动？美国，到底是谁的美国？这一切要从一通来自养老院的求救电话讲起......",
                "state": 0,
                "duration": 660,
                "rights": {
                    "bp": 0,
                    "elec": 0,
                    "download": 0,
                    "movie": 0,
                    "pay": 0,
                    "hd5": 0,
                    "no_reprint": 1,
                    "autoplay": 1,
                    "ugc_pay": 0,
                    "is_cooperation": 1,
                    "ugc_pay_preview": 0,
                    "no_background": 0,
                    "arc_pay": 0,
                    "pay_free_watch": 0
                },
                "owner": {
                    "mid": 456664753,
                    "name": "央视新闻",
                    "face": "https://i1.hdslb.com/bfs/face/e649df706cdb30c0f300e755f0330faeaf6b498b.jpg"
                },
                "stat": {
                    "aid": 413984282,
                    "view": 1705536,
                    "danmaku": 12090,
                    "reply": 6239,
                    "favorite": 33625,
                    "coin": 62593,
                    "share": 24021,
                    "now_rank": 0,
                    "his_rank": 11,
                    "like": 124350,
                    "dislike": 0,
                    "vt": 0,
                    "vv": 1705536,
                    "fav_g": 0,
                    "like_g": 0
                },
                "dynamic": "我们以为5月是结束前的高潮，没想到却等来了新一轮反弹的开始。频发的暴乱，重新飙升的病例，美国的这场疫情为什么没完没了？老人接连死去，穷人走投无路，富人却身价暴涨，美国，到底是谁的美国？这一切要从一通来自养老院的求救电话讲起......#美国##特朗普##奥巴马#",
                "cid": 213545256,
                "dimension": {
                    "width": 1920,
                    "height": 1080,
                    "rotate": 0
                },
                "short_link_v2": "https://b23.tv/BV1XV411B7M2",
                "cover43": "",
                "tidv2": 2089,
                "tnamev2": "时政解读",
                "pid_v2": 1010,
                "pid_name_v2": "知识",
                "bvid": "BV1XV411B7M2",
                "season_type": 0,
                "is_ogv": false,
                "ogv_info": null,
                "enable_vt": 0,
                "ai_rcmd": null,
                "rcmd_reason": "现实的美国 VS 想象的美国"
            }
        ]
    }
}