{
    "code": 0,
    "message": "OK",
    "ttl": 1,
    "data": {
        "config": {
            "id": 75,
            "type": "weekly_selected",
            "number": 71,
            "subject": "懂 王 的 使 命",
            "stime": 1595520000,
            "etime": 1596124799,
            "status": 2,
            "name": "2020第71期 07.24 - 07.30",
            "label": "第71期(0731更新)",
            "hint": "",
            "color": 0,
            "cover": "",
            "share_title": "懂 王 的 使 命",
            "share_subtitle": "鬼畜含量已爆表！每天亿遍，浑身舒畅！",
            "media_id": 1025157288
        },
        "reminder": "每周五晚18:00更新",
        "list": [
            {
                "aid": 201555179,
                "videos": 1,
                "tid": 138,
                "tname": "搞笑",
                "copyright": 1,
                "pic": "http://i0.hdslb.com/bfs/archive/5abb9cef5ce8817c7fb92b16764ce787ad8e60a8.jpg",
                "title": "【史上最强招生】进撃の四川大学！！！欢迎报考！！！",
                "pubdate": 1596082996,
                "ctime": 1596082996,
                "desc": "欢迎学弟学妹们报考【四 川 大 学】 and 【一键三连】！！！\n其实我川还有二基楼超大型实景密室逃脱，梗太多实在加不进了！\n今生无悔入川大（泪）！！！",
                "state": 0,
                "duration": 176,
                "mission_id": 13750,
                "rights": {
                    "bp": 0,
                    "elec": 0,
                    "download": 0,
                    "movie": 0,
                    "pay": 0,
                    "hd5": 0,
                    "no_reprint": 1,
                    "autoplay": 1,
                    "ugc_pay": 0,
                    "is_cooperation": 0,
                    "ugc_pay_preview": 0,
                    "no_background": 0,
                    "arc_pay": 0,
                    "pay_free_watch": 0
                },
                "owner": {
                    "mid": 449359973,
                    "name": "无敌小阿七",
                    "face": "https://i2.hdslb.com/bfs/face/7eac2d82a8d08e83b7526397efc302c09fd0c03b.jpg"
                },
                "stat": {
                    "aid": 201555179,
                    "view": 2401956,
                    "danmaku": 7863,
                    "reply": 7466,
                    "favorite": 45339,
                    "coin": 60636,
                    "share": 67473,
                    "now_rank": 0,
                    "his_rank": 17,
                    "like": 177591,
                    "dislike": 0,
                    "vt": 0,
                    "vv": 2401956,
                    "fav_g": 0,
                    "like_g": 0
                },
                "dynamic": "#bilibili新星计划##娱乐##搞笑剪辑#",
                "cid": 218449420,
                "dimension": {
                    "width": 960,
                    "height": 720,
                    "rotate": 0
                },
                "short_link_v2": "https://b23.tv/BV1Hh411Z73h",
                "cover43": "",
                "tidv2": 2060,
                "tnamev2": "鬼畜剧场",
                "pid_v2": 1007,
                "pid_name_v2": "鬼畜",
                "bvid": "BV1Hh411Z73h",
                "season_type": 0,
                "is_ogv": false,
                "ogv_info": null,
                "enable_vt": 0,
                "ai_rcmd": null,
                "rcmd_reason": "成都七中附属大学招生啦（手动狗头"
            },
            {
                "aid": 711571561,
                "videos": 1,
                "tid": 126,
                "tname": "人力VOCALOID",
                "copyright": 1,
                "pic": "http://i2.hdslb.com/bfs/archive/2b71355c3a3166abf2714dd1e982fedb82ed254c.jpg",
                "title": "【罗翔】非自然死亡-Lemon",
                "pubdate": 1595916027,
                "ctime": 1595916027,
                "desc": "著名的粪坑案，案情到底是怎样的？听罗老师慢慢唱来……\n罗翔系列：Despacito：BV11Z4y1K7t6，LOSER：BV1Av41147sH，有何不可：BV1kz4y1D73W，学术回战：BV1nK4y1J7RX\nJOJO系列：素颜：BV18J411B7QA，下山：BV1sJ411t7FQ，处处吻：BV1tJ411J7Qv\nBGM：LEMON-米津玄师",
                "state": 0,
                "duration": 190,
                "mission_id": 14024,
                "rights": {
                    "bp": 0,
                    "elec": 0,
                    "download": 0,
                    "movie": 0,
                    "pay": 0,
                    "hd5": 1,
                    "no_reprint": 1,
                    "autoplay": 1,
                    "ugc_pay": 0,
                    "is_cooperation": 0,
                    "ugc_pay_preview": 0,
                    "no_background": 0,
                    "arc_pay": 0,
                    "pay_free_watch": 0
                },
                "owner": {
                    "mid": 5260378,
                    "name": "白勺啊达",
                    "face": "https://i1.hdslb.com/bfs/face/3c54240c8c92fd43fa0ee87f8bb42b39b2877055.jpg"
                },
                "stat": {
                    "aid": 711571561,
                    "view": 24646149,
                    "danmaku": 109712,
                    "reply": 14597,
                    "favorite": 674802,
                    "coin": 1084606,
                    "share": 227417,
                    "now_rank": 0,
                    "his_rank": 3,
                    "like": 1656585,
                    "dislike": 0,
                    "vt": 0,
                    "vv": 24646149,
                    "fav_g": 482,
                    "like_g": 107
                },
                "dynamic": "#鬼畜##罗翔##人力VOCALOID赛道#罗老师又出新歌了！！！",
                "cid": 217465303,
                "dimension": {
                    "width": 1920,
                    "height": 1080,
                    "rotate": 0
                },
                "season_id": 1228129,
                "short_link_v2": "https://b23.tv/BV1JD4y1U72G",
                "cover43": "",
                "tidv2": 2061,
                "tnamev2": "人力VOCALOID",
                "pid_v2": 1007,
                "pid_name_v2": "鬼畜",
                "bvid": "BV1JD4y1U72G",
                "season_type": 0,
                "is_ogv": false,
                "ogv_info": null,
                "enable_vt": 0,
                "ai_rcmd": null,
                "rcmd_reason": "【米津玄師】进入了直播间"
            },
            {
                "aid": 286375646,
                "videos": 1,
                "tid": 24,
                "tname": "MAD·AMV",
                "copyright": 1,
                "pic": "http://i1.hdslb.com/bfs/archive/02d205c500affcad81423a230ee5b54811b4c624.jpg",
                "title": "前方高帅！当我解开束缚的一刻，全世界将无人能与我为敌！",
                "pubdate": 1595559302,
                "ctime": 1595559303,
                "desc": "BGM：breaking now\n审核大大辛苦了\n喜欢这个视频的小可爱记得一键三连和关注支持一下up鸭谢谢啦~",
                "state": 0,
                "duration": 147,
                "rights": {
                    "bp": 0,
                    "elec": 0,
                    "download": 0,
                    "movie": 0,
                    "pay": 0,
                    "hd5": 1,
                    "no_reprint": 1,
                    "autoplay": 1,
                    "ugc_pay": 0,
                    "is_cooperation": 0,
                    "ugc_pay_preview": 0,
                    "no_background": 0,
                    "arc_pay": 0,
                    "pay_free_watch": 0
                },
                "owner": {
                    "mid": 5687194,
                    "name": "银发の半精灵",
                    "face": "https://i1.hdslb.com/bfs/face/1766b50e4db3ff28edde73239ff6d8b46bbdb5c3.jpg"
                },
                "stat": {
                    "aid": 286375646,
                    "view": 4354720,
                    "danmaku": 6841,
                    "reply": 3472,
                    "favorite": 169452,
                    "coin": 176223,
                    "share": 10857,
                    "now_rank": 0,
                    "his_rank": 17,
                    "like": 290973,
                    "dislike": 0,
                    "vt": 0,
                    "vv": 4354720,
                    "fav_g": 0,
                    "like_g": 0
                },
                "dynamic": "记得来看看鸭~#MAD##新人向##多素材#",
                "cid": 215900776,
                "dimension": {
                    "width": 1920,
                    "height": 1080,
                    "rotate": 0
                },
                "season_id": 1304200,
                "short_link_v2": "https://b23.tv/BV1ef4y1R71D",
                "cover43": "",
                "tidv2": 2041,
                "tnamev2": "动漫剪辑",
                "pid_v2": 1005,
                "pid_name_v2": "二次元",
                "bvid": "BV1ef4y1R71D",
                "season_type": 0,
                "is_ogv": false,
                "ogv_info": null,
                "enable_vt": 0,
                "ai_rcmd": null,
                "rcmd_reason": "爆帅的燃向MAD！"
            },
            {
                "aid": 286377358,
                "videos": 1,
                "tid": 22,
                "tname": "鬼畜调教",
                "copyright": 1,
                "pic": "http://i0.hdslb.com/bfs/archive/b5ab7e347b24cc55687318e9172bc0c45f6060fa.jpg",
                "title": "一个敢教，一个敢念",
                "pubdate": 1595569757,
                "ctime": 1595569757,
                "desc": "【第一集：BV1ca4y1e7DP】\n制作：碧天蓝钻",
                "state": 0,
                "duration": 85,
                "rights": {
                    "bp": 0,
                    "elec": 0,
                    "download": 0,
                    "movie": 0,
                    "pay": 0,
                    "hd5": 0,
                    "no_reprint": 1,
                    "autoplay": 1,
                    "ugc_pay": 0,
                    "is_cooperation": 0,
                    "ugc_pay_preview": 0,
                    "no_background": 0,
                    "arc_pay": 0,
                    "pay_free_watch": 0
                },
                "owner": {
                    "mid": 7275647,
                    "name": "碧天蓝钻",
                    "face": "https://i2.hdslb.com/bfs/face/ce1595b2d2bb472bb1f5437e49cb6a2415a44147.webp"
                },
                "stat": {
                    "aid": 286377358,
                    "view": 25566465,
                    "danmaku": 41972,
                    "reply": 8596,
                    "favorite": 361296,
                    "coin": 280686,
                    "share": 171020,
                    "now_rank": 0,
                    "his_rank": 5,
                    "like": 1189143,
                    "dislike": 0,
                    "vt": 0,
                    "vv": 25566465,
                    "fav_g": 0,
                    "like_g": 0
                },
                "dynamic": "#鬼畜调教##搞笑##洗脑循环#",
                "cid": 216014793,
                "dimension": {
                    "width": 1280,
                    "height": 720,
                    "rotate": 0
                },
                "season_id": 408686,
                "short_link_v2": "https://b23.tv/BV1xf4y1R7m2",
                "cover43": "",
                "tidv2": 2059,
                "tnamev2": "鬼畜调教",
                "pid_v2": 1007,
                "pid_name_v2": "鬼畜",
                "bvid": "BV1xf4y1R7m2",
                "season_type": 0,
                "is_ogv": false,
                "ogv_info": null,
                "enable_vt": 0,
                "ai_rcmd": null,
                "rcmd_reason": "咕噜咕噜~"
            },
            {
                "aid": 668948445,
                "videos": 1,
                "tid": 29,
                "tname": "音乐现场",
                "copyright": 1,
                "pic": "http://i0.hdslb.com/bfs/archive/c4b386526e6f3c16a911d3059f63ee84fc5fef3e.jpg",
                "title": "【4K60帧】有生之年！周深演绎《unravel》BML现场圆梦【BML2020单品】",
                "pubdate": 1595684179,
                "ctime": 1595684179,
                "desc": "BML2020云live单品《unravel》。BML现场圆梦",
                "state": 0,
                "duration": 242,
                "rights": {
                    "bp": 0,
                    "elec": 0,
                    "download": 0,
                    "movie": 0,
                    "pay": 0,
                    "hd5": 0,
                    "no_reprint": 1,
                    "autoplay": 1,
                    "ugc_pay": 0,
                    "is_cooperation": 1,
                    "ugc_pay_preview": 0,
                    "no_background": 0,
                    "arc_pay": 0,
                    "pay_free_watch": 0
                },
                "owner": {
                    "mid": 403748305,
                    "name": "BML制作指挥部",
                    "face": "https://i1.hdslb.com/bfs/face/924fb698bc68802a95c123c1f1ff41b3be1e9c9e.jpg"
                },
                "stat": {
                    "aid": 668948445,
                    "view": 21558196,
                    "danmaku": 192808,
                    "reply": 130393,
                    "favorite": 655940,
                    "coin": 960233,
                    "share": 247272,
                    "now_rank": 0,
                    "his_rank": 1,
                    "like": 1194031,
                    "dislike": 0,
                    "vt": 0,
                    "vv": 21558196,
                    "fav_g": 40,
                    "like_g": 38
                },
                "dynamic": "BML2020云live单品《unravel》。BML现场圆梦",
                "cid": 220620159,
                "dimension": {
                    "width": 3840,
                    "height": 2160,
                    "rotate": 0
                },
                "season_id": 377,
                "short_link_v2": "https://b23.tv/BV1za4y1a7JZ",
                "pub_location": "上海",
                "cover43": "",
                "tidv2": 2018,
                "tnamev2": "音乐现场",
                "pid_v2": 1003,
                "pid_name_v2": "音乐",
                "bvid": "BV1za4y1a7JZ",
                "season_type": 0,
                "is_ogv": false,
                "ogv_info": null,
                "enable_vt": 0,
                "ai_rcmd": null,
                "rcmd_reason": "又吃CD了吗！帅炸了！"
            },
            {
                "aid": 583920598,
                "videos": 1,
                "tid": 171,
                "tname": "电子竞技",
                "copyright": 1,
                "pic": "http://i1.hdslb.com/bfs/archive/61635033b66c2f2997d1368f6ca0bbfdc863cbca.jpg",
                "title": "建议改成： 中 国 瑶 嘻 哈",
                "pubdate": 1595685353,
                "ctime": 1595685353,
                "desc": "又尝试了新形式～嗓子吼的疼 写词写的秃 卡点卡的更秃 感觉自己离变成琦玉老师又近了一步\n所以球球大家点个赞吧！点个关注吧！\n\n有意见和建议随时私信评论我噢～",
                "state": 0,
                "duration": 148,
                "mission_id": 13777,
                "rights": {
                    "bp": 0,
                    "elec": 0,
                    "download": 0,
                    "movie": 0,
                    "pay": 0,
                    "hd5": 1,
                    "no_reprint": 1,
                    "autoplay": 1,
                    "ugc_pay": 0,
                    "is_cooperation": 0,
                    "ugc_pay_preview": 0,
                    "no_background": 0,
                    "arc_pay": 0,
                    "pay_free_watch": 0
                },
                "owner": {
                    "mid": 6875363,
                    "name": "不是的的是のの",
                    "face": "https://i2.hdslb.com/bfs/face/3d4872f090fd86046d496b5429d29f25727e9d50.jpg"
                },
                "stat": {
                    "aid": 583920598,
                    "view": 5330487,
                    "danmaku": 5712,
                    "reply": 5543,
                    "favorite": 83215,
                    "coin": 146019,
                    "share": 47855,
                    "now_rank": 0,
                    "his_rank": 21,
                    "like": 354288,
                    "dislike": 0,
                    "vt": 0,
                    "vv": 5330487,
                    "fav_g": 0,
                    "like_g": 0
                },
                "dynamic": "来啦～瑶瑶rap",
                "cid": 216537045,
                "dimension": {
                    "width": 1920,
                    "height": 1080,
                    "rotate": 0
                },
                "short_link_v2": "https://b23.tv/BV1Cz4y1D7Cf",
                "cover43": "",
                "tidv2": 2070,
                "tnamev2": "MOBA游戏",
                "pid_v2": 1008,
                "pid_name_v2": "游戏",
                "bvid": "BV1Cz4y1D7Cf",
                "season_type": 0,
                "is_ogv": false,
                "ogv_info": null,
                "enable_vt": 0,
                "ai_rcmd": null,
                "rcmd_reason": "王者rap区逐渐成型"
            },
            {
                "aid": 711496358,
                "videos": 1,
                "tid": 257,
                "tname": "配音",
                "copyright": 1,
                "pic": "http://i2.hdslb.com/bfs/archive/1e242e0436d88e003cfe067ea97c7620e2616d45.jpg",
                "title": "网 抑 云 终 结 者",
                "pubdate": 1595684944,
                "ctime": 1595684944,
                "desc": "本视频只是一个动漫配音作品\r\r\n文案为高砹酸钫的原创\r\n\r而且我已经获得了视频创作授权\r\n所有内容均无针对或内涵 嘲讽 戏谑 任何群体 抑郁症患者的意思\r\n包括文案原作者也没有这样的意思\r\r\n求键盘侠们看清楚\r\r\n网易云音乐\r网抑云\r搞笑视频\r沙雕\r配音\r抽象\r校园小子\r抑郁\r声优\r搞笑",
                "state": 0,
                "duration": 133,
                "mission_id": 14009,
                "rights": {
                    "bp": 0,
                    "elec": 0,
                    "download": 0,
                    "movie": 0,
                    "pay": 0,
                    "hd5": 0,
                    "no_reprint": 1,
                    "autoplay": 1,
                    "ugc_pay": 0,
                    "is_cooperation": 0,
                    "ugc_pay_preview": 0,
                    "no_background": 0,
                    "arc_pay": 0,
                    "pay_free_watch": 0
                },
                "owner": {
                    "mid": 326454552,
                    "name": "平凡的月老",
                    "face": "https://i0.hdslb.com/bfs/face/93ee74daf4d972895120632cd9869d7a46c101f1.jpg"
                },
                "stat": {
                    "aid": 711496358,
                    "view": 4660502,
                    "danmaku": 6032,
                    "reply": 9252,
                    "favorite": 56997,
                    "coin": 55064,
                    "share": 25444,
                    "now_rank": 0,
                    "his_rank": 6,
                    "like": 315683,
                    "dislike": 0,
                    "vt": 0,
                    "vv": 4660502,
                    "fav_g": 0,
                    "like_g": 0
                },
                "dynamic": "",
                "cid": 218170162,
                "dimension": {
                    "width": 640,
                    "height": 480,
                    "rotate": 0
                },
                "short_link_v2": "https://b23.tv/BV1ZD4y1m7iL",
                "pub_location": "山西",
                "cover43": "",
                "tidv2": 2044,
                "tnamev2": "动画配音",
                "pid_v2": 1005,
                "pid_name_v2": "二次元",
                "bvid": "BV1ZD4y1m7iL",
                "season_type": 0,
                "is_ogv": false,
                "ogv_info": null,
                "enable_vt": 0,
                "ai_rcmd": null,
                "rcmd_reason": "无忧无虑的理科学霸"
            },
            {
                "aid": 754007667,
                "videos": 1,
                "tid": 20,
                "tname": "宅舞",
                "copyright": 1,
                "pic": "http://i0.hdslb.com/bfs/archive/1b364389cfce14412604306eb34068fca665c233.jpg",
                "title": "害 怕 宝 贝 ！【周淑怡 | 欣小萌】",
                "pubdate": 1596168002,
                "ctime": 1596166644,
                "desc": "害 怕 宝 贝 来 啦！",
                "state": 0,
                "duration": 90,
                "rights": {
                    "bp": 0,
                    "elec": 0,
                    "download": 0,
                    "movie": 0,
                    "pay": 0,
                    "hd5": 0,
                    "no_reprint": 1,
                    "autoplay": 1,
                    "ugc_pay": 0,
                    "is_cooperation": 1,
                    "ugc_pay_preview": 0,
                    "no_background": 0,
                    "arc_pay": 0,
                    "pay_free_watch": 0
                },
                "owner": {
                    "mid": 306895558,
                    "name": "不2不叫周淑怡",
                    "face": "http://i0.hdslb.com/bfs/face/93a7371c185067d166126322cf768702d7c049d9.jpg"
                },
                "stat": {
                    "aid": 754007667,
                    "view": 6641477,
                    "danmaku": 17336,
                    "reply": 7716,
                    "favorite": 54761,
                    "coin": 80819,
                    "share": 24365,
                    "now_rank": 0,
                    "his_rank": 14,
                    "like": 308123,
                    "dislike": 0,
                    "vt": 0,
                    "vv": 6641477,
                    "fav_g": 0,
                    "like_g": 0
                },
                "dynamic": "#周淑怡##舞蹈##淑芬#",
                "cid": 218638968,
                "dimension": {
                    "width": 3840,
                    "height": 2160,
                    "rotate": 0
                },
                "short_link_v2": "https://b23.tv/BV17k4y1m7pr",
                "cover43": "",
                "tidv2": 2031,
                "tnamev2": "明星舞蹈",
                "pid_v2": 1004,
                "pid_name_v2": "舞蹈",
                "bvid": "BV17k4y1m7pr",
                "season_type": 0,
                "is_ogv": false,
                "ogv_info": null,
                "enable_vt": 0,
                "ai_rcmd": null,
                "rcmd_reason": "害怕区up梦幻联动"
            },
            {
                "aid": 969112837,
                "videos": 1,
                "tid": 124,
                "tname": "社科·法律·心理",
                "copyright": 1,
                "pic": "http://i2.hdslb.com/bfs/archive/f9c64dcf5d383b8340c1a237f8ea4d4a9dcef00e.jpg",
                "title": "大家好我是雷军，今天我正式入驻B站了",
                "pubdate": 1596074427,
                "ctime": 1596046493,
                "desc": "B站朋友们大家好，很高兴能入驻B站，希望在这里结交到更多的朋友。\n8月11日 晚七点半，我将在自己账号直播 小米十周年公开演讲。",
                "state": 0,
                "duration": 78,
                "mission_id": 14009,
                "rights": {
                    "bp": 0,
                    "elec": 0,
                    "download": 0,
                    "movie": 0,
                    "pay": 0,
                    "hd5": 1,
                    "no_reprint": 1,
                    "autoplay": 1,
                    "ugc_pay": 0,
                    "is_cooperation": 0,
                    "ugc_pay_preview": 0,
                    "no_background": 0,
                    "arc_pay": 0,
                    "pay_free_watch": 0
                },
                "owner": {
                    "mid": 646730844,
                    "name": "雷军",
                    "face": "https://i0.hdslb.com/bfs/face/5d26a50ea0a23493a94d72e578e4f73e60af4aad.jpg"
                },
                "stat": {
                    "aid": 969112837,
                    "view": 9767858,
                    "danmaku": 53757,
                    "reply": 60030,
                    "favorite": 55666,
                    "coin": 164716,
                    "share": 32831,
                    "now_rank": 0,
                    "his_rank": 6,
                    "like": 663521,
                    "dislike": 0,
                    "vt": 0,
                    "vv": 9767858,
                    "fav_g": 27,
                    "like_g": 28
                },
                "dynamic": "",
                "cid": 218242680,
                "dimension": {
                    "width": 3840,
                    "height": 2160,
                    "rotate": 0
                },
                "short_link_v2": "https://b23.tv/BV1sp4y1q7tF",
                "cover43": "",
                "tidv2": 2207,
                "tnamev2": "随拍·综合",
                "pid_v2": 1032,
                "pid_name_v2": "其他",
                "bvid": "BV1sp4y1q7tF",
                "season_type": 0,
                "is_ogv": false,
                "ogv_info": null,
                "enable_vt": 0,
                "ai_rcmd": null,
                "rcmd_reason": "同学们， Are you OK？"
            },
            {
                "aid": 201497804,
                "videos": 1,
                "tid": 29,
                "tname": "音乐现场",
                "copyright": 1,
                "pic": "http://i1.hdslb.com/bfs/archive/9306ebde485d2872bea4d5ac0ff64c2b722aed2e.jpg",
                "title": "【4K60帧】欢天喜地全新单曲《头号玩家》玩转梅奔 炫酷登场【BML2020单品】",
                "pubdate": 1595684189,
                "ctime": 1595661282,
                "desc": "BML2020云live单品《头号玩家》。我们是舞台的king",
                "state": 0,
                "duration": 268,
                "rights": {
                    "bp": 0,
                    "elec": 0,
                    "download": 0,
                    "movie": 0,
                    "pay": 0,
                    "hd5": 0,
                    "no_reprint": 1,
                    "autoplay": 1,
                    "ugc_pay": 0,
                    "is_cooperation": 0,
                    "ugc_pay_preview": 0,
                    "no_background": 0,
                    "arc_pay": 0,
                    "pay_free_watch": 0
                },
                "owner": {
                    "mid": 403748305,
                    "name": "BML制作指挥部",
                    "face": "https://i1.hdslb.com/bfs/face/924fb698bc68802a95c123c1f1ff41b3be1e9c9e.jpg"
                },
                "stat": {
                    "aid": 201497804,
                    "view": 11797296,
                    "danmaku": 237529,
                    "reply": 41491,
                    "favorite": 364103,
                    "coin": 544935,
                    "share": 107288,
                    "now_rank": 0,
                    "his_rank": 90,
                    "like": 636706,
                    "dislike": 0,
                    "vt": 0,
                    "vv": 11797296,
                    "fav_g": 40,
                    "like_g": 51
                },
                "dynamic": "BML2020云live单品《头号玩家》。我们是舞台的king",
                "cid": 220615609,
                "dimension": {
                    "width": 3840,
                    "height": 2160,
                    "rotate": 0
                },
                "season_id": 377,
                "short_link_v2": "https://b23.tv/BV1Vh411Z7XH",
                "pub_location": "上海",
                "cover43": "",
                "tidv2": 2018,
                "tnamev2": "音乐现场",
                "pid_v2": 1003,
                "pid_name_v2": "音乐",
                "bvid": "BV1Vh411Z7XH",
                "season_type": 0,
                "is_ogv": false,
                "ogv_info": null,
                "enable_vt": 0,
                "ai_rcmd": null,
                "rcmd_reason": "全员高光！发光的少年们友谊长存"
            },
            {
                "aid": 841596261,
                "videos": 1,
                "tid": 182,
                "tname": "影视杂谈",
                "copyright": 1,
                "pic": "http://i1.hdslb.com/bfs/archive/c74af493f5d2842f23d0dde7d7b8de1f4e6decba.jpg",
                "title": "神预言！34年前的剧情现在竟然重演了【阅片无数57】",
                "pubdate": 1596031207,
                "ctime": 1596031209,
                "desc": "想看更多的阅片无数小伙伴们转发三连搞起来哦\n更多生活中的凉风请参见→微博@凉风Kaze\n第五十六期BV1Wi4y137Kq：人类早期击杀牛头人珍贵影像\n第五十五期BV1sz411v7b8：网恋女友竟是一起搬砖的工友！\n第五十四期BV16D4y1S7fz：Woc！60年前的电影太能撩了！\n第五十三期BV1e54y1B7W6：马化腾曾扮妹子陪聊！\n第五十二期BV1ZK411p7LX：妈，你听我解释……",
                "state": 0,
                "duration": 763,
                "rights": {
                    "bp": 0,
                    "elec": 0,
                    "download": 0,
                    "movie": 0,
                    "pay": 0,
                    "hd5": 1,
                    "no_reprint": 1,
                    "autoplay": 1,
                    "ugc_pay": 0,
                    "is_cooperation": 0,
                    "ugc_pay_preview": 0,
                    "no_background": 0,
                    "arc_pay": 0,
                    "pay_free_watch": 0
                },
                "owner": {
                    "mid": 14110780,
                    "name": "凉风Kaze",
                    "face": "https://i1.hdslb.com/bfs/face/e0cc906bb531195e9ee9f3b575effdd2b056eaea.jpg"
                },
                "stat": {
                    "aid": 841596261,
                    "view": 5948975,
                    "danmaku": 39483,
                    "reply": 7408,
                    "favorite": 50884,
                    "coin": 189616,
                    "share": 9462,
                    "now_rank": 0,
                    "his_rank": 8,
                    "like": 582997,
                    "dislike": 0,
                    "vt": 0,
                    "vv": 5948975,
                    "fav_g": 0,
                    "like_g": 0
                },
                "dynamic": "今天#阅片无数#带你们看一部34年前的神级预言片！",
                "cid": 217685438,
                "dimension": {
                    "width": 1920,
                    "height": 1080,
                    "rotate": 0
                },
                "season_id": 175,
                "short_link_v2": "https://b23.tv/BV1T54y1i7ib",
                "cover43": "",
                "tidv2": 2001,
                "tnamev2": "影视解读",
                "pid_v2": 1001,
                "pid_name_v2": "影视",
                "bvid": "BV1T54y1i7ib",
                "season_type": 0,
                "is_ogv": false,
                "ogv_info": null,
                "enable_vt": 0,
                "ai_rcmd": null,
                "rcmd_reason": "这部英国喜剧到底是纪录片还是预言片？"
            },
            {
                "aid": 969020390,
                "videos": 1,
                "tid": 71,
                "tname": "综艺",
                "copyright": 1,
                "pic": "http://i2.hdslb.com/bfs/archive/9ffa6e5f8d58668fb09cfed8152e96c03a80e16e.jpg",
                "title": "【片片】《明星大侦探》最强玩法，无脚本杀人游戏，五星烧脑！",
                "pubdate": 1596098903,
                "ctime": 1596098903,
                "desc": "连续五季的高分综艺《明星大侦探》，也是我最爱的国综。\n各种离奇命案，让人脑洞大开，探案过程不仅有段子，还很有深度。\n关注微信公众号：小片片说大片，更多宠粉福利等你来！",
                "state": 0,
                "duration": 395,
                "rights": {
                    "bp": 0,
                    "elec": 0,
                    "download": 0,
                    "movie": 0,
                    "pay": 0,
                    "hd5": 0,
                    "no_reprint": 1,
                    "autoplay": 1,
                    "ugc_pay": 0,
                    "is_cooperation": 0,
                    "ugc_pay_preview": 0,
                    "no_background": 0,
                    "arc_pay": 0,
                    "pay_free_watch": 0
                },
                "owner": {
                    "mid": 10119428,
                    "name": "小片片说大片",
                    "face": "https://i2.hdslb.com/bfs/face/949fd3f0b9fe23703c970d494edc41ae52ee32de.jpg"
                },
                "stat": {
                    "aid": 969020390,
                    "view": 1965879,
                    "danmaku": 10652,
                    "reply": 3529,
                    "favorite": 7638,
                    "coin": 10308,
                    "share": 1637,
                    "now_rank": 0,
                    "his_rank": 64,
                    "like": 87376,
                    "dislike": 0,
                    "vt": 0,
                    "vv": 1965879,
                    "fav_g": 1,
                    "like_g": 5
                },
                "dynamic": "期期死人！这是我唯一见人就安利的综艺！#全能打卡挑战##白敬亭##Olay#",
                "cid": 218478622,
                "dimension": {
                    "width": 1920,
                    "height": 1080,
                    "rotate": 0
                },
                "short_link_v2": "https://b23.tv/BV1Mp4y1q7xJ",
                "cover43": "",
                "tidv2": 2009,
                "tnamev2": "娱乐评论",
                "pid_v2": 1002,
                "pid_name_v2": "娱乐",
                "bvid": "BV1Mp4y1q7xJ",
                "season_type": 0,
                "is_ogv": false,
                "ogv_info": null,
                "enable_vt": 0,
                "ai_rcmd": null,
                "rcmd_reason": "高能推理：我破我自己"
            },
            {
                "aid": 371590084,
                "videos": 1,
                "tid": 253,
                "tname": "动漫杂谈",
                "copyright": 1,
                "pic": "http://i1.hdslb.com/bfs/archive/b7c61f30251c5e2504ac9daf7276204d1f1c5891.jpg",
                "title": "【泛式】看完七月新番，气的我当场打开了剪辑软件！",
                "pubdate": 1596022680,
                "ctime": 1596022680,
                "desc": "2020年7月新番x《让我剪剪》第一弹\n微博@ 泛式 https://weibo.com/FunShiki",
                "state": 0,
                "duration": 481,
                "rights": {
                    "bp": 0,
                    "elec": 0,
                    "download": 0,
                    "movie": 0,
                    "pay": 0,
                    "hd5": 1,
                    "no_reprint": 1,
                    "autoplay": 1,
                    "ugc_pay": 0,
                    "is_cooperation": 0,
                    "ugc_pay_preview": 0,
                    "no_background": 0,
                    "arc_pay": 0,
                    "pay_free_watch": 0
                },
                "owner": {
                    "mid": 63231,
                    "name": "泛式",
                    "face": "https://i0.hdslb.com/bfs/face/2608aaa45309c77ac88fbfaa40e160b8c7892985.jpg"
                },
                "stat": {
                    "aid": 371590084,
                    "view": 2969607,
                    "danmaku": 21668,
                    "reply": 4951,
                    "favorite": 39502,
                    "coin": 125750,
                    "share": 5311,
                    "now_rank": 0,
                    "his_rank": 9,
                    "like": 285453,
                    "dislike": 0,
                    "vt": 0,
                    "vv": 2969607,
                    "fav_g": 0,
                    "like_g": 0
                },
                "dynamic": "泛式队长，七月剪剪！",
                "cid": 218035281,
                "dimension": {
                    "width": 1920,
                    "height": 1080,
                    "rotate": 0
                },
                "short_link_v2": "https://b23.tv/BV15Z4y1M7ac",
                "pub_location": "上海",
                "cover43": "",
                "tidv2": 2042,
                "tnamev2": "动漫评论",
                "pid_v2": 1005,
                "pid_name_v2": "二次元",
                "bvid": "BV15Z4y1M7ac",
                "season_type": 0,
                "is_ogv": false,
                "ogv_info": null,
                "enable_vt": 0,
                "ai_rcmd": null,
                "rcmd_reason": "太强了！团长"
            },
            {
                "aid": 201591643,
                "videos": 1,
                "tid": 138,
                "tname": "搞笑",
                "copyright": 1,
                "pic": "http://i2.hdslb.com/bfs/archive/5390bb583f79dd33fff21f42e2c91cf2102e1f12.jpg",
                "title": "“穿”衣服挑战！01",
                "pubdate": 1595908807,
                "ctime": 1595879241,
                "desc": "喜欢这期视频的话，请务必点一下赞噢~",
                "state": 0,
                "duration": 515,
                "mission_id": 13749,
                "rights": {
                    "bp": 0,
                    "elec": 0,
                    "download": 0,
                    "movie": 0,
                    "pay": 0,
                    "hd5": 0,
                    "no_reprint": 1,
                    "autoplay": 1,
                    "ugc_pay": 0,
                    "is_cooperation": 0,
                    "ugc_pay_preview": 0,
                    "no_background": 0,
                    "arc_pay": 0,
                    "pay_free_watch": 0
                },
                "owner": {
                    "mid": 285499073,
                    "name": "东尼ookii",
                    "face": "https://i2.hdslb.com/bfs/face/456b2bff7e41ab212b74e9019fda1f26362e8723.jpg"
                },
                "stat": {
                    "aid": 201591643,
                    "view": 8935380,
                    "danmaku": 25339,
                    "reply": 4775,
                    "favorite": 66559,
                    "coin": 142351,
                    "share": 15608,
                    "now_rank": 0,
                    "his_rank": 5,
                    "like": 606618,
                    "dislike": 0,
                    "vt": 0,
                    "vv": 8935380,
                    "fav_g": 76,
                    "like_g": 44
                },
                "dynamic": "来了来了！这期贼NB",
                "cid": 217369923,
                "dimension": {
                    "width": 1920,
                    "height": 1080,
                    "rotate": 0
                },
                "short_link_v2": "https://b23.tv/BV1wh411d7v9",
                "cover43": "",
                "tidv2": 2207,
                "tnamev2": "随拍·综合",
                "pid_v2": 1032,
                "pid_name_v2": "其他",
                "bvid": "BV1wh411d7v9",
                "season_type": 0,
                "is_ogv": false,
                "ogv_info": null,
                "enable_vt": 0,
                "ai_rcmd": null,
                "rcmd_reason": "这空调得开多大，才能不热啊"
            },
            {
                "aid": 626453773,
                "videos": 1,
                "tid": 201,
                "tname": "科学科普",
                "copyright": 1,
                "pic": "http://i0.hdslb.com/bfs/archive/d2ee706b80821fd7018ebc05a41bacc82ba276dd.jpg",
                "title": "【医学博士】近视手术会后悔吗？I 最全近视手术术前指南",
                "pubdate": 1595572375,
                "ctime": 1595572375,
                "desc": "大家好，硬核科普UP主又来了，我确信看完这个视频能解决你对近视手术大大部分问题！应该是比较全面了，视频做的也挺累的，希望能给个大拇哥啥的，谢谢大家！peace！\n常见问题：\n1.近视手术回复时间要多久？\n2.恢复期不能做什么？\n3.会产生后遗症吗？\n4.手术失败的概率有多少？\n5.长期佩戴隐形眼镜和近视手术哪个风险更大？\n6.炫光问题\n7.职业问题\n8.该不该做问题",
                "state": 0,
                "duration": 601,
                "mission_id": 13954,
                "rights": {
                    "bp": 0,
                    "elec": 0,
                    "download": 0,
                    "movie": 0,
                    "pay": 0,
                    "hd5": 1,
                    "no_reprint": 1,
                    "autoplay": 1,
                    "ugc_pay": 0,
                    "is_cooperation": 0,
                    "ugc_pay_preview": 0,
                    "no_background": 0,
                    "arc_pay": 0,
                    "pay_free_watch": 0
                },
                "owner": {
                    "mid": 7788379,
                    "name": "兔叭咯",
                    "face": "https://i1.hdslb.com/bfs/face/7ab577c36aac95d53f03c9b6f92ea24ab1edfe98.jpg"
                },
                "stat": {
                    "aid": 626453773,
                    "view": 5780967,
                    "danmaku": 46467,
                    "reply": 11654,
                    "favorite": 166284,
                    "coin": 242351,
                    "share": 93485,
                    "now_rank": 0,
                    "his_rank": 8,
                    "like": 450356,
                    "dislike": 0,
                    "vt": 0,
                    "vv": 5780967,
                    "fav_g": 0,
                    "like_g": 6
                },
                "dynamic": "硬核医学科普UP主回来了！这周可能咱们会多见面几次！不说了！请求大拇哥支援！#知识分享官##科学##医学#",
                "cid": 747574220,
                "dimension": {
                    "width": 1920,
                    "height": 1080,
                    "rotate": 0
                },
                "season_id": 102,
                "short_link_v2": "https://b23.tv/BV1Gt4y1X71z",
                "first_frame": "http://i0.hdslb.com/bfs/storyff/n220615a21a7atgw47nry422j630dlst_firsti.jpg",
                "cover43": "",
                "tidv2": 2179,
                "tnamev2": "健康科普",
                "pid_v2": 1026,
                "pid_name_v2": "医疗保健",
                "bvid": "BV1Gt4y1X71z",
                "season_type": 0,
                "is_ogv": false,
                "ogv_info": null,
                "enable_vt": 0,
                "ai_rcmd": null,
                "rcmd_reason": "硬核科普UP主又来了"
            },
            {
                "aid": 711527730,
                "videos": 1,
                "tid": 76,
                "tname": "美食制作",
                "copyright": 1,
                "pic": "http://i0.hdslb.com/bfs/archive/d9ed4c6d813dc220dbb0489cbdfeb80f93aae0a2.jpg",
                "title": "原来全中国每个省都有自己的本命饮料，哪一款是你最浓的童年记忆",
                "pubdate": 1596020780,
                "ctime": 1596020780,
                "desc": "听说你又要拜托我吃地方特色美食？哪一款是你家乡最经典，快给我留言吧。",
                "state": 0,
                "duration": 869,
                "mission_id": 13951,
                "rights": {
                    "bp": 0,
                    "elec": 0,
                    "download": 0,
                    "movie": 0,
                    "pay": 0,
                    "hd5": 0,
                    "no_reprint": 1,
                    "autoplay": 1,
                    "ugc_pay": 0,
                    "is_cooperation": 0,
                    "ugc_pay_preview": 0,
                    "no_background": 0,
                    "arc_pay": 0,
                    "pay_free_watch": 0
                },
                "owner": {
                    "mid": 353539995,
                    "name": "拜托了小翔哥",
                    "face": "https://i0.hdslb.com/bfs/face/e3f34781933482a76d175cafcbf57370288de93e.jpg"
                },
                "stat": {
                    "aid": 711527730,
                    "view": 5805079,
                    "danmaku": 155715,
                    "reply": 38594,
                    "favorite": 36419,
                    "coin": 119455,
                    "share": 15189,
                    "now_rank": 0,
                    "his_rank": 11,
                    "like": 366114,
                    "dislike": 0,
                    "vt": 0,
                    "vv": 5805079,
                    "fav_g": 10,
                    "like_g": 20
                },
                "dynamic": "来，把你最爱的那一款打在公屏上！\n\n#美食##汽水#",
                "cid": 219475945,
                "dimension": {
                    "width": 1920,
                    "height": 1080,
                    "rotate": 0
                },
                "short_link_v2": "https://b23.tv/BV1KD4y1U7gN",
                "cover43": "",
                "tidv2": 2151,
                "tnamev2": "美食测评",
                "pid_v2": 1020,
                "pid_name_v2": "美食",
                "bvid": "BV1KD4y1U7gN",
                "season_type": 0,
                "is_ogv": false,
                "ogv_info": null,
                "enable_vt": 0,
                "ai_rcmd": null,
                "rcmd_reason": "各省市：排面不能丢"
            },
            {
                "aid": 328963371,
                "videos": 1,
                "tid": 47,
                "tname": "同人·手书",
                "copyright": 1,
                "pic": "http://i0.hdslb.com/bfs/archive/43082e3b73ac1c63b23abb0fdafa25be407de020.png",
                "title": "(萝莉版) 从零开始的异世界生活",
                "pubdate": 1595646316,
                "ctime": 1595646316,
                "desc": "肝已经炸了\r\n智乃和雷姆是同声优，位置没有和艾米莉亚换过来是因为艾米莉亚和智乃型象更相似。\r\n原版：请问您今天要来点兔子吗?第二季ed",
                "state": 0,
                "duration": 91,
                "mission_id": 13884,
                "rights": {
                    "bp": 0,
                    "elec": 0,
                    "download": 0,
                    "movie": 0,
                    "pay": 0,
                    "hd5": 1,
                    "no_reprint": 1,
                    "autoplay": 1,
                    "ugc_pay": 0,
                    "is_cooperation": 0,
                    "ugc_pay_preview": 0,
                    "no_background": 0,
                    "arc_pay": 0,
                    "pay_free_watch": 0
                },
                "owner": {
                    "mid": 512193161,
                    "name": "某门卫",
                    "face": "https://i2.hdslb.com/bfs/face/b5ccc3970fa1acf62e8b006667d7135d20673f7a.jpg"
                },
                "stat": {
                    "aid": 328963371,
                    "view": 2009943,
                    "danmaku": 9020,
                    "reply": 3066,
                    "favorite": 92361,
                    "coin": 179335,
                    "share": 12758,
                    "now_rank": 0,
                    "his_rank": 12,
                    "like": 263790,
                    "dislike": 0,
                    "vt": 0,
                    "vv": 2009943,
                    "fav_g": 0,
                    "like_g": 0
                },
                "dynamic": "#手书嘉年华##手书##从零开始的异世界生活#",
                "cid": 216318531,
                "dimension": {
                    "width": 1920,
                    "height": 1080,
                    "rotate": 0
                },
                "season_id": 833907,
                "short_link_v2": "https://b23.tv/BV18A411v75S",
                "cover43": "",
                "tidv2": 2037,
                "tnamev2": "同人动画",
                "pid_v2": 1005,
                "pid_name_v2": "二次元",
                "bvid": "BV18A411v75S",
                "season_type": 0,
                "is_ogv": false,
                "ogv_info": null,
                "enable_vt": 0,
                "ai_rcmd": null,
                "rcmd_reason": "我阿伟从未活过！"
            },
            {
                "aid": 201577804,
                "videos": 1,
                "tid": 164,
                "tname": "健身",
                "copyright": 1,
                "pic": "http://i0.hdslb.com/bfs/archive/530b99b2db435de8511b8a711aaee52ba4885008.jpg",
                "title": "这个习惯差点毁掉我的人生",
                "pubdate": 1595904929,
                "ctime": 1595904929,
                "desc": "大家喜欢这个视频的话别忘了一键三连哦！\n新来的小伙伴，别忘了点击\"关注\"\n咱们下期见~",
                "state": 0,
                "duration": 509,
                "mission_id": 14145,
                "rights": {
                    "bp": 0,
                    "elec": 0,
                    "download": 0,
                    "movie": 0,
                    "pay": 0,
                    "hd5": 1,
                    "no_reprint": 1,
                    "autoplay": 1,
                    "ugc_pay": 0,
                    "is_cooperation": 0,
                    "ugc_pay_preview": 0,
                    "no_background": 0,
                    "arc_pay": 0,
                    "pay_free_watch": 0
                },
                "owner": {
                    "mid": 66391032,
                    "name": "帅soserious",
                    "face": "https://i0.hdslb.com/bfs/face/40a663bb18e9064a97901b96aaf7d84d8056e98b.jpg"
                },
                "stat": {
                    "aid": 201577804,
                    "view": 4220086,
                    "danmaku": 16012,
                    "reply": 5099,
                    "favorite": 159076,
                    "coin": 210090,
                    "share": 22932,
                    "now_rank": 0,
                    "his_rank": 3,
                    "like": 290575,
                    "dislike": 0,
                    "vt": 0,
                    "vv": 4220086,
                    "fav_g": 0,
                    "like_g": 2
                },
                "dynamic": "希望你们不要和我一样...\n\n\n\n#健身打卡挑战##减脂##拖延症#",
                "cid": 217319095,
                "dimension": {
                    "width": 1920,
                    "height": 1080,
                    "rotate": 0
                },
                "season_id": 735012,
                "short_link_v2": "https://b23.tv/BV18h411Z7Gy",
                "cover43": "",
                "tidv2": 2128,
                "tnamev2": "健身科普",
                "pid_v2": 1017,
                "pid_name_v2": "健身",
                "bvid": "BV18h411Z7Gy",
                "season_type": 0,
                "is_ogv": false,
                "ogv_info": null,
                "enable_vt": 0,
                "ai_rcmd": null,
                "rcmd_reason": "我真的能避免咕咕咕吗？"
            },
            {
                "aid": 711404028,
                "videos": 1,
                "tid": 253,
                "tname": "动漫杂谈",
                "copyright": 1,
                "pic": "http://i2.hdslb.com/bfs/archive/fa4a31b51e5cb209684f08437b36b96074821400.jpg",
                "title": "害死了612人后，我将612根钉刺扎进了身体「第二章」",
                "pubdate": 1595649920,
                "ctime": 1595594745,
                "desc": "害死了612人后，我将612根钉刺扎进了身体「第二章」",
                "state": 0,
                "duration": 1268,
                "rights": {
                    "bp": 0,
                    "elec": 0,
                    "download": 0,
                    "movie": 0,
                    "pay": 0,
                    "hd5": 0,
                    "no_reprint": 1,
                    "autoplay": 1,
                    "ugc_pay": 0,
                    "is_cooperation": 0,
                    "ugc_pay_preview": 0,
                    "no_background": 0,
                    "arc_pay": 0,
                    "pay_free_watch": 0
                },
                "owner": {
                    "mid": 7487399,
                    "name": "努力的Lorre",
                    "face": "https://i2.hdslb.com/bfs/face/c63ebeed7d49967e2348ef953b539f8de90c5140.jpg"
                },
                "stat": {
                    "aid": 711404028,
                    "view": 3164814,
                    "danmaku": 20979,
                    "reply": 3964,
                    "favorite": 39181,
                    "coin": 110220,
                    "share": 5727,
                    "now_rank": 0,
                    "his_rank": 8,
                    "like": 208497,
                    "dislike": 0,
                    "vt": 0,
                    "vv": 3164814,
                    "fav_g": 0,
                    "like_g": 0
                },
                "dynamic": "害死了612人后，我将612根钉刺扎进了身体…\n「苦行僧 第二章」",
                "cid": 216162751,
                "dimension": {
                    "width": 1280,
                    "height": 720,
                    "rotate": 0
                },
                "season_id": 421,
                "short_link_v2": "https://b23.tv/BV1uD4y1D7yV",
                "pub_location": "北京",
                "cover43": "",
                "tidv2": 2043,
                "tnamev2": "动漫速读",
                "pid_v2": 1005,
                "pid_name_v2": "二次元",
                "bvid": "BV1uD4y1D7yV",
                "season_type": 0,
                "is_ogv": false,
                "ogv_info": null,
                "enable_vt": 0,
                "ai_rcmd": null,
                "rcmd_reason": "这     老  千层饼  了"
            },
            {
                "aid": 838890984,
                "videos": 1,
                "tid": 31,
                "tname": "翻唱",
                "copyright": 1,
                "pic": "http://i2.hdslb.com/bfs/archive/3bba901ca9d01133ee0d833d9bafa67732b321a3.jpg",
                "title": "【明日方舟】罗德岛文工团出击！《红粉佳人》梦幻联动！",
                "pubdate": 1595908807,
                "ctime": 1595580277,
                "desc": "要说的感谢太多，感谢各位在百忙之中能抽出时间来学歌录音！\n更要感谢画师能在很短的时间里出了那么多张图！\n还要感谢哈老板的剧本监修！\n饭団老师的修音依旧效率高质量好！\n感谢大家！\n\n一开始的灵感只是在某一个瞬间觉得老陈去找塔露拉了，那星熊的心里会怎么想？\n然后经历了将近一个月的制作，在大家的共同协力之下，完成了！\n大家戴上耳机，静下心看。\n希望各位观众看得开心！\nCast（按出场顺序排序）\n\n星熊             Siva_小虾鱼_\n赫拉格         渊渊的奇妙冒险\n拉普兰德      月隐空",
                "state": 0,
                "duration": 586,
                "mission_id": 13997,
                "rights": {
                    "bp": 0,
                    "elec": 0,
                    "download": 0,
                    "movie": 0,
                    "pay": 0,
                    "hd5": 0,
                    "no_reprint": 1,
                    "autoplay": 1,
                    "ugc_pay": 0,
                    "is_cooperation": 1,
                    "ugc_pay_preview": 0,
                    "no_background": 0,
                    "arc_pay": 0,
                    "pay_free_watch": 0
                },
                "owner": {
                    "mid": 440454918,
                    "name": "渊渊的奇妙冒险",
                    "face": "https://i0.hdslb.com/bfs/face/ba6eab5f97f56447353f94f81c20da9b45f71764.jpg"
                },
                "stat": {
                    "aid": 838890984,
                    "view": 3541135,
                    "danmaku": 19456,
                    "reply": 4045,
                    "favorite": 148486,
                    "coin": 221109,
                    "share": 27550,
                    "now_rank": 0,
                    "his_rank": 10,
                    "like": 226375,
                    "dislike": 0,
                    "vt": 0,
                    "vv": 3541135,
                    "fav_g": 0,
                    "like_g": 1
                },
                "dynamic": "在罗德岛的一间小酒吧里，干员们。。。。\n\n#明日方舟##罗德岛文工团##bilibili夏日音乐季#",
                "cid": 216062680,
                "dimension": {
                    "width": 1920,
                    "height": 1080,
                    "rotate": 0
                },
                "short_link_v2": "https://b23.tv/BV1f54y1U7nL",
                "cover43": "",
                "tidv2": 2037,
                "tnamev2": "同人动画",
                "pid_v2": 1005,
                "pid_name_v2": "二次元",
                "bvid": "BV1f54y1U7nL",
                "season_type": 0,
                "is_ogv": false,
                "ogv_info": null,
                "enable_vt": 0,
                "ai_rcmd": null,
                "rcmd_reason": "豪华阵容，再来亿遍！"
            },
            {
                "aid": 414075186,
                "videos": 1,
                "tid": 21,
                "tname": "日常",
                "copyright": 1,
                "pic": "http://i1.hdslb.com/bfs/archive/6e507ffd7449cf486e2f472ca8b287f6a5b53c61.jpg",
                "title": "开箱特朗普早期创业失败产品，为何浓浓微商风格？",
                "pubdate": 1595907147,
                "ctime": 1595907147,
                "desc": "",
                "state": 0,
                "duration": 347,
                "rights": {
                    "bp": 0,
                    "elec": 0,
                    "download": 0,
                    "movie": 0,
                    "pay": 0,
                    "hd5": 0,
                    "no_reprint": 1,
                    "autoplay": 1,
                    "ugc_pay": 0,
                    "is_cooperation": 0,
                    "ugc_pay_preview": 0,
                    "no_background": 0,
                    "arc_pay": 0,
                    "pay_free_watch": 0
                },
                "owner": {
                    "mid": 176037767,
                    "name": "我是郭杰瑞",
                    "face": "http://i2.hdslb.com/bfs/face/6182455e4d61159121c223ddc7a3a381f2d4d056.jpg"
                },
                "stat": {
                    "aid": 414075186,
                    "view": 3517222,
                    "danmaku": 62891,
                    "reply": 5699,
                    "favorite": 13051,
                    "coin": 45431,
                    "share": 12151,
                    "now_rank": 0,
                    "his_rank": 12,
                    "like": 252663,
                    "dislike": 0,
                    "vt": 0,
                    "vv": 3517222,
                    "fav_g": 0,
                    "like_g": 0
                },
                "dynamic": "",
                "cid": 217434534,
                "dimension": {
                    "width": 1920,
                    "height": 1080,
                    "rotate": 0
                },
                "short_link_v2": "https://b23.tv/BV1JV411z7eA",
                "cover43": "",
                "tidv2": 2194,
                "tnamev2": "中外生活vlog",
                "pid_v2": 1029,
                "pid_name_v2": "vlog",
                "bvid": "BV1JV411z7eA",
                "season_type": 0,
                "is_ogv": false,
                "ogv_info": null,
                "enable_vt": 0,
                "ai_rcmd": null,
                "rcmd_reason": "郭杰瑞起底特朗普大挑战"
            },
            {
                "aid": 244050527,
                "videos": 1,
                "tid": 138,
                "tname": "搞笑",
                "copyright": 1,
                "pic": "http://i2.hdslb.com/bfs/archive/2b7048ae74b70e2374e77b98a7706cf90e4094fc.jpg",
                "title": "海皇“辞职”了？",
                "pubdate": 1595974391,
                "ctime": 1595974391,
                "desc": "希望观众老爷喜欢这个系列！\n（希望你们喜欢，记得素质三连！）",
                "state": 0,
                "duration": 436,
                "mission_id": 13749,
                "rights": {
                    "bp": 0,
                    "elec": 0,
                    "download": 0,
                    "movie": 0,
                    "pay": 0,
                    "hd5": 0,
                    "no_reprint": 1,
                    "autoplay": 1,
                    "ugc_pay": 0,
                    "is_cooperation": 0,
                    "ugc_pay_preview": 0,
                    "no_background": 0,
                    "arc_pay": 0,
                    "pay_free_watch": 0
                },
                "owner": {
                    "mid": 5970160,
                    "name": "小潮院长",
                    "face": "https://i1.hdslb.com/bfs/face/834eb0de8d2f470bf03e4ea92831b14f3824c863.jpg"
                },
                "stat": {
                    "aid": 244050527,
                    "view": 16029331,
                    "danmaku": 112629,
                    "reply": 11781,
                    "favorite": 170313,
                    "coin": 432953,
                    "share": 11698,
                    "now_rank": 0,
                    "his_rank": 1,
                    "like": 1046428,
                    "dislike": 0,
                    "vt": 0,
                    "vv": 16029331,
                    "fav_g": 1264,
                    "like_g": 1229
                },
                "dynamic": "海皇“辞职”了？\n\n#搞笑挑战##逗比##搞笑视频#",
                "cid": 217790969,
                "dimension": {
                    "width": 1920,
                    "height": 1080,
                    "rotate": 0
                },
                "short_link_v2": "https://b23.tv/BV1mv411q7YG",
                "cover43": "",
                "tidv2": 2207,
                "tnamev2": "随拍·综合",
                "pid_v2": 1032,
                "pid_name_v2": "其他",
                "bvid": "BV1mv411q7YG",
                "season_type": 0,
                "is_ogv": false,
                "ogv_info": null,
                "enable_vt": 0,
                "ai_rcmd": null,
                "rcmd_reason": "还有灵魂吗？"
            },
            {
                "aid": 498926771,
                "videos": 1,
                "tid": 47,
                "tname": "同人·手书",
                "copyright": 1,
                "pic": "http://i2.hdslb.com/bfs/archive/e1a2817e0b66e2ec6b911bcbdb86445fa6e5a0e0.jpg",
                "title": "人 间 逼 格",
                "pubdate": 1595587180,
                "ctime": 1595587180,
                "desc": "表 演 带 师",
                "state": 0,
                "duration": 206,
                "rights": {
                    "bp": 0,
                    "elec": 0,
                    "download": 0,
                    "movie": 0,
                    "pay": 0,
                    "hd5": 0,
                    "no_reprint": 1,
                    "autoplay": 1,
                    "ugc_pay": 0,
                    "is_cooperation": 0,
                    "ugc_pay_preview": 0,
                    "no_background": 0,
                    "arc_pay": 0,
                    "pay_free_watch": 0
                },
                "owner": {
                    "mid": 321422126,
                    "name": "进击的金厂长",
                    "face": "https://i2.hdslb.com/bfs/face/d3cc4b2909707fcf31e943e9970bf2e621483ef3.jpg"
                },
                "stat": {
                    "aid": 498926771,
                    "view": 20037592,
                    "danmaku": 78295,
                    "reply": 26078,
                    "favorite": 317717,
                    "coin": 876986,
                    "share": 156366,
                    "now_rank": 0,
                    "his_rank": 3,
                    "like": 1750930,
                    "dislike": 0,
                    "vt": 0,
                    "vv": 20037592,
                    "fav_g": 0,
                    "like_g": 18
                },
                "dynamic": "#沙雕动画##正能量##搞笑#看这个视频的人一定很温柔吧",
                "cid": 216117699,
                "dimension": {
                    "width": 1920,
                    "height": 1080,
                    "rotate": 0
                },
                "short_link_v2": "https://b23.tv/BV1hK411J7xm",
                "pub_location": "江苏",
                "cover43": "",
                "tidv2": 2037,
                "tnamev2": "同人动画",
                "pid_v2": 1005,
                "pid_name_v2": "二次元",
                "bvid": "BV1hK411J7xm",
                "season_type": 0,
                "is_ogv": false,
                "ogv_info": null,
                "enable_vt": 0,
                "ai_rcmd": null,
                "rcmd_reason": "午  时  已  到"
            },
            {
                "aid": 583883485,
                "videos": 1,
                "tid": 124,
                "tname": "社科·法律·心理",
                "copyright": 1,
                "pic": "http://i1.hdslb.com/bfs/archive/f3b974ba9ee92e9fcb0d58338f7e57e3d22bc5f3.jpg",
                "title": "CCTV播《熊出没》的那个晚上，美国差点在中国搞起一场战争？【乌鸦校尉】",
                "pubdate": 1595496381,
                "ctime": 1595496381,
                "desc": "本视频来源于2019年5月20日，发布于“乌鸦校尉”公众号的文章——《3年前，我们和战争，只隔了一集〈熊出没〉》\n是的，没错，我抄我自己，有本事打我啊～hia hia hia hia hia～",
                "state": 0,
                "duration": 933,
                "mission_id": 13954,
                "rights": {
                    "bp": 0,
                    "elec": 0,
                    "download": 0,
                    "movie": 0,
                    "pay": 0,
                    "hd5": 1,
                    "no_reprint": 1,
                    "autoplay": 1,
                    "ugc_pay": 0,
                    "is_cooperation": 0,
                    "ugc_pay_preview": 0,
                    "no_background": 0,
                    "arc_pay": 0,
                    "pay_free_watch": 0
                },
                "owner": {
                    "mid": 521249172,
                    "name": "乌鸦校尉CaptainWuya",
                    "face": "https://i0.hdslb.com/bfs/face/49d2957fe2b7d7e116618f273c98a1a35545b1a3.jpg"
                },
                "stat": {
                    "aid": 583883485,
                    "view": 25968658,
                    "danmaku": 231957,
                    "reply": 38518,
                    "favorite": 609033,
                    "coin": 1183674,
                    "share": 439710,
                    "now_rank": 0,
                    "his_rank": 2,
                    "like": 1479196,
                    "dislike": 0,
                    "vt": 0,
                    "vv": 25968658,
                    "fav_g": 67,
                    "like_g": 39
                },
                "dynamic": "#知识分享官##战争##中国#",
                "cid": 215704150,
                "dimension": {
                    "width": 1920,
                    "height": 1080,
                    "rotate": 0
                },
                "season_id": 1535341,
                "short_link_v2": "https://b23.tv/BV1az4y1D7rQ",
                "pub_location": "北京",
                "cover43": "",
                "tidv2": 2089,
                "tnamev2": "时政解读",
                "pid_v2": 1010,
                "pid_name_v2": "知识",
                "bvid": "BV1az4y1D7rQ",
                "season_type": 0,
                "is_ogv": false,
                "ogv_info": null,
                "enable_vt": 0,
                "ai_rcmd": null,
                "rcmd_reason": "2016年7月，中美海军缘何对峙？"
            },
            {
                "aid": 883976505,
                "videos": 1,
                "tid": 209,
                "tname": "职业职场",
                "copyright": 1,
                "pic": "http://i1.hdslb.com/bfs/archive/44c173416d8afb784d330a437ecb46352d6eac74.jpg",
                "title": "【半佛】狼性文化是当代职场糟粕",
                "pubdate": 1595761123,
                "ctime": 1595761123,
                "desc": "好好的人不当，干嘛学狼呢。",
                "state": 0,
                "duration": 747,
                "mission_id": 13954,
                "rights": {
                    "bp": 0,
                    "elec": 0,
                    "download": 0,
                    "movie": 0,
                    "pay": 0,
                    "hd5": 1,
                    "no_reprint": 1,
                    "autoplay": 1,
                    "ugc_pay": 0,
                    "is_cooperation": 0,
                    "ugc_pay_preview": 0,
                    "no_background": 0,
                    "arc_pay": 0,
                    "pay_free_watch": 0
                },
                "owner": {
                    "mid": 37663924,
                    "name": "硬核的半佛仙人",
                    "face": "https://i1.hdslb.com/bfs/face/aaf33dced1941af0946f37c62f4b48fcaba9c9a2.jpg"
                },
                "stat": {
                    "aid": 883976505,
                    "view": 3560940,
                    "danmaku": 12203,
                    "reply": 8121,
                    "favorite": 40183,
                    "coin": 86465,
                    "share": 42971,
                    "now_rank": 0,
                    "his_rank": 13,
                    "like": 214606,
                    "dislike": 0,
                    "vt": 0,
                    "vv": 3560940,
                    "fav_g": 0,
                    "like_g": 0
                },
                "dynamic": "这年头很多人放着人不当，却去搞狼性文化，很迷幻。",
                "cid": 216849463,
                "dimension": {
                    "width": 1920,
                    "height": 1080,
                    "rotate": 0
                },
                "short_link_v2": "https://b23.tv/BV1zK4y1e7TG",
                "cover43": "",
                "tidv2": 2093,
                "tnamev2": "职场发展",
                "pid_v2": 1010,
                "pid_name_v2": "知识",
                "bvid": "BV1zK4y1e7TG",
                "season_type": 0,
                "is_ogv": false,
                "ogv_info": null,
                "enable_vt": 0,
                "ai_rcmd": null,
                "rcmd_reason": "狼凶起来连自己都怕"
            },
            {
                "aid": 414096645,
                "videos": 47,
                "tid": 208,
                "tname": "校园学习",
                "copyright": 1,
                "pic": "http://i2.hdslb.com/bfs/archive/580ac5793b817e07114492e909261653df5645c7.jpg",
                "title": "全网最适合中国人的免费音标课(纯干货, 超详细!)",
                "pubdate": 1596017121,
                "ctime": 1596002423,
                "desc": "你现在看到的这套音标课, 是我之前马不停蹄地做了两个多月的40多个视频的升级版合集.\n它或许是全网最适合咱们中国人的免费音标课程... 之一. (还是加上\"之一\"吧, 否则招骂~)",
                "state": 0,
                "duration": 13695,
                "mission_id": 13954,
                "rights": {
                    "bp": 0,
                    "elec": 0,
                    "download": 0,
                    "movie": 0,
                    "pay": 0,
                    "hd5": 0,
                    "no_reprint": 1,
                    "autoplay": 1,
                    "ugc_pay": 0,
                    "is_cooperation": 0,
                    "ugc_pay_preview": 0,
                    "no_background": 0,
                    "arc_pay": 0,
                    "pay_free_watch": 0
                },
                "owner": {
                    "mid": 483162496,
                    "name": "英语兔",
                    "face": "https://i1.hdslb.com/bfs/face/1dd70a5905e9715b261d36d3f403eb477adbfe59.jpg"
                },
                "stat": {
                    "aid": 414096645,
                    "view": 27197879,
                    "danmaku": 367247,
                    "reply": 34647,
                    "favorite": 2064598,
                    "coin": 1586780,
                    "share": 441155,
                    "now_rank": 0,
                    "his_rank": 1,
                    "like": 1638117,
                    "dislike": 0,
                    "vt": 0,
                    "vv": 27197879,
                    "fav_g": 1271,
                    "like_g": 739
                },
                "dynamic": "这是英语兔我之前马不停蹄地做了两个月的40多个视频的升级版合集. 它或许是全网最适合咱们中国人的免费音标课程... 之一. 做这四十几个视频真的很不容易, 耗费了我很多心血, 所以还恳请你能点个赞, 支持我一下! 谢谢啦~ [爱心][爱心][爱心] #音标# #英语语音# #英语学习#",
                "cid": 546437486,
                "dimension": {
                    "width": 1920,
                    "height": 1080,
                    "rotate": 0
                },
                "short_link_v2": "https://b23.tv/BV1iV411z7Nj",
                "up_from_v2": 2,
                "first_frame": "http://i1.hdslb.com/bfs/storyff/n220310a23484xhc9p2c0c1jms2kd7qh_firsti.jpg",
                "pub_location": "上海",
                "cover43": "http://i0.hdslb.com/bfs/archive/696d9da0016c972710a4dc349c7f2b2d65de580d.jpg",
                "tidv2": 2085,
                "tnamev2": "非应试语言学习",
                "pid_v2": 1010,
                "pid_name_v2": "知识",
                "bvid": "BV1iV411z7Nj",
                "season_type": 0,
                "is_ogv": false,
                "ogv_info": null,
                "enable_vt": 0,
                "ai_rcmd": null,
                "rcmd_reason": "收藏夹吃灰系列"
            }
        ]
    }
}