{
    "code": 0,
    "message": "OK",
    "ttl": 1,
    "data": {
        "config": {
            "id": 85,
            "type": "weekly_selected",
            "number": 81,
            "subject": "新概念情商",
            "stime": 1601568000,
            "etime": 1602172799,
            "status": 2,
            "name": "2020第81期 10.02 - 10.08",
            "label": "第81期(1009更新)",
            "hint": "",
            "color": 0,
            "cover": "",
            "share_title": "新概念情商 | B站每周必看第81期",
            "share_subtitle": "不怕学不会，就怕学不fei！",
            "media_id": 1080916288
        },
        "reminder": "每周五晚18:00更新",
        "list": [
            {
                "aid": 584771508,
                "videos": 1,
                "tid": 17,
                "tname": "单机游戏",
                "copyright": 1,
                "pic": "http://i1.hdslb.com/bfs/archive/37cad41fa5726ac63956a6d015c3593fe40f7670.jpg",
                "title": "新 概 念 情 商",
                "pubdate": 1601697603,
                "ctime": 1601631878,
                "desc": "昨天做了一天的视频，做完才发现是中秋节，所以没给大家直播。\n希望大家喜欢视频的能给我个三连 谢谢大家！",
                "state": 0,
                "duration": 315,
                "mission_id": 14391,
                "rights": {
                    "bp": 0,
                    "elec": 0,
                    "download": 0,
                    "movie": 0,
                    "pay": 0,
                    "hd5": 1,
                    "no_reprint": 1,
                    "autoplay": 1,
                    "ugc_pay": 0,
                    "is_cooperation": 0,
                    "ugc_pay_preview": 0,
                    "no_background": 0,
                    "arc_pay": 0,
                    "pay_free_watch": 0
                },
                "owner": {
                    "mid": 2206456,
                    "name": "花少北丶",
                    "face": "https://i1.hdslb.com/bfs/face/06c233a0136f738f8f54a08770dc7d484ae45081.jpg"
                },
                "stat": {
                    "aid": 584771508,
                    "view": 5290414,
                    "danmaku": 37576,
                    "reply": 9904,
                    "favorite": 81146,
                    "coin": 243537,
                    "share": 12321,
                    "now_rank": 0,
                    "his_rank": 1,
                    "like": 447750,
                    "dislike": 0,
                    "vt": 0,
                    "vv": 5290414,
                    "fav_g": 0,
                    "like_g": 2
                },
                "dynamic": "想提升你的情商吗！？ （必看！）",
                "cid": 241295619,
                "dimension": {
                    "width": 1920,
                    "height": 1080,
                    "rotate": 0
                },
                "short_link_v2": "https://b23.tv/BV1mz4y1Z7gX",
                "cover43": "",
                "tidv2": 2092,
                "tnamev2": "心理杂谈",
                "pid_v2": 1010,
                "pid_name_v2": "知识",
                "bvid": "BV1mz4y1Z7gX",
                "season_type": 0,
                "is_ogv": false,
                "ogv_info": null,
                "enable_vt": 0,
                "ai_rcmd": null,
                "rcmd_reason": "学 fei 了"
            },
            {
                "aid": 754757676,
                "videos": 1,
                "tid": 138,
                "tname": "搞笑",
                "copyright": 1,
                "pic": "http://i0.hdslb.com/bfs/archive/1078c4f2ad76132e3108251354611580c701748c.jpg",
                "title": "史上最骚解说：在CCTV5看倚天屠龙记是什么体验？（二）",
                "pubdate": 1602051765,
                "ctime": 1602051766,
                "desc": "重要通知：刚刚的投稿分区出现了问题，删了重投一下，万分抱歉！！\n没想到上个视频会火，所以一边上班一边强行肝了出下半场，没有功劳也有苦劳，没有苦劳也有疲劳！大家给个三连给个关注支持一下呗！结尾致敬了一下我最喜欢的解说：米勒老湿！\n（大家有好的素材也可以私信我，非常非常非常缺素材，跪谢。。。）",
                "state": 0,
                "duration": 297,
                "mission_id": 14568,
                "rights": {
                    "bp": 0,
                    "elec": 0,
                    "download": 0,
                    "movie": 0,
                    "pay": 0,
                    "hd5": 1,
                    "no_reprint": 1,
                    "autoplay": 1,
                    "ugc_pay": 0,
                    "is_cooperation": 0,
                    "ugc_pay_preview": 0,
                    "no_background": 0,
                    "arc_pay": 0,
                    "pay_free_watch": 0
                },
                "owner": {
                    "mid": 1372433,
                    "name": "Super也好君",
                    "face": "https://i2.hdslb.com/bfs/face/b317a89ea78958e7b2aad85a8bf63d29b28c6710.jpg"
                },
                "stat": {
                    "aid": 754757676,
                    "view": 4246426,
                    "danmaku": 11662,
                    "reply": 2760,
                    "favorite": 46729,
                    "coin": 168153,
                    "share": 40089,
                    "now_rank": 0,
                    "his_rank": 8,
                    "like": 263958,
                    "dislike": 0,
                    "vt": 0,
                    "vv": 4246426,
                    "fav_g": 0,
                    "like_g": 1
                },
                "dynamic": "重要通知：刚刚的投稿分区出现了问题，删了重投一下，万分抱歉！！\n没想到上个视频会火，所以一边上班一边强行肝了出下半场，没有功劳也有苦劳，没有苦劳也有疲劳！大家给个三连给个关注支持一下呗！结尾致敬了一下我最喜欢的解说：米勒老湿！\n（大家有好的素材也可以私信我，非常非常非常缺素材，跪谢。。。）",
                "cid": 243102303,
                "dimension": {
                    "width": 1920,
                    "height": 1080,
                    "rotate": 0
                },
                "short_link_v2": "https://b23.tv/BV1Kk4y1C7zA",
                "cover43": "",
                "tidv2": 2001,
                "tnamev2": "影视解读",
                "pid_v2": 1001,
                "pid_name_v2": "影视",
                "bvid": "BV1Kk4y1C7zA",
                "season_type": 0,
                "is_ogv": false,
                "ogv_info": null,
                "enable_vt": 0,
                "ai_rcmd": null,
                "rcmd_reason": "下半场终于来了！！"
            },
            {
                "aid": 584779524,
                "videos": 1,
                "tid": 201,
                "tname": "科学科普",
                "copyright": 2,
                "pic": "http://i2.hdslb.com/bfs/archive/882fdf01dc3998e8d931dddce7a359dfc82c2d40.jpg",
                "title": "【360° VR】用比光速更快的速度逃离太阳系",
                "pubdate": 1602007337,
                "ctime": 1602007337,
                "desc": "youtube.com/watch?v=gT946e-hZoY\nVR 360 TV - VR 360 Space Journey out of our solar system at faster than light speed video for virtual reality\n\n在此虚拟现实视频中，您将穿越地球并以比光速更快的速度到达银河系中心。当您加速时，您会看到星星以惊人的速度飞过。然后，当我们的银河系逐渐消退到宇宙中时，您将离开它，然后当整个银河系飞过您时，您将再次加速。",
                "state": 0,
                "duration": 453,
                "rights": {
                    "bp": 0,
                    "elec": 0,
                    "download": 0,
                    "movie": 0,
                    "pay": 0,
                    "hd5": 1,
                    "no_reprint": 0,
                    "autoplay": 1,
                    "ugc_pay": 0,
                    "is_cooperation": 0,
                    "ugc_pay_preview": 0,
                    "no_background": 0,
                    "arc_pay": 0,
                    "pay_free_watch": 0
                },
                "owner": {
                    "mid": 204174,
                    "name": "おとめめめめめ",
                    "face": "https://i0.hdslb.com/bfs/face/80b1f7f965603a2679b9bcaf639b6fd8b8f72309.jpg"
                },
                "stat": {
                    "aid": 584779524,
                    "view": 5586995,
                    "danmaku": 58680,
                    "reply": 7137,
                    "favorite": 270480,
                    "coin": 147061,
                    "share": 98053,
                    "now_rank": 0,
                    "his_rank": 1,
                    "like": 363786,
                    "dislike": 0,
                    "vt": 0,
                    "vv": 5586995,
                    "fav_g": 0,
                    "like_g": 3
                },
                "dynamic": "",
                "cid": 243145864,
                "dimension": {
                    "width": 3840,
                    "height": 2160,
                    "rotate": 0
                },
                "short_link_v2": "https://b23.tv/BV1Fz4y1f7Wc",
                "cover43": "",
                "tidv2": 2094,
                "tnamev2": "科学科普",
                "pid_v2": 1010,
                "pid_name_v2": "知识",
                "bvid": "BV1Fz4y1f7Wc",
                "season_type": 0,
                "is_ogv": false,
                "ogv_info": null,
                "enable_vt": 0,
                "ai_rcmd": null,
                "rcmd_reason": "体验感绝了！"
            },
            {
                "aid": 842293604,
                "videos": 2,
                "tid": 172,
                "tname": "手机游戏",
                "copyright": 1,
                "pic": "http://i1.hdslb.com/bfs/archive/86aec7b415bae7de880ff81914bd0d7a16e2644f.jpg",
                "title": "【原神】外 乡 人",
                "pubdate": 1601946048,
                "ctime": 1601897504,
                "desc": "思念使人坚强，我们终将重逢。\n前作《蒙德人》：BV1n54y1S79k \n《璃月人》《蒙德人2：自由城传奇》正锐意构思中！",
                "state": 0,
                "duration": 989,
                "mission_id": 14516,
                "rights": {
                    "bp": 0,
                    "elec": 0,
                    "download": 0,
                    "movie": 0,
                    "pay": 0,
                    "hd5": 0,
                    "no_reprint": 1,
                    "autoplay": 1,
                    "ugc_pay": 0,
                    "is_cooperation": 1,
                    "ugc_pay_preview": 0,
                    "no_background": 0,
                    "arc_pay": 0,
                    "pay_free_watch": 0
                },
                "owner": {
                    "mid": 11685197,
                    "name": "不死な千咲",
                    "face": "https://i2.hdslb.com/bfs/face/732b595f8bbed2ebb70c3c2e5540d34fd2f7112a.jpg"
                },
                "stat": {
                    "aid": 842293604,
                    "view": 9895947,
                    "danmaku": 39673,
                    "reply": 8759,
                    "favorite": 235815,
                    "coin": 383836,
                    "share": 75504,
                    "now_rank": 0,
                    "his_rank": 1,
                    "like": 511984,
                    "dislike": 0,
                    "vt": 0,
                    "vv": 9895947,
                    "fav_g": 10,
                    "like_g": 7
                },
                "dynamic": "期待重逢。",
                "cid": 257168364,
                "dimension": {
                    "width": 1920,
                    "height": 1080,
                    "rotate": 0
                },
                "short_link_v2": "https://b23.tv/BV1554y1k7DN",
                "cover43": "",
                "tidv2": 2059,
                "tnamev2": "鬼畜调教",
                "pid_v2": 1007,
                "pid_name_v2": "鬼畜",
                "bvid": "BV1554y1k7DN",
                "season_type": 0,
                "is_ogv": false,
                "ogv_info": null,
                "enable_vt": 0,
                "ai_rcmd": null,
                "rcmd_reason": "巨可爱！"
            },
            {
                "aid": 797256371,
                "videos": 1,
                "tid": 31,
                "tname": "翻唱",
                "copyright": 1,
                "pic": "http://i0.hdslb.com/bfs/archive/6548a7d0017f297042af38fad9899bc5cbebfd5b.jpg",
                "title": "《unravel》翻唱【鹿乃】",
                "pubdate": 1601805653,
                "ctime": 1601805657,
                "desc": "\"赤目鹿乃子\"\n\n演唱：鹿乃\n插画：へちま\n视频：ヤマドリ\n混音：神名\n伴奏：Coch\n录音：丸岡\n\nunravel \n原唱：TK from 凛として時雨\n作词，作曲：TK。\nhttps://www.youtube.com/watch?v=Fve_lHIPa-I",
                "state": 0,
                "duration": 235,
                "rights": {
                    "bp": 0,
                    "elec": 0,
                    "download": 0,
                    "movie": 0,
                    "pay": 0,
                    "hd5": 0,
                    "no_reprint": 1,
                    "autoplay": 1,
                    "ugc_pay": 0,
                    "is_cooperation": 0,
                    "ugc_pay_preview": 0,
                    "no_background": 0,
                    "arc_pay": 0,
                    "pay_free_watch": 0
                },
                "owner": {
                    "mid": 316381099,
                    "name": "鹿乃ちゃん",
                    "face": "https://i1.hdslb.com/bfs/face/bd80ad09c1c631d6676781e9bb7ff3f07e10522f.jpg"
                },
                "stat": {
                    "aid": 797256371,
                    "view": 3255277,
                    "danmaku": 8138,
                    "reply": 6704,
                    "favorite": 117316,
                    "coin": 162657,
                    "share": 21338,
                    "now_rank": 0,
                    "his_rank": 2,
                    "like": 247296,
                    "dislike": 0,
                    "vt": 0,
                    "vv": 3255277,
                    "fav_g": 0,
                    "like_g": 3
                },
                "dynamic": "#鹿乃##unravel##COVER#",
                "cid": 240268632,
                "dimension": {
                    "width": 1920,
                    "height": 1080,
                    "rotate": 0
                },
                "short_link_v2": "https://b23.tv/BV1my4y1k7JC",
                "cover43": "",
                "tidv2": 2020,
                "tnamev2": "翻唱",
                "pid_v2": 1003,
                "pid_name_v2": "音乐",
                "bvid": "BV1my4y1k7JC",
                "season_type": 0,
                "is_ogv": false,
                "ogv_info": null,
                "enable_vt": 0,
                "ai_rcmd": null,
                "rcmd_reason": "呜呜呜听哭了"
            },
            {
                "aid": 414848634,
                "videos": 1,
                "tid": 215,
                "tname": "美食记录",
                "copyright": 1,
                "pic": "http://i1.hdslb.com/bfs/archive/72a45680f7c263a50422b940b5fcbe57943fe1c8.jpg",
                "title": "暗访外卖评分最低的实体店铺，最后我把它给举报了，不能忍！",
                "pubdate": 1601902603,
                "ctime": 1601902603,
                "desc": "暗访外卖评分最低的实体店铺，最后我把它给举报了，不能忍！",
                "state": 0,
                "duration": 313,
                "mission_id": 14714,
                "rights": {
                    "bp": 0,
                    "elec": 0,
                    "download": 0,
                    "movie": 0,
                    "pay": 0,
                    "hd5": 0,
                    "no_reprint": 1,
                    "autoplay": 1,
                    "ugc_pay": 0,
                    "is_cooperation": 0,
                    "ugc_pay_preview": 0,
                    "no_background": 0,
                    "arc_pay": 0,
                    "pay_free_watch": 0
                },
                "owner": {
                    "mid": 216623621,
                    "name": "吃货明3",
                    "face": "https://i2.hdslb.com/bfs/face/d84aa8a136dc444a8a5c7885404c076a348b4608.jpg"
                },
                "stat": {
                    "aid": 414848634,
                    "view": 5030870,
                    "danmaku": 8961,
                    "reply": 6754,
                    "favorite": 26914,
                    "coin": 163845,
                    "share": 11502,
                    "now_rank": 0,
                    "his_rank": 3,
                    "like": 342736,
                    "dislike": 0,
                    "vt": 0,
                    "vv": 5030870,
                    "fav_g": 0,
                    "like_g": 1
                },
                "dynamic": "#美食##探店##外卖#",
                "cid": 242493580,
                "dimension": {
                    "width": 1920,
                    "height": 1080,
                    "rotate": 0
                },
                "short_link_v2": "https://b23.tv/BV1uV41127Bi",
                "cover43": "",
                "tidv2": 2150,
                "tnamev2": "美食探店",
                "pid_v2": 1020,
                "pid_name_v2": "美食",
                "bvid": "BV1uV41127Bi",
                "season_type": 0,
                "is_ogv": false,
                "ogv_info": null,
                "enable_vt": 0,
                "ai_rcmd": null,
                "rcmd_reason": "正 道 的 光"
            },
            {
                "aid": 244757767,
                "videos": 2,
                "tid": 76,
                "tname": "美食制作",
                "copyright": 1,
                "pic": "http://i0.hdslb.com/bfs/archive/d0f1c43a51a3621d1bdf38079d276416d09d2b9a.jpg",
                "title": "叫你模仿，没让你超越！",
                "pubdate": 1601631749,
                "ctime": 1601631749,
                "desc": "龙吟草莓也不过如此罢了~~~~也就是翻车了那么亿次~~~~~",
                "state": 0,
                "duration": 630,
                "mission_id": 14714,
                "rights": {
                    "bp": 0,
                    "elec": 0,
                    "download": 0,
                    "movie": 0,
                    "pay": 0,
                    "hd5": 1,
                    "no_reprint": 1,
                    "autoplay": 1,
                    "ugc_pay": 0,
                    "is_cooperation": 0,
                    "ugc_pay_preview": 0,
                    "no_background": 0,
                    "arc_pay": 0,
                    "pay_free_watch": 0
                },
                "owner": {
                    "mid": 1420982,
                    "name": "黑猫厨房",
                    "face": "https://i2.hdslb.com/bfs/face/4d3af34f4b4f4b17910cb759a1cee0fbd1de1a92.jpg"
                },
                "stat": {
                    "aid": 244757767,
                    "view": 9302589,
                    "danmaku": 32595,
                    "reply": 4571,
                    "favorite": 215143,
                    "coin": 1132013,
                    "share": 12890,
                    "now_rank": 0,
                    "his_rank": 2,
                    "like": 978790,
                    "dislike": 0,
                    "vt": 0,
                    "vv": 9302589,
                    "fav_g": 4,
                    "like_g": 7
                },
                "dynamic": "龙吟草莓也不过如此罢了~~~~也就是翻车了那么亿次~~~~~",
                "cid": 241267886,
                "dimension": {
                    "width": 3840,
                    "height": 2160,
                    "rotate": 0
                },
                "short_link_v2": "https://b23.tv/BV17v411y7w1",
                "cover43": "",
                "tidv2": 2149,
                "tnamev2": "美食制作",
                "pid_v2": 1020,
                "pid_name_v2": "美食",
                "bvid": "BV17v411y7w1",
                "season_type": 0,
                "is_ogv": false,
                "ogv_info": null,
                "enable_vt": 0,
                "ai_rcmd": null,
                "rcmd_reason": "啊啊啊啊我竟然看泪目了"
            },
            {
                "aid": 927280406,
                "videos": 1,
                "tid": 27,
                "tname": "综合",
                "copyright": 1,
                "pic": "http://i2.hdslb.com/bfs/archive/e77038b167d8814655852e8b8ab4e30d947246fa.jpg",
                "title": "全是名场面！那些小时候看过却记不起名字的动漫",
                "pubdate": 1601731412,
                "ctime": 1601731412,
                "desc": "BGM：A Moment Apart - ODESZA\nJourney - Tony Anderson\nCane Shuga - Glass Animals \nA Smile Goes A Long Way - Richard Schrieber\n动画梦工厂片头里都有哪些动漫呢？\n审核大大辛苦了！",
                "state": 0,
                "duration": 425,
                "rights": {
                    "bp": 0,
                    "elec": 0,
                    "download": 0,
                    "movie": 0,
                    "pay": 0,
                    "hd5": 1,
                    "no_reprint": 1,
                    "autoplay": 1,
                    "ugc_pay": 0,
                    "is_cooperation": 0,
                    "ugc_pay_preview": 0,
                    "no_background": 0,
                    "arc_pay": 0,
                    "pay_free_watch": 0
                },
                "owner": {
                    "mid": 337279814,
                    "name": "喜欢数码的陈同学",
                    "face": "https://i2.hdslb.com/bfs/face/56e9dd4ed4e746ae6d9e97aee1b59f551d07caba.jpg"
                },
                "stat": {
                    "aid": 927280406,
                    "view": 5003463,
                    "danmaku": 51731,
                    "reply": 19944,
                    "favorite": 93311,
                    "coin": 75461,
                    "share": 12357,
                    "now_rank": 0,
                    "his_rank": 8,
                    "like": 278914,
                    "dislike": 0,
                    "vt": 0,
                    "vv": 5003463,
                    "fav_g": 0,
                    "like_g": 3
                },
                "dynamic": "持续爆肝中，求赞求硬币呀",
                "cid": 242314198,
                "dimension": {
                    "width": 1920,
                    "height": 1080,
                    "rotate": 0
                },
                "season_id": 2470196,
                "short_link_v2": "https://b23.tv/BV1vT4y1c71H",
                "pub_location": "江苏",
                "cover43": "http://i1.hdslb.com/bfs/archive/b0448dbb113578d9d6e23791d55c7145a6ed7ce4.jpg",
                "tidv2": 2041,
                "tnamev2": "动漫剪辑",
                "pid_v2": 1005,
                "pid_name_v2": "二次元",
                "bvid": "BV1vT4y1c71H",
                "season_type": 0,
                "is_ogv": false,
                "ogv_info": null,
                "enable_vt": 0,
                "ai_rcmd": null,
                "rcmd_reason": "我全部看过！"
            },
            {
                "aid": 584840105,
                "videos": 1,
                "tid": 183,
                "tname": "影视剪辑",
                "copyright": 1,
                "pic": "http://i0.hdslb.com/bfs/archive/5135ee621e3afad987db3228c17421cb28ed9a26.jpg",
                "title": "“B站最后一次叫你老婆啦，祝你永远幸福”",
                "pubdate": 1601611845,
                "ctime": 1601611846,
                "desc": "昨天听到十元结婚的消息，第一反应是震惊，然后是祝福，笑起来甜甜的十元有了共度一生的伴侣，在手写信里说“随着日渐加深彼此的了解，我确定了他是那个可以相互分享相互克服所有困难的人。虽然我还不够成熟，但是从现在开始，希望我们可以一起珍爱彼此所爱之物，一起走过接下来的人生”，真的是很喜欢很合拍吧~\n希望十元女士永远幸福啊。",
                "state": 0,
                "duration": 121,
                "rights": {
                    "bp": 0,
                    "elec": 0,
                    "download": 0,
                    "movie": 0,
                    "pay": 0,
                    "hd5": 1,
                    "no_reprint": 1,
                    "autoplay": 1,
                    "ugc_pay": 0,
                    "is_cooperation": 0,
                    "ugc_pay_preview": 0,
                    "no_background": 0,
                    "arc_pay": 0,
                    "pay_free_watch": 0
                },
                "owner": {
                    "mid": 288574164,
                    "name": "早川大寒",
                    "face": "https://i0.hdslb.com/bfs/face/e3b9097a943bcf849d6780f5164d6bcb22e203f3.jpg"
                },
                "stat": {
                    "aid": 584840105,
                    "view": 4136763,
                    "danmaku": 15239,
                    "reply": 7827,
                    "favorite": 78670,
                    "coin": 96662,
                    "share": 24244,
                    "now_rank": 0,
                    "his_rank": 12,
                    "like": 287546,
                    "dislike": 0,
                    "vt": 0,
                    "vv": 4136763,
                    "fav_g": 0,
                    "like_g": 0
                },
                "dynamic": "石原里美结婚啦，恭喜你啊\n整天在B站叫你老婆，这一次你真的成为别人的妻子啦\n希望你以后可以永远的幸福下去",
                "cid": 241185289,
                "dimension": {
                    "width": 1920,
                    "height": 1080,
                    "rotate": 0
                },
                "short_link_v2": "https://b23.tv/BV1uz4y1f73M",
                "cover43": "",
                "tidv2": 2010,
                "tnamev2": "明星剪辑",
                "pid_v2": 1002,
                "pid_name_v2": "娱乐",
                "bvid": "BV1uz4y1f73M",
                "season_type": 0,
                "is_ogv": false,
                "ogv_info": null,
                "enable_vt": 0,
                "ai_rcmd": null,
                "rcmd_reason": "十元要幸福啊！"
            },
            {
                "aid": 669870472,
                "videos": 1,
                "tid": 183,
                "tname": "影视剪辑",
                "copyright": 1,
                "pic": "http://i0.hdslb.com/bfs/archive/02b6cb54daad4b56c0781965bd0d724fc78004be.jpg",
                "title": "卧槽！这才是仙剑的巅峰！！30秒后带你回顾经典",
                "pubdate": 1601542839,
                "ctime": 1601483922,
                "desc": "BGM：生生世世爱\n祝大家双节快乐，快乐多多，作业少少！最后，感谢三连与分享。",
                "state": 0,
                "duration": 276,
                "rights": {
                    "bp": 0,
                    "elec": 0,
                    "download": 0,
                    "movie": 0,
                    "pay": 0,
                    "hd5": 1,
                    "no_reprint": 1,
                    "autoplay": 1,
                    "ugc_pay": 0,
                    "is_cooperation": 0,
                    "ugc_pay_preview": 0,
                    "no_background": 0,
                    "arc_pay": 0,
                    "pay_free_watch": 0
                },
                "owner": {
                    "mid": 13544375,
                    "name": "像素企鹅",
                    "face": "https://i2.hdslb.com/bfs/face/528795d7633a549833e616b5acf1df13f76d0bab.jpg"
                },
                "stat": {
                    "aid": 669870472,
                    "view": 12949874,
                    "danmaku": 36842,
                    "reply": 12378,
                    "favorite": 237611,
                    "coin": 306986,
                    "share": 33996,
                    "now_rank": 0,
                    "his_rank": 9,
                    "like": 694160,
                    "dislike": 0,
                    "vt": 0,
                    "vv": 12949874,
                    "fav_g": 0,
                    "like_g": 3
                },
                "dynamic": "祝大家双节快乐",
                "cid": 240639556,
                "dimension": {
                    "width": 1920,
                    "height": 1080,
                    "rotate": 0
                },
                "short_link_v2": "https://b23.tv/BV1Xa4y157wX",
                "cover43": "",
                "tidv2": 2002,
                "tnamev2": "影视剪辑",
                "pid_v2": 1001,
                "pid_name_v2": "影视",
                "bvid": "BV1Xa4y157wX",
                "season_type": 0,
                "is_ogv": false,
                "ogv_info": null,
                "enable_vt": 0,
                "ai_rcmd": null,
                "rcmd_reason": "bgm出来就哭了"
            },
            {
                "aid": 797324259,
                "videos": 1,
                "tid": 213,
                "tname": "美食测评",
                "copyright": 1,
                "pic": "http://i0.hdslb.com/bfs/archive/6c3de0f896bbddc83be4df8b14086dce4fec2d6a.jpg",
                "title": "爷青回！炭烤巨型皇帝蟹！不愧是蟹中帝皇！",
                "pubdate": 1601632856,
                "ctime": 1601549070,
                "desc": "皇帝蟹的钳子被我掰断了没法抽奖了，要不抽个安慕希吧（",
                "state": 0,
                "duration": 639,
                "rights": {
                    "bp": 0,
                    "elec": 0,
                    "download": 0,
                    "movie": 0,
                    "pay": 0,
                    "hd5": 1,
                    "no_reprint": 1,
                    "autoplay": 1,
                    "ugc_pay": 0,
                    "is_cooperation": 1,
                    "ugc_pay_preview": 0,
                    "no_background": 0,
                    "arc_pay": 0,
                    "pay_free_watch": 0
                },
                "owner": {
                    "mid": 2920960,
                    "name": "大祥哥来了",
                    "face": "https://i1.hdslb.com/bfs/face/c72fee3b75a352f6a8d6c3e98bf0e050afa0caa0.jpg"
                },
                "stat": {
                    "aid": 797324259,
                    "view": 7436649,
                    "danmaku": 51109,
                    "reply": 5863,
                    "favorite": 46147,
                    "coin": 376303,
                    "share": 30391,
                    "now_rank": 0,
                    "his_rank": 6,
                    "like": 499682,
                    "dislike": 0,
                    "vt": 0,
                    "vv": 7436649,
                    "fav_g": 2,
                    "like_g": 8
                },
                "dynamic": "真不戳",
                "cid": 240887479,
                "dimension": {
                    "width": 1920,
                    "height": 1080,
                    "rotate": 0
                },
                "short_link_v2": "https://b23.tv/BV1uy4y1C7kg",
                "cover43": "",
                "tidv2": 2151,
                "tnamev2": "美食测评",
                "pid_v2": 1020,
                "pid_name_v2": "美食",
                "bvid": "BV1uy4y1C7kg",
                "season_type": 0,
                "is_ogv": false,
                "ogv_info": null,
                "enable_vt": 0,
                "ai_rcmd": null,
                "rcmd_reason": "一年一只，惊了"
            },
            {
                "aid": 884793172,
                "videos": 1,
                "tid": 17,
                "tname": "单机游戏",
                "copyright": 1,
                "pic": "http://i2.hdslb.com/bfs/archive/f88ad644862183bd2e70d6e1ea5b9d884174a3b6.jpg",
                "title": "“绝世好兄弟”#2",
                "pubdate": 1601724227,
                "ctime": 1601724227,
                "desc": "我的世界极限生存03\n希望观众老爷喜欢这个系列！\n（希望你们喜欢，记得素质三连！）",
                "state": 0,
                "duration": 445,
                "mission_id": 14391,
                "rights": {
                    "bp": 0,
                    "elec": 0,
                    "download": 0,
                    "movie": 0,
                    "pay": 0,
                    "hd5": 0,
                    "no_reprint": 1,
                    "autoplay": 1,
                    "ugc_pay": 0,
                    "is_cooperation": 0,
                    "ugc_pay_preview": 0,
                    "no_background": 0,
                    "arc_pay": 0,
                    "pay_free_watch": 0
                },
                "owner": {
                    "mid": 5970160,
                    "name": "小潮院长",
                    "face": "https://i1.hdslb.com/bfs/face/834eb0de8d2f470bf03e4ea92831b14f3824c863.jpg"
                },
                "stat": {
                    "aid": 884793172,
                    "view": 18682250,
                    "danmaku": 50798,
                    "reply": 5591,
                    "favorite": 91472,
                    "coin": 162963,
                    "share": 9111,
                    "now_rank": 0,
                    "his_rank": 12,
                    "like": 831058,
                    "dislike": 0,
                    "vt": 0,
                    "vv": 18682250,
                    "fav_g": 532,
                    "like_g": 467
                },
                "dynamic": "笑吐了嗷\n我的世界真好玩",
                "cid": 241694271,
                "dimension": {
                    "width": 1920,
                    "height": 1080,
                    "rotate": 0
                },
                "short_link_v2": "https://b23.tv/BV11K4y187rT",
                "cover43": "",
                "tidv2": 2078,
                "tnamev2": "沙盒类",
                "pid_v2": 1008,
                "pid_name_v2": "游戏",
                "bvid": "BV11K4y187rT",
                "season_type": 0,
                "is_ogv": false,
                "ogv_info": null,
                "enable_vt": 0,
                "ai_rcmd": null,
                "rcmd_reason": "啊啊啊啊啊激动到泪目"
            },
            {
                "aid": 797333893,
                "videos": 1,
                "tid": 182,
                "tname": "影视杂谈",
                "copyright": 1,
                "pic": "http://i2.hdslb.com/bfs/archive/23a85b1c54869a73ed658966d7e46834cebe5afa.jpg",
                "title": "【片片】有钱人的快乐？你还真想象不到！片片悬疑社解说大卫·芬奇佳作《心理游戏》",
                "pubdate": 1601977993,
                "ctime": 1601977993,
                "desc": "久违的「片片悬疑社」更新啦！\n本期视频，我们来聊一部大卫·芬奇的高分作品。\n1997年上映的《心理游戏》。\n关注微信公众号：小片片说大片，更多宠粉福利等你来！",
                "state": 0,
                "duration": 1323,
                "rights": {
                    "bp": 0,
                    "elec": 0,
                    "download": 0,
                    "movie": 0,
                    "pay": 0,
                    "hd5": 0,
                    "no_reprint": 1,
                    "autoplay": 1,
                    "ugc_pay": 0,
                    "is_cooperation": 0,
                    "ugc_pay_preview": 0,
                    "no_background": 0,
                    "arc_pay": 0,
                    "pay_free_watch": 0
                },
                "owner": {
                    "mid": 10119428,
                    "name": "小片片说大片",
                    "face": "https://i2.hdslb.com/bfs/face/949fd3f0b9fe23703c970d494edc41ae52ee32de.jpg"
                },
                "stat": {
                    "aid": 797333893,
                    "view": 3643325,
                    "danmaku": 23224,
                    "reply": 4222,
                    "favorite": 34891,
                    "coin": 171587,
                    "share": 3600,
                    "now_rank": 0,
                    "his_rank": 2,
                    "like": 236245,
                    "dislike": 0,
                    "vt": 0,
                    "vv": 3643325,
                    "fav_g": 17,
                    "like_g": 21
                },
                "dynamic": "为了报答大家对片片婚礼的支持，咱们今天更一期久违的《片片悬疑社》！！！",
                "cid": 242797158,
                "dimension": {
                    "width": 1920,
                    "height": 1080,
                    "rotate": 0
                },
                "season_id": 3770299,
                "short_link_v2": "https://b23.tv/BV1cy4y1C7BZ",
                "cover43": "",
                "tidv2": 2001,
                "tnamev2": "影视解读",
                "pid_v2": 1001,
                "pid_name_v2": "影视",
                "bvid": "BV1cy4y1C7BZ",
                "season_type": 0,
                "is_ogv": false,
                "ogv_info": null,
                "enable_vt": 0,
                "ai_rcmd": null,
                "rcmd_reason": "高级密室脱逃"
            },
            {
                "aid": 797311705,
                "videos": 1,
                "tid": 253,
                "tname": "动漫杂谈",
                "copyright": 1,
                "pic": "http://i2.hdslb.com/bfs/archive/8324ffc4d8e6ef1718b141a0f518fd006ad8cc6b.jpg",
                "title": "处男到了十八岁就会死！【阅片无数动漫篇11】",
                "pubdate": 1601733644,
                "ctime": 1601733646,
                "desc": "第十期BV1d5411b745：学到了！柯南竟推理出小兰内衣情况\n第九期BV1Yt4y1i7hH：史上最高杰作！恋爱游戏里竟然没有妹子\n第八期BV1s5411h7eY：猛男决斗，输的变成妹子\n第七期BV1jk4y12728：神：你必须要和100个女生交往！\n第六期BV1MK411T7BG：只有老网抑才能听出来的歌\n第五期BV1mC4y147BP：是舔狗熟悉的剧情\n第四期BV1ip4y1q7C7：警察叔叔，这人竟然和妹子比谁撒得远\n更多生活中的凉风请参见→微博@凉风Kaza\n另外一些不适合在视频解答的题，之",
                "state": 0,
                "duration": 695,
                "rights": {
                    "bp": 0,
                    "elec": 0,
                    "download": 0,
                    "movie": 0,
                    "pay": 0,
                    "hd5": 1,
                    "no_reprint": 1,
                    "autoplay": 1,
                    "ugc_pay": 0,
                    "is_cooperation": 0,
                    "ugc_pay_preview": 0,
                    "no_background": 0,
                    "arc_pay": 0,
                    "pay_free_watch": 0
                },
                "owner": {
                    "mid": 14110780,
                    "name": "凉风Kaze",
                    "face": "https://i1.hdslb.com/bfs/face/e0cc906bb531195e9ee9f3b575effdd2b056eaea.jpg"
                },
                "stat": {
                    "aid": 797311705,
                    "view": 3885121,
                    "danmaku": 25226,
                    "reply": 4673,
                    "favorite": 25675,
                    "coin": 80445,
                    "share": 5091,
                    "now_rank": 0,
                    "his_rank": 7,
                    "like": 337533,
                    "dislike": 0,
                    "vt": 0,
                    "vv": 3885121,
                    "fav_g": 0,
                    "like_g": 0
                },
                "dynamic": "处男到了十八岁就会死！？\n想知道这是什么奇葩漫画一定要看今天的#阅片无数#动漫篇\n另外可以关注凉仔微博@凉风Kaze窥探更多傻屌事件哦~",
                "cid": 241431755,
                "dimension": {
                    "width": 1920,
                    "height": 1080,
                    "rotate": 0
                },
                "season_id": 175,
                "short_link_v2": "https://b23.tv/BV1Ny4y1C7oZ",
                "pub_location": "上海",
                "cover43": "",
                "tidv2": 2042,
                "tnamev2": "动漫评论",
                "pid_v2": 1005,
                "pid_name_v2": "二次元",
                "bvid": "BV1Ny4y1C7oZ",
                "season_type": 0,
                "is_ogv": false,
                "ogv_info": null,
                "enable_vt": 0,
                "ai_rcmd": null,
                "rcmd_reason": "童年阴影系列"
            },
            {
                "aid": 669853301,
                "videos": 1,
                "tid": 207,
                "tname": "财经商业",
                "copyright": 1,
                "pic": "http://i0.hdslb.com/bfs/archive/81d978a259b497887ba8bdb4e1e57d1cfe3e8a6a.jpg",
                "title": "【半佛】为什么我们要暴打舔狗。",
                "pubdate": 1601648456,
                "ctime": 1601648456,
                "desc": "做个人吧。",
                "state": 0,
                "duration": 864,
                "mission_id": 14700,
                "rights": {
                    "bp": 0,
                    "elec": 0,
                    "download": 0,
                    "movie": 0,
                    "pay": 0,
                    "hd5": 1,
                    "no_reprint": 1,
                    "autoplay": 1,
                    "ugc_pay": 0,
                    "is_cooperation": 0,
                    "ugc_pay_preview": 0,
                    "no_background": 0,
                    "arc_pay": 0,
                    "pay_free_watch": 0
                },
                "owner": {
                    "mid": 37663924,
                    "name": "硬核的半佛仙人",
                    "face": "https://i1.hdslb.com/bfs/face/aaf33dced1941af0946f37c62f4b48fcaba9c9a2.jpg"
                },
                "stat": {
                    "aid": 669853301,
                    "view": 4069274,
                    "danmaku": 20259,
                    "reply": 9175,
                    "favorite": 65787,
                    "coin": 192493,
                    "share": 53994,
                    "now_rank": 0,
                    "his_rank": 5,
                    "like": 312031,
                    "dislike": 0,
                    "vt": 0,
                    "vv": 4069274,
                    "fav_g": 0,
                    "like_g": 1
                },
                "dynamic": "最近各种舔狗的事件有点多，建议暴打舔狗。",
                "cid": 241435185,
                "dimension": {
                    "width": 1920,
                    "height": 1080,
                    "rotate": 0
                },
                "season_id": 173421,
                "short_link_v2": "https://b23.tv/BV1Za4y157JF",
                "cover43": "",
                "tidv2": 2186,
                "tnamev2": "恋爱关系",
                "pid_v2": 1027,
                "pid_name_v2": "情感",
                "bvid": "BV1Za4y157JF",
                "season_type": 0,
                "is_ogv": false,
                "ogv_info": null,
                "enable_vt": 0,
                "ai_rcmd": null,
                "rcmd_reason": "每天一遍，防止..."
            },
            {
                "aid": 329832838,
                "videos": 1,
                "tid": 76,
                "tname": "美食制作",
                "copyright": 1,
                "pic": "http://i2.hdslb.com/bfs/archive/91ff8497c25510ab896bc325e41415cf06345cfb.jpg",
                "title": "【都给我进来】这 才 是 龙 吟 ！",
                "pubdate": 1601805918,
                "ctime": 1601793454,
                "desc": "龙吟餐厅的水果可不只是草莓哦！来看龙吟终极PK吧！",
                "state": 0,
                "duration": 558,
                "mission_id": 14536,
                "rights": {
                    "bp": 0,
                    "elec": 0,
                    "download": 0,
                    "movie": 0,
                    "pay": 0,
                    "hd5": 0,
                    "no_reprint": 1,
                    "autoplay": 1,
                    "ugc_pay": 0,
                    "is_cooperation": 1,
                    "ugc_pay_preview": 0,
                    "no_background": 0,
                    "arc_pay": 0,
                    "pay_free_watch": 0
                },
                "owner": {
                    "mid": 393166851,
                    "name": "大碗拿铁",
                    "face": "https://i0.hdslb.com/bfs/face/9834c5584fbcd589fb7e88c4cf75d1812d040191.jpg"
                },
                "stat": {
                    "aid": 329832838,
                    "view": 5433910,
                    "danmaku": 11778,
                    "reply": 3837,
                    "favorite": 61291,
                    "coin": 238354,
                    "share": 4915,
                    "now_rank": 0,
                    "his_rank": 10,
                    "like": 543739,
                    "dislike": 0,
                    "vt": 0,
                    "vv": 5433910,
                    "fav_g": 0,
                    "like_g": 2
                },
                "dynamic": "龙吟餐厅的水果可不只是草莓哦！来看龙吟终极PK吧！",
                "cid": 241983064,
                "dimension": {
                    "width": 1920,
                    "height": 1080,
                    "rotate": 0
                },
                "short_link_v2": "https://b23.tv/BV1jA41177t6",
                "cover43": "",
                "tidv2": 2149,
                "tnamev2": "美食制作",
                "pid_v2": 1020,
                "pid_name_v2": "美食",
                "bvid": "BV1jA41177t6",
                "season_type": 0,
                "is_ogv": false,
                "ogv_info": null,
                "enable_vt": 0,
                "ai_rcmd": null,
                "rcmd_reason": "三厨狂喜"
            },
            {
                "aid": 712363423,
                "videos": 2,
                "tid": 162,
                "tname": "绘画",
                "copyright": 1,
                "pic": "http://i2.hdslb.com/bfs/archive/ccb04da545f328cedcc0a88cd5e1248b476f4325.jpg",
                "title": "画到崩溃！挑战一张纸画完100个Up主！",
                "pubdate": 1601778040,
                "ctime": 1601743446,
                "desc": "1P因为视频节奏问题，没有把所有UP主放进去哦\n想看完整版的可以先看2P\n如果看到你喜欢的Up主，别忘了在开头刷一句“K桑nb”\n没看到也没关系，留下你喜欢的UP名字，说不定下期就有啦！",
                "state": 0,
                "duration": 1176,
                "mission_id": 14618,
                "rights": {
                    "bp": 0,
                    "elec": 0,
                    "download": 0,
                    "movie": 0,
                    "pay": 0,
                    "hd5": 0,
                    "no_reprint": 1,
                    "autoplay": 1,
                    "ugc_pay": 0,
                    "is_cooperation": 0,
                    "ugc_pay_preview": 0,
                    "no_background": 0,
                    "arc_pay": 0,
                    "pay_free_watch": 0
                },
                "owner": {
                    "mid": 1848018,
                    "name": "Ksr桑",
                    "face": "https://i0.hdslb.com/bfs/face/c8c71bf79c0c395fdccc6567e8fa56854e34a190.jpg"
                },
                "stat": {
                    "aid": 712363423,
                    "view": 2332494,
                    "danmaku": 69734,
                    "reply": 11814,
                    "favorite": 66907,
                    "coin": 109991,
                    "share": 5001,
                    "now_rank": 0,
                    "his_rank": 3,
                    "like": 192280,
                    "dislike": 0,
                    "vt": 0,
                    "vv": 2332494,
                    "fav_g": 2,
                    "like_g": 4
                },
                "dynamic": "现在！立刻！马上！\n进来刷“K桑NB!!!”",
                "cid": 241789718,
                "dimension": {
                    "width": 1920,
                    "height": 1080,
                    "rotate": 0
                },
                "short_link_v2": "https://b23.tv/BV19D4y1R7qn",
                "cover43": "",
                "tidv2": 2055,
                "tnamev2": "二次元绘画",
                "pid_v2": 1006,
                "pid_name_v2": "绘画",
                "bvid": "BV19D4y1R7qn",
                "season_type": 0,
                "is_ogv": false,
                "ogv_info": null,
                "enable_vt": 0,
                "ai_rcmd": null,
                "rcmd_reason": "见证NB时刻！"
            },
            {
                "aid": 712296710,
                "videos": 1,
                "tid": 233,
                "tname": "极客DIY",
                "copyright": 1,
                "pic": "http://i1.hdslb.com/bfs/archive/e366cbdc5cb41417f8f9ccc16c4779d885439c9f.jpg",
                "title": "【才浅手工】亚索的哥哥我来当！爆肝30天打造永恩亚扎卡纳之剑，还原度99%",
                "pubdate": 1601629456,
                "ctime": 1601629456,
                "desc": "本期是与英雄联盟S10官方约稿，本来想做亚索的疾风之刃但感觉没有永恩这把亚扎卡纳之剑炫酷，所以选了这把，喜欢的话欢迎一键三连！！！",
                "state": 0,
                "duration": 361,
                "mission_id": 14433,
                "rights": {
                    "bp": 0,
                    "elec": 0,
                    "download": 0,
                    "movie": 0,
                    "pay": 0,
                    "hd5": 0,
                    "no_reprint": 1,
                    "autoplay": 1,
                    "ugc_pay": 0,
                    "is_cooperation": 0,
                    "ugc_pay_preview": 0,
                    "no_background": 0,
                    "arc_pay": 0,
                    "pay_free_watch": 0
                },
                "owner": {
                    "mid": 2200736,
                    "name": "才疏学浅的才浅",
                    "face": "https://i2.hdslb.com/bfs/face/5e164548b80c4a0ea63e922a82eedc865220358f.jpg"
                },
                "stat": {
                    "aid": 712296710,
                    "view": 3142209,
                    "danmaku": 13017,
                    "reply": 3928,
                    "favorite": 87329,
                    "coin": 362157,
                    "share": 16719,
                    "now_rank": 0,
                    "his_rank": 3,
                    "like": 390320,
                    "dislike": 0,
                    "vt": 0,
                    "vv": 3142209,
                    "fav_g": 2,
                    "like_g": 4
                },
                "dynamic": "今年做的最喜欢的一把武器，做刀已经轻车熟路",
                "cid": 241264242,
                "dimension": {
                    "width": 1920,
                    "height": 1080,
                    "rotate": 0
                },
                "season_id": 141314,
                "short_link_v2": "https://b23.tv/BV1eD4y1R7bk",
                "cover43": "",
                "tidv2": 2148,
                "tnamev2": "其他手工",
                "pid_v2": 1019,
                "pid_name_v2": "手工",
                "bvid": "BV1eD4y1R7bk",
                "season_type": 0,
                "is_ogv": false,
                "ogv_info": null,
                "enable_vt": 0,
                "ai_rcmd": null,
                "rcmd_reason": "失踪人口回归"
            },
            {
                "aid": 244756387,
                "videos": 1,
                "tid": 256,
                "tname": "短片",
                "copyright": 1,
                "pic": "http://i1.hdslb.com/bfs/archive/e62d2b968219c2229ed735af241f0646e3321ab0.jpg",
                "title": "【高清4K】超燃特效短片《粉笔战争》4.0！酷炫武器，激烈战斗，谁是最后赢家？",
                "pubdate": 1601689856,
                "ctime": 1601425636,
                "desc": "《粉笔战争》4.0是目前为止我们最自豪的一支作品。\n集结顶尖创作达人和特效专家，共同畅想了一个粉笔画可以变成真实武器的“粉笔战场”！\n置身其中，你可以看到粉绿蓝橙四队火拼对战，光剑、粒子炮、利维坦之斧、传送枪、甚至机甲都可以通过粉笔来创造。\n战斗场景百万特效，一秒沉浸式进入的紧张刺激的神仙战场，结尾更有意想不到的高能反转......",
                "state": 0,
                "duration": 959,
                "rights": {
                    "bp": 0,
                    "elec": 0,
                    "download": 0,
                    "movie": 0,
                    "pay": 0,
                    "hd5": 1,
                    "no_reprint": 1,
                    "autoplay": 1,
                    "ugc_pay": 0,
                    "is_cooperation": 0,
                    "ugc_pay_preview": 0,
                    "no_background": 0,
                    "arc_pay": 0,
                    "pay_free_watch": 0
                },
                "owner": {
                    "mid": 674056889,
                    "name": "粉笔战争SoKrispy",
                    "face": "http://i2.hdslb.com/bfs/face/fab47afe8491c2470e9660e58fefb67580c3a0fd.jpg"
                },
                "stat": {
                    "aid": 244756387,
                    "view": 3828307,
                    "danmaku": 11095,
                    "reply": 2230,
                    "favorite": 103110,
                    "coin": 151674,
                    "share": 27375,
                    "now_rank": 0,
                    "his_rank": 6,
                    "like": 308401,
                    "dislike": 0,
                    "vt": 0,
                    "vv": 3828307,
                    "fav_g": 11,
                    "like_g": 15
                },
                "dynamic": "《粉笔战争》4.0是目前为止我们最自豪的一支作品。\n集结顶尖创作达人和特效专家，共同畅想了一个粉笔画可以变成真实武器的“粉笔战场”！希望大家会喜欢！\n另外，如果大家对《粉笔战争》5.0有任何想法，也可以给我们留言～",
                "cid": 240351738,
                "dimension": {
                    "width": 3840,
                    "height": 2160,
                    "rotate": 0
                },
                "short_link_v2": "https://b23.tv/BV1Lv411y7Jd",
                "pub_location": "美国",
                "cover43": "",
                "tidv2": 2005,
                "tnamev2": "短剧短片",
                "pid_v2": 1001,
                "pid_name_v2": "影视",
                "bvid": "BV1Lv411y7Jd",
                "season_type": 0,
                "is_ogv": false,
                "ogv_info": null,
                "enable_vt": 0,
                "ai_rcmd": null,
                "rcmd_reason": "前方核能提醒"
            },
            {
                "aid": 754784262,
                "videos": 1,
                "tid": 21,
                "tname": "日常",
                "copyright": 1,
                "pic": "http://i1.hdslb.com/bfs/archive/2637d932b130454ecd2d880c42abffcbfe22f2a7.jpg",
                "title": "第一次穿cos给男朋友看，结果居然...",
                "pubdate": 1601963027,
                "ctime": 1601963027,
                "desc": "喜欢的话一定要一键三连呀~~~~",
                "state": 0,
                "duration": 425,
                "mission_id": 14433,
                "rights": {
                    "bp": 0,
                    "elec": 0,
                    "download": 0,
                    "movie": 0,
                    "pay": 0,
                    "hd5": 0,
                    "no_reprint": 1,
                    "autoplay": 1,
                    "ugc_pay": 0,
                    "is_cooperation": 0,
                    "ugc_pay_preview": 0,
                    "no_background": 0,
                    "arc_pay": 0,
                    "pay_free_watch": 0
                },
                "owner": {
                    "mid": 113362335,
                    "name": "宝剑嫂",
                    "face": "https://i0.hdslb.com/bfs/face/93f3d5d1085357565a4c2e4ac151104ac3d783ac.jpg"
                },
                "stat": {
                    "aid": 754784262,
                    "view": 2841037,
                    "danmaku": 7527,
                    "reply": 2647,
                    "favorite": 14779,
                    "coin": 42326,
                    "share": 4402,
                    "now_rank": 0,
                    "his_rank": 5,
                    "like": 181167,
                    "dislike": 0,
                    "vt": 0,
                    "vv": 2841037,
                    "fav_g": 0,
                    "like_g": 2
                },
                "dynamic": "我又又又尝试cos了！好难哦！！！\n各位观众老爷给我点个赞吧！！ballball！",
                "cid": 242717194,
                "dimension": {
                    "width": 1920,
                    "height": 1080,
                    "rotate": 0
                },
                "short_link_v2": "https://b23.tv/BV1Vk4y1C7nc",
                "cover43": "",
                "tidv2": 2113,
                "tnamev2": "仿妆cos",
                "pid_v2": 1014,
                "pid_name_v2": "时尚美妆",
                "bvid": "BV1Vk4y1C7nc",
                "season_type": 0,
                "is_ogv": false,
                "ogv_info": null,
                "enable_vt": 0,
                "ai_rcmd": null,
                "rcmd_reason": "封面我就爱了"
            },
            {
                "aid": 797371690,
                "videos": 1,
                "tid": 124,
                "tname": "社科·法律·心理",
                "copyright": 1,
                "pic": "http://i0.hdslb.com/bfs/archive/d56ba70883b931b668da8bdfa20fa3a80387a5cc.jpg",
                "title": "骁话一下：一带一路沿线的吉尔吉斯，为什么那么不稳定？",
                "pubdate": 1602078064,
                "ctime": 1602078064,
                "desc": "10月5日，吉尔吉斯爆发政变。抗议群众攻占政府大楼，释放了被关押的前总统。吉尔吉斯是中国邻国，一带一路沿线国家，是西方颜色革命“率先成功”的苏联加盟国之一。苏联解体，吉尔吉斯独立后经济增长乏力，十五年三次政变，多党民主没有带来繁荣稳定，反而使国家深陷冲突。吉尔吉斯何以成为中亚最不稳定的国家？本期@王骁Albert 就来聊聊吉尔吉斯，不安定的斯坦。",
                "state": 0,
                "duration": 995,
                "mission_id": 14655,
                "rights": {
                    "bp": 0,
                    "elec": 0,
                    "download": 0,
                    "movie": 0,
                    "pay": 0,
                    "hd5": 0,
                    "no_reprint": 1,
                    "autoplay": 1,
                    "ugc_pay": 0,
                    "is_cooperation": 0,
                    "ugc_pay_preview": 0,
                    "no_background": 0,
                    "arc_pay": 0,
                    "pay_free_watch": 0
                },
                "owner": {
                    "mid": 10330740,
                    "name": "观察者网",
                    "face": "https://i0.hdslb.com/bfs/face/3d0dba3789065512f5217387ab135a093ae10c45.jpg"
                },
                "stat": {
                    "aid": 797371690,
                    "view": 2274442,
                    "danmaku": 13893,
                    "reply": 3589,
                    "favorite": 11950,
                    "coin": 32114,
                    "share": 3113,
                    "now_rank": 0,
                    "his_rank": 14,
                    "like": 140218,
                    "dislike": 0,
                    "vt": 0,
                    "vv": 2274442,
                    "fav_g": 0,
                    "like_g": 0
                },
                "dynamic": "10月5日，吉尔吉斯爆发政变。抗议群众攻占政府大楼，释放了被关押的前总统。吉尔吉斯是中国邻国，一带一路沿线国家，是西方颜色革命“率先成功”的苏联加盟国之一。苏联解体，吉尔吉斯独立后经济增长乏力，十五年三次政变，多党民主没有带来繁荣稳定，反而使国家深陷冲突。吉尔吉斯何以成为中亚最不稳定的国家？本期@王骁Albert 就来聊聊吉尔吉斯，不安定的斯坦。#知识分享官##王骁##骁话一下#",
                "cid": 243258782,
                "dimension": {
                    "width": 1920,
                    "height": 1080,
                    "rotate": 0
                },
                "short_link_v2": "https://b23.tv/BV1Gy4y1C7nx",
                "pub_location": "上海",
                "cover43": "",
                "tidv2": 2089,
                "tnamev2": "时政解读",
                "pid_v2": 1010,
                "pid_name_v2": "知识",
                "bvid": "BV1Gy4y1C7nx",
                "season_type": 0,
                "is_ogv": false,
                "ogv_info": null,
                "enable_vt": 0,
                "ai_rcmd": null,
                "rcmd_reason": "前排认真听课"
            },
            {
                "aid": 329837099,
                "videos": 1,
                "tid": 17,
                "tname": "单机游戏",
                "copyright": 1,
                "pic": "http://i2.hdslb.com/bfs/archive/3f50004ca0a600d9013250e132102f085c2d34ec.jpg",
                "title": "【不止游戏】游戏中那些奇怪的食物，在真实世界中味道是什么样？",
                "pubdate": 1601895650,
                "ctime": 1601534789,
                "desc": "本期承载游戏《逃离塔科夫》，讲述游戏中出现的食物在现实生活中，究竟是什么样以及味道如何？\n\n==========================================\n【BGM】\nHOYO-MiX - Taste of home (Instrumental)\nHOYO-MiX - A Sprinkling of Warmth\nThe Screen Tones - Stay Alone\nThe Screen Tones - 夕焼けカントリー\nThe Screen Tones - レゲエseason",
                "state": 0,
                "duration": 1126,
                "mission_id": 14452,
                "rights": {
                    "bp": 0,
                    "elec": 0,
                    "download": 0,
                    "movie": 0,
                    "pay": 0,
                    "hd5": 1,
                    "no_reprint": 1,
                    "autoplay": 1,
                    "ugc_pay": 0,
                    "is_cooperation": 0,
                    "ugc_pay_preview": 0,
                    "no_background": 0,
                    "arc_pay": 0,
                    "pay_free_watch": 0
                },
                "owner": {
                    "mid": 1724598,
                    "name": "森纳映画",
                    "face": "https://i0.hdslb.com/bfs/face/168adb6135df48f581d142663ecd797d328b58d3.jpg"
                },
                "stat": {
                    "aid": 329837099,
                    "view": 5627779,
                    "danmaku": 24739,
                    "reply": 3193,
                    "favorite": 66863,
                    "coin": 132652,
                    "share": 10763,
                    "now_rank": 0,
                    "his_rank": 9,
                    "like": 234961,
                    "dislike": 0,
                    "vt": 0,
                    "vv": 5627779,
                    "fav_g": 32,
                    "like_g": 21
                },
                "dynamic": "“塔科夫秋游日。”",
                "cid": 415334798,
                "dimension": {
                    "width": 1920,
                    "height": 1080,
                    "rotate": 0
                },
                "season_id": 416,
                "short_link_v2": "https://b23.tv/BV17A41177U5",
                "first_frame": "http://i2.hdslb.com/bfs/storyff/n210927a23twgn5bjg22td11759lmuk5_firsti.jpg",
                "cover43": "",
                "tidv2": 2151,
                "tnamev2": "美食测评",
                "pid_v2": 1020,
                "pid_name_v2": "美食",
                "bvid": "BV17A41177U5",
                "season_type": 0,
                "is_ogv": false,
                "ogv_info": null,
                "enable_vt": 0,
                "ai_rcmd": null,
                "rcmd_reason": "原来是个美食游戏"
            },
            {
                "aid": 457373255,
                "videos": 1,
                "tid": 171,
                "tname": "电子竞技",
                "copyright": 1,
                "pic": "http://i1.hdslb.com/bfs/archive/7babd0f92ce074f95c05a61639c43265250939b8.jpg",
                "title": "没有怕劲夫的女人 只有尊重劲夫的女人【有点骚东西】",
                "pubdate": 1601870418,
                "ctime": 1601837808,
                "desc": "顽强哥，我真的好喜欢你啊，mua，为了你，我要吃一斤泄特。",
                "state": 0,
                "duration": 554,
                "mission_id": 14433,
                "rights": {
                    "bp": 0,
                    "elec": 0,
                    "download": 0,
                    "movie": 0,
                    "pay": 0,
                    "hd5": 0,
                    "no_reprint": 1,
                    "autoplay": 1,
                    "ugc_pay": 0,
                    "is_cooperation": 0,
                    "ugc_pay_preview": 0,
                    "no_background": 0,
                    "arc_pay": 0,
                    "pay_free_watch": 0
                },
                "owner": {
                    "mid": 23604445,
                    "name": "上海滩许Van强",
                    "face": "https://i1.hdslb.com/bfs/face/79a2e1a14208d48bb654a391fdf1ab60f16e725f.jpg"
                },
                "stat": {
                    "aid": 457373255,
                    "view": 4997803,
                    "danmaku": 14342,
                    "reply": 3142,
                    "favorite": 40519,
                    "coin": 195309,
                    "share": 14316,
                    "now_rank": 0,
                    "his_rank": 2,
                    "like": 347702,
                    "dislike": 0,
                    "vt": 0,
                    "vv": 4997803,
                    "fav_g": 0,
                    "like_g": 0
                },
                "dynamic": "",
                "cid": 242240711,
                "dimension": {
                    "width": 1920,
                    "height": 1080,
                    "rotate": 0
                },
                "short_link_v2": "https://b23.tv/BV1D5411j7Jg",
                "cover43": "",
                "tidv2": 2070,
                "tnamev2": "MOBA游戏",
                "pid_v2": 1008,
                "pid_name_v2": "游戏",
                "bvid": "BV1D5411j7Jg",
                "season_type": 0,
                "is_ogv": false,
                "ogv_info": null,
                "enable_vt": 0,
                "ai_rcmd": null,
                "rcmd_reason": "有点东西"
            },
            {
                "aid": 499808067,
                "videos": 1,
                "tid": 47,
                "tname": "同人·手书",
                "copyright": 1,
                "pic": "http://i2.hdslb.com/bfs/archive/57dbbeb781a26626a5ebd27243db27630247f789.jpg",
                "title": "如何和老板打成一片！！！",
                "pubdate": 1601611712,
                "ctime": 1601611713,
                "desc": "",
                "state": 0,
                "duration": 146,
                "mission_id": 14722,
                "rights": {
                    "bp": 0,
                    "elec": 0,
                    "download": 0,
                    "movie": 0,
                    "pay": 0,
                    "hd5": 1,
                    "no_reprint": 1,
                    "autoplay": 1,
                    "ugc_pay": 0,
                    "is_cooperation": 0,
                    "ugc_pay_preview": 0,
                    "no_background": 0,
                    "arc_pay": 0,
                    "pay_free_watch": 0
                },
                "owner": {
                    "mid": 5294454,
                    "name": "逗比的雀巢",
                    "face": "https://i0.hdslb.com/bfs/face/e56d8c14d3b74b4e32fbaf2ac4af119328c56c93.jpg"
                },
                "stat": {
                    "aid": 499808067,
                    "view": 6818329,
                    "danmaku": 6421,
                    "reply": 2489,
                    "favorite": 55003,
                    "coin": 107586,
                    "share": 16810,
                    "now_rank": 0,
                    "his_rank": 9,
                    "like": 361508,
                    "dislike": 0,
                    "vt": 0,
                    "vv": 6818329,
                    "fav_g": 14,
                    "like_g": 9
                },
                "dynamic": "【更新了】【更新了】【更新了】\n新的福尔摩斯来了！！！！大家快给我三连！！！！！\n快点进来看！！！",
                "cid": 241132377,
                "dimension": {
                    "width": 1920,
                    "height": 1080,
                    "rotate": 0
                },
                "season_id": 1961,
                "short_link_v2": "https://b23.tv/BV1AK411N71G",
                "cover43": "",
                "tidv2": 2060,
                "tnamev2": "鬼畜剧场",
                "pid_v2": 1007,
                "pid_name_v2": "鬼畜",
                "bvid": "BV1AK411N71G",
                "season_type": 0,
                "is_ogv": false,
                "ogv_info": null,
                "enable_vt": 0,
                "ai_rcmd": null,
                "rcmd_reason": "福尔摩斯不要再背了！！"
            }
        ]
    }
}