{
    "code": 0,
    "message": "OK",
    "ttl": 1,
    "data": {
        "config": {
            "id": 90,
            "type": "weekly_selected",
            "number": 86,
            "subject": "学习羞耻吗",
            "stime": 1604592000,
            "etime": 1605196799,
            "status": 2,
            "name": "2020第86期 11.06 - 11.12",
            "label": "第86期(1113更新)",
            "hint": "",
            "color": 0,
            "cover": "",
            "share_title": "学习羞耻吗 | B站每周必看第86期",
            "share_subtitle": "本周最佳编剧奖非你莫属！",
            "media_id": 1106244488
        },
        "reminder": "每周五晚18:00更新",
        "list": [
            {
                "aid": 330240350,
                "videos": 1,
                "tid": 138,
                "tname": "搞笑",
                "copyright": 1,
                "pic": "http://i2.hdslb.com/bfs/archive/f533c31e2255c72b559baf05f5b283612df5c91a.jpg",
                "title": "学习，是一件羞耻的事情？",
                "pubdate": 1604753973,
                "ctime": 1604753973,
                "desc": "这此视频算是第三集《当代大学生内卷现状》的另一条时间线【梦幻联动x】，不过单独观看没有任何问题！\n这次结尾的演出效果做得还挺满意的 希望大家喜欢\nBGM:《FREEPORT》《RAINY NIGHT IN TALLINN》 都是信条的背景音乐\n毛不易-《借》\n还请多多三连关注 谢谢大家啦",
                "state": 0,
                "duration": 239,
                "mission_id": 14959,
                "rights": {
                    "bp": 0,
                    "elec": 0,
                    "download": 0,
                    "movie": 0,
                    "pay": 0,
                    "hd5": 1,
                    "no_reprint": 1,
                    "autoplay": 1,
                    "ugc_pay": 0,
                    "is_cooperation": 0,
                    "ugc_pay_preview": 0,
                    "no_background": 0,
                    "arc_pay": 0,
                    "pay_free_watch": 0
                },
                "owner": {
                    "mid": 18710795,
                    "name": "霜晗",
                    "face": "http://i2.hdslb.com/bfs/face/3217841cbc0eef74b7c2722d38dd81e235833a1f.jpg"
                },
                "stat": {
                    "aid": 330240350,
                    "view": 4572557,
                    "danmaku": 9192,
                    "reply": 9082,
                    "favorite": 65401,
                    "coin": 97796,
                    "share": 58104,
                    "now_rank": 0,
                    "his_rank": 6,
                    "like": 329278,
                    "dislike": 0,
                    "vt": 0,
                    "vv": 4572557,
                    "fav_g": 0,
                    "like_g": 0
                },
                "dynamic": "终于忙完了各种作业来更新了 算是《当代大学生内卷现状》的另一条时间线 有一点点梦幻联动 这次的结尾做得也很满意！",
                "cid": 253542994,
                "dimension": {
                    "width": 1920,
                    "height": 1080,
                    "rotate": 0
                },
                "short_link_v2": "https://b23.tv/BV1QA411j7yL",
                "cover43": "",
                "tidv2": 2154,
                "tnamev2": "剧情演绎",
                "pid_v2": 1021,
                "pid_name_v2": "小剧场",
                "bvid": "BV1QA411j7yL",
                "season_type": 0,
                "is_ogv": false,
                "ogv_info": null,
                "enable_vt": 0,
                "ai_rcmd": null,
                "rcmd_reason": "角度清奇创意爆表，最佳编剧预定"
            },
            {
                "aid": 457634965,
                "videos": 1,
                "tid": 47,
                "tname": "同人·手书",
                "copyright": 1,
                "pic": "http://i0.hdslb.com/bfs/archive/d9dea3a68c3e85dc2015fbb98fc515861392dbaa.jpg",
                "title": "“这就是成年人最大的崩溃”",
                "pubdate": 1604748213,
                "ctime": 1604748213,
                "desc": "”成年人最大的崩溃不是重压之下的情感爆发，而是爆发后拼得千疮百孔也依旧输给了现实“",
                "state": 0,
                "duration": 99,
                "mission_id": 14700,
                "rights": {
                    "bp": 0,
                    "elec": 0,
                    "download": 0,
                    "movie": 0,
                    "pay": 0,
                    "hd5": 1,
                    "no_reprint": 1,
                    "autoplay": 1,
                    "ugc_pay": 0,
                    "is_cooperation": 0,
                    "ugc_pay_preview": 0,
                    "no_background": 0,
                    "arc_pay": 0,
                    "pay_free_watch": 0
                },
                "owner": {
                    "mid": 627888730,
                    "name": "星有野",
                    "face": "https://i1.hdslb.com/bfs/face/9d7b590081c2e73da47a52ef1cb527dae1bbf332.jpg"
                },
                "stat": {
                    "aid": 457634965,
                    "view": 7998998,
                    "danmaku": 7628,
                    "reply": 8703,
                    "favorite": 123561,
                    "coin": 247690,
                    "share": 32579,
                    "now_rank": 0,
                    "his_rank": 2,
                    "like": 579490,
                    "dislike": 0,
                    "vt": 0,
                    "vv": 7998998,
                    "fav_g": 0,
                    "like_g": 0
                },
                "dynamic": "",
                "cid": 253515113,
                "dimension": {
                    "width": 2304,
                    "height": 1296,
                    "rotate": 0
                },
                "season_id": 71844,
                "short_link_v2": "https://b23.tv/BV185411L7Vj",
                "cover43": "",
                "tidv2": 2037,
                "tnamev2": "同人动画",
                "pid_v2": 1005,
                "pid_name_v2": "二次元",
                "bvid": "BV185411L7Vj",
                "season_type": 0,
                "is_ogv": false,
                "ogv_info": null,
                "enable_vt": 0,
                "ai_rcmd": null,
                "rcmd_reason": "熟悉人口回归，还是那么丝滑~"
            },
            {
                "aid": 712640992,
                "videos": 1,
                "tid": 86,
                "tname": "特摄",
                "copyright": 1,
                "pic": "http://i1.hdslb.com/bfs/archive/571fddd81d195cbbe26f4da1d6fa07875fb67b2a.jpg",
                "title": "压抑到极致的瞬间燃爆！这就是奥特曼的魅力！！",
                "pubdate": 1604654411,
                "ctime": 1604654411,
                "desc": "奥特曼陪伴了我们一代人的童年与青春，他教会了我们很多人生的道理。\n“你相信这个世界有奥特曼吗” \"我信啊 不然为什么这个世界没有怪兽”",
                "state": 0,
                "duration": 153,
                "rights": {
                    "bp": 0,
                    "elec": 0,
                    "download": 0,
                    "movie": 0,
                    "pay": 0,
                    "hd5": 1,
                    "no_reprint": 1,
                    "autoplay": 1,
                    "ugc_pay": 0,
                    "is_cooperation": 0,
                    "ugc_pay_preview": 0,
                    "no_background": 0,
                    "arc_pay": 0,
                    "pay_free_watch": 0
                },
                "owner": {
                    "mid": 18612521,
                    "name": "雾林山远",
                    "face": "https://i2.hdslb.com/bfs/face/98ef84b98096698455363806e71cd91511f6ae72.jpg"
                },
                "stat": {
                    "aid": 712640992,
                    "view": 9578667,
                    "danmaku": 19516,
                    "reply": 6297,
                    "favorite": 155177,
                    "coin": 176802,
                    "share": 28024,
                    "now_rank": 0,
                    "his_rank": 6,
                    "like": 396837,
                    "dislike": 0,
                    "vt": 0,
                    "vv": 9578667,
                    "fav_g": 15,
                    "like_g": 49
                },
                "dynamic": "“我并不是什么特殊的人，我只是在做我力所能及的事，和这个星球上的人们，一同保卫这个星球”",
                "cid": 253141880,
                "dimension": {
                    "width": 1920,
                    "height": 1080,
                    "rotate": 0
                },
                "season_id": 7531,
                "short_link_v2": "https://b23.tv/BV1UD4y197ie",
                "cover43": "",
                "tidv2": 2048,
                "tnamev2": "特摄",
                "pid_v2": 1005,
                "pid_name_v2": "二次元",
                "bvid": "BV1UD4y197ie",
                "season_type": 0,
                "is_ogv": false,
                "ogv_info": null,
                "enable_vt": 0,
                "ai_rcmd": null,
                "rcmd_reason": "Y1S1鸡皮疙瘩就没下去过"
            },
            {
                "aid": 842654379,
                "videos": 1,
                "tid": 183,
                "tname": "影视剪辑",
                "copyright": 1,
                "pic": "http://i1.hdslb.com/bfs/archive/f98e84914bedad12641a3ffcfb00aa72f061d418.jpg",
                "title": "“你伸出爪子时会痛吗？”“每次都痛”",
                "pubdate": 1604832326,
                "ctime": 1604832326,
                "desc": "BGM：Remembrance\n制作不易 希望能有推荐",
                "state": 0,
                "duration": 271,
                "rights": {
                    "bp": 0,
                    "elec": 0,
                    "download": 0,
                    "movie": 0,
                    "pay": 0,
                    "hd5": 0,
                    "no_reprint": 1,
                    "autoplay": 1,
                    "ugc_pay": 0,
                    "is_cooperation": 0,
                    "ugc_pay_preview": 0,
                    "no_background": 0,
                    "arc_pay": 0,
                    "pay_free_watch": 0
                },
                "owner": {
                    "mid": 11026741,
                    "name": "沉沉一灰",
                    "face": "https://i1.hdslb.com/bfs/face/cf5f119cc912cd9a1d2633180f6c620efb9c3630.jpg"
                },
                "stat": {
                    "aid": 842654379,
                    "view": 2805572,
                    "danmaku": 2143,
                    "reply": 2207,
                    "favorite": 73298,
                    "coin": 82374,
                    "share": 9814,
                    "now_rank": 0,
                    "his_rank": 15,
                    "like": 160375,
                    "dislike": 0,
                    "vt": 0,
                    "vv": 2805572,
                    "fav_g": 0,
                    "like_g": 0
                },
                "dynamic": "",
                "cid": 554101011,
                "dimension": {
                    "width": 1920,
                    "height": 808,
                    "rotate": 0
                },
                "season_id": 27354,
                "short_link_v2": "https://b23.tv/BV1s54y1r73E",
                "first_frame": "http://i2.hdslb.com/bfs/storyff/n220320a21xdtc3c2un633d3qseby8l5_firsti.jpg",
                "cover43": "",
                "tidv2": 2002,
                "tnamev2": "影视剪辑",
                "pid_v2": 1001,
                "pid_name_v2": "影视",
                "bvid": "BV1s54y1r73E",
                "season_type": 0,
                "is_ogv": false,
                "ogv_info": null,
                "enable_vt": 0,
                "ai_rcmd": null,
                "rcmd_reason": "剪辑太用心了！UP赔我眼泪"
            },
            {
                "aid": 842660526,
                "videos": 2,
                "tid": 171,
                "tname": "电子竞技",
                "copyright": 1,
                "pic": "http://i1.hdslb.com/bfs/archive/1e53fd73ef2fc0e3f9243f6a475e68abd9790b98.jpg",
                "title": "1000块预算，我们又还原了KDAmv......",
                "pubdate": 1605097923,
                "ctime": 1605097383,
                "desc": "收藏过10W，明年一定！\n参演：\n阿卡丽@超Carry的柴西\n阿狸@啊吗粽\n卡莎@伞皇\n寡妇@解说Cat\n萨勒芬妮@鱼可真的行QvQ",
                "state": 0,
                "duration": 324,
                "rights": {
                    "bp": 0,
                    "elec": 0,
                    "download": 0,
                    "movie": 0,
                    "pay": 0,
                    "hd5": 1,
                    "no_reprint": 1,
                    "autoplay": 1,
                    "ugc_pay": 0,
                    "is_cooperation": 1,
                    "ugc_pay_preview": 0,
                    "no_background": 0,
                    "arc_pay": 0,
                    "pay_free_watch": 0
                },
                "owner": {
                    "mid": 279991456,
                    "name": "靠谱电竞",
                    "face": "https://i1.hdslb.com/bfs/face/f5694c95af22cfe15189a61d9874414128f1781b.jpg"
                },
                "stat": {
                    "aid": 842660526,
                    "view": 4852527,
                    "danmaku": 14044,
                    "reply": 10418,
                    "favorite": 47230,
                    "coin": 113267,
                    "share": 81118,
                    "now_rank": 0,
                    "his_rank": 4,
                    "like": 238253,
                    "dislike": 0,
                    "vt": 0,
                    "vv": 4852527,
                    "fav_g": 0,
                    "like_g": 0
                },
                "dynamic": "KPA2.0 今年靠谱电竞预算充足，我们准备了1000块！！！！",
                "cid": 254800748,
                "dimension": {
                    "width": 3840,
                    "height": 2160,
                    "rotate": 0
                },
                "short_link_v2": "https://b23.tv/BV1s54y1r7mk",
                "cover43": "",
                "tidv2": 2036,
                "tnamev2": "舞蹈综合",
                "pid_v2": 1004,
                "pid_name_v2": "舞蹈",
                "bvid": "BV1s54y1r7mk",
                "season_type": 0,
                "is_ogv": false,
                "ogv_info": null,
                "enable_vt": 0,
                "ai_rcmd": null,
                "rcmd_reason": "兄弟们，把屏幕打在害怕上"
            },
            {
                "aid": 415234100,
                "videos": 1,
                "tid": 17,
                "tname": "单机游戏",
                "copyright": 1,
                "pic": "http://i1.hdslb.com/bfs/archive/9ee3bac6255f60780c650c9d237bddb8b4ac4446.jpg",
                "title": "开锁大师老番茄！",
                "pubdate": 1604635221,
                "ctime": 1604635236,
                "desc": "游戏：《Teardown》\n拆拆拆！",
                "state": 0,
                "duration": 1101,
                "rights": {
                    "bp": 0,
                    "elec": 0,
                    "download": 0,
                    "movie": 0,
                    "pay": 0,
                    "hd5": 0,
                    "no_reprint": 1,
                    "autoplay": 1,
                    "ugc_pay": 0,
                    "is_cooperation": 0,
                    "ugc_pay_preview": 0,
                    "no_background": 0,
                    "arc_pay": 0,
                    "pay_free_watch": 0
                },
                "owner": {
                    "mid": 546195,
                    "name": "老番茄",
                    "face": "http://i0.hdslb.com/bfs/face/bc5ca101313d4db223c395d64779e76eb3482d60.jpg"
                },
                "stat": {
                    "aid": 415234100,
                    "view": 5803532,
                    "danmaku": 19690,
                    "reply": 3066,
                    "favorite": 33286,
                    "coin": 69277,
                    "share": 3555,
                    "now_rank": 0,
                    "his_rank": 7,
                    "like": 306521,
                    "dislike": 0,
                    "vt": 0,
                    "vv": 5803532,
                    "fav_g": 0,
                    "like_g": 8
                },
                "dynamic": "",
                "cid": 252907037,
                "dimension": {
                    "width": 1920,
                    "height": 1080,
                    "rotate": 0
                },
                "short_link_v2": "https://b23.tv/BV1jV41117PW",
                "cover43": "",
                "tidv2": 2079,
                "tnamev2": "其他游戏",
                "pid_v2": 1008,
                "pid_name_v2": "游戏",
                "bvid": "BV1jV41117PW",
                "season_type": 0,
                "is_ogv": false,
                "ogv_info": null,
                "enable_vt": 0,
                "ai_rcmd": null,
                "rcmd_reason": "窃格瓦拉老番茄，实名举报"
            },
            {
                "aid": 330182575,
                "videos": 1,
                "tid": 138,
                "tname": "搞笑",
                "copyright": 1,
                "pic": "http://i2.hdslb.com/bfs/archive/273ed274d5cf2556e162f8d1f7eef3b63bd2f31b.jpg",
                "title": "【朱一旦】234 我脑子里有块橡皮擦",
                "pubdate": 1605006037,
                "ctime": 1604999531,
                "desc": "微博：朱一旦的枯燥生活\n微信搜一搜：朱一旦\nYouTube：【朱一旦的枯燥生活】官方频道\n知乎/网易云：朱一旦的枯燥生活\n公众号：朱一旦的枯燥生活\nBGM：松谷卓 - いま,会いにゆきます／時を超えて\n和田薫 - 时代を超える想い1\n赵海洋 - 《夜色钢琴曲》秋的思念 - 赵海洋\n朱一旦-《淄加哥》",
                "state": 0,
                "duration": 274,
                "mission_id": 14700,
                "rights": {
                    "bp": 0,
                    "elec": 0,
                    "download": 0,
                    "movie": 0,
                    "pay": 0,
                    "hd5": 1,
                    "no_reprint": 1,
                    "autoplay": 1,
                    "ugc_pay": 0,
                    "is_cooperation": 0,
                    "ugc_pay_preview": 0,
                    "no_background": 0,
                    "arc_pay": 0,
                    "pay_free_watch": 0
                },
                "owner": {
                    "mid": 437316738,
                    "name": "朱一旦的枯燥生活",
                    "face": "https://i0.hdslb.com/bfs/face/48ad92f9e0eb9516f491ed18457e2a73e865ea8c.jpg"
                },
                "stat": {
                    "aid": 330182575,
                    "view": 2789893,
                    "danmaku": 8444,
                    "reply": 6909,
                    "favorite": 43231,
                    "coin": 220079,
                    "share": 18350,
                    "now_rank": 0,
                    "his_rank": 2,
                    "like": 308153,
                    "dislike": 0,
                    "vt": 0,
                    "vv": 2789893,
                    "fav_g": 0,
                    "like_g": 0
                },
                "dynamic": "",
                "cid": 254424347,
                "dimension": {
                    "width": 1920,
                    "height": 1080,
                    "rotate": 0
                },
                "short_link_v2": "https://b23.tv/BV1aA411j7kh",
                "cover43": "",
                "tidv2": 2154,
                "tnamev2": "剧情演绎",
                "pid_v2": 1021,
                "pid_name_v2": "小剧场",
                "bvid": "BV1aA411j7kh",
                "season_type": 0,
                "is_ogv": false,
                "ogv_info": null,
                "enable_vt": 0,
                "ai_rcmd": null,
                "rcmd_reason": "一个无比温暖的故事~"
            },
            {
                "aid": 670228457,
                "videos": 1,
                "tid": 210,
                "tname": "模玩·周边",
                "copyright": 1,
                "pic": "http://i2.hdslb.com/bfs/archive/2cad557b1b54ef139865ed1153052f295171a668.jpg",
                "title": "我把折叠屏手机做成了北京城",
                "pubdate": 1604929203,
                "ctime": 1604917568,
                "desc": "大家认识我大多是因为我模型师的身份，然而平日的我还是一位职业建筑师，自做视频以来，这还是我第一次做跟建筑相关的视频，也是第一次有机会去探索折叠屏手机的里里外外，真的是非常开心的一次体验啊！\n视频最后的北京音：\n老大爷下象棋 许可:CC-BY 作者:k1973",
                "state": 0,
                "duration": 775,
                "mission_id": 14950,
                "rights": {
                    "bp": 0,
                    "elec": 0,
                    "download": 0,
                    "movie": 0,
                    "pay": 0,
                    "hd5": 0,
                    "no_reprint": 1,
                    "autoplay": 1,
                    "ugc_pay": 0,
                    "is_cooperation": 0,
                    "ugc_pay_preview": 0,
                    "no_background": 0,
                    "arc_pay": 0,
                    "pay_free_watch": 0
                },
                "owner": {
                    "mid": 437957199,
                    "name": "RAY的模型世界",
                    "face": "https://i0.hdslb.com/bfs/face/66dc00c06354be8dd3b1aa23de776376567b4aba.jpg"
                },
                "stat": {
                    "aid": 670228457,
                    "view": 1426046,
                    "danmaku": 9862,
                    "reply": 2670,
                    "favorite": 60829,
                    "coin": 182107,
                    "share": 23257,
                    "now_rank": 0,
                    "his_rank": 13,
                    "like": 161924,
                    "dislike": 0,
                    "vt": 0,
                    "vv": 1426046,
                    "fav_g": 0,
                    "like_g": 0
                },
                "dynamic": "大家认识我大多是因为我模型师的身份，然而平日的我还是一位职业建筑师，自做视频以来，这还是我第一次做跟建筑相关的视频，也是第一次有机会去探索折叠屏手机的里里外外，真的是非常开心的一次体验啊！\n希望各位胶友依旧可以多多捧场！谢谢大家！",
                "cid": 254151230,
                "dimension": {
                    "width": 1920,
                    "height": 1080,
                    "rotate": 0
                },
                "short_link_v2": "https://b23.tv/BV11a4y1s7HS",
                "cover43": "",
                "tidv2": 2104,
                "tnamev2": "自制发明/设备",
                "pid_v2": 1012,
                "pid_name_v2": "科技数码",
                "bvid": "BV11a4y1s7HS",
                "season_type": 0,
                "is_ogv": false,
                "ogv_info": null,
                "enable_vt": 0,
                "ai_rcmd": null,
                "rcmd_reason": "这技术力超越想象，给大佬跪了"
            },
            {
                "aid": 500197571,
                "videos": 15,
                "tid": 17,
                "tname": "单机游戏",
                "copyright": 1,
                "pic": "http://i2.hdslb.com/bfs/archive/498bc8f9add2965aaa5523f2eb895ab28b35b80f.jpg",
                "title": "【岚少实况】狂父重制版【完结】",
                "pubdate": 1604767614,
                "ctime": 1604767614,
                "desc": "大家好，很久没有录制这种键盘声存在感极强的游戏了。\n解明篇因为录制软件关系有一些杂音，不推荐30元以上的耳机观赏，最好手机公放，可以将杂音降到最低…！\n【观看过程中若发现令人不愉快的弹幕，请善用弹幕举报功能】",
                "state": 0,
                "duration": 22910,
                "rights": {
                    "bp": 0,
                    "elec": 0,
                    "download": 0,
                    "movie": 0,
                    "pay": 0,
                    "hd5": 0,
                    "no_reprint": 1,
                    "autoplay": 1,
                    "ugc_pay": 0,
                    "is_cooperation": 0,
                    "ugc_pay_preview": 0,
                    "no_background": 0,
                    "arc_pay": 0,
                    "pay_free_watch": 0
                },
                "owner": {
                    "mid": 374377,
                    "name": "泪腺战士",
                    "face": "https://i1.hdslb.com/bfs/face/0ea70ba18f11aa81b9540ec48db8fec798eab3dc.jpg"
                },
                "stat": {
                    "aid": 500197571,
                    "view": 3923131,
                    "danmaku": 102607,
                    "reply": 27543,
                    "favorite": 75124,
                    "coin": 155205,
                    "share": 17081,
                    "now_rank": 0,
                    "his_rank": 9,
                    "like": 136505,
                    "dislike": 0,
                    "vt": 0,
                    "vv": 3923131,
                    "fav_g": 0,
                    "like_g": 0
                },
                "dynamic": "",
                "cid": 253603281,
                "dimension": {
                    "width": 848,
                    "height": 480,
                    "rotate": 0
                },
                "short_link_v2": "https://b23.tv/BV1sK411G7YZ",
                "cover43": "",
                "tidv2": 2079,
                "tnamev2": "其他游戏",
                "pid_v2": 1008,
                "pid_name_v2": "游戏",
                "bvid": "BV1sK411G7YZ",
                "season_type": 0,
                "is_ogv": false,
                "ogv_info": null,
                "enable_vt": 0,
                "ai_rcmd": null,
                "rcmd_reason": "有生之年！岚少更新了呜呜呜"
            },
            {
                "aid": 885178505,
                "videos": 1,
                "tid": 157,
                "tname": "美妆护肤",
                "copyright": 1,
                "pic": "http://i2.hdslb.com/bfs/archive/ef8566ec3341cee08c0ad6d71914531f9fc2b8c3.jpg",
                "title": "你和氛围美女只差一双眼！别让眼睛拉低你的颜值上限，普通女孩逆袭自救",
                "pubdate": 1605005768,
                "ctime": 1605005768,
                "desc": "别人化了妆是氛围美女，你却还是普通女孩？\n差别其实只是一双眼睛，别让眼睛拉低你的颜值上限\n眼睛决定颜值上限，化对眼线普通女孩也可以做氛围美女",
                "state": 0,
                "duration": 616,
                "mission_id": 14770,
                "rights": {
                    "bp": 0,
                    "elec": 0,
                    "download": 0,
                    "movie": 0,
                    "pay": 0,
                    "hd5": 1,
                    "no_reprint": 1,
                    "autoplay": 1,
                    "ugc_pay": 0,
                    "is_cooperation": 0,
                    "ugc_pay_preview": 0,
                    "no_background": 0,
                    "arc_pay": 0,
                    "pay_free_watch": 0
                },
                "owner": {
                    "mid": 568089240,
                    "name": "维他阿K",
                    "face": "https://i0.hdslb.com/bfs/face/73e8be8dccd98ee1b24053fdf594805a879d2fa2.jpg"
                },
                "stat": {
                    "aid": 885178505,
                    "view": 1967384,
                    "danmaku": 8466,
                    "reply": 1798,
                    "favorite": 104893,
                    "coin": 57763,
                    "share": 9535,
                    "now_rank": 0,
                    "his_rank": 0,
                    "like": 127597,
                    "dislike": 0,
                    "vt": 0,
                    "vv": 1967384,
                    "fav_g": 0,
                    "like_g": 5
                },
                "dynamic": "别人化了妆是氛围美女，你却还是普通女孩？\n差别其实只是一双眼睛，别让眼睛拉低你的颜值上限\n眼睛决定颜值上限，化对眼线普通女孩也可以做氛围美女",
                "cid": 254486302,
                "dimension": {
                    "width": 1920,
                    "height": 1080,
                    "rotate": 0
                },
                "short_link_v2": "https://b23.tv/BV1JK4y1E71h",
                "cover43": "",
                "tidv2": 2111,
                "tnamev2": "美妆",
                "pid_v2": 1014,
                "pid_name_v2": "时尚美妆",
                "bvid": "BV1JK4y1E71h",
                "season_type": 0,
                "is_ogv": false,
                "ogv_info": null,
                "enable_vt": 0,
                "ai_rcmd": null,
                "rcmd_reason": "干货满满超级赞！宝藏UP冲"
            },
            {
                "aid": 372634395,
                "videos": 1,
                "tid": 21,
                "tname": "日常",
                "copyright": 1,
                "pic": "http://i2.hdslb.com/bfs/archive/7bffa70d9e1c4c45b4ab1114c44eb6358d330b35.jpg",
                "title": "死都不怕，那就以牙还牙，干就完了！",
                "pubdate": 1604669412,
                "ctime": 1604669412,
                "desc": "BGM:半泽直树\n摄像：Kevin\n执行导演：荆松凯\n教授：王新昉\n研究生：王晨\n女孩：刘正正\n富二代：高泽涵\n剪辑：王晨\n编剧：王蛋强 李挤刚\n录音：孟文武",
                "state": 0,
                "duration": 753,
                "rights": {
                    "bp": 0,
                    "elec": 0,
                    "download": 0,
                    "movie": 0,
                    "pay": 0,
                    "hd5": 1,
                    "no_reprint": 1,
                    "autoplay": 1,
                    "ugc_pay": 0,
                    "is_cooperation": 0,
                    "ugc_pay_preview": 0,
                    "no_background": 0,
                    "arc_pay": 0,
                    "pay_free_watch": 0
                },
                "owner": {
                    "mid": 81824112,
                    "name": "导演小策",
                    "face": "https://i0.hdslb.com/bfs/face/75e7900298999ef755bde5509c256c39561892ef.jpg"
                },
                "stat": {
                    "aid": 372634395,
                    "view": 2367846,
                    "danmaku": 14355,
                    "reply": 4558,
                    "favorite": 50192,
                    "coin": 221778,
                    "share": 13693,
                    "now_rank": 0,
                    "his_rank": 10,
                    "like": 236879,
                    "dislike": 0,
                    "vt": 0,
                    "vv": 2367846,
                    "fav_g": 0,
                    "like_g": 0
                },
                "dynamic": "我们虽然可以人之初，性本善，但并不妨碍我们被欺负时，以牙还牙，加倍奉还！",
                "cid": 253174467,
                "dimension": {
                    "width": 1920,
                    "height": 1080,
                    "rotate": 0
                },
                "short_link_v2": "https://b23.tv/BV1xZ4y1V7JK",
                "cover43": "",
                "tidv2": 2005,
                "tnamev2": "短剧短片",
                "pid_v2": 1001,
                "pid_name_v2": "影视",
                "bvid": "BV1xZ4y1V7JK",
                "season_type": 0,
                "is_ogv": false,
                "ogv_info": null,
                "enable_vt": 0,
                "ai_rcmd": null,
                "rcmd_reason": "半泽直策上线，大制作值得反复观看"
            },
            {
                "aid": 712729494,
                "videos": 1,
                "tid": 253,
                "tname": "动漫杂谈",
                "copyright": 1,
                "pic": "http://i2.hdslb.com/bfs/archive/5ae1e99fbf2b95e9355cbb1b09d22986e962ef78.jpg",
                "title": "骚操作诞生！看到这一幕笑腺爆炸！【阅片无数动漫篇16】",
                "pubdate": 1605103210,
                "ctime": 1605103211,
                "desc": "第十五期BV1JA411j76v：你家猫长这样？\n第十四期BV1ma4y1L7jL：我当场裂开！五个魔法少女没有一个是妹子\n第十三期BV1ny4y1C7Xu：在教室里使用时间暂停后\n第十二期BV18p4y1Y7ZF：这动画主角是个屁\n第十一期BV1Ny4y1C7oZ：处男到了十八岁就会死！\n更多生活中的凉风请参见→微博@凉风Kaza\n另外一些不适合在视频解答的题，之后会放在微博",
                "state": 0,
                "duration": 700,
                "rights": {
                    "bp": 0,
                    "elec": 0,
                    "download": 0,
                    "movie": 0,
                    "pay": 0,
                    "hd5": 1,
                    "no_reprint": 1,
                    "autoplay": 1,
                    "ugc_pay": 0,
                    "is_cooperation": 0,
                    "ugc_pay_preview": 0,
                    "no_background": 0,
                    "arc_pay": 0,
                    "pay_free_watch": 0
                },
                "owner": {
                    "mid": 14110780,
                    "name": "凉风Kaze",
                    "face": "https://i1.hdslb.com/bfs/face/e0cc906bb531195e9ee9f3b575effdd2b056eaea.jpg"
                },
                "stat": {
                    "aid": 712729494,
                    "view": 3325177,
                    "danmaku": 15355,
                    "reply": 3814,
                    "favorite": 21958,
                    "coin": 82775,
                    "share": 5350,
                    "now_rank": 0,
                    "his_rank": 2,
                    "like": 299152,
                    "dislike": 0,
                    "vt": 0,
                    "vv": 3325177,
                    "fav_g": 0,
                    "like_g": 0
                },
                "dynamic": "本期#阅片无数#动漫篇这个过河方式我直接一个好家伙\n双十一血拼完了记得给稳定更新的UP主一个爱的三连哦！",
                "cid": 254573470,
                "dimension": {
                    "width": 1920,
                    "height": 1080,
                    "rotate": 0
                },
                "season_id": 175,
                "short_link_v2": "https://b23.tv/BV1TD4y1R7sk",
                "pub_location": "上海",
                "cover43": "",
                "tidv2": 2042,
                "tnamev2": "动漫评论",
                "pid_v2": 1005,
                "pid_name_v2": "二次元",
                "bvid": "BV1TD4y1R7sk",
                "season_type": 0,
                "is_ogv": false,
                "ogv_info": null,
                "enable_vt": 0,
                "ai_rcmd": null,
                "rcmd_reason": "tool凉，这什么人类迷惑行为"
            },
            {
                "aid": 500153051,
                "videos": 1,
                "tid": 201,
                "tname": "科学科普",
                "copyright": 1,
                "pic": "http://i1.hdslb.com/bfs/archive/3800e1342da0b92980f7f8b37e2a78616b2e51d1.jpg",
                "title": "【猫科动物 】致命优雅",
                "pubdate": 1605005851,
                "ctime": 1605005851,
                "desc": "7200个字 108个小时的工作 结果发现还是好慢",
                "state": 0,
                "duration": 1297,
                "mission_id": 15050,
                "rights": {
                    "bp": 0,
                    "elec": 0,
                    "download": 0,
                    "movie": 0,
                    "pay": 0,
                    "hd5": 0,
                    "no_reprint": 1,
                    "autoplay": 1,
                    "ugc_pay": 0,
                    "is_cooperation": 0,
                    "ugc_pay_preview": 0,
                    "no_background": 0,
                    "arc_pay": 0,
                    "pay_free_watch": 0
                },
                "owner": {
                    "mid": 18706318,
                    "name": "龙女之声",
                    "face": "https://i1.hdslb.com/bfs/face/237a0221dacbfbce0b3eb8f37124b373f26a6ec5.jpg"
                },
                "stat": {
                    "aid": 500153051,
                    "view": 1646991,
                    "danmaku": 15546,
                    "reply": 3556,
                    "favorite": 40848,
                    "coin": 107793,
                    "share": 7630,
                    "now_rank": 0,
                    "his_rank": 17,
                    "like": 145812,
                    "dislike": 0,
                    "vt": 0,
                    "vv": 1646991,
                    "fav_g": 0,
                    "like_g": 3
                },
                "dynamic": "这视频我剪了整整16个小时 有很多珍贵的视频资料 一定要看完",
                "cid": 254986428,
                "dimension": {
                    "width": 1920,
                    "height": 1080,
                    "rotate": 0
                },
                "season_id": 389,
                "short_link_v2": "https://b23.tv/BV17K411P78g",
                "cover43": "",
                "tidv2": 2170,
                "tnamev2": "野生动物·动物解说科普",
                "pid_v2": 1024,
                "pid_name_v2": "动物",
                "bvid": "BV17K411P78g",
                "season_type": 0,
                "is_ogv": false,
                "ogv_info": null,
                "enable_vt": 0,
                "ai_rcmd": null,
                "rcmd_reason": "简单直接的科普，喜欢~"
            },
            {
                "aid": 927662818,
                "videos": 1,
                "tid": 201,
                "tname": "科学科普",
                "copyright": 1,
                "pic": "http://i1.hdslb.com/bfs/archive/6ba85175b220fbac4d3d526b5da3a27e3ef3ef3d.jpg",
                "title": "我的内存去哪了？安卓为何一定要大内存，而苹果不用，教你优化大招！",
                "pubdate": 1605103210,
                "ctime": 1605086010,
                "desc": "bgm：雪人兄弟",
                "state": 0,
                "duration": 368,
                "mission_id": 15050,
                "rights": {
                    "bp": 0,
                    "elec": 0,
                    "download": 0,
                    "movie": 0,
                    "pay": 0,
                    "hd5": 0,
                    "no_reprint": 1,
                    "autoplay": 1,
                    "ugc_pay": 0,
                    "is_cooperation": 0,
                    "ugc_pay_preview": 0,
                    "no_background": 0,
                    "arc_pay": 0,
                    "pay_free_watch": 0
                },
                "owner": {
                    "mid": 12590,
                    "name": "epcdiy",
                    "face": "https://i2.hdslb.com/bfs/face/f288604112016e93ca224c4c2c58980a6cd6ba25.png"
                },
                "stat": {
                    "aid": 927662818,
                    "view": 1878786,
                    "danmaku": 6478,
                    "reply": 5577,
                    "favorite": 62513,
                    "coin": 28190,
                    "share": 10193,
                    "now_rank": 0,
                    "his_rank": 28,
                    "like": 94348,
                    "dislike": 0,
                    "vt": 0,
                    "vv": 1878786,
                    "fav_g": 1,
                    "like_g": 0
                },
                "dynamic": "知道安卓为何那么耗内存吗？教你如何优化",
                "cid": 254752740,
                "dimension": {
                    "width": 1920,
                    "height": 1080,
                    "rotate": 0
                },
                "season_id": 159181,
                "short_link_v2": "https://b23.tv/BV19T4y1F7EN",
                "cover43": "",
                "tidv2": 2100,
                "tnamev2": "手机",
                "pid_v2": 1012,
                "pid_name_v2": "科技数码",
                "bvid": "BV19T4y1F7EN",
                "season_type": 0,
                "is_ogv": false,
                "ogv_info": null,
                "enable_vt": 0,
                "ai_rcmd": null,
                "rcmd_reason": "这科普超级实用了！"
            },
            {
                "aid": 500170059,
                "videos": 1,
                "tid": 207,
                "tname": "财经商业",
                "copyright": 1,
                "pic": "http://i1.hdslb.com/bfs/archive/288f8cb851e361e6b6a53ee75b95a226ce6098d4.jpg",
                "title": "【半佛】饭圈少女暴打我。",
                "pubdate": 1604922567,
                "ctime": 1604922567,
                "desc": "一场让我毛骨悚然的对话。",
                "state": 0,
                "duration": 976,
                "mission_id": 15050,
                "rights": {
                    "bp": 0,
                    "elec": 0,
                    "download": 0,
                    "movie": 0,
                    "pay": 0,
                    "hd5": 1,
                    "no_reprint": 1,
                    "autoplay": 1,
                    "ugc_pay": 0,
                    "is_cooperation": 0,
                    "ugc_pay_preview": 0,
                    "no_background": 0,
                    "arc_pay": 0,
                    "pay_free_watch": 0
                },
                "owner": {
                    "mid": 37663924,
                    "name": "硬核的半佛仙人",
                    "face": "https://i1.hdslb.com/bfs/face/aaf33dced1941af0946f37c62f4b48fcaba9c9a2.jpg"
                },
                "stat": {
                    "aid": 500170059,
                    "view": 3820423,
                    "danmaku": 59234,
                    "reply": 28616,
                    "favorite": 47318,
                    "coin": 79200,
                    "share": 50213,
                    "now_rank": 0,
                    "his_rank": 7,
                    "like": 232788,
                    "dislike": 0,
                    "vt": 0,
                    "vv": 3820423,
                    "fav_g": 0,
                    "like_g": 0
                },
                "dynamic": "一场我和饭圈少女的对话，让我对这个世界产生了怀疑。",
                "cid": 254190780,
                "dimension": {
                    "width": 1920,
                    "height": 1080,
                    "rotate": 0
                },
                "short_link_v2": "https://b23.tv/BV1GK411P77K",
                "cover43": "",
                "tidv2": 2011,
                "tnamev2": "娱乐饭拍&现场",
                "pid_v2": 1002,
                "pid_name_v2": "娱乐",
                "bvid": "BV1GK411P77K",
                "season_type": 0,
                "is_ogv": false,
                "ogv_info": null,
                "enable_vt": 0,
                "ai_rcmd": null,
                "rcmd_reason": "妹妹道行太深了"
            },
            {
                "aid": 542697877,
                "videos": 1,
                "tid": 215,
                "tname": "美食记录",
                "copyright": 1,
                "pic": "http://i0.hdslb.com/bfs/archive/bbcd20958ad1747657f7e25815dd8e49228ee9fb.jpg",
                "title": "【王师傅】用40万账单同款大黄鱼招待全网千万UP主王老菊！！-西郊五号",
                "pubdate": 1604810595,
                "ctime": 1604810595,
                "desc": "微博@王师傅爱你哟 \n毛毛的微博@企鹅的小毛毛雅沫心 \n有任何建议意见欢迎在评论处留言。\n -----------------------------\n 王师傅的商务请联系微信wangshifufuwuyuan",
                "state": 0,
                "duration": 1425,
                "mission_id": 14993,
                "rights": {
                    "bp": 0,
                    "elec": 0,
                    "download": 0,
                    "movie": 0,
                    "pay": 0,
                    "hd5": 1,
                    "no_reprint": 1,
                    "autoplay": 1,
                    "ugc_pay": 0,
                    "is_cooperation": 1,
                    "ugc_pay_preview": 0,
                    "no_background": 0,
                    "arc_pay": 0,
                    "pay_free_watch": 0
                },
                "owner": {
                    "mid": 452606628,
                    "name": "王师傅和小毛毛",
                    "face": "https://i0.hdslb.com/bfs/face/024a29e8cf627ac388faf9152f42e940b7b01cc6.jpg"
                },
                "stat": {
                    "aid": 542697877,
                    "view": 2503458,
                    "danmaku": 21703,
                    "reply": 3243,
                    "favorite": 43952,
                    "coin": 231457,
                    "share": 9768,
                    "now_rank": 0,
                    "his_rank": 5,
                    "like": 211762,
                    "dislike": 0,
                    "vt": 0,
                    "vv": 2503458,
                    "fav_g": 0,
                    "like_g": 0
                },
                "dynamic": "每一期都有人cue的大黄鱼本鱼它终于来了！",
                "cid": 253728821,
                "dimension": {
                    "width": 1920,
                    "height": 1080,
                    "rotate": 0
                },
                "short_link_v2": "https://b23.tv/BV1Mi4y1L7YK",
                "cover43": "",
                "tidv2": 2150,
                "tnamev2": "美食探店",
                "pid_v2": 1020,
                "pid_name_v2": "美食",
                "bvid": "BV1Mi4y1L7YK",
                "season_type": 0,
                "is_ogv": false,
                "ogv_info": null,
                "enable_vt": 0,
                "ai_rcmd": null,
                "rcmd_reason": "看完我才知道自己的想象力是多么匮乏"
            },
            {
                "aid": 927706555,
                "videos": 1,
                "tid": 161,
                "tname": "手工",
                "copyright": 1,
                "pic": "http://i2.hdslb.com/bfs/archive/04fb2bb64ce76ca5e03a88ba11a43ac919e64b4b.jpg",
                "title": "自制快速双向手锯",
                "pubdate": 1604917564,
                "ctime": 1604917564,
                "desc": "-",
                "state": 0,
                "duration": 165,
                "rights": {
                    "bp": 0,
                    "elec": 0,
                    "download": 0,
                    "movie": 0,
                    "pay": 0,
                    "hd5": 1,
                    "no_reprint": 1,
                    "autoplay": 1,
                    "ugc_pay": 0,
                    "is_cooperation": 0,
                    "ugc_pay_preview": 0,
                    "no_background": 0,
                    "arc_pay": 0,
                    "pay_free_watch": 0
                },
                "owner": {
                    "mid": 280793434,
                    "name": "手工耿",
                    "face": "https://i1.hdslb.com/bfs/face/b8a75ae7d2a0e2af1d36ca9f1084d850eebb28e3.jpg"
                },
                "stat": {
                    "aid": 927706555,
                    "view": 3850595,
                    "danmaku": 13925,
                    "reply": 9839,
                    "favorite": 17671,
                    "coin": 80372,
                    "share": 11661,
                    "now_rank": 0,
                    "his_rank": 3,
                    "like": 298077,
                    "dislike": 0,
                    "vt": 0,
                    "vv": 3850595,
                    "fav_g": 3,
                    "like_g": 3
                },
                "dynamic": "",
                "cid": 254168971,
                "dimension": {
                    "width": 1080,
                    "height": 1920,
                    "rotate": 0
                },
                "short_link_v2": "https://b23.tv/BV1NT4y1c78v",
                "cover43": "",
                "tidv2": 2104,
                "tnamev2": "自制发明/设备",
                "pid_v2": 1012,
                "pid_name_v2": "科技数码",
                "bvid": "BV1NT4y1c78v",
                "season_type": 0,
                "is_ogv": false,
                "ogv_info": null,
                "enable_vt": 0,
                "ai_rcmd": null,
                "rcmd_reason": "啥玩意？这次居然是有用的？"
            },
            {
                "aid": 797725723,
                "videos": 1,
                "tid": 65,
                "tname": "网络游戏",
                "copyright": 1,
                "pic": "http://i0.hdslb.com/bfs/archive/dd0952b1ce960c157d8a1dcbebd283240bb27261.jpg",
                "title": "C4炸弹 究极の一击 【C4快乐阴人流#7】",
                "pubdate": 1604926142,
                "ctime": 1604926142,
                "desc": "鲁氏丧葬服务公司招募【 创 意 总 监 】\n大胆想法请发送至邮箱：2324554852@qq.com\n(文字思路写清楚，如果有配图配视频那就更好啦)\n1：回复邮件即为采用，不回复即为不采用！\n2：如有创意撞车，如（好几个人都想到用拦车钉汽油桶堵桥）以收到邮件的先后顺序为准，第一个发此创意的人采用。",
                "state": 0,
                "duration": 353,
                "mission_id": 14914,
                "rights": {
                    "bp": 0,
                    "elec": 0,
                    "download": 0,
                    "movie": 0,
                    "pay": 0,
                    "hd5": 0,
                    "no_reprint": 1,
                    "autoplay": 1,
                    "ugc_pay": 0,
                    "is_cooperation": 0,
                    "ugc_pay_preview": 0,
                    "no_background": 0,
                    "arc_pay": 0,
                    "pay_free_watch": 0
                },
                "owner": {
                    "mid": 46708782,
                    "name": "鲁大能",
                    "face": "https://i0.hdslb.com/bfs/face/a6fe7ee46341663d8983f29cd5b21fc13fa0b24b.jpg"
                },
                "stat": {
                    "aid": 797725723,
                    "view": 3765458,
                    "danmaku": 14549,
                    "reply": 3279,
                    "favorite": 82468,
                    "coin": 267735,
                    "share": 57381,
                    "now_rank": 0,
                    "his_rank": 6,
                    "like": 310888,
                    "dislike": 0,
                    "vt": 0,
                    "vv": 3765458,
                    "fav_g": 13,
                    "like_g": 8
                },
                "dynamic": "在？让世界感受痛楚！  究极の一击！\n（股东们！投币！点赞！收藏！公司发展需要资金！）",
                "cid": 254205804,
                "dimension": {
                    "width": 1920,
                    "height": 1080,
                    "rotate": 0
                },
                "short_link_v2": "https://b23.tv/BV16y4y1z7Nv",
                "cover43": "",
                "tidv2": 2071,
                "tnamev2": "射击游戏",
                "pid_v2": 1008,
                "pid_name_v2": "游戏",
                "bvid": "BV16y4y1z7Nv",
                "season_type": 0,
                "is_ogv": false,
                "ogv_info": null,
                "enable_vt": 0,
                "ai_rcmd": null,
                "rcmd_reason": "3分40秒高能预警！艺术爆炸！"
            },
            {
                "aid": 842739336,
                "videos": 1,
                "tid": 214,
                "tname": "田园美食",
                "copyright": 1,
                "pic": "http://i1.hdslb.com/bfs/archive/4f65418c058899f40638a55e0cd13bef4bf93be1.jpg",
                "title": "芋头的一生，辣椒…是送的",
                "pubdate": 1604843617,
                "ctime": 1604843617,
                "desc": "小时候我爷爷教过一句让我很疑惑的顺口溜：“红薯芋头本姓张，煮的没有烧的香”…虽然到现在也想不明白为啥一定要姓“张”但一点也不妨碍我爱吃它！年初在前院大门口种了几排毛芋儿后门那多种了香芋，刚好也到了能下嘴的季节。芋儿鸡、烤芋儿、红糖芋圆蛋…你们呢？最喜欢怎么吃芋头啊？",
                "state": 0,
                "duration": 1199,
                "mission_id": 14993,
                "rights": {
                    "bp": 0,
                    "elec": 0,
                    "download": 0,
                    "movie": 0,
                    "pay": 0,
                    "hd5": 0,
                    "no_reprint": 1,
                    "autoplay": 1,
                    "ugc_pay": 0,
                    "is_cooperation": 0,
                    "ugc_pay_preview": 0,
                    "no_background": 0,
                    "arc_pay": 0,
                    "pay_free_watch": 0
                },
                "owner": {
                    "mid": 19577966,
                    "name": "李子柒",
                    "face": "https://i2.hdslb.com/bfs/face/82d27965dae3b2fe9e52780c6309c7b37ad4cbf2.jpg"
                },
                "stat": {
                    "aid": 842739336,
                    "view": 4416468,
                    "danmaku": 48680,
                    "reply": 6557,
                    "favorite": 23511,
                    "coin": 129735,
                    "share": 13814,
                    "now_rank": 0,
                    "his_rank": 6,
                    "like": 278578,
                    "dislike": 0,
                    "vt": 0,
                    "vv": 4416468,
                    "fav_g": 18,
                    "like_g": 13
                },
                "dynamic": "芋头的一生...顺带也做了罐贵州的糟辣椒",
                "cid": 253886209,
                "dimension": {
                    "width": 1920,
                    "height": 1080,
                    "rotate": 0
                },
                "short_link_v2": "https://b23.tv/BV1f54y1r7HV",
                "cover43": "",
                "tidv2": 2152,
                "tnamev2": "美食记录",
                "pid_v2": 1020,
                "pid_name_v2": "美食",
                "bvid": "BV1f54y1r7HV",
                "season_type": 0,
                "is_ogv": false,
                "ogv_info": null,
                "enable_vt": 0,
                "ai_rcmd": null,
                "rcmd_reason": "还是那么享受~"
            },
            {
                "aid": 500200883,
                "videos": 1,
                "tid": 21,
                "tname": "日常",
                "copyright": 1,
                "pic": "http://i1.hdslb.com/bfs/archive/66da920bba53da2335ff05df0de53c28af288ef5.jpg",
                "title": "【手残联萌】6周年特别节目",
                "pubdate": 1605088824,
                "ctime": 1605022293,
                "desc": "手残联萌6岁啦！感谢大家的一路陪伴，希望我们能一直这样为你们带来快乐\n本次原素材时长超过8个小时，很多花絮都想放出来\n所以我们也在考虑是否要等半年后放个“导演剪辑版”出来，实际是否发布就看你们对这期视频的喜爱程度了\n不过我们说话你们也不用信",
                "state": 0,
                "duration": 2555,
                "rights": {
                    "bp": 0,
                    "elec": 0,
                    "download": 0,
                    "movie": 0,
                    "pay": 0,
                    "hd5": 1,
                    "no_reprint": 1,
                    "autoplay": 1,
                    "ugc_pay": 0,
                    "is_cooperation": 1,
                    "ugc_pay_preview": 0,
                    "no_background": 0,
                    "arc_pay": 0,
                    "pay_free_watch": 0
                },
                "owner": {
                    "mid": 2771237,
                    "name": "裂独舞",
                    "face": "https://i2.hdslb.com/bfs/face/d49f1daadeee859412220d9be28e460a4ce9385c.jpg"
                },
                "stat": {
                    "aid": 500200883,
                    "view": 2331794,
                    "danmaku": 27461,
                    "reply": 7714,
                    "favorite": 54022,
                    "coin": 126392,
                    "share": 6638,
                    "now_rank": 0,
                    "his_rank": 8,
                    "like": 182598,
                    "dislike": 0,
                    "vt": 0,
                    "vv": 2331794,
                    "fav_g": 0,
                    "like_g": 2
                },
                "dynamic": "#手残联萌#你们的年更节目又双叒更新啦！",
                "cid": 254544409,
                "dimension": {
                    "width": 1920,
                    "height": 1080,
                    "rotate": 0
                },
                "short_link_v2": "https://b23.tv/BV14K411G73w",
                "cover43": "",
                "tidv2": 2207,
                "tnamev2": "随拍·综合",
                "pid_v2": 1032,
                "pid_name_v2": "其他",
                "bvid": "BV14K411G73w",
                "season_type": 0,
                "is_ogv": false,
                "ogv_info": null,
                "enable_vt": 0,
                "ai_rcmd": null,
                "rcmd_reason": "六周年快乐！！"
            }
        ]
    }
}