{
    "code": 0,
    "message": "OK",
    "ttl": 1,
    "data": {
        "config": {
            "id": 91,
            "type": "weekly_selected",
            "number": 87,
            "subject": "马冬梅 Havana",
            "stime": 1605196800,
            "etime": 1605801599,
            "status": 2,
            "name": "2020第87期 11.13 - 11.19",
            "label": "第87期(1120更新)",
            "hint": "",
            "color": 0,
            "cover": "",
            "share_title": "马冬梅 Havana | B站每周必看第87期",
            "share_subtitle": "马家宇宙已经形成，Havana大战你怕了吗？",
            "media_id": 1111203888
        },
        "reminder": "每周五晚18:00更新",
        "list": [
            {
                "aid": 800367126,
                "videos": 1,
                "tid": 126,
                "tname": "人力VOCALOID",
                "copyright": 1,
                "pic": "http://i0.hdslb.com/bfs/archive/729d26bdafe174e0d9636339379774b24c054dfe.jpg",
                "title": "【马冬梅】Havana",
                "pubdate": 1605576613,
                "ctime": 1605534244,
                "desc": "联合制作-马冬梅Havana\n原曲：Havana-卡米拉·卡贝洛 Young Thug\n感谢 @六个牛柳扭六扭 的帮助\n\n因为现实中的一些困难…断更时间有点久\n当鸽子了(￣o￣) . z Z 以后争取少拖更\n\n喜欢本视频不妨赏个三联",
                "state": 0,
                "duration": 97,
                "rights": {
                    "bp": 0,
                    "elec": 0,
                    "download": 0,
                    "movie": 0,
                    "pay": 0,
                    "hd5": 1,
                    "no_reprint": 1,
                    "autoplay": 1,
                    "ugc_pay": 0,
                    "is_cooperation": 1,
                    "ugc_pay_preview": 0,
                    "no_background": 0,
                    "arc_pay": 0,
                    "pay_free_watch": 0
                },
                "owner": {
                    "mid": 34611143,
                    "name": "致明笑笑",
                    "face": "https://i2.hdslb.com/bfs/face/a85e254b1c6a04abdd893b13f8abc658fbc11303.jpg"
                },
                "stat": {
                    "aid": 800367126,
                    "view": 4329860,
                    "danmaku": 5175,
                    "reply": 2755,
                    "favorite": 98342,
                    "coin": 153506,
                    "share": 55680,
                    "now_rank": 0,
                    "his_rank": 4,
                    "like": 288070,
                    "dislike": 0,
                    "vt": 0,
                    "vv": 4329860,
                    "fav_g": 3,
                    "like_g": 0
                },
                "dynamic": "经典风鬼畜♪ 喜欢的小憨包们点个赞呀(￣▽￣)\"",
                "cid": 256549787,
                "dimension": {
                    "width": 1920,
                    "height": 1080,
                    "rotate": 0
                },
                "short_link_v2": "https://b23.tv/BV1Ly4y1q7hR",
                "cover43": "",
                "tidv2": 2061,
                "tnamev2": "人力VOCALOID",
                "pid_v2": 1007,
                "pid_name_v2": "鬼畜",
                "bvid": "BV1Ly4y1q7hR",
                "season_type": 0,
                "is_ogv": false,
                "ogv_info": null,
                "enable_vt": 0,
                "ai_rcmd": null,
                "rcmd_reason": "建议大家不要看！容易上头"
            },
            {
                "aid": 797775043,
                "videos": 1,
                "tid": 31,
                "tname": "翻唱",
                "copyright": 1,
                "pic": "http://i1.hdslb.com/bfs/archive/a665a170da3a60161eae679256a4e8519cca884a.jpg",
                "title": "《囍》阿卡贝拉版！人声唢呐？居然这么惊艳？！cover葛东琪",
                "pubdate": 1605274428,
                "ctime": 1605274428,
                "desc": "-",
                "state": 0,
                "duration": 104,
                "rights": {
                    "bp": 0,
                    "elec": 0,
                    "download": 0,
                    "movie": 0,
                    "pay": 0,
                    "hd5": 0,
                    "no_reprint": 1,
                    "autoplay": 1,
                    "ugc_pay": 0,
                    "is_cooperation": 0,
                    "ugc_pay_preview": 0,
                    "no_background": 0,
                    "arc_pay": 0,
                    "pay_free_watch": 0
                },
                "owner": {
                    "mid": 229916554,
                    "name": "半音清唱团",
                    "face": "https://i1.hdslb.com/bfs/face/88bbdb94546d2ceade869677997c7f84a2cc4c41.jpg"
                },
                "stat": {
                    "aid": 797775043,
                    "view": 7891183,
                    "danmaku": 14967,
                    "reply": 5127,
                    "favorite": 217267,
                    "coin": 336335,
                    "share": 59738,
                    "now_rank": 0,
                    "his_rank": 4,
                    "like": 624641,
                    "dislike": 0,
                    "vt": 0,
                    "vv": 7891183,
                    "fav_g": 2,
                    "like_g": 8
                },
                "dynamic": "",
                "cid": 255469609,
                "dimension": {
                    "width": 1920,
                    "height": 1080,
                    "rotate": 0
                },
                "short_link_v2": "https://b23.tv/BV1Ny4y167WK",
                "up_from_v2": 9,
                "pub_location": "广西",
                "cover43": "",
                "tidv2": 2020,
                "tnamev2": "翻唱",
                "pid_v2": 1003,
                "pid_name_v2": "音乐",
                "bvid": "BV1Ny4y167WK",
                "season_type": 0,
                "is_ogv": false,
                "ogv_info": null,
                "enable_vt": 0,
                "ai_rcmd": null,
                "rcmd_reason": "火遍全网的视频，我不允许你还没看！"
            },
            {
                "aid": 415363473,
                "videos": 1,
                "tid": 253,
                "tname": "动漫杂谈",
                "copyright": 1,
                "pic": "http://i1.hdslb.com/bfs/archive/6c82404b7ec35b47edc001e0049b51f87f2cfb63.jpg",
                "title": "新概念恋爱！！我在二次元脱单啦！！",
                "pubdate": 1605352368,
                "ctime": 1605352368,
                "desc": "点一下关注再走嗷~\n\n还有微博：@瓶子君152\n还有直播间：42062",
                "state": 0,
                "duration": 773,
                "mission_id": 14959,
                "rights": {
                    "bp": 0,
                    "elec": 0,
                    "download": 0,
                    "movie": 0,
                    "pay": 0,
                    "hd5": 1,
                    "no_reprint": 1,
                    "autoplay": 1,
                    "ugc_pay": 0,
                    "is_cooperation": 0,
                    "ugc_pay_preview": 0,
                    "no_background": 0,
                    "arc_pay": 0,
                    "pay_free_watch": 0
                },
                "owner": {
                    "mid": 730732,
                    "name": "瓶子君152",
                    "face": "https://i1.hdslb.com/bfs/face/c894b369f73e720da9c350a487f3cd8cd8349986.jpg"
                },
                "stat": {
                    "aid": 415363473,
                    "view": 3712085,
                    "danmaku": 20725,
                    "reply": 16569,
                    "favorite": 65871,
                    "coin": 153391,
                    "share": 45266,
                    "now_rank": 0,
                    "his_rank": 7,
                    "like": 281803,
                    "dislike": 0,
                    "vt": 0,
                    "vv": 3712085,
                    "fav_g": 3,
                    "like_g": 0
                },
                "dynamic": "【这是正片！！！重复！这是正片！】\n这期视频是我做多了杂谈吐槽心血来潮的发病产物，简而言之就是肉混子玩多了奖励把亚索\n所以本质是我自己做来自己开心，确实挺开心，有早期做视频做小道具的感觉了，当然你们快乐不我就不知道了\n尬到你们的话我道歉，下期视频就会回归正常\n如果你喜欢这个想法的话点赞！过15w出下一期！\n#动漫杂谈# #搞笑表演# #动画#",
                "cid": 255776715,
                "dimension": {
                    "width": 1920,
                    "height": 1080,
                    "rotate": 0
                },
                "short_link_v2": "https://b23.tv/BV1hV411a7W9",
                "pub_location": "上海",
                "cover43": "",
                "tidv2": 2052,
                "tnamev2": "动漫reaction",
                "pid_v2": 1005,
                "pid_name_v2": "二次元",
                "bvid": "BV1hV411a7W9",
                "season_type": 0,
                "is_ogv": false,
                "ogv_info": null,
                "enable_vt": 0,
                "ai_rcmd": null,
                "rcmd_reason": "吾辈楷模，跨次元恋爱"
            },
            {
                "aid": 415301399,
                "videos": 1,
                "tid": 31,
                "tname": "翻唱",
                "copyright": 1,
                "pic": "http://i2.hdslb.com/bfs/archive/781393f5f641af6940dd3672ed0d24ed284117ef.jpg",
                "title": "百变奶精 翻唱",
                "pubdate": 1605232822,
                "ctime": 1605202121,
                "desc": "原曲:BV14Z4y1K7Px 《百变酒精》by法老（安利新砖《科幻小说》）\nstaff见PV. 拖拖拉拉 错过了二创活动. 这歌太好扭了┏ (^ω^)=\n“奶味”是大家给我的标签 我理解为也是一种爱意的表达~(非乱刷梗的情况下)\n------------  \nmp3之后会放 网易云—music.163.com/#/album?id=73927024",
                "state": 0,
                "duration": 223,
                "rights": {
                    "bp": 0,
                    "elec": 0,
                    "download": 0,
                    "movie": 0,
                    "pay": 0,
                    "hd5": 1,
                    "no_reprint": 1,
                    "autoplay": 1,
                    "ugc_pay": 0,
                    "is_cooperation": 0,
                    "ugc_pay_preview": 0,
                    "no_background": 0,
                    "arc_pay": 0,
                    "pay_free_watch": 0
                },
                "owner": {
                    "mid": 11073,
                    "name": "hanser",
                    "face": "https://i0.hdslb.com/bfs/face/0d179321aca5adc3a18f5e257c2f8ada1956063b.jpg"
                },
                "stat": {
                    "aid": 415301399,
                    "view": 5934687,
                    "danmaku": 8917,
                    "reply": 7584,
                    "favorite": 174190,
                    "coin": 253756,
                    "share": 49420,
                    "now_rank": 0,
                    "his_rank": 8,
                    "like": 403809,
                    "dislike": 0,
                    "vt": 0,
                    "vv": 5934687,
                    "fav_g": 0,
                    "like_g": 7
                },
                "dynamic": "说我唱什么都一股子奶味 用奶把你键盘屏幕浸泡到报废!",
                "cid": 255207715,
                "dimension": {
                    "width": 1920,
                    "height": 1080,
                    "rotate": 0
                },
                "short_link_v2": "https://b23.tv/BV1gV411a7GP",
                "cover43": "",
                "tidv2": 2020,
                "tnamev2": "翻唱",
                "pid_v2": 1003,
                "pid_name_v2": "音乐",
                "bvid": "BV1gV411a7GP",
                "season_type": 0,
                "is_ogv": false,
                "ogv_info": null,
                "enable_vt": 0,
                "ai_rcmd": null,
                "rcmd_reason": "太上头了，奶味rap就此开启"
            },
            {
                "aid": 457870867,
                "videos": 1,
                "tid": 257,
                "tname": "配音",
                "copyright": 1,
                "pic": "http://i0.hdslb.com/bfs/archive/c2d7f7d2995269ece1f7336327809e1b781a8c74.jpg",
                "title": "派大星：医生为我开了副这个，我还有救吗？",
                "pubdate": 1605229255,
                "ctime": 1605206839,
                "desc": "每个人表面上都想改变自己，但内心却都抗拒改变，这是人性的懒惰和矛盾",
                "state": 0,
                "duration": 210,
                "mission_id": 14957,
                "rights": {
                    "bp": 0,
                    "elec": 0,
                    "download": 0,
                    "movie": 0,
                    "pay": 0,
                    "hd5": 1,
                    "no_reprint": 1,
                    "autoplay": 1,
                    "ugc_pay": 0,
                    "is_cooperation": 0,
                    "ugc_pay_preview": 0,
                    "no_background": 0,
                    "arc_pay": 0,
                    "pay_free_watch": 0
                },
                "owner": {
                    "mid": 1590705,
                    "name": "良心发作的chunchun",
                    "face": "https://i0.hdslb.com/bfs/face/09fdb20792782e4f5efcaa75fc78528dd61883fd.jpg"
                },
                "stat": {
                    "aid": 457870867,
                    "view": 8570244,
                    "danmaku": 10035,
                    "reply": 3857,
                    "favorite": 169374,
                    "coin": 269106,
                    "share": 80486,
                    "now_rank": 0,
                    "his_rank": 1,
                    "like": 491111,
                    "dislike": 0,
                    "vt": 0,
                    "vv": 8570244,
                    "fav_g": 0,
                    "like_g": 4
                },
                "dynamic": "每个人表面上都想改变自己，但内心却都抗拒改变，这是人性的懒惰和矛盾",
                "cid": 255215058,
                "dimension": {
                    "width": 1920,
                    "height": 1080,
                    "rotate": 0
                },
                "season_id": 2965,
                "short_link_v2": "https://b23.tv/BV1g541157Nm",
                "pub_location": "湖南",
                "cover43": "",
                "tidv2": 2044,
                "tnamev2": "动画配音",
                "pid_v2": 1005,
                "pid_name_v2": "二次元",
                "bvid": "BV1g541157Nm",
                "season_type": 0,
                "is_ogv": false,
                "ogv_info": null,
                "enable_vt": 0,
                "ai_rcmd": null,
                "rcmd_reason": "又治愈又搞笑，表白神仙up"
            },
            {
                "aid": 670257917,
                "videos": 1,
                "tid": 157,
                "tname": "美妆护肤",
                "copyright": 1,
                "pic": "http://i1.hdslb.com/bfs/archive/1387a313ce0db203d8d8f7fb4547f99d4ae410e3.jpg",
                "title": "鞠婧祎对不起！研究了女明星4年100张自拍后总结出的凡尔赛心机自拍教程",
                "pubdate": 1605350717,
                "ctime": 1605350717,
                "desc": "-",
                "state": 0,
                "duration": 280,
                "mission_id": 14935,
                "rights": {
                    "bp": 0,
                    "elec": 0,
                    "download": 0,
                    "movie": 0,
                    "pay": 0,
                    "hd5": 1,
                    "no_reprint": 1,
                    "autoplay": 1,
                    "ugc_pay": 0,
                    "is_cooperation": 0,
                    "ugc_pay_preview": 0,
                    "no_background": 0,
                    "arc_pay": 0,
                    "pay_free_watch": 0
                },
                "owner": {
                    "mid": 3725622,
                    "name": "一一只是黑猫",
                    "face": "https://i0.hdslb.com/bfs/face/59ab559f3aecd706e947429395e9b6cbfae0b633.jpg"
                },
                "stat": {
                    "aid": 670257917,
                    "view": 2401292,
                    "danmaku": 6561,
                    "reply": 3416,
                    "favorite": 52673,
                    "coin": 49818,
                    "share": 23806,
                    "now_rank": 0,
                    "his_rank": 20,
                    "like": 160026,
                    "dislike": 0,
                    "vt": 0,
                    "vv": 2401292,
                    "fav_g": 0,
                    "like_g": 3
                },
                "dynamic": "",
                "cid": 255765782,
                "dimension": {
                    "width": 1920,
                    "height": 1080,
                    "rotate": 0
                },
                "short_link_v2": "https://b23.tv/BV1da4y1s7oM",
                "cover43": "",
                "tidv2": 2118,
                "tnamev2": "时尚解读",
                "pid_v2": 1014,
                "pid_name_v2": "时尚美妆",
                "bvid": "BV1da4y1s7oM",
                "season_type": 0,
                "is_ogv": false,
                "ogv_info": null,
                "enable_vt": 0,
                "ai_rcmd": null,
                "rcmd_reason": "原来这就是B站的美妆区（doge）"
            },
            {
                "aid": 500270183,
                "videos": 1,
                "tid": 27,
                "tname": "综合",
                "copyright": 1,
                "pic": "http://i0.hdslb.com/bfs/archive/b1d4334ef769ec3fa7fbb9733856885b0a0cf82c.jpg",
                "title": "“你遇见属于你自己的史迪仔了吗……”",
                "pubdate": 1605324138,
                "ctime": 1605324138,
                "desc": "中规中矩的标题，毫无特色的封面\n可能注定不会有太多人愿意点进来，但是我依然希望你们能够静下来心来看完这个视频……\nBGM：love story cover（无人声）网易云搜索主播电台\n素材：星际宝贝",
                "state": 0,
                "duration": 89,
                "rights": {
                    "bp": 0,
                    "elec": 0,
                    "download": 0,
                    "movie": 0,
                    "pay": 0,
                    "hd5": 0,
                    "no_reprint": 1,
                    "autoplay": 1,
                    "ugc_pay": 0,
                    "is_cooperation": 0,
                    "ugc_pay_preview": 0,
                    "no_background": 0,
                    "arc_pay": 0,
                    "pay_free_watch": 0
                },
                "owner": {
                    "mid": 380936285,
                    "name": "迷人仄",
                    "face": "http://i2.hdslb.com/bfs/face/b8d375aa47c935d10857bd8b8c0e421fa63d5a67.jpg"
                },
                "stat": {
                    "aid": 500270183,
                    "view": 7128553,
                    "danmaku": 8728,
                    "reply": 7274,
                    "favorite": 266685,
                    "coin": 239105,
                    "share": 73714,
                    "now_rank": 0,
                    "his_rank": 2,
                    "like": 566252,
                    "dislike": 0,
                    "vt": 0,
                    "vv": 7128553,
                    "fav_g": 16,
                    "like_g": 18
                },
                "dynamic": "",
                "cid": 255618233,
                "dimension": {
                    "width": 1920,
                    "height": 1080,
                    "rotate": 0
                },
                "short_link_v2": "https://b23.tv/BV1ZK411G7ev",
                "cover43": "",
                "tidv2": 2041,
                "tnamev2": "动漫剪辑",
                "pid_v2": 1005,
                "pid_name_v2": "二次元",
                "bvid": "BV1ZK411G7ev",
                "season_type": 0,
                "is_ogv": false,
                "ogv_info": null,
                "enable_vt": 0,
                "ai_rcmd": null,
                "rcmd_reason": "看完这个视频，明白了喜欢史迪仔的原因"
            },
            {
                "aid": 585276577,
                "videos": 1,
                "tid": 124,
                "tname": "社科·法律·心理",
                "copyright": 1,
                "pic": "http://i2.hdslb.com/bfs/archive/b03e495d53e9bed71b7d02aa0a399a97ae8d5468.jpg",
                "title": "【罗翔】没想到哥哥是个海王！骗钱+骗色=诈骗+强奸？",
                "pubdate": 1605585904,
                "ctime": 1605572635,
                "desc": "这期视频与大家聊聊《守护解放西2》中的一起案件。",
                "state": 0,
                "duration": 773,
                "mission_id": 15050,
                "redirect_url": "https://www.bilibili.com/bangumi/play/ep368370",
                "rights": {
                    "bp": 0,
                    "elec": 0,
                    "download": 0,
                    "movie": 0,
                    "pay": 0,
                    "hd5": 1,
                    "no_reprint": 1,
                    "autoplay": 0,
                    "ugc_pay": 0,
                    "is_cooperation": 0,
                    "ugc_pay_preview": 0,
                    "no_background": 0,
                    "arc_pay": 0,
                    "pay_free_watch": 0
                },
                "owner": {
                    "mid": 517327498,
                    "name": "罗翔说刑法",
                    "face": "https://i1.hdslb.com/bfs/face/4e5d0a51273fe3f8fabc700b6a71bb8a38c9e21e.jpg"
                },
                "stat": {
                    "aid": 585276577,
                    "view": 6746942,
                    "danmaku": 45459,
                    "reply": 7902,
                    "favorite": 4939,
                    "coin": 106843,
                    "share": 88825,
                    "now_rank": 0,
                    "his_rank": 3,
                    "like": 288607,
                    "dislike": 0,
                    "vt": 0,
                    "vv": 6746942,
                    "fav_g": 0,
                    "like_g": 1
                },
                "dynamic": "我本以为游进了哥哥的鱼塘，没想到哥哥是个海王。",
                "cid": 256651057,
                "dimension": {
                    "width": 1920,
                    "height": 1080,
                    "rotate": 0
                },
                "short_link_v2": "https://b23.tv/BV1Wz4y1y7yM",
                "pub_location": "北京",
                "cover43": "",
                "tidv2": 2088,
                "tnamev2": "社会观察",
                "pid_v2": 1010,
                "pid_name_v2": "知识",
                "bvid": "BV1Wz4y1y7yM",
                "season_type": 0,
                "is_ogv": false,
                "ogv_info": null,
                "enable_vt": 0,
                "ai_rcmd": null,
                "rcmd_reason": "罗老师越来越有内味了"
            },
            {
                "aid": 712866039,
                "videos": 1,
                "tid": 193,
                "tname": "MV",
                "copyright": 1,
                "pic": "http://i1.hdslb.com/bfs/archive/3f4113517a4966218873f5ce904980b3d0705667.jpg",
                "title": "【高清版】青回了！许嵩&朱婷婷《如果当时2020》",
                "pubdate": 1605433219,
                "ctime": 1605433219,
                "desc": "婉转一声黄梅调，从田园旷野走来，在嗓间慢慢流淌，唱至真至淳的世间百态，咏至情至性的不朽爱情！11月15日，新华社“声在中国”推出系列非遗音乐微纪录片《不曾遗忘的符号》第六集《皖若之初见》。看黄梅戏青年演员朱婷婷与唱作人许嵩为你带来不一样的《如果当时2020》。",
                "state": 0,
                "duration": 433,
                "rights": {
                    "bp": 0,
                    "elec": 0,
                    "download": 0,
                    "movie": 0,
                    "pay": 0,
                    "hd5": 1,
                    "no_reprint": 1,
                    "autoplay": 1,
                    "ugc_pay": 0,
                    "is_cooperation": 0,
                    "ugc_pay_preview": 0,
                    "no_background": 0,
                    "arc_pay": 0,
                    "pay_free_watch": 0
                },
                "owner": {
                    "mid": 473837611,
                    "name": "新华社",
                    "face": "https://i1.hdslb.com/bfs/face/396b93a7f619882afa711879dbf2cb98a40e7367.jpg"
                },
                "stat": {
                    "aid": 712866039,
                    "view": 5047685,
                    "danmaku": 31208,
                    "reply": 12176,
                    "favorite": 142417,
                    "coin": 380345,
                    "share": 77129,
                    "now_rank": 0,
                    "his_rank": 3,
                    "like": 366460,
                    "dislike": 0,
                    "vt": 0,
                    "vv": 5047685,
                    "fav_g": 0,
                    "like_g": 4
                },
                "dynamic": "[热词系列_爷青回]",
                "cid": 256027877,
                "dimension": {
                    "width": 1920,
                    "height": 1080,
                    "rotate": 0
                },
                "short_link_v2": "https://b23.tv/BV1KD4y1X79q",
                "cover43": "",
                "tidv2": 4215,
                "tnamev2": "音乐资讯",
                "pid_v2": 1003,
                "pid_name_v2": "音乐",
                "bvid": "BV1KD4y1X79q",
                "season_type": 0,
                "is_ogv": false,
                "ogv_info": null,
                "enable_vt": 0,
                "ai_rcmd": null,
                "rcmd_reason": "一开口真的爷青回"
            },
            {
                "aid": 585315302,
                "videos": 1,
                "tid": 182,
                "tname": "影视杂谈",
                "copyright": 1,
                "pic": "http://i2.hdslb.com/bfs/archive/2de12fa4323777b4f95e89748e6fc61c19a439a4.jpg",
                "title": "【刘老师】如坐针毡如鲠在喉！逆天吐槽史上最烂《鹿鼎记》",
                "pubdate": 1605607372,
                "ctime": 1605607372,
                "desc": "为啥《鹿鼎记》会烂成这样？",
                "state": 0,
                "duration": 395,
                "mission_id": 14956,
                "rights": {
                    "bp": 0,
                    "elec": 0,
                    "download": 0,
                    "movie": 0,
                    "pay": 0,
                    "hd5": 1,
                    "no_reprint": 1,
                    "autoplay": 1,
                    "ugc_pay": 0,
                    "is_cooperation": 0,
                    "ugc_pay_preview": 0,
                    "no_background": 0,
                    "arc_pay": 0,
                    "pay_free_watch": 0
                },
                "owner": {
                    "mid": 79061224,
                    "name": "刘老师说电影",
                    "face": "https://i1.hdslb.com/bfs/face/145226ff2d32d7c99b8ea3591ffec2f38fc9d3d3.jpg"
                },
                "stat": {
                    "aid": 585315302,
                    "view": 4091899,
                    "danmaku": 42198,
                    "reply": 5180,
                    "favorite": 5861,
                    "coin": 9083,
                    "share": 14459,
                    "now_rank": 0,
                    "his_rank": 47,
                    "like": 109986,
                    "dislike": 0,
                    "vt": 0,
                    "vv": 4091899,
                    "fav_g": 0,
                    "like_g": 0
                },
                "dynamic": "酱婶儿的韦小宝真能娶着七个老婆？",
                "cid": 256800096,
                "dimension": {
                    "width": 1920,
                    "height": 1080,
                    "rotate": 0
                },
                "short_link_v2": "https://b23.tv/BV1Bz4y1y7w8",
                "cover43": "",
                "tidv2": 2001,
                "tnamev2": "影视解读",
                "pid_v2": 1001,
                "pid_name_v2": "影视",
                "bvid": "BV1Bz4y1y7w8",
                "season_type": 0,
                "is_ogv": false,
                "ogv_info": null,
                "enable_vt": 0,
                "ai_rcmd": null,
                "rcmd_reason": "你们UP主果然有个群"
            },
            {
                "aid": 585342817,
                "videos": 1,
                "tid": 138,
                "tname": "搞笑",
                "copyright": 1,
                "pic": "http://i1.hdslb.com/bfs/archive/ab31b14c220f23f043c39ef0a678b865cdcc8bb4.jpg",
                "title": "偷偷假扮成人体模特吓男朋友，结果居然...",
                "pubdate": 1605261910,
                "ctime": 1605245807,
                "desc": "他说点赞过15W，五天之内整回来....\n\n我笑了...\n我怎么可能会给他这个机会呢？",
                "state": 0,
                "duration": 469,
                "mission_id": 14961,
                "rights": {
                    "bp": 0,
                    "elec": 0,
                    "download": 0,
                    "movie": 0,
                    "pay": 0,
                    "hd5": 0,
                    "no_reprint": 1,
                    "autoplay": 1,
                    "ugc_pay": 0,
                    "is_cooperation": 0,
                    "ugc_pay_preview": 0,
                    "no_background": 0,
                    "arc_pay": 0,
                    "pay_free_watch": 0
                },
                "owner": {
                    "mid": 113362335,
                    "name": "宝剑嫂",
                    "face": "https://i0.hdslb.com/bfs/face/93f3d5d1085357565a4c2e4ac151104ac3d783ac.jpg"
                },
                "stat": {
                    "aid": 585342817,
                    "view": 5101383,
                    "danmaku": 12248,
                    "reply": 2449,
                    "favorite": 29370,
                    "coin": 83990,
                    "share": 14316,
                    "now_rank": 0,
                    "his_rank": 3,
                    "like": 537418,
                    "dislike": 0,
                    "vt": 0,
                    "vv": 5101383,
                    "fav_g": 8,
                    "like_g": 17
                },
                "dynamic": "不出意外，现在满屏都是那五个字！\n整蛊之神宝剑嫂，回来了！",
                "cid": 255303581,
                "dimension": {
                    "width": 1920,
                    "height": 1080,
                    "rotate": 0
                },
                "short_link_v2": "https://b23.tv/BV1yz4y1y7ts",
                "cover43": "",
                "tidv2": 2207,
                "tnamev2": "随拍·综合",
                "pid_v2": 1032,
                "pid_name_v2": "其他",
                "bvid": "BV1yz4y1y7ts",
                "season_type": 0,
                "is_ogv": false,
                "ogv_info": null,
                "enable_vt": 0,
                "ai_rcmd": null,
                "rcmd_reason": "看到后面，觉得是在整蛊我"
            },
            {
                "aid": 712752183,
                "videos": 1,
                "tid": 76,
                "tname": "美食制作",
                "copyright": 1,
                "pic": "http://i1.hdslb.com/bfs/archive/989a5f6b9d75ad69bffddba40b6a6f27c44bec65.jpg",
                "title": "耗费了好几天的体力，挥舞了上万次的手臂，结果...",
                "pubdate": 1605585614,
                "ctime": 1605548833,
                "desc": "文字版菜谱在视频末尾(*￣ω￣) 日更微博@绵羊料理\n微信公众号：绵羊料理\n油管同步更新：https://www.youtube.com/c/sheephoho",
                "state": 0,
                "duration": 369,
                "mission_id": 14993,
                "rights": {
                    "bp": 0,
                    "elec": 0,
                    "download": 0,
                    "movie": 0,
                    "pay": 0,
                    "hd5": 1,
                    "no_reprint": 1,
                    "autoplay": 1,
                    "ugc_pay": 0,
                    "is_cooperation": 0,
                    "ugc_pay_preview": 0,
                    "no_background": 0,
                    "arc_pay": 0,
                    "pay_free_watch": 0
                },
                "owner": {
                    "mid": 18202105,
                    "name": "绵羊料理",
                    "face": "https://i1.hdslb.com/bfs/face/54b5c9c2ad7f1baff195090bfd6afa365ef20c37.jpg"
                },
                "stat": {
                    "aid": 712752183,
                    "view": 8533968,
                    "danmaku": 16086,
                    "reply": 6171,
                    "favorite": 40409,
                    "coin": 239148,
                    "share": 19042,
                    "now_rank": 0,
                    "his_rank": 1,
                    "like": 454615,
                    "dislike": 0,
                    "vt": 0,
                    "vv": 8533968,
                    "fav_g": 16,
                    "like_g": 19
                },
                "dynamic": "以为是个体力活，其实是个技术活，以为是个技术活，原来是个...",
                "cid": 256623488,
                "dimension": {
                    "width": 1920,
                    "height": 1080,
                    "rotate": 0
                },
                "season_id": 134,
                "short_link_v2": "https://b23.tv/BV1pD4y1R7uE",
                "cover43": "",
                "tidv2": 2149,
                "tnamev2": "美食制作",
                "pid_v2": 1020,
                "pid_name_v2": "美食",
                "bvid": "BV1pD4y1R7uE",
                "season_type": 0,
                "is_ogv": false,
                "ogv_info": null,
                "enable_vt": 0,
                "ai_rcmd": null,
                "rcmd_reason": "这个潮汕牛丸...挺费手的"
            },
            {
                "aid": 330356922,
                "videos": 1,
                "tid": 183,
                "tname": "影视剪辑",
                "copyright": 1,
                "pic": "http://i2.hdslb.com/bfs/archive/363d1ad5a2aa14f6433ee6eab13e74bab3da9a31.jpg",
                "title": "拳拳到肉，枪枪爆头！坚持三十秒不投币，我当场.......",
                "pubdate": 1605241804,
                "ctime": 1605195366,
                "desc": "BGM：Gladiator\n尽力了，真的太累了，用心制作的作品希望不会再沉了。\n喜欢记得长按点赞三连支持一下哦~感激不尽",
                "state": 0,
                "duration": 193,
                "rights": {
                    "bp": 0,
                    "elec": 0,
                    "download": 0,
                    "movie": 0,
                    "pay": 0,
                    "hd5": 1,
                    "no_reprint": 1,
                    "autoplay": 1,
                    "ugc_pay": 0,
                    "is_cooperation": 0,
                    "ugc_pay_preview": 0,
                    "no_background": 0,
                    "arc_pay": 0,
                    "pay_free_watch": 0
                },
                "owner": {
                    "mid": 393933960,
                    "name": "侍晓俊",
                    "face": "https://i0.hdslb.com/bfs/face/786ea1df49d9787fbe6d8c9dcd71104636833d12.jpg"
                },
                "stat": {
                    "aid": 330356922,
                    "view": 1848617,
                    "danmaku": 1756,
                    "reply": 1413,
                    "favorite": 46272,
                    "coin": 81897,
                    "share": 6834,
                    "now_rank": 0,
                    "his_rank": 17,
                    "like": 139416,
                    "dislike": 0,
                    "vt": 0,
                    "vv": 1848617,
                    "fav_g": 0,
                    "like_g": 0
                },
                "dynamic": "求点赞！求三连~",
                "cid": 255179094,
                "dimension": {
                    "width": 1920,
                    "height": 1080,
                    "rotate": 0
                },
                "short_link_v2": "https://b23.tv/BV1JA411x7o6",
                "cover43": "",
                "tidv2": 2002,
                "tnamev2": "影视剪辑",
                "pid_v2": 1001,
                "pid_name_v2": "影视",
                "bvid": "BV1JA411x7o6",
                "season_type": 0,
                "is_ogv": false,
                "ogv_info": null,
                "enable_vt": 0,
                "ai_rcmd": null,
                "rcmd_reason": "1.5倍速发现新大陆"
            },
            {
                "aid": 415269373,
                "videos": 1,
                "tid": 24,
                "tname": "MAD·AMV",
                "copyright": 1,
                "pic": "http://i1.hdslb.com/bfs/archive/150d5aee603b012cc815dea4ba9491fadaf60a34.jpg",
                "title": "警告⚠️:该视频极有可能伤害到你的身体（眼睛）！！！",
                "pubdate": 1605414616,
                "ctime": 1605401797,
                "desc": "BGM：Amaranthe - Digital World\n离10W粉丝就差2W了 求关注啊！！！！！\n拖了两个月终于把燃系做出来了 这大概是我做的最好的燃系视频了 希望大家能三连支持一下！\n求三连！求三连！求三连！求三连！求三连！求三连！求三连！求三连！求三连！求三连！求三连！\n上热门！上热门！上热门！上热门！上热门！上热门！上热门！上热门！上热门！上热门！上热门！\n求三连！求三连！求三连！求三连！求三连！求三连！求三连！求三连！求三连！求三连！求三连！\n上热门！上热门！上热门！上热门！上热门！上热门！",
                "state": 0,
                "duration": 196,
                "mission_id": 14703,
                "rights": {
                    "bp": 0,
                    "elec": 0,
                    "download": 0,
                    "movie": 0,
                    "pay": 0,
                    "hd5": 1,
                    "no_reprint": 1,
                    "autoplay": 1,
                    "ugc_pay": 0,
                    "is_cooperation": 0,
                    "ugc_pay_preview": 0,
                    "no_background": 0,
                    "arc_pay": 0,
                    "pay_free_watch": 0
                },
                "owner": {
                    "mid": 26347931,
                    "name": "渚岸汐潮",
                    "face": "https://i2.hdslb.com/bfs/face/6c4543a4851d916cd64243fe6bdcabf69298f3af.jpg"
                },
                "stat": {
                    "aid": 415269373,
                    "view": 2032991,
                    "danmaku": 2351,
                    "reply": 2036,
                    "favorite": 60573,
                    "coin": 67064,
                    "share": 14847,
                    "now_rank": 0,
                    "his_rank": 9,
                    "like": 123251,
                    "dislike": 0,
                    "vt": 0,
                    "vv": 2032991,
                    "fav_g": 19,
                    "like_g": 10
                },
                "dynamic": "拖了两个月终于把燃系做出来了 这大概是我做的最好的燃系视频了 希望大家能三连支持一下！",
                "cid": 255946203,
                "dimension": {
                    "width": 1920,
                    "height": 1080,
                    "rotate": 0
                },
                "short_link_v2": "https://b23.tv/BV1GV411a7TZ",
                "cover43": "",
                "tidv2": 2041,
                "tnamev2": "动漫剪辑",
                "pid_v2": 1005,
                "pid_name_v2": "二次元",
                "bvid": "BV1GV411a7TZ",
                "season_type": 0,
                "is_ogv": false,
                "ogv_info": null,
                "enable_vt": 0,
                "ai_rcmd": null,
                "rcmd_reason": "献出我的心脏，为大佬助兴"
            },
            {
                "aid": 415281238,
                "videos": 1,
                "tid": 138,
                "tname": "搞笑",
                "copyright": 1,
                "pic": "http://i2.hdslb.com/bfs/archive/3cc81ef4eecd3a043732555a60b1b5122183d058.jpg",
                "title": "文！化！沙！漠！",
                "pubdate": 1605607202,
                "ctime": 1605607204,
                "desc": "我读书少，真的猜不出来",
                "state": 0,
                "duration": 840,
                "rights": {
                    "bp": 0,
                    "elec": 0,
                    "download": 0,
                    "movie": 0,
                    "pay": 0,
                    "hd5": 0,
                    "no_reprint": 1,
                    "autoplay": 1,
                    "ugc_pay": 0,
                    "is_cooperation": 0,
                    "ugc_pay_preview": 0,
                    "no_background": 0,
                    "arc_pay": 0,
                    "pay_free_watch": 0
                },
                "owner": {
                    "mid": 546195,
                    "name": "老番茄",
                    "face": "http://i0.hdslb.com/bfs/face/bc5ca101313d4db223c395d64779e76eb3482d60.jpg"
                },
                "stat": {
                    "aid": 415281238,
                    "view": 6045409,
                    "danmaku": 38639,
                    "reply": 4913,
                    "favorite": 53313,
                    "coin": 124200,
                    "share": 14882,
                    "now_rank": 0,
                    "his_rank": 2,
                    "like": 429001,
                    "dislike": 0,
                    "vt": 0,
                    "vv": 6045409,
                    "fav_g": 0,
                    "like_g": 5
                },
                "dynamic": "",
                "cid": 255516848,
                "dimension": {
                    "width": 1920,
                    "height": 1080,
                    "rotate": 0
                },
                "short_link_v2": "https://b23.tv/BV1LV411a7y3",
                "cover43": "",
                "tidv2": 2207,
                "tnamev2": "随拍·综合",
                "pid_v2": 1032,
                "pid_name_v2": "其他",
                "bvid": "BV1LV411a7y3",
                "season_type": 0,
                "is_ogv": false,
                "ogv_info": null,
                "enable_vt": 0,
                "ai_rcmd": null,
                "rcmd_reason": "悟了，我才是文化沙漠"
            },
            {
                "aid": 245263208,
                "videos": 1,
                "tid": 182,
                "tname": "影视杂谈",
                "copyright": 1,
                "pic": "http://i1.hdslb.com/bfs/archive/bfb53fcb64becfdd7e36d3f6ddd31651afb16130.jpg",
                "title": "夏洛克死而复生！却惨遭华生「家暴」！9.0分悬疑神剧《神探夏洛克》（07/S3E1）",
                "pubdate": 1605542911,
                "ctime": 1605542911,
                "desc": "今天更新《神探夏洛克》第三季\n看大侦探如何死而复生！\n\n本期点赞过9万\n将于三日之内更新《神探夏洛克》第三季第二集\n电影之神「库布里克」的《电影史话》也在紧张制作中~\n\n一千零一部，拯救你的剧荒，点赞越多，更新越快哦~",
                "state": 0,
                "duration": 2136,
                "rights": {
                    "bp": 0,
                    "elec": 0,
                    "download": 0,
                    "movie": 0,
                    "pay": 0,
                    "hd5": 1,
                    "no_reprint": 1,
                    "autoplay": 1,
                    "ugc_pay": 0,
                    "is_cooperation": 0,
                    "ugc_pay_preview": 0,
                    "no_background": 0,
                    "arc_pay": 0,
                    "pay_free_watch": 0
                },
                "owner": {
                    "mid": 927587,
                    "name": "木鱼水心",
                    "face": "https://i2.hdslb.com/bfs/face/e922d9dc09a2d21f1400ad0f02f75ecf1b3575c8.jpg"
                },
                "stat": {
                    "aid": 245263208,
                    "view": 3804043,
                    "danmaku": 23605,
                    "reply": 2537,
                    "favorite": 31376,
                    "coin": 133341,
                    "share": 10890,
                    "now_rank": 0,
                    "his_rank": 4,
                    "like": 296780,
                    "dislike": 0,
                    "vt": 0,
                    "vv": 3804043,
                    "fav_g": 1,
                    "like_g": 0
                },
                "dynamic": "夏洛克复活归来！\n却惨遭华生「家暴」？\n9.0分悬疑神剧《神探夏洛克》\n#木鱼水心##一千零一部##悬疑推理#",
                "cid": 256608466,
                "dimension": {
                    "width": 1920,
                    "height": 1080,
                    "rotate": 0
                },
                "season_id": 108566,
                "short_link_v2": "https://b23.tv/BV1Jv411r73k",
                "cover43": "",
                "tidv2": 2001,
                "tnamev2": "影视解读",
                "pid_v2": 1001,
                "pid_name_v2": "影视",
                "bvid": "BV1Jv411r73k",
                "season_type": 0,
                "is_ogv": false,
                "ogv_info": null,
                "enable_vt": 0,
                "ai_rcmd": null,
                "rcmd_reason": "重温经典，又来追剧啦！"
            },
            {
                "aid": 800370581,
                "videos": 1,
                "tid": 182,
                "tname": "影视杂谈",
                "copyright": 1,
                "pic": "http://i0.hdslb.com/bfs/archive/87df7166d5704283cdd9452ec6161914971499ba.jpg",
                "title": "这片太沙雕了！超越原作的演出【阅片无数72】",
                "pubdate": 1605708000,
                "ctime": 1605708001,
                "desc": "想看更多的阅片无数小伙伴们转发三连搞起来哦\n更多生活中的凉风请参见→微博@凉风Kaze\n第七十一期BV1qy4y1B7Qs：人质：别救我了，我想再呆一会\n第七十期BV1P5411L78A：学生复仇数学老师，逼其两小时做完整本习题\n第六十九期BV1Jy4y1B7Pj：全站应该没几个人看过这全员变态的日剧\n第六十八期BV1zf4y1B7WE：三小时从单身到离异\n更多生活中的凉风请参见→微博@凉风Kaza\n另外一些不适合在视频解答的题，之后会放在微博",
                "state": 0,
                "duration": 514,
                "rights": {
                    "bp": 0,
                    "elec": 0,
                    "download": 0,
                    "movie": 0,
                    "pay": 0,
                    "hd5": 1,
                    "no_reprint": 1,
                    "autoplay": 1,
                    "ugc_pay": 0,
                    "is_cooperation": 0,
                    "ugc_pay_preview": 0,
                    "no_background": 0,
                    "arc_pay": 0,
                    "pay_free_watch": 0
                },
                "owner": {
                    "mid": 14110780,
                    "name": "凉风Kaze",
                    "face": "https://i1.hdslb.com/bfs/face/e0cc906bb531195e9ee9f3b575effdd2b056eaea.jpg"
                },
                "stat": {
                    "aid": 800370581,
                    "view": 3572423,
                    "danmaku": 434,
                    "reply": 4584,
                    "favorite": 20078,
                    "coin": 73094,
                    "share": 10464,
                    "now_rank": 0,
                    "his_rank": 3,
                    "like": 295483,
                    "dislike": 0,
                    "vt": 0,
                    "vv": 3572423,
                    "fav_g": 0,
                    "like_g": 0
                },
                "dynamic": "本期#阅片无数#带你们看看碧蓝之海的真人版，这还原度不愧是你！\n三连不给我这个稳定产出的凉仔，还能给谁呢？",
                "cid": 322003229,
                "dimension": {
                    "width": 1920,
                    "height": 1080,
                    "rotate": 0
                },
                "season_id": 175,
                "short_link_v2": "https://b23.tv/BV15y4y1q7zg",
                "cover43": "",
                "tidv2": 2001,
                "tnamev2": "影视解读",
                "pid_v2": 1001,
                "pid_name_v2": "影视",
                "bvid": "BV15y4y1q7zg",
                "season_type": 0,
                "is_ogv": false,
                "ogv_info": null,
                "enable_vt": 0,
                "ai_rcmd": null,
                "rcmd_reason": "凉风这期穿的旗袍？"
            },
            {
                "aid": 330333650,
                "videos": 1,
                "tid": 21,
                "tname": "日常",
                "copyright": 1,
                "pic": "http://i2.hdslb.com/bfs/archive/645667bef33807cb28b57aba7a5235864014f479.jpg",
                "title": "追凶48小时，亲手揪出性骚扰我一年的变态",
                "pubdate": 1605326401,
                "ctime": 1605325696,
                "desc": "无须多言 就看视频吧",
                "state": 0,
                "duration": 863,
                "rights": {
                    "bp": 0,
                    "elec": 0,
                    "download": 0,
                    "movie": 0,
                    "pay": 0,
                    "hd5": 1,
                    "no_reprint": 1,
                    "autoplay": 1,
                    "ugc_pay": 0,
                    "is_cooperation": 0,
                    "ugc_pay_preview": 0,
                    "no_background": 0,
                    "arc_pay": 0,
                    "pay_free_watch": 0
                },
                "owner": {
                    "mid": 130636947,
                    "name": "塑料叉FOKU",
                    "face": "https://i0.hdslb.com/bfs/face/b23b68a60d4330aaa04c7785594bacad3837ff11.jpg"
                },
                "stat": {
                    "aid": 330333650,
                    "view": 7810636,
                    "danmaku": 81945,
                    "reply": 16015,
                    "favorite": 272714,
                    "coin": 443825,
                    "share": 107911,
                    "now_rank": 0,
                    "his_rank": 3,
                    "like": 794674,
                    "dislike": 0,
                    "vt": 0,
                    "vv": 7810636,
                    "fav_g": 154,
                    "like_g": 62
                },
                "dynamic": "无须多言 就看视频吧",
                "cid": 255542287,
                "dimension": {
                    "width": 1920,
                    "height": 1080,
                    "rotate": 0
                },
                "season_id": 899796,
                "short_link_v2": "https://b23.tv/BV1GA411x7W3",
                "cover43": "",
                "tidv2": 2088,
                "tnamev2": "社会观察",
                "pid_v2": 1010,
                "pid_name_v2": "知识",
                "bvid": "BV1GA411x7W3",
                "season_type": 0,
                "is_ogv": false,
                "ogv_info": null,
                "enable_vt": 0,
                "ai_rcmd": null,
                "rcmd_reason": "推理很精彩！给勇敢的up点赞"
            },
            {
                "aid": 415257219,
                "videos": 1,
                "tid": 162,
                "tname": "绘画",
                "copyright": 1,
                "pic": "http://i0.hdslb.com/bfs/archive/1a62b767b6173007ffe343321ee7e6105c94a53a.jpg",
                "title": "宁管这叫刮刮乐？",
                "pubdate": 1605312012,
                "ctime": 1605290060,
                "desc": "这次不画马克笔了，给大家带来一期刮画视频!\n希望大家能够喜欢呀!\n\n感谢大家的三连与关注，谢谢大家！\n在这里给各位HXD抱拳了！",
                "state": 0,
                "duration": 215,
                "mission_id": 14629,
                "rights": {
                    "bp": 0,
                    "elec": 0,
                    "download": 0,
                    "movie": 0,
                    "pay": 0,
                    "hd5": 1,
                    "no_reprint": 1,
                    "autoplay": 1,
                    "ugc_pay": 0,
                    "is_cooperation": 0,
                    "ugc_pay_preview": 0,
                    "no_background": 0,
                    "arc_pay": 0,
                    "pay_free_watch": 0
                },
                "owner": {
                    "mid": 8749302,
                    "name": "於音",
                    "face": "https://i0.hdslb.com/bfs/face/436ff4b0d580994abfe3f54e07669baf4258133f.jpg"
                },
                "stat": {
                    "aid": 415257219,
                    "view": 5216515,
                    "danmaku": 5329,
                    "reply": 2082,
                    "favorite": 82727,
                    "coin": 72311,
                    "share": 12349,
                    "now_rank": 0,
                    "his_rank": 21,
                    "like": 351503,
                    "dislike": 0,
                    "vt": 0,
                    "vv": 5216515,
                    "fav_g": 3,
                    "like_g": 10
                },
                "dynamic": "#绘画##鬼灭之刃##画画# 刮刮刮刮刮刮刮刮刮！ 乐！",
                "cid": 255545007,
                "dimension": {
                    "width": 1920,
                    "height": 1048,
                    "rotate": 0
                },
                "short_link_v2": "https://b23.tv/BV1ZV411h7Ss",
                "cover43": "",
                "tidv2": 2055,
                "tnamev2": "二次元绘画",
                "pid_v2": 1006,
                "pid_name_v2": "绘画",
                "bvid": "BV1ZV411h7Ss",
                "season_type": 0,
                "is_ogv": false,
                "ogv_info": null,
                "enable_vt": 0,
                "ai_rcmd": null,
                "rcmd_reason": "1分25秒正片开始，爷青回！"
            },
            {
                "aid": 927751616,
                "videos": 1,
                "tid": 182,
                "tname": "影视杂谈",
                "copyright": 1,
                "pic": "http://i1.hdslb.com/bfs/archive/a4c6599fac99a24ea3e56b098aad1d1cbdf1ee36.jpg",
                "title": "这是老子看过的最烂最垃圾的《鹿鼎记》！它甚至抄袭《海贼王》的bgm！",
                "pubdate": 1605652702,
                "ctime": 1605652702,
                "desc": "",
                "state": 0,
                "duration": 598,
                "rights": {
                    "bp": 0,
                    "elec": 0,
                    "download": 0,
                    "movie": 0,
                    "pay": 0,
                    "hd5": 1,
                    "no_reprint": 1,
                    "autoplay": 1,
                    "ugc_pay": 0,
                    "is_cooperation": 0,
                    "ugc_pay_preview": 0,
                    "no_background": 0,
                    "arc_pay": 0,
                    "pay_free_watch": 0
                },
                "owner": {
                    "mid": 414336759,
                    "name": "路温1900",
                    "face": "https://i0.hdslb.com/bfs/face/48ccbb62213fadae69a81ea893fc5736989611d7.jpg"
                },
                "stat": {
                    "aid": 927751616,
                    "view": 5311827,
                    "danmaku": 20393,
                    "reply": 7251,
                    "favorite": 14887,
                    "coin": 47683,
                    "share": 18211,
                    "now_rank": 0,
                    "his_rank": 32,
                    "like": 191199,
                    "dislike": 0,
                    "vt": 0,
                    "vv": 5311827,
                    "fav_g": 0,
                    "like_g": 0
                },
                "dynamic": "不好意思没忍住，脏话稍微多了点",
                "cid": 256972516,
                "dimension": {
                    "width": 1920,
                    "height": 1080,
                    "rotate": 0
                },
                "short_link_v2": "https://b23.tv/BV1tK4y1Z7jU",
                "cover43": "",
                "tidv2": 2001,
                "tnamev2": "影视解读",
                "pid_v2": 1001,
                "pid_name_v2": "影视",
                "bvid": "BV1tK4y1Z7jU",
                "season_type": 0,
                "is_ogv": false,
                "ogv_info": null,
                "enable_vt": 0,
                "ai_rcmd": null,
                "rcmd_reason": "影视区搞团建了，养活众多UP的鹿鼎记"
            },
            {
                "aid": 542772961,
                "videos": 1,
                "tid": 201,
                "tname": "科学科普",
                "copyright": 1,
                "pic": "http://i0.hdslb.com/bfs/archive/a8b40fc1c959c3a20ad745e1bf5c26b2e35253cc.jpg",
                "title": "【医学博士 】歧视乙肝是中华民族的群体PTSD吗？ | 全程高能",
                "pubdate": 1605335445,
                "ctime": 1605335445,
                "desc": "希望大家能看完，并把这个视频分享给身边的人。\n我们对疾病的恐惧更多的是来源于对疾病的无知。\n我为什么做科普视频给大家，就是希望能够帮助大家消解恐惧。\n不要再被对疾病的无知，变成畏惧，再变成更严重的歧视了。\n十分感谢大家的支持！\n求个三连，求个热门，让更多的人看到。\nlove and peace！\n往期内容：\n【感冒自救】BV1ha4y1s7qd\n【消除痘痘】BV1sv411r7cL\n【治疗鼻炎】BV1S5411L7Mw\n【如何祛纹】BV1SK411A73K\n【改善过敏】BV1Fz4y1f7E9",
                "state": 0,
                "duration": 849,
                "mission_id": 15050,
                "rights": {
                    "bp": 0,
                    "elec": 0,
                    "download": 0,
                    "movie": 0,
                    "pay": 0,
                    "hd5": 0,
                    "no_reprint": 1,
                    "autoplay": 1,
                    "ugc_pay": 0,
                    "is_cooperation": 0,
                    "ugc_pay_preview": 0,
                    "no_background": 0,
                    "arc_pay": 0,
                    "pay_free_watch": 0
                },
                "owner": {
                    "mid": 7788379,
                    "name": "兔叭咯",
                    "face": "https://i1.hdslb.com/bfs/face/7ab577c36aac95d53f03c9b6f92ea24ab1edfe98.jpg"
                },
                "stat": {
                    "aid": 542772961,
                    "view": 1588599,
                    "danmaku": 7180,
                    "reply": 5081,
                    "favorite": 48407,
                    "coin": 192049,
                    "share": 17247,
                    "now_rank": 0,
                    "his_rank": 11,
                    "like": 195049,
                    "dislike": 0,
                    "vt": 0,
                    "vv": 1588599,
                    "fav_g": 0,
                    "like_g": 4
                },
                "dynamic": "这是一期很有深度的视频，希望大家能认真看完，拒绝无知、拒绝歧视。最后求个三连，求个热门让更多的人看到，今天是love and peace！",
                "cid": 257430822,
                "dimension": {
                    "width": 1920,
                    "height": 1080,
                    "rotate": 0
                },
                "season_id": 102,
                "short_link_v2": "https://b23.tv/BV16i4y1L7Zz",
                "cover43": "",
                "tidv2": 2179,
                "tnamev2": "健康科普",
                "pid_v2": 1026,
                "pid_name_v2": "医疗保健",
                "bvid": "BV16i4y1L7Zz",
                "season_type": 0,
                "is_ogv": false,
                "ogv_info": null,
                "enable_vt": 0,
                "ai_rcmd": null,
                "rcmd_reason": "UP主有心了，这次一定投币"
            },
            {
                "aid": 457810450,
                "videos": 1,
                "tid": 28,
                "tname": "原创音乐",
                "copyright": 1,
                "pic": "http://i0.hdslb.com/bfs/archive/5a0c415fc2d0b35b562b71c217c574f05e8d3e3f.jpg",
                "title": "我很丑可是我很温柔",
                "pubdate": 1605521469,
                "ctime": 1605521469,
                "desc": "外表冷漠，内心狂热，那就是我 #我很丑可是我很温柔 #赵传 #经典",
                "state": 0,
                "duration": 114,
                "rights": {
                    "bp": 0,
                    "elec": 0,
                    "download": 0,
                    "movie": 0,
                    "pay": 0,
                    "hd5": 1,
                    "no_reprint": 1,
                    "autoplay": 1,
                    "ugc_pay": 0,
                    "is_cooperation": 0,
                    "ugc_pay_preview": 0,
                    "no_background": 0,
                    "arc_pay": 0,
                    "pay_free_watch": 0
                },
                "owner": {
                    "mid": 474290584,
                    "name": "赵传歌手",
                    "face": "https://i1.hdslb.com/bfs/face/d502c8f4bc598043456265fc5401f63ab104127f.jpg"
                },
                "stat": {
                    "aid": 457810450,
                    "view": 2150388,
                    "danmaku": 3319,
                    "reply": 3961,
                    "favorite": 13080,
                    "coin": 46545,
                    "share": 9589,
                    "now_rank": 0,
                    "his_rank": 15,
                    "like": 145535,
                    "dislike": 0,
                    "vt": 0,
                    "vv": 2150388,
                    "fav_g": 0,
                    "like_g": 0
                },
                "dynamic": "",
                "cid": 256489411,
                "dimension": {
                    "width": 1080,
                    "height": 1920,
                    "rotate": 0
                },
                "short_link_v2": "https://b23.tv/BV1X5411V7ZN",
                "cover43": "",
                "tidv2": 2018,
                "tnamev2": "音乐现场",
                "pid_v2": 1003,
                "pid_name_v2": "音乐",
                "bvid": "BV1X5411V7ZN",
                "season_type": 0,
                "is_ogv": false,
                "ogv_info": null,
                "enable_vt": 0,
                "ai_rcmd": null,
                "rcmd_reason": "开口跪！！彷佛回到了《我是一只小小鸟》那个世代"
            },
            {
                "aid": 927832432,
                "videos": 1,
                "tid": 161,
                "tname": "手工",
                "copyright": 1,
                "pic": "http://i1.hdslb.com/bfs/archive/fe7e6daa93708e52196e813ce6660230ea93c9c4.jpg",
                "title": "自制玉米脱粒玩耍机",
                "pubdate": 1605520776,
                "ctime": 1605520776,
                "desc": "-",
                "state": 0,
                "duration": 147,
                "rights": {
                    "bp": 0,
                    "elec": 0,
                    "download": 0,
                    "movie": 0,
                    "pay": 0,
                    "hd5": 1,
                    "no_reprint": 1,
                    "autoplay": 1,
                    "ugc_pay": 0,
                    "is_cooperation": 0,
                    "ugc_pay_preview": 0,
                    "no_background": 0,
                    "arc_pay": 0,
                    "pay_free_watch": 0
                },
                "owner": {
                    "mid": 280793434,
                    "name": "手工耿",
                    "face": "https://i1.hdslb.com/bfs/face/b8a75ae7d2a0e2af1d36ca9f1084d850eebb28e3.jpg"
                },
                "stat": {
                    "aid": 927832432,
                    "view": 6026125,
                    "danmaku": 16855,
                    "reply": 8274,
                    "favorite": 24397,
                    "coin": 100212,
                    "share": 31336,
                    "now_rank": 0,
                    "his_rank": 3,
                    "like": 352509,
                    "dislike": 0,
                    "vt": 0,
                    "vv": 6026125,
                    "fav_g": 0,
                    "like_g": 4
                },
                "dynamic": "",
                "cid": 256485521,
                "dimension": {
                    "width": 1080,
                    "height": 1920,
                    "rotate": 0
                },
                "short_link_v2": "https://b23.tv/BV1AK4y1f7CJ",
                "cover43": "",
                "tidv2": 2104,
                "tnamev2": "自制发明/设备",
                "pid_v2": 1012,
                "pid_name_v2": "科技数码",
                "bvid": "BV1AK4y1f7CJ",
                "season_type": 0,
                "is_ogv": false,
                "ogv_info": null,
                "enable_vt": 0,
                "ai_rcmd": null,
                "rcmd_reason": "好家伙，家里的鸡感动哭了"
            },
            {
                "aid": 330370448,
                "videos": 1,
                "tid": 95,
                "tname": "数码",
                "copyright": 1,
                "pic": "http://i0.hdslb.com/bfs/archive/e39571e2d1f7d52cea9985020a73add02d4323c4.jpg",
                "title": "华为Mate40 舔狗而已！下一个倒下的会不会是华为？Mate40的成功或许早已注定",
                "pubdate": 1605349248,
                "ctime": 1605349248,
                "desc": "感谢大家的三连支持！两台手机均是借用，拍完就要归还，不涉及任何推广恰饭，我觉得该夸的地方确实不需要吝啬，也真心希望P50 Mate50等等等等能够延续下去。\nBGM：\nNARUTO Main Theme-六三四\n Prep - Charlie Clouser \n武汉加油-9Zi\nFollow The Path-彭寒\nDream It Possible （曙光版）\nSame But Different",
                "state": 0,
                "duration": 568,
                "mission_id": 14871,
                "rights": {
                    "bp": 0,
                    "elec": 0,
                    "download": 0,
                    "movie": 0,
                    "pay": 0,
                    "hd5": 0,
                    "no_reprint": 1,
                    "autoplay": 1,
                    "ugc_pay": 0,
                    "is_cooperation": 0,
                    "ugc_pay_preview": 0,
                    "no_background": 0,
                    "arc_pay": 0,
                    "pay_free_watch": 0
                },
                "owner": {
                    "mid": 276928941,
                    "name": "林捂捂",
                    "face": "https://i0.hdslb.com/bfs/face/130befe6530b010a915b2af8f8852b8a743fdbfa.jpg"
                },
                "stat": {
                    "aid": 330370448,
                    "view": 4638241,
                    "danmaku": 47611,
                    "reply": 11766,
                    "favorite": 71149,
                    "coin": 262511,
                    "share": 28497,
                    "now_rank": 0,
                    "his_rank": 22,
                    "like": 305196,
                    "dislike": 0,
                    "vt": 0,
                    "vv": 4638241,
                    "fav_g": 0,
                    "like_g": 2
                },
                "dynamic": "好家伙！这一周基本上每天都是晚上整到3点4点，早上再上班，快把自己送走了！希望得到大家的三连支持！！！",
                "cid": 255744372,
                "dimension": {
                    "width": 1920,
                    "height": 1080,
                    "rotate": 0
                },
                "season_id": 35296,
                "short_link_v2": "https://b23.tv/BV1eA411x7KX",
                "cover43": "",
                "tidv2": 2100,
                "tnamev2": "手机",
                "pid_v2": 1012,
                "pid_name_v2": "科技数码",
                "bvid": "BV1eA411x7KX",
                "season_type": 0,
                "is_ogv": false,
                "ogv_info": null,
                "enable_vt": 0,
                "ai_rcmd": null,
                "rcmd_reason": "文艺这一块，愿称你为最强"
            }
        ]
    }
}