{
    "code": 0,
    "message": "OK",
    "ttl": 1,
    "data": {
        "config": {
            "id": 10,
            "type": "weekly_selected",
            "number": 9,
            "subject": "唯梦想不可辜负",
            "stime": 1558022400,
            "etime": 1558627199,
            "status": 2,
            "name": "2019第9期 05.17 - 05.23",
            "label": "第9期(0524更新)",
            "hint": "本周热词：",
            "color": 2,
            "cover": "http://i0.hdslb.com/bfs/archive/f1d15fe6a2f112a5f45e31774a71cccc239d196b.jpg",
            "share_title": "唯梦想不可辜负 | B站每周必看2019年第9期",
            "share_subtitle": "人总要有一次，为梦想奋不顾身。",
            "media_id": 462709888
        },
        "reminder": "每周五晚18:00更新",
        "list": [
            {
                "aid": 53321468,
                "videos": 1,
                "tid": 17,
                "tname": "单机游戏",
                "copyright": 1,
                "pic": "http://i1.hdslb.com/bfs/archive/3647cf9c3c189d73c68f11be8058c278e4966080.jpg",
                "title": "【敖厂长】做一部恰饭视频能挣多少钱",
                "pubdate": 1558583223,
                "ctime": 1558583223,
                "desc": "恰饭老祖的恰饭起源记(本视频不是恰饭视频，可放心观看)",
                "state": 0,
                "duration": 579,
                "rights": {
                    "bp": 0,
                    "elec": 0,
                    "download": 0,
                    "movie": 0,
                    "pay": 0,
                    "hd5": 1,
                    "no_reprint": 1,
                    "autoplay": 1,
                    "ugc_pay": 0,
                    "is_cooperation": 0,
                    "ugc_pay_preview": 0,
                    "no_background": 0,
                    "arc_pay": 0,
                    "pay_free_watch": 0
                },
                "owner": {
                    "mid": 122879,
                    "name": "敖厂长",
                    "face": "https://i2.hdslb.com/bfs/face/71d85b84b0b2aa59009cd6af09b53aac309c3461.jpg"
                },
                "stat": {
                    "aid": 53321468,
                    "view": 6436852,
                    "danmaku": 23145,
                    "reply": 13317,
                    "favorite": 31906,
                    "coin": 127464,
                    "share": 5026,
                    "now_rank": 0,
                    "his_rank": 1,
                    "like": 194311,
                    "dislike": 0,
                    "vt": 0,
                    "vv": 6436852,
                    "fav_g": 0,
                    "like_g": 0
                },
                "dynamic": "#敖厂长#新视频发布！做一部恰饭视频能挣多少钱，揭秘陈年往事",
                "cid": 93273627,
                "dimension": {
                    "width": 1920,
                    "height": 1080,
                    "rotate": 0
                },
                "short_link_v2": "https://b23.tv/BV1u4411L7ha",
                "cover43": "",
                "tidv2": 2095,
                "tnamev2": "其他知识杂谈",
                "pid_v2": 1010,
                "pid_name_v2": "知识",
                "bvid": "BV1u4411L7ha",
                "season_type": 0,
                "is_ogv": false,
                "ogv_info": null,
                "enable_vt": 0,
                "ai_rcmd": null,
                "rcmd_reason": "在大部分人不屑一顾的时候，他却把制作游戏视频当作人生梦想，并且坚持到了今天。"
            },
            {
                "aid": 52761403,
                "videos": 1,
                "tid": 183,
                "tname": "影视剪辑",
                "copyright": 1,
                "pic": "http://i0.hdslb.com/bfs/archive/48d09677b70e2508d2f7025a6769c159b53613c8.jpg",
                "title": "最强催泪：人，为什么要努力",
                "pubdate": 1558106121,
                "ctime": 1558106121,
                "desc": "人为什么要努力啊，也许是为了将来有更多选择，也许是为了报答家人，也许是不辜负父母的期盼，我们在努力的过程中，曾经想过放弃，也许还要在黑暗中行走很久，也许看不到希望。但不要放弃，因为只有努力过我们才能证明自己。献给所有正在高考的学子们。",
                "state": 0,
                "duration": 283,
                "rights": {
                    "bp": 0,
                    "elec": 0,
                    "download": 0,
                    "movie": 0,
                    "pay": 0,
                    "hd5": 1,
                    "no_reprint": 1,
                    "autoplay": 1,
                    "ugc_pay": 0,
                    "is_cooperation": 0,
                    "ugc_pay_preview": 0,
                    "no_background": 0,
                    "arc_pay": 0,
                    "pay_free_watch": 0
                },
                "owner": {
                    "mid": 411582895,
                    "name": "布兜大师",
                    "face": "https://i1.hdslb.com/bfs/face/b0abf28383ece9e52ac3f0a00f855bc93a86c5af.jpg"
                },
                "stat": {
                    "aid": 52761403,
                    "view": 14961559,
                    "danmaku": 69540,
                    "reply": 20031,
                    "favorite": 547226,
                    "coin": 283647,
                    "share": 103769,
                    "now_rank": 0,
                    "his_rank": 5,
                    "like": 525653,
                    "dislike": 0,
                    "vt": 0,
                    "vv": 14961559,
                    "fav_g": 7,
                    "like_g": 4
                },
                "dynamic": "#励志##正能量##感人#",
                "cid": 92328539,
                "dimension": {
                    "width": 1920,
                    "height": 1080,
                    "rotate": 0
                },
                "short_link_v2": "https://b23.tv/BV1r4411776v",
                "cover43": "",
                "tidv2": 2002,
                "tnamev2": "影视剪辑",
                "pid_v2": 1001,
                "pid_name_v2": "影视",
                "bvid": "BV1r4411776v",
                "season_type": 0,
                "is_ogv": false,
                "ogv_info": null,
                "enable_vt": 0,
                "ai_rcmd": null,
                "rcmd_reason": "为梦想奋斗的日子是人生最美妙的回忆。"
            },
            {
                "aid": 52993571,
                "videos": 1,
                "tid": 203,
                "tname": "热点",
                "copyright": 2,
                "pic": "http://i2.hdslb.com/bfs/archive/e179aa6d35aa30acb00a50de08c9d481431371c2.jpg",
                "title": "【新闻联播】华为绝地反击 中国居安思危",
                "pubdate": 1558270721,
                "ctime": 1558270721,
                "desc": "央视新闻\n新华社述评：汇聚高质量发展的澎湃动力——从供给侧结构性改革看中国经济新动能\n专家：美方抹黑中国 纯属别有用心\n人民日报钟声文章：香者自香，臭者自臭——“中国技术有害论”可以休矣\n国际锐评：华为绝地反击 中国居安思危",
                "state": 0,
                "duration": 275,
                "rights": {
                    "bp": 0,
                    "elec": 0,
                    "download": 0,
                    "movie": 0,
                    "pay": 0,
                    "hd5": 0,
                    "no_reprint": 0,
                    "autoplay": 1,
                    "ugc_pay": 0,
                    "is_cooperation": 0,
                    "ugc_pay_preview": 0,
                    "no_background": 0,
                    "arc_pay": 0,
                    "pay_free_watch": 0
                },
                "owner": {
                    "mid": 20165629,
                    "name": "共青团中央",
                    "face": "https://i1.hdslb.com/bfs/face/05725218e6cd8d0916da4f27ab56ca0957545c48.jpg"
                },
                "stat": {
                    "aid": 52993571,
                    "view": 2970607,
                    "danmaku": 22753,
                    "reply": 10000,
                    "favorite": 18746,
                    "coin": 27295,
                    "share": 9729,
                    "now_rank": 0,
                    "his_rank": 6,
                    "like": 118596,
                    "dislike": 0,
                    "vt": 0,
                    "vv": 2970607,
                    "fav_g": 0,
                    "like_g": 0
                },
                "dynamic": "新华社述评：汇聚高质量发展的澎湃动力——从供给侧结构性改革看中国经济新动能\n专家：美方抹黑中国 纯属别有用心\n人民日报钟声文章：香者自香，臭者自臭——“中国技术有害论”可以休矣\n国际锐评：华为绝地反击 中国居安思危#星海##中国##贸易战#",
                "cid": 92717372,
                "dimension": {
                    "width": 1280,
                    "height": 720,
                    "rotate": 0
                },
                "short_link_v2": "https://b23.tv/BV1g4411j7cd",
                "cover43": "",
                "tidv2": 2089,
                "tnamev2": "时政解读",
                "pid_v2": 1010,
                "pid_name_v2": "知识",
                "bvid": "BV1g4411j7cd",
                "season_type": 0,
                "is_ogv": false,
                "ogv_info": null,
                "enable_vt": 0,
                "ai_rcmd": null,
                "rcmd_reason": " 成功属于有梦想的人，而机会永远属于有准备的人。"
            },
            {
                "aid": 53043610,
                "videos": 1,
                "tid": 21,
                "tname": "日常",
                "copyright": 1,
                "pic": "http://i0.hdslb.com/bfs/archive/c3eda2242f1b58cd36bbe33e3fc29de32ed6b49e.jpg",
                "title": "衡水中学“学霸”励志演讲：这世间，唯有青春与梦想不可辜负",
                "pubdate": 1558322927,
                "ctime": 1558322927,
                "desc": "衡水中学“学霸”励志演讲：这世间，唯有青春与梦想不可辜负！",
                "state": 0,
                "duration": 554,
                "mission_id": 11418,
                "rights": {
                    "bp": 0,
                    "elec": 0,
                    "download": 0,
                    "movie": 0,
                    "pay": 0,
                    "hd5": 1,
                    "no_reprint": 1,
                    "autoplay": 1,
                    "ugc_pay": 0,
                    "is_cooperation": 0,
                    "ugc_pay_preview": 0,
                    "no_background": 0,
                    "arc_pay": 0,
                    "pay_free_watch": 0
                },
                "owner": {
                    "mid": 396389263,
                    "name": "教育思享",
                    "face": "https://i1.hdslb.com/bfs/face/d49cb70e1851435370bd869e3f226687962923b2.jpg"
                },
                "stat": {
                    "aid": 53043610,
                    "view": 24186934,
                    "danmaku": 192412,
                    "reply": 32976,
                    "favorite": 932928,
                    "coin": 626154,
                    "share": 462926,
                    "now_rank": 0,
                    "his_rank": 1,
                    "like": 1109935,
                    "dislike": 0,
                    "vt": 0,
                    "vv": 24186934,
                    "fav_g": 64,
                    "like_g": 31
                },
                "dynamic": "#衡水中学##高考##学霸#",
                "cid": 92800991,
                "dimension": {
                    "width": 1920,
                    "height": 1080,
                    "rotate": 0
                },
                "season_id": 3156438,
                "short_link_v2": "https://b23.tv/BV1j4411j79x",
                "cover43": "",
                "tidv2": 2188,
                "tnamev2": "自我成长",
                "pid_v2": 1027,
                "pid_name_v2": "情感",
                "bvid": "BV1j4411j79x",
                "season_type": 0,
                "is_ogv": false,
                "ogv_info": null,
                "enable_vt": 0,
                "ai_rcmd": null,
                "rcmd_reason": "人间值得，未来可期。"
            },
            {
                "aid": 52554795,
                "videos": 1,
                "tid": 28,
                "tname": "原创音乐",
                "copyright": 1,
                "pic": "http://i2.hdslb.com/bfs/archive/6d1057d9516ae6c2922f7ddf0d7d25f000e88eed.jpg",
                "title": "【B站全明星给你加高考高分buff】Wish you（KB/三无/茶理理/哦漏/萧忆情/西瓜/hanser/小缘/双笙/少恭/YUKIri/菠萝）",
                "pubdate": 1557936008,
                "ctime": 1557920425,
                "desc": "作曲/编曲：PoKeR\n作词：冉语优\n演唱：KBShinya、三无Marblue、hanser、哦漏、萧忆情、西瓜JUN、茶理理、小缘、少恭、菠萝赛东、YUKIri、双笙\n伴奏混音：CuTTleFish\n混音：Mr.曾经\n曲绘：森谷moriya、sya\n视频：K_Lacid\n监制：bilibili音乐\n毕业季即将来临！其中最隆重的就是高考了！所以我们为今年高三的考生们准备了一首歌曲！希望大家可以高考加油！！！考出自己理想的成绩呀！",
                "state": 0,
                "duration": 239,
                "mission_id": 11418,
                "rights": {
                    "bp": 0,
                    "elec": 0,
                    "download": 0,
                    "movie": 0,
                    "pay": 0,
                    "hd5": 1,
                    "no_reprint": 1,
                    "autoplay": 1,
                    "ugc_pay": 0,
                    "is_cooperation": 1,
                    "ugc_pay_preview": 0,
                    "no_background": 0,
                    "arc_pay": 0,
                    "pay_free_watch": 0
                },
                "owner": {
                    "mid": 423442,
                    "name": "KBShinya",
                    "face": "https://i1.hdslb.com/bfs/face/e5ea8b564d0e3d3f00b087311bf0ebb2c0f86592.jpg"
                },
                "stat": {
                    "aid": 52554795,
                    "view": 1893267,
                    "danmaku": 31685,
                    "reply": 13645,
                    "favorite": 86623,
                    "coin": 124273,
                    "share": 19467,
                    "now_rank": 0,
                    "his_rank": 6,
                    "like": 144784,
                    "dislike": 0,
                    "vt": 0,
                    "vv": 1893267,
                    "fav_g": 0,
                    "like_g": 2
                },
                "dynamic": "#高考应援##高三##高考加油#6月份就要高考了！！！高考是大家人生中最重要的时刻之一！所以我们为大家准备了一首大合唱！祝愿大家高考顺利！！！",
                "cid": 91974333,
                "dimension": {
                    "width": 1920,
                    "height": 1080,
                    "rotate": 0
                },
                "short_link_v2": "https://b23.tv/BV1T4411J7Yb",
                "cover43": "",
                "tidv2": 2059,
                "tnamev2": "鬼畜调教",
                "pid_v2": 1007,
                "pid_name_v2": "鬼畜",
                "bvid": "BV1T4411J7Yb",
                "season_type": 0,
                "is_ogv": false,
                "ogv_info": null,
                "enable_vt": 0,
                "ai_rcmd": null,
                "rcmd_reason": "祝所有高考党都能如愿所偿！"
            },
            {
                "aid": 52907839,
                "videos": 1,
                "tid": 138,
                "tname": "搞笑",
                "copyright": 1,
                "pic": "http://i2.hdslb.com/bfs/archive/3373440b2dd8ad0bafc9873aed8b464a8efac65e.jpg",
                "title": "一阶魔方复原教程！居然那么难！",
                "pubdate": 1558239062,
                "ctime": 1558233372,
                "desc": "还原一阶魔方是一种什么样的体验？\n想不到这个居然会那么难！\n点赞就是给我最大的鼓励了！！！（素质三连什么的就别想了）\n视频创意来自：av3699316",
                "state": 0,
                "duration": 233,
                "mission_id": 11346,
                "rights": {
                    "bp": 0,
                    "elec": 0,
                    "download": 0,
                    "movie": 0,
                    "pay": 0,
                    "hd5": 0,
                    "no_reprint": 1,
                    "autoplay": 1,
                    "ugc_pay": 0,
                    "is_cooperation": 0,
                    "ugc_pay_preview": 0,
                    "no_background": 0,
                    "arc_pay": 0,
                    "pay_free_watch": 0
                },
                "owner": {
                    "mid": 5819158,
                    "name": "霸气的小猪Nong",
                    "face": "https://i1.hdslb.com/bfs/face/0f5c223ffdafdecfc254a58cba7eef5ca32149f2.jpg"
                },
                "stat": {
                    "aid": 52907839,
                    "view": 5410419,
                    "danmaku": 25280,
                    "reply": 6207,
                    "favorite": 33564,
                    "coin": 47947,
                    "share": 19442,
                    "now_rank": 0,
                    "his_rank": 20,
                    "like": 183464,
                    "dislike": 0,
                    "vt": 0,
                    "vv": 5410419,
                    "fav_g": 10,
                    "like_g": 7
                },
                "dynamic": "#搞笑视频##是在下输了##奇葩#",
                "cid": 92571424,
                "dimension": {
                    "width": 1920,
                    "height": 1080,
                    "rotate": 0
                },
                "season_id": 20226,
                "short_link_v2": "https://b23.tv/BV154411E7B4",
                "cover43": "",
                "tidv2": 2201,
                "tnamev2": "潮玩玩具",
                "pid_v2": 1030,
                "pid_name_v2": "生活兴趣",
                "bvid": "BV154411E7B4",
                "season_type": 0,
                "is_ogv": false,
                "ogv_info": null,
                "enable_vt": 0,
                "ai_rcmd": null,
                "rcmd_reason": "一阶魔方大师现场炫技。"
            },
            {
                "aid": 52617721,
                "videos": 1,
                "tid": 22,
                "tname": "鬼畜调教",
                "copyright": 1,
                "pic": "http://i0.hdslb.com/bfs/archive/4583e3d9f6fd8e629ee9c34c9d9936a1bd690ef8.jpg",
                "title": "【高能RAP】把沙雕广告们聚在一起会变成什么奇妙的东西？",
                "pubdate": 1558001702,
                "ctime": 1557987849,
                "desc": "肾虚，有时是在啤儿茶爽之后，好像喝了八吨脑白金，可是自从我吃了马蜂窝、用网易云音乐玩了一会魔兽十五周年怀旧服之后，腰不酸了、腿不疼了，肾透支的也补起来了，他好我也好",
                "state": 0,
                "duration": 112,
                "rights": {
                    "bp": 0,
                    "elec": 0,
                    "download": 0,
                    "movie": 0,
                    "pay": 0,
                    "hd5": 1,
                    "no_reprint": 1,
                    "autoplay": 1,
                    "ugc_pay": 0,
                    "is_cooperation": 0,
                    "ugc_pay_preview": 0,
                    "no_background": 0,
                    "arc_pay": 0,
                    "pay_free_watch": 0
                },
                "owner": {
                    "mid": 26311441,
                    "name": "一咸菊菊",
                    "face": "http://i2.hdslb.com/bfs/face/abc5d71494ea439bda8c31c3e406ac229011718e.jpg"
                },
                "stat": {
                    "aid": 52617721,
                    "view": 8306375,
                    "danmaku": 24500,
                    "reply": 4985,
                    "favorite": 371583,
                    "coin": 539999,
                    "share": 114178,
                    "now_rank": 0,
                    "his_rank": 1,
                    "like": 736653,
                    "dislike": 0,
                    "vt": 0,
                    "vv": 8306375,
                    "fav_g": 0,
                    "like_g": 0
                },
                "dynamic": "肾虚，有时是在啤儿茶爽之后，好像喝了八吨脑白金，可是自从我吃了马蜂窝、用网易云音乐玩了一会魔兽十五周年怀旧服、再给菊菊的视频来个素质三连之后，腰不酸了、腿不疼了，肾透支的也补起来了，他好我也好\n#搞笑##RAP##克罗地亚狂想曲#",
                "cid": 92076236,
                "dimension": {
                    "width": 1920,
                    "height": 1080,
                    "rotate": 0
                },
                "short_link_v2": "https://b23.tv/BV1t4411J7Z5",
                "cover43": "",
                "tidv2": 2059,
                "tnamev2": "鬼畜调教",
                "pid_v2": 1007,
                "pid_name_v2": "鬼畜",
                "bvid": "BV1t4411J7Z5",
                "season_type": 0,
                "is_ogv": false,
                "ogv_info": null,
                "enable_vt": 0,
                "ai_rcmd": null,
                "rcmd_reason": "这一刻，人们回想起曾经被电视广告支配的恐惧。三遍过后再也想不起原版台词是什么了。"
            },
            {
                "aid": 52328097,
                "videos": 1,
                "tid": 221,
                "tname": "野生动物",
                "copyright": 1,
                "pic": "http://i1.hdslb.com/bfs/archive/aa59eabb3ffe50d2eca2a33761db0f08b22b3e72.jpg",
                "title": "对不起，对不起，乖乖！饲养员也慌了，连忙道歉",
                "pubdate": 1558245923,
                "ctime": 1558245923,
                "desc": "自制 欢迎关注微博、微信 pandapia，敬请访问pandapia.com 看更多熊团子。",
                "state": 0,
                "duration": 122,
                "rights": {
                    "bp": 0,
                    "elec": 0,
                    "download": 0,
                    "movie": 0,
                    "pay": 0,
                    "hd5": 1,
                    "no_reprint": 1,
                    "autoplay": 1,
                    "ugc_pay": 0,
                    "is_cooperation": 0,
                    "ugc_pay_preview": 0,
                    "no_background": 0,
                    "arc_pay": 0,
                    "pay_free_watch": 0
                },
                "owner": {
                    "mid": 12444306,
                    "name": "pandapia熊猫乌托邦",
                    "face": "https://i0.hdslb.com/bfs/face/293230610c8ff035e4f4997a544ad3a3c8143f38.jpg"
                },
                "stat": {
                    "aid": 52328097,
                    "view": 9502789,
                    "danmaku": 7026,
                    "reply": 3912,
                    "favorite": 109135,
                    "coin": 66505,
                    "share": 51283,
                    "now_rank": 0,
                    "his_rank": 15,
                    "like": 330353,
                    "dislike": 0,
                    "vt": 0,
                    "vv": 9502789,
                    "fav_g": 0,
                    "like_g": 0
                },
                "dynamic": "#搞笑##滚滚##熊猫#",
                "cid": 91585737,
                "dimension": {
                    "width": 1920,
                    "height": 1080,
                    "rotate": 0
                },
                "short_link_v2": "https://b23.tv/BV1s4411a7er",
                "pub_location": "四川",
                "cover43": "",
                "tidv2": 2171,
                "tnamev2": "动物综合·二创",
                "pid_v2": 1024,
                "pid_name_v2": "动物",
                "bvid": "BV1s4411a7er",
                "season_type": 0,
                "is_ogv": false,
                "ogv_info": null,
                "enable_vt": 0,
                "ai_rcmd": null,
                "rcmd_reason": "恭喜熊猫成功解锁傲娇属性。"
            },
            {
                "aid": 52738140,
                "videos": 1,
                "tid": 17,
                "tname": "单机游戏",
                "copyright": 1,
                "pic": "http://i0.hdslb.com/bfs/archive/b001d0eea512b14742784d0e9ccdc84e5f7d6b40.jpg",
                "title": "【某幻】妈的，学校全是神经病",
                "pubdate": 1558092812,
                "ctime": 1558092812,
                "desc": "全学校都是神经病！包括我也是！\n好久没做神经病系列了！隔了一万年，希望大家能喜欢！喜欢的话劳烦点个赞一条龙支持一下！",
                "state": 0,
                "duration": 532,
                "rights": {
                    "bp": 0,
                    "elec": 0,
                    "download": 0,
                    "movie": 0,
                    "pay": 0,
                    "hd5": 0,
                    "no_reprint": 1,
                    "autoplay": 1,
                    "ugc_pay": 0,
                    "is_cooperation": 0,
                    "ugc_pay_preview": 0,
                    "no_background": 0,
                    "arc_pay": 0,
                    "pay_free_watch": 0
                },
                "owner": {
                    "mid": 1577804,
                    "name": "某幻君",
                    "face": "https://i2.hdslb.com/bfs/face/a7eda2f97431d13f89a43b310262d1b19be83c01.jpg"
                },
                "stat": {
                    "aid": 52738140,
                    "view": 3081185,
                    "danmaku": 22457,
                    "reply": 4609,
                    "favorite": 44617,
                    "coin": 106139,
                    "share": 10082,
                    "now_rank": 0,
                    "his_rank": 4,
                    "like": 188986,
                    "dislike": 0,
                    "vt": 0,
                    "vv": 3081185,
                    "fav_g": 0,
                    "like_g": 0
                },
                "dynamic": "女老师拿着消防斧追杀我，竟只是为了让我背古诗。",
                "cid": 92290160,
                "dimension": {
                    "width": 1920,
                    "height": 1080,
                    "rotate": 0
                },
                "short_link_v2": "https://b23.tv/BV1Y44117782",
                "cover43": "",
                "tidv2": 2060,
                "tnamev2": "鬼畜剧场",
                "pid_v2": 1007,
                "pid_name_v2": "鬼畜",
                "bvid": "BV1Y44117782",
                "season_type": 0,
                "is_ogv": false,
                "ogv_info": null,
                "enable_vt": 0,
                "ai_rcmd": null,
                "rcmd_reason": "神经病系列再次回归，这个学校大有问题！"
            },
            {
                "aid": 53077053,
                "videos": 1,
                "tid": 213,
                "tname": "美食测评",
                "copyright": 1,
                "pic": "http://i2.hdslb.com/bfs/archive/313c594d5ec23c2dce51e4881038247b7ddd6706.jpg",
                "title": "299买的全自动烤串机，以后再也不用去大排档撸串了，宅男福音",
                "pubdate": 1558349096,
                "ctime": 1558349096,
                "desc": "小伙爱吃烧烤，花了300买了一个烤串机，以后再也不用出去撸串了",
                "state": 0,
                "duration": 319,
                "rights": {
                    "bp": 0,
                    "elec": 0,
                    "download": 0,
                    "movie": 0,
                    "pay": 0,
                    "hd5": 0,
                    "no_reprint": 1,
                    "autoplay": 1,
                    "ugc_pay": 0,
                    "is_cooperation": 0,
                    "ugc_pay_preview": 0,
                    "no_background": 0,
                    "arc_pay": 0,
                    "pay_free_watch": 0
                },
                "owner": {
                    "mid": 196356191,
                    "name": "翔翔大作战",
                    "face": "https://i2.hdslb.com/bfs/face/2834cc59f3bf789d8b5d02c741eeaaebc52f1659.jpg"
                },
                "stat": {
                    "aid": 53077053,
                    "view": 6726653,
                    "danmaku": 13933,
                    "reply": 4908,
                    "favorite": 26388,
                    "coin": 113340,
                    "share": 12080,
                    "now_rank": 0,
                    "his_rank": 3,
                    "like": 268219,
                    "dislike": 0,
                    "vt": 0,
                    "vv": 6726653,
                    "fav_g": 2,
                    "like_g": 3
                },
                "dynamic": "以后我可以开一条美食街了。\n\n#美食##开箱#",
                "cid": 92861810,
                "dimension": {
                    "width": 1920,
                    "height": 1080,
                    "rotate": 0
                },
                "short_link_v2": "https://b23.tv/BV144411j7Eg",
                "cover43": "",
                "tidv2": 2151,
                "tnamev2": "美食测评",
                "pid_v2": 1020,
                "pid_name_v2": "美食",
                "bvid": "BV144411j7Eg",
                "season_type": 0,
                "is_ogv": false,
                "ogv_info": null,
                "enable_vt": 0,
                "ai_rcmd": null,
                "rcmd_reason": "有此神器，一月增肥二十斤不是梦。"
            },
            {
                "aid": 52727612,
                "videos": 2,
                "tid": 154,
                "tname": "舞蹈综合",
                "copyright": 1,
                "pic": "http://i2.hdslb.com/bfs/archive/22dd519827dc49053ed6e8c8b044ae156e10eda4.jpg",
                "title": "【咬人猫】小鹿乱撞❤️花嫁猫姊妹篇o(*≧▽≦)ツ",
                "pubdate": 1558095600,
                "ctime": 1558092331,
                "desc": "收到很多@要看小鹿乱撞，其实我也有学，所以去拍勾指起誓的时候，第一天踩点看到阳光特别好，风景特别美就拍了这只小鹿乱撞，没有想到接下来就开始多云转雨了，于是就很幸运的有了这只阳光灿烂的小鹿乱撞和美美耶稣光的勾指起誓，两作好像姐妹篇，但是风格又截然不同～小鹿乱撞跳的特别开心，也希望大家也能在阳光灿烂的视频里感受到一份好心情~\n感谢音乐：小鹿乱撞-Ryan.B/狄迪\n感谢编舞：av38587731",
                "state": 0,
                "duration": 144,
                "rights": {
                    "bp": 0,
                    "elec": 0,
                    "download": 0,
                    "movie": 0,
                    "pay": 0,
                    "hd5": 1,
                    "no_reprint": 1,
                    "autoplay": 1,
                    "ugc_pay": 0,
                    "is_cooperation": 0,
                    "ugc_pay_preview": 0,
                    "no_background": 0,
                    "arc_pay": 0,
                    "pay_free_watch": 0
                },
                "owner": {
                    "mid": 116683,
                    "name": "=咬人猫=",
                    "face": "https://i1.hdslb.com/bfs/face/8fad84a4470f3d894d8f0dc95555ab8f2cb10a83.jpg"
                },
                "stat": {
                    "aid": 52727612,
                    "view": 3427370,
                    "danmaku": 5396,
                    "reply": 4087,
                    "favorite": 52698,
                    "coin": 85589,
                    "share": 10211,
                    "now_rank": 0,
                    "his_rank": 10,
                    "like": 93996,
                    "dislike": 0,
                    "vt": 0,
                    "vv": 3427370,
                    "fav_g": 8,
                    "like_g": 55
                },
                "dynamic": "#咬人猫##小鹿乱撞#这次带来的是和前作风格截然不同的姊妹篇，小猫乱撞！希望大家同样能看的开心❤️~",
                "cid": 92323390,
                "dimension": {
                    "width": 1920,
                    "height": 1080,
                    "rotate": 0
                },
                "short_link_v2": "https://b23.tv/BV1b441177Uu",
                "cover43": "",
                "tidv2": 2031,
                "tnamev2": "明星舞蹈",
                "pid_v2": 1004,
                "pid_name_v2": "舞蹈",
                "bvid": "BV1b441177Uu",
                "season_type": 0,
                "is_ogv": false,
                "ogv_info": null,
                "enable_vt": 0,
                "ai_rcmd": null,
                "rcmd_reason": "突然高产的喵酱最可爱！"
            },
            {
                "aid": 53207142,
                "videos": 1,
                "tid": 17,
                "tname": "单机游戏",
                "copyright": 1,
                "pic": "http://i1.hdslb.com/bfs/archive/5b2a65cfa7c7a9f79a9f82d77f28d48b9ec54cf7.jpg",
                "title": "游戏史上最高的大楼！从2000米高楼跳下来会怎样？",
                "pubdate": 1558458128,
                "ctime": 1558458128,
                "desc": "希望大伙可以帮忙点个收藏，算是对我最大的支持了，感激不尽\nBGM：\nStill-Timirage\nSunflower-Post Malone/Swae Lee\nLove Is A Bitch-Two Feet\nMesa-Hans Zimmer / Benjamin Wallfisch\nIntroduction-Solar Fields\nRoses-Ghostly Kisses\nAn Island-SOULAR ORDER\n视频素材来源：\n电影：\n《蜘蛛侠 平行宇宙》\n《碟中谍4》\n《魔女宅急送》\nC4D科",
                "state": 0,
                "duration": 657,
                "mission_id": 11505,
                "rights": {
                    "bp": 0,
                    "elec": 0,
                    "download": 0,
                    "movie": 0,
                    "pay": 0,
                    "hd5": 0,
                    "no_reprint": 1,
                    "autoplay": 1,
                    "ugc_pay": 0,
                    "is_cooperation": 0,
                    "ugc_pay_preview": 0,
                    "no_background": 0,
                    "arc_pay": 0,
                    "pay_free_watch": 0
                },
                "owner": {
                    "mid": 295711424,
                    "name": "神秘店长A",
                    "face": "https://i2.hdslb.com/bfs/face/cdb729f3b5cb6dc9a0cb7cc9b8c63aebf1bc5b6b.jpg"
                },
                "stat": {
                    "aid": 53207142,
                    "view": 2515321,
                    "danmaku": 6905,
                    "reply": 2639,
                    "favorite": 29648,
                    "coin": 59779,
                    "share": 2308,
                    "now_rank": 0,
                    "his_rank": 3,
                    "like": 89000,
                    "dislike": 0,
                    "vt": 0,
                    "vv": 2515321,
                    "fav_g": 0,
                    "like_g": 0
                },
                "dynamic": "我还活着\n#高画质##恐高症慎入##世界之巅#",
                "cid": 191492670,
                "dimension": {
                    "width": 1920,
                    "height": 1080,
                    "rotate": 0
                },
                "season_id": 3799,
                "short_link_v2": "https://b23.tv/BV1T441177Yf",
                "pub_location": "福建",
                "cover43": "",
                "tidv2": 2066,
                "tnamev2": "单机主机类游戏",
                "pid_v2": 1008,
                "pid_name_v2": "游戏",
                "bvid": "BV1T441177Yf",
                "season_type": 0,
                "is_ogv": false,
                "ogv_info": null,
                "enable_vt": 0,
                "ai_rcmd": null,
                "rcmd_reason": "把天马行空的幻想变为现实，这就是游戏的魅力。万米高空的景色如何？恐高患者慎入。"
            },
            {
                "aid": 52847296,
                "videos": 1,
                "tid": 138,
                "tname": "搞笑",
                "copyright": 1,
                "pic": "http://i0.hdslb.com/bfs/archive/5d65d660a9e08cdc728ab5a46a8bc70df76f188a.png",
                "title": "在电梯里对陌生人说“九头蛇万岁”会怎么样？？？",
                "pubdate": 1558176538,
                "ctime": 1558176538,
                "desc": "微博@徐大虾咯咯",
                "state": 0,
                "duration": 577,
                "mission_id": 11409,
                "rights": {
                    "bp": 0,
                    "elec": 0,
                    "download": 0,
                    "movie": 0,
                    "pay": 0,
                    "hd5": 1,
                    "no_reprint": 1,
                    "autoplay": 1,
                    "ugc_pay": 0,
                    "is_cooperation": 0,
                    "ugc_pay_preview": 0,
                    "no_background": 0,
                    "arc_pay": 0,
                    "pay_free_watch": 0
                },
                "owner": {
                    "mid": 13354765,
                    "name": "徐大虾咯",
                    "face": "https://i1.hdslb.com/bfs/face/6a310c30d17423138730713a915d0b4e563a1bf5.jpg"
                },
                "stat": {
                    "aid": 52847296,
                    "view": 5665107,
                    "danmaku": 54824,
                    "reply": 7115,
                    "favorite": 33476,
                    "coin": 80484,
                    "share": 9161,
                    "now_rank": 0,
                    "his_rank": 10,
                    "like": 206537,
                    "dislike": 0,
                    "vt": 0,
                    "vv": 5665107,
                    "fav_g": 13,
                    "like_g": 29
                },
                "dynamic": "",
                "cid": 92474093,
                "dimension": {
                    "width": 1920,
                    "height": 1080,
                    "rotate": 0
                },
                "short_link_v2": "https://b23.tv/BV1Z441177HD",
                "cover43": "",
                "tidv2": 2207,
                "tnamev2": "随拍·综合",
                "pid_v2": 1032,
                "pid_name_v2": "其他",
                "bvid": "BV1Z441177HD",
                "season_type": 0,
                "is_ogv": false,
                "ogv_info": null,
                "enable_vt": 0,
                "ai_rcmd": null,
                "rcmd_reason": "能接下如此羞耻的挑战，果真是条汉子！"
            }
        ]
    }
}