{
    "code": 0,
    "message": "OK",
    "ttl": 1,
    "data": {
        "config": {
            "id": 94,
            "type": "weekly_selected",
            "number": 90,
            "subject": "年度魔鬼评论区",
            "stime": 1607011200,
            "etime": 1607615999,
            "status": 2,
            "name": "2020第90期 12.04 - 12.10",
            "label": "第90期(1211更新)",
            "hint": "",
            "color": 0,
            "cover": "",
            "share_title": "年度魔鬼评论区 | B站每周必看第90期",
            "share_subtitle": "初中生跳舞被出题？2020最魔鬼评论区我惊呆了！",
            "media_id": 1126347788
        },
        "reminder": "每周五晚18:00更新",
        "list": [
            {
                "aid": 755610233,
                "videos": 25,
                "tid": 17,
                "tname": "单机游戏",
                "copyright": 1,
                "pic": "http://i0.hdslb.com/bfs/archive/9662c4f2e8f85a0b82ea3d57dd84c402d2d1ae0a.jpg",
                "title": "【完结】某幻《赛博朋克2077》等了50多年，终于来了！",
                "pubdate": 1607572809,
                "ctime": 1607559214,
                "desc": "年末巨献《赛博朋克2077》终于上线。\n过年了，我非常喜欢这种类型的作品，做一个精剪版非攻略娱乐向的流程视频。\n后续的更新会放在分P里，喜欢的话可以收藏一下~会尽快更新的~\n我的主角是街头小子，不同的出身会有不一样的剧情。\n希望大家喜欢！",
                "state": 0,
                "duration": 74387,
                "mission_id": 15005,
                "rights": {
                    "bp": 0,
                    "elec": 0,
                    "download": 0,
                    "movie": 0,
                    "pay": 0,
                    "hd5": 0,
                    "no_reprint": 1,
                    "autoplay": 1,
                    "ugc_pay": 0,
                    "is_cooperation": 0,
                    "ugc_pay_preview": 0,
                    "no_background": 0,
                    "arc_pay": 0,
                    "pay_free_watch": 0
                },
                "owner": {
                    "mid": 1577804,
                    "name": "某幻君",
                    "face": "https://i2.hdslb.com/bfs/face/a7eda2f97431d13f89a43b310262d1b19be83c01.jpg"
                },
                "stat": {
                    "aid": 755610233,
                    "view": 12413725,
                    "danmaku": 180441,
                    "reply": 20036,
                    "favorite": 162483,
                    "coin": 194910,
                    "share": 27632,
                    "now_rank": 0,
                    "his_rank": 6,
                    "like": 300305,
                    "dislike": 0,
                    "vt": 0,
                    "vv": 12413725,
                    "fav_g": 129,
                    "like_g": 113
                },
                "dynamic": "过年了！",
                "cid": 264833624,
                "dimension": {
                    "width": 1920,
                    "height": 1080,
                    "rotate": 0
                },
                "short_link_v2": "https://b23.tv/BV1664y1f7mw",
                "cover43": "",
                "tidv2": 2066,
                "tnamev2": "单机主机类游戏",
                "pid_v2": 1008,
                "pid_name_v2": "游戏",
                "bvid": "BV1664y1f7mw",
                "season_type": 0,
                "is_ogv": false,
                "ogv_info": null,
                "enable_vt": 0,
                "ai_rcmd": null,
                "rcmd_reason": "终于等到你，又可以拌饭吃了"
            },
            {
                "aid": 203119160,
                "videos": 1,
                "tid": 22,
                "tname": "鬼畜调教",
                "copyright": 1,
                "pic": "http://i2.hdslb.com/bfs/archive/51134e0757b41b08b5c314ebc83e232f9d453492.jpg",
                "title": "进 击 的 郎 朗",
                "pubdate": 1607487701,
                "ctime": 1607487701,
                "desc": "突然就想做鬼畜，没忍住23333\n新人第一次做鬼畜，还请多多包容\n本视频纯属娱乐\n\n嗒 嗒 嘀 嗒\n原曲：僕の戦争（《进击的巨人》最终季OP1）\n钢琴/鬼畜调教：童嘎",
                "state": 0,
                "duration": 78,
                "rights": {
                    "bp": 0,
                    "elec": 0,
                    "download": 0,
                    "movie": 0,
                    "pay": 0,
                    "hd5": 0,
                    "no_reprint": 1,
                    "autoplay": 1,
                    "ugc_pay": 0,
                    "is_cooperation": 0,
                    "ugc_pay_preview": 0,
                    "no_background": 0,
                    "arc_pay": 0,
                    "pay_free_watch": 0
                },
                "owner": {
                    "mid": 15397794,
                    "name": "童嘎",
                    "face": "https://i0.hdslb.com/bfs/face/8c2070d9c462d6ca41aacdf436d151c41ce9a2a2.jpg"
                },
                "stat": {
                    "aid": 203119160,
                    "view": 5074226,
                    "danmaku": 3550,
                    "reply": 2467,
                    "favorite": 78622,
                    "coin": 75817,
                    "share": 28118,
                    "now_rank": 0,
                    "his_rank": 28,
                    "like": 277292,
                    "dislike": 0,
                    "vt": 0,
                    "vv": 5074226,
                    "fav_g": 0,
                    "like_g": 0
                },
                "dynamic": "#鬼畜##郎朗##搞笑#\n嗒 嗒 嘀 嗒",
                "cid": 264551086,
                "dimension": {
                    "width": 1280,
                    "height": 720,
                    "rotate": 0
                },
                "short_link_v2": "https://b23.tv/BV1ca411c7T7",
                "cover43": "",
                "tidv2": 2059,
                "tnamev2": "鬼畜调教",
                "pid_v2": 1007,
                "pid_name_v2": "鬼畜",
                "bvid": "BV1ca411c7T7",
                "season_type": 0,
                "is_ogv": false,
                "ogv_info": null,
                "enable_vt": 0,
                "ai_rcmd": null,
                "rcmd_reason": "滴滴或成最大赢家"
            },
            {
                "aid": 585432382,
                "videos": 2,
                "tid": 24,
                "tname": "MAD·AMV",
                "copyright": 1,
                "pic": "http://i2.hdslb.com/bfs/archive/80ae7e4af7f6eca8487ae42f8685f1051aecdb36.jpg",
                "title": "“长梦”",
                "pubdate": 1606983444,
                "ctime": 1606983444,
                "desc": "封面：封面源于网络，侵权删除\nBGM:\n澤野弘之 - YouSeeBIGGIRL_T_T.mp3\n澤野弘之-at'aek ON taitn\n呜呼！囤了巨久的稿子，终于可以放出来了，因为巨人终于快播了！\n说一说我的构思吧（虽然是流水账，从小概括能力就不行），首先吐槽一下，把几十集的内容冗杂在这五分钟，对于我这种非专业的业余爱好选手真的太难了，哈哈！做的不好见谅（知道巨人在很多人心里的地位极其的高）刚开始主要想表达，被初代王夺取记忆的人类，生活在无忧无虑的日子里，认为墙外的人已经灭绝，并且墙外的巨人不可能突破",
                "state": 0,
                "duration": 604,
                "rights": {
                    "bp": 0,
                    "elec": 0,
                    "download": 0,
                    "movie": 0,
                    "pay": 0,
                    "hd5": 1,
                    "no_reprint": 1,
                    "autoplay": 1,
                    "ugc_pay": 0,
                    "is_cooperation": 0,
                    "ugc_pay_preview": 0,
                    "no_background": 0,
                    "arc_pay": 0,
                    "pay_free_watch": 0
                },
                "owner": {
                    "mid": 259551152,
                    "name": "我叫随小风",
                    "face": "https://i2.hdslb.com/bfs/face/df1ab2de307fe32cdf7a2453bff1fd51b0af0a15.jpg"
                },
                "stat": {
                    "aid": 585432382,
                    "view": 3948160,
                    "danmaku": 9107,
                    "reply": 9472,
                    "favorite": 128520,
                    "coin": 237078,
                    "share": 40461,
                    "now_rank": 0,
                    "his_rank": 4,
                    "like": 275037,
                    "dislike": 0,
                    "vt": 0,
                    "vv": 3948160,
                    "fav_g": 0,
                    "like_g": 0
                },
                "dynamic": "呜呼！囤了巨久的稿子，终于可以放出来了，因为巨人终于快播了！",
                "cid": 262381316,
                "dimension": {
                    "width": 1440,
                    "height": 1080,
                    "rotate": 0
                },
                "short_link_v2": "https://b23.tv/BV1nz4y1k7he",
                "pub_location": "四川",
                "cover43": "",
                "tidv2": 2041,
                "tnamev2": "动漫剪辑",
                "pid_v2": 1005,
                "pid_name_v2": "二次元",
                "bvid": "BV1nz4y1k7he",
                "season_type": 0,
                "is_ogv": false,
                "ogv_info": null,
                "enable_vt": 0,
                "ai_rcmd": null,
                "rcmd_reason": "拿走拿走，我要这心脏有何用"
            },
            {
                "aid": 628052790,
                "videos": 1,
                "tid": 198,
                "tname": "街舞",
                "copyright": 1,
                "pic": "http://i0.hdslb.com/bfs/archive/57aa56e0dbf67a3a960566983497cca1999fe52e.jpg",
                "title": "刚入的假手 不太灵活的亚子【以父之名】",
                "pubdate": 1607113642,
                "ctime": 1607113642,
                "desc": "-",
                "state": 0,
                "duration": 228,
                "mission_id": 15220,
                "rights": {
                    "bp": 0,
                    "elec": 0,
                    "download": 0,
                    "movie": 0,
                    "pay": 0,
                    "hd5": 1,
                    "no_reprint": 1,
                    "autoplay": 1,
                    "ugc_pay": 0,
                    "is_cooperation": 0,
                    "ugc_pay_preview": 0,
                    "no_background": 0,
                    "arc_pay": 0,
                    "pay_free_watch": 0
                },
                "owner": {
                    "mid": 324074283,
                    "name": "王老鸽_",
                    "face": "https://i0.hdslb.com/bfs/face/0e2acfe4988dedff0712fdeed0bf713074fcc3b9.jpg"
                },
                "stat": {
                    "aid": 628052790,
                    "view": 1990452,
                    "danmaku": 3666,
                    "reply": 3074,
                    "favorite": 44729,
                    "coin": 80694,
                    "share": 10800,
                    "now_rank": 0,
                    "his_rank": 12,
                    "like": 168612,
                    "dislike": 0,
                    "vt": 0,
                    "vv": 1990452,
                    "fav_g": 0,
                    "like_g": 0
                },
                "dynamic": "",
                "cid": 262964858,
                "dimension": {
                    "width": 1920,
                    "height": 1080,
                    "rotate": 0
                },
                "short_link_v2": "https://b23.tv/BV1et4y1Y7WA",
                "up_from_v2": 8,
                "pub_location": "浙江",
                "cover43": "",
                "tidv2": 2029,
                "tnamev2": "街舞",
                "pid_v2": 1004,
                "pid_name_v2": "舞蹈",
                "bvid": "BV1et4y1Y7WA",
                "season_type": 0,
                "is_ogv": false,
                "ogv_info": null,
                "enable_vt": 0,
                "ai_rcmd": null,
                "rcmd_reason": "你管这叫假手？"
            },
            {
                "aid": 543042436,
                "videos": 1,
                "tid": 59,
                "tname": "演奏",
                "copyright": 1,
                "pic": "http://i2.hdslb.com/bfs/archive/b8921834382f31f147fe332c25d447a9c2e9b07d.jpg",
                "title": "哈？用lemon演奏lemon？",
                "pubdate": 1607331985,
                "ctime": 1607331985,
                "desc": "这次给大家整个活！\n我用柠檬和单片机制作了Midi键盘，并用它演奏了Lemon！\nPS：演奏部分为Midi键盘输入内录，部分音符在软件里进行了修改（手不听使唤啊啊啊啊啊）\n原曲：Lemon\n演奏乐器：柠檬\n软件：水果（真·水果电音）",
                "state": 0,
                "duration": 132,
                "mission_id": 15323,
                "rights": {
                    "bp": 0,
                    "elec": 0,
                    "download": 0,
                    "movie": 0,
                    "pay": 0,
                    "hd5": 1,
                    "no_reprint": 1,
                    "autoplay": 1,
                    "ugc_pay": 0,
                    "is_cooperation": 0,
                    "ugc_pay_preview": 0,
                    "no_background": 0,
                    "arc_pay": 0,
                    "pay_free_watch": 0
                },
                "owner": {
                    "mid": 19409332,
                    "name": "铁甲骑士王",
                    "face": "https://i1.hdslb.com/bfs/face/923a398588f4dd34662767bb0074903b7b91ea5b.jpg"
                },
                "stat": {
                    "aid": 543042436,
                    "view": 1794241,
                    "danmaku": 8228,
                    "reply": 2334,
                    "favorite": 38583,
                    "coin": 72708,
                    "share": 9864,
                    "now_rank": 0,
                    "his_rank": 24,
                    "like": 174351,
                    "dislike": 0,
                    "vt": 0,
                    "vv": 1794241,
                    "fav_g": 0,
                    "like_g": 1
                },
                "dynamic": "Hi各位好久不见，这次给大家整个活，我用柠檬制作了midi键盘，并用它演奏了Lemon！用Lemon演奏Lemon，这也行？？？",
                "cid": 263919764,
                "dimension": {
                    "width": 1920,
                    "height": 1080,
                    "rotate": 0
                },
                "season_id": 2188045,
                "short_link_v2": "https://b23.tv/BV1pi4y157QX",
                "cover43": "",
                "tidv2": 2021,
                "tnamev2": "演奏",
                "pid_v2": 1003,
                "pid_name_v2": "音乐",
                "bvid": "BV1pi4y157QX",
                "season_type": 0,
                "is_ogv": false,
                "ogv_info": null,
                "enable_vt": 0,
                "ai_rcmd": null,
                "rcmd_reason": "《仙人掌》和《榴莲》已经开始写了，再等等"
            },
            {
                "aid": 800595250,
                "videos": 1,
                "tid": 171,
                "tname": "电子竞技",
                "copyright": 1,
                "pic": "http://i2.hdslb.com/bfs/archive/a66cf36e7b7d319ff17608a87736163c4ff160b3.jpg",
                "title": "新英雄澜CG《目标》——每个人都会渴望光明",
                "pubdate": 1607389211,
                "ctime": 1607389216,
                "desc": "身为魏都刺客，澜接下了主公的任务，确认目标后，出发！\n但，这一次的任务似乎不太顺利。\n身处黑暗的他再次挥刃时，刀锋所到之处，皆是心之所往！\n每个人都会渴望光明，澜亦是如此......",
                "state": 0,
                "duration": 540,
                "rights": {
                    "bp": 0,
                    "elec": 0,
                    "download": 0,
                    "movie": 0,
                    "pay": 0,
                    "hd5": 1,
                    "no_reprint": 1,
                    "autoplay": 1,
                    "ugc_pay": 0,
                    "is_cooperation": 0,
                    "ugc_pay_preview": 0,
                    "no_background": 0,
                    "arc_pay": 0,
                    "pay_free_watch": 0
                },
                "owner": {
                    "mid": 57863910,
                    "name": "王者荣耀",
                    "face": "https://i0.hdslb.com/bfs/face/5209b5fbe78e97e9012421883f62b732ea84e7ab.jpg"
                },
                "stat": {
                    "aid": 800595250,
                    "view": 7404089,
                    "danmaku": 37884,
                    "reply": 20158,
                    "favorite": 139304,
                    "coin": 151223,
                    "share": 147896,
                    "now_rank": 0,
                    "his_rank": 4,
                    "like": 341077,
                    "dislike": 0,
                    "vt": 0,
                    "vv": 7404089,
                    "fav_g": 253,
                    "like_g": 152
                },
                "dynamic": "你的“澜”朋友来啦！ 本靓仔如约给召唤师们带来了与@可可豆动画 联合创作的新英雄澜CG《目标》完整版\n身为魏都刺客，澜接下了主公的任务，确认目标后，出发！\n但，这一次的任务似乎不太顺利\n身处黑暗的他再次挥刃时，刀锋所到之处，皆是心之所往！\n每个人都会渴望光明，澜亦是如此......\n看完视频的召唤师，快来评论区猜猜澜最后的命运会如何？他在三分之地又会有怎样的新故事或者新目标呢？\n#王者荣耀新英雄澜# #王者荣耀澜CG#",
                "cid": 264095178,
                "dimension": {
                    "width": 1920,
                    "height": 1080,
                    "rotate": 0
                },
                "season_id": 328285,
                "short_link_v2": "https://b23.tv/BV1ky4y1v7zk",
                "cover43": "",
                "tidv2": 2041,
                "tnamev2": "动漫剪辑",
                "pid_v2": 1005,
                "pid_name_v2": "二次元",
                "bvid": "BV1ky4y1v7zk",
                "season_type": 0,
                "is_ogv": false,
                "ogv_info": null,
                "enable_vt": 0,
                "ai_rcmd": null,
                "rcmd_reason": "答应我，出了电影第一时间告诉我好吗"
            },
            {
                "aid": 245601016,
                "videos": 1,
                "tid": 71,
                "tname": "综艺",
                "copyright": 1,
                "pic": "http://i2.hdslb.com/bfs/archive/3f0b094998c6d16b05492404b18e0417591af6c9.jpg",
                "title": "【虫哥】早年电视综艺节目迷惑大赏，每一个鬼畜素材的背后都有一个狗血的故事....",
                "pubdate": 1607243207,
                "ctime": 1607243207,
                "desc": "每一个鬼畜素材的背后都有一个狗血的故事....",
                "state": 0,
                "duration": 695,
                "rights": {
                    "bp": 0,
                    "elec": 0,
                    "download": 0,
                    "movie": 0,
                    "pay": 0,
                    "hd5": 0,
                    "no_reprint": 1,
                    "autoplay": 1,
                    "ugc_pay": 0,
                    "is_cooperation": 0,
                    "ugc_pay_preview": 0,
                    "no_background": 0,
                    "arc_pay": 0,
                    "pay_free_watch": 0
                },
                "owner": {
                    "mid": 29296192,
                    "name": "虫哥说电影",
                    "face": "https://i1.hdslb.com/bfs/face/b830989d9b8af6001da511a8a95b0ea806c11b60.jpg"
                },
                "stat": {
                    "aid": 245601016,
                    "view": 3905300,
                    "danmaku": 21950,
                    "reply": 2857,
                    "favorite": 28314,
                    "coin": 95039,
                    "share": 18470,
                    "now_rank": 0,
                    "his_rank": 12,
                    "like": 230971,
                    "dislike": 0,
                    "vt": 0,
                    "vv": 3905300,
                    "fav_g": 0,
                    "like_g": 0
                },
                "dynamic": "阿娜达们记得给我个三连哦，么么哒~~~~~",
                "cid": 263527973,
                "dimension": {
                    "width": 1280,
                    "height": 720,
                    "rotate": 0
                },
                "short_link_v2": "https://b23.tv/BV1Uv411b7VH",
                "cover43": "",
                "tidv2": 2009,
                "tnamev2": "娱乐评论",
                "pid_v2": 1002,
                "pid_name_v2": "娱乐",
                "bvid": "BV1Uv411b7VH",
                "season_type": 0,
                "is_ogv": false,
                "ogv_info": null,
                "enable_vt": 0,
                "ai_rcmd": null,
                "rcmd_reason": "谢谢，看完尴尬了10分钟"
            },
            {
                "aid": 203006389,
                "videos": 1,
                "tid": 86,
                "tname": "特摄",
                "copyright": 1,
                "pic": "http://i2.hdslb.com/bfs/archive/890d931892dcfff997d41539dcc9b296f810d137.jpg",
                "title": "\"人心的黑暗 才是奥特曼战胜不了的怪兽\"",
                "pubdate": 1607076605,
                "ctime": 1607062110,
                "desc": "BGM：少年的奇幻漂流-五月天\n一直很喜欢这首歌，歌词MV非常有深度。原版MV是奈欧斯守护地球打怪兽，不得已破坏了城市，却被人不理解，辱骂，让他滚出地球，把人类的自私自利表现的淋漓致尽。但是也有心里有光，相信奥特曼的孩子，原MV中正因为有这样的孩子，才唤醒了奈欧斯，并将怪兽打败，得到了人类的认可。 \n所以我想用剪辑更全面的表达出这首歌的意义，也是第一次尝试这种风格，剪的不好，大伙海涵！！",
                "state": 0,
                "duration": 273,
                "rights": {
                    "bp": 0,
                    "elec": 0,
                    "download": 0,
                    "movie": 0,
                    "pay": 0,
                    "hd5": 1,
                    "no_reprint": 1,
                    "autoplay": 1,
                    "ugc_pay": 0,
                    "is_cooperation": 0,
                    "ugc_pay_preview": 0,
                    "no_background": 0,
                    "arc_pay": 0,
                    "pay_free_watch": 0
                },
                "owner": {
                    "mid": 18612521,
                    "name": "雾林山远",
                    "face": "https://i2.hdslb.com/bfs/face/98ef84b98096698455363806e71cd91511f6ae72.jpg"
                },
                "stat": {
                    "aid": 203006389,
                    "view": 3182508,
                    "danmaku": 3183,
                    "reply": 3258,
                    "favorite": 67076,
                    "coin": 84961,
                    "share": 11961,
                    "now_rank": 0,
                    "his_rank": 17,
                    "like": 170720,
                    "dislike": 0,
                    "vt": 0,
                    "vv": 3182508,
                    "fav_g": 0,
                    "like_g": 4
                },
                "dynamic": "#特摄##奥特曼# 一直非常喜欢这首歌以及它的MV，所以有感而发，就用了这首歌剪了。我非常喜欢这首歌歌词的深度，正如其中一句歌词：\"无数命运的流转，打造了无数相异的罗盘\"  人心有欲望，有自私。所以就算奥特曼无论如何去战斗，去守护地球，也不会被一些人所理解，甚至去伤害保护自己家园的英雄。但也正因为心中有正义，有光的人更多，奥特曼才会不断的站起来，重新去守护这个世界。 第一次尝试这个风格，剪的不好，铁汁们多多包涵！！如果有触动到你，就给我个三连吧～",
                "cid": 262684646,
                "dimension": {
                    "width": 1920,
                    "height": 1080,
                    "rotate": 0
                },
                "season_id": 7531,
                "short_link_v2": "https://b23.tv/BV1qa411F7bp",
                "cover43": "",
                "tidv2": 2048,
                "tnamev2": "特摄",
                "pid_v2": 1005,
                "pid_name_v2": "二次元",
                "bvid": "BV1qa411F7bp",
                "season_type": 0,
                "is_ogv": false,
                "ogv_info": null,
                "enable_vt": 0,
                "ai_rcmd": null,
                "rcmd_reason": "心中有爱你我皆是奥特曼"
            },
            {
                "aid": 288043736,
                "videos": 1,
                "tid": 212,
                "tname": "美食侦探",
                "copyright": 1,
                "pic": "http://i2.hdslb.com/bfs/archive/9a25ad5ec654591cb27be41921663e8cd5f4c4d3.jpg",
                "title": "冬天吃日式烤和牛，我的心是暖暖的，你呢？",
                "pubdate": 1607083798,
                "ctime": 1607083798,
                "desc": "-",
                "state": 0,
                "duration": 1441,
                "mission_id": 15310,
                "rights": {
                    "bp": 0,
                    "elec": 0,
                    "download": 0,
                    "movie": 0,
                    "pay": 0,
                    "hd5": 1,
                    "no_reprint": 1,
                    "autoplay": 1,
                    "ugc_pay": 0,
                    "is_cooperation": 0,
                    "ugc_pay_preview": 0,
                    "no_background": 0,
                    "arc_pay": 0,
                    "pay_free_watch": 0
                },
                "owner": {
                    "mid": 39627524,
                    "name": "食贫道",
                    "face": "https://i2.hdslb.com/bfs/face/eef12b850c10b0d7a7929236abb08604955823c0.jpg"
                },
                "stat": {
                    "aid": 288043736,
                    "view": 10178675,
                    "danmaku": 106813,
                    "reply": 17490,
                    "favorite": 235275,
                    "coin": 720166,
                    "share": 105914,
                    "now_rank": 0,
                    "his_rank": 1,
                    "like": 782422,
                    "dislike": 0,
                    "vt": 0,
                    "vv": 10178675,
                    "fav_g": 7,
                    "like_g": 4
                },
                "dynamic": "冰冰 和 饼饼",
                "cid": 263018806,
                "dimension": {
                    "width": 1920,
                    "height": 1080,
                    "rotate": 0
                },
                "short_link_v2": "https://b23.tv/BV1jf4y1i7da",
                "cover43": "",
                "tidv2": 2150,
                "tnamev2": "美食探店",
                "pid_v2": 1020,
                "pid_name_v2": "美食",
                "bvid": "BV1jf4y1i7da",
                "season_type": 0,
                "is_ogv": false,
                "ogv_info": null,
                "enable_vt": 0,
                "ai_rcmd": null,
                "rcmd_reason": "这个视频的含冰量爆表了！"
            },
            {
                "aid": 928084174,
                "videos": 1,
                "tid": 76,
                "tname": "美食制作",
                "copyright": 1,
                "pic": "http://i1.hdslb.com/bfs/archive/68de1733719a1836dd08676c87a7ed6202b80333.jpg",
                "title": "限量发售，排队限购的米其林甜点，劝你不要自己做！",
                "pubdate": 1607508004,
                "ctime": 1607499732,
                "desc": "日更微博@绵羊料理\n微信公众号：绵羊料理\n油管同步更新：https://www.youtube.com/c/sheephoho",
                "state": 0,
                "duration": 376,
                "mission_id": 15310,
                "rights": {
                    "bp": 0,
                    "elec": 0,
                    "download": 0,
                    "movie": 0,
                    "pay": 0,
                    "hd5": 1,
                    "no_reprint": 1,
                    "autoplay": 1,
                    "ugc_pay": 0,
                    "is_cooperation": 0,
                    "ugc_pay_preview": 0,
                    "no_background": 0,
                    "arc_pay": 0,
                    "pay_free_watch": 0
                },
                "owner": {
                    "mid": 18202105,
                    "name": "绵羊料理",
                    "face": "https://i1.hdslb.com/bfs/face/54b5c9c2ad7f1baff195090bfd6afa365ef20c37.jpg"
                },
                "stat": {
                    "aid": 928084174,
                    "view": 7669166,
                    "danmaku": 16711,
                    "reply": 4040,
                    "favorite": 63067,
                    "coin": 313121,
                    "share": 12390,
                    "now_rank": 0,
                    "his_rank": 3,
                    "like": 505006,
                    "dislike": 0,
                    "vt": 0,
                    "vv": 7669166,
                    "fav_g": 14,
                    "like_g": 20
                },
                "dynamic": "今朝有酒今朝醉，没事不要玩烘焙【续集】#和绵羊一起料理#",
                "cid": 264592570,
                "dimension": {
                    "width": 1920,
                    "height": 1080,
                    "rotate": 0
                },
                "season_id": 134,
                "short_link_v2": "https://b23.tv/BV1LT4y1M7h8",
                "cover43": "",
                "tidv2": 2149,
                "tnamev2": "美食制作",
                "pid_v2": 1020,
                "pid_name_v2": "美食",
                "bvid": "BV1LT4y1M7h8",
                "season_type": 0,
                "is_ogv": false,
                "ogv_info": null,
                "enable_vt": 0,
                "ai_rcmd": null,
                "rcmd_reason": "自己做？能提供UP的手吗？"
            },
            {
                "aid": 800622389,
                "videos": 1,
                "tid": 95,
                "tname": "数码",
                "copyright": 1,
                "pic": "http://i1.hdslb.com/bfs/archive/6c2a9c86b3dfc2b1326ebb57fc72a30358a0ad40.jpg",
                "title": "【小泽】AirPods Max评测：贵是真贵，强是真强",
                "pubdate": 1607608800,
                "ctime": 1607605720,
                "desc": "基本把能测的都给大家测了！音质我不专业但是我尽力了...微博：钟文泽",
                "state": 0,
                "duration": 969,
                "mission_id": 15173,
                "rights": {
                    "bp": 0,
                    "elec": 0,
                    "download": 0,
                    "movie": 0,
                    "pay": 0,
                    "hd5": 1,
                    "no_reprint": 1,
                    "autoplay": 1,
                    "ugc_pay": 0,
                    "is_cooperation": 0,
                    "ugc_pay_preview": 0,
                    "no_background": 0,
                    "arc_pay": 0,
                    "pay_free_watch": 0
                },
                "owner": {
                    "mid": 25910292,
                    "name": "钟文泽",
                    "face": "http://i0.hdslb.com/bfs/face/6f7ef32a25419744130c42f63ff6b11c624f19e3.jpg"
                },
                "stat": {
                    "aid": 800622389,
                    "view": 1594916,
                    "danmaku": 18971,
                    "reply": 5756,
                    "favorite": 4617,
                    "coin": 7991,
                    "share": 14326,
                    "now_rank": 0,
                    "his_rank": 0,
                    "like": 36527,
                    "dislike": 0,
                    "vt": 0,
                    "vv": 1594916,
                    "fav_g": 0,
                    "like_g": 1
                },
                "dynamic": "基本把能测的都给大家测了！音质我不专业但是我尽力了...微博：钟文泽",
                "cid": 265070632,
                "dimension": {
                    "width": 3840,
                    "height": 1920,
                    "rotate": 0
                },
                "short_link_v2": "https://b23.tv/BV1Qy4y1v7oj",
                "cover43": "",
                "tidv2": 2105,
                "tnamev2": "科技数码综合",
                "pid_v2": 1012,
                "pid_name_v2": "科技数码",
                "bvid": "BV1Qy4y1v7oj",
                "season_type": 0,
                "is_ogv": false,
                "ogv_info": null,
                "enable_vt": 0,
                "ai_rcmd": null,
                "rcmd_reason": "快还是你钟文泽快"
            },
            {
                "aid": 330616054,
                "videos": 1,
                "tid": 21,
                "tname": "日常",
                "copyright": 1,
                "pic": "http://i0.hdslb.com/bfs/archive/055ada0224777a8bc74cdb547b1b6ba1dc7c78d6.jpg",
                "title": "我们结婚啦！带你看一场准备了两年的汉服婚礼&内含备婚攻略",
                "pubdate": 1607249103,
                "ctime": 1607249103,
                "desc": "【2020.11.29圆满礼成】我们结婚啦！分享给大家我自己的明制汉婚流程，内含全网最详细的明制汉服备婚攻略！看完别走开来，投个份子币再走哦～",
                "state": 0,
                "duration": 1163,
                "rights": {
                    "bp": 0,
                    "elec": 0,
                    "download": 0,
                    "movie": 0,
                    "pay": 0,
                    "hd5": 1,
                    "no_reprint": 1,
                    "autoplay": 1,
                    "ugc_pay": 0,
                    "is_cooperation": 0,
                    "ugc_pay_preview": 0,
                    "no_background": 0,
                    "arc_pay": 0,
                    "pay_free_watch": 0
                },
                "owner": {
                    "mid": 453029726,
                    "name": "静知时岁",
                    "face": "https://i2.hdslb.com/bfs/face/5dbcf29d81ae37abc20a3fe057ea57778a0a75e3.jpg"
                },
                "stat": {
                    "aid": 330616054,
                    "view": 2918119,
                    "danmaku": 17469,
                    "reply": 4708,
                    "favorite": 107081,
                    "coin": 191155,
                    "share": 54779,
                    "now_rank": 0,
                    "his_rank": 7,
                    "like": 246708,
                    "dislike": 0,
                    "vt": 0,
                    "vv": 2918119,
                    "fav_g": 0,
                    "like_g": 3
                },
                "dynamic": "备婚历时两年，圆梦绝美汉婚。分享给大家我自己的明制汉婚流程，还有一些我自己的备婚经验，手把手教你如何办一场汉服婚礼！看完别走开来，投个份子币再走哦～",
                "cid": 263378319,
                "dimension": {
                    "width": 1920,
                    "height": 1080,
                    "rotate": 0
                },
                "short_link_v2": "https://b23.tv/BV1ZA411W7b2",
                "cover43": "",
                "tidv2": 2205,
                "tnamev2": "婚嫁",
                "pid_v2": 1031,
                "pid_name_v2": "生活经验",
                "bvid": "BV1ZA411W7b2",
                "season_type": 0,
                "is_ogv": false,
                "ogv_info": null,
                "enable_vt": 0,
                "ai_rcmd": null,
                "rcmd_reason": "三连随份子啦！"
            },
            {
                "aid": 373120701,
                "videos": 1,
                "tid": 207,
                "tname": "财经商业",
                "copyright": 1,
                "pic": "http://i1.hdslb.com/bfs/archive/1b8898e643c0dded377ca2ea7f49df60d615dde6.jpg",
                "title": "【半佛】我们错怪了郭敬明的用心良苦。",
                "pubdate": 1607607285,
                "ctime": 1607605021,
                "desc": "超现实主义艺术大师。\n用心良苦，当代曹雪芹。",
                "state": 0,
                "duration": 774,
                "rights": {
                    "bp": 0,
                    "elec": 0,
                    "download": 0,
                    "movie": 0,
                    "pay": 0,
                    "hd5": 1,
                    "no_reprint": 1,
                    "autoplay": 1,
                    "ugc_pay": 0,
                    "is_cooperation": 0,
                    "ugc_pay_preview": 0,
                    "no_background": 0,
                    "arc_pay": 0,
                    "pay_free_watch": 0
                },
                "owner": {
                    "mid": 37663924,
                    "name": "硬核的半佛仙人",
                    "face": "https://i1.hdslb.com/bfs/face/aaf33dced1941af0946f37c62f4b48fcaba9c9a2.jpg"
                },
                "stat": {
                    "aid": 373120701,
                    "view": 3299045,
                    "danmaku": 12976,
                    "reply": 5208,
                    "favorite": 13736,
                    "coin": 35113,
                    "share": 9529,
                    "now_rank": 0,
                    "his_rank": 41,
                    "like": 167272,
                    "dislike": 0,
                    "vt": 0,
                    "vv": 3299045,
                    "fav_g": 0,
                    "like_g": 0
                },
                "dynamic": "郭敬明老师一直被大家误解了，其实，他是超超超现实主义抽象艺术大师。",
                "cid": 265092897,
                "dimension": {
                    "width": 1920,
                    "height": 1080,
                    "rotate": 0
                },
                "short_link_v2": "https://b23.tv/BV1hZ4y1g7jh",
                "cover43": "",
                "tidv2": 2088,
                "tnamev2": "社会观察",
                "pid_v2": 1010,
                "pid_name_v2": "知识",
                "bvid": "BV1hZ4y1g7jh",
                "season_type": 0,
                "is_ogv": false,
                "ogv_info": null,
                "enable_vt": 0,
                "ai_rcmd": null,
                "rcmd_reason": "半佛老师都到影视区了？"
            },
            {
                "aid": 288001089,
                "videos": 2,
                "tid": 21,
                "tname": "日常",
                "copyright": 1,
                "pic": "http://i1.hdslb.com/bfs/archive/b771287adba5c18eb763a3bc6fbbf44d1dbced0e.jpg",
                "title": "这真的最后一次了！  且珍惜！！！",
                "pubdate": 1607594413,
                "ctime": 1607552835,
                "desc": "感谢大家的观看！等了好久终于等到今天，迟来的尼妹。\n如果大家喜欢的话 记得点赞投币加收藏噢\n这期的FLAG：点赞每20W下期尼妹就多出一套皮肤！\n如果收藏到10W，下个月更新！",
                "state": 0,
                "duration": 432,
                "mission_id": 15146,
                "rights": {
                    "bp": 0,
                    "elec": 0,
                    "download": 0,
                    "movie": 0,
                    "pay": 0,
                    "hd5": 1,
                    "no_reprint": 1,
                    "autoplay": 1,
                    "ugc_pay": 0,
                    "is_cooperation": 0,
                    "ugc_pay_preview": 0,
                    "no_background": 0,
                    "arc_pay": 0,
                    "pay_free_watch": 0
                },
                "owner": {
                    "mid": 285499073,
                    "name": "东尼ookii",
                    "face": "https://i2.hdslb.com/bfs/face/456b2bff7e41ab212b74e9019fda1f26362e8723.jpg"
                },
                "stat": {
                    "aid": 288001089,
                    "view": 4446284,
                    "danmaku": 22210,
                    "reply": 9051,
                    "favorite": 66579,
                    "coin": 271970,
                    "share": 9430,
                    "now_rank": 0,
                    "his_rank": 2,
                    "like": 576943,
                    "dislike": 0,
                    "vt": 0,
                    "vv": 4446284,
                    "fav_g": 28,
                    "like_g": 21
                },
                "dynamic": "速度看完，很快就删了！",
                "cid": 264952730,
                "dimension": {
                    "width": 1920,
                    "height": 1080,
                    "rotate": 0
                },
                "short_link_v2": "https://b23.tv/BV1wf4y1i7hh",
                "cover43": "",
                "tidv2": 2207,
                "tnamev2": "随拍·综合",
                "pid_v2": 1032,
                "pid_name_v2": "其他",
                "bvid": "BV1wf4y1i7hh",
                "season_type": 0,
                "is_ogv": false,
                "ogv_info": null,
                "enable_vt": 0,
                "ai_rcmd": null,
                "rcmd_reason": "众所周知，女装只有0次和无数次"
            },
            {
                "aid": 798083365,
                "videos": 1,
                "tid": 137,
                "tname": "明星综合",
                "copyright": 1,
                "pic": "http://i1.hdslb.com/bfs/archive/2f0f2370cb004f940b25f10ee3c6291080ac431b.jpg",
                "title": "B站的朋友们大家好，葛叔我来了！",
                "pubdate": 1607419105,
                "ctime": 1607419105,
                "desc": "不要因为我的到来影响了你们的创作，葛叔接受度很高的！",
                "state": 0,
                "duration": 92,
                "mission_id": 15266,
                "rights": {
                    "bp": 0,
                    "elec": 0,
                    "download": 0,
                    "movie": 0,
                    "pay": 0,
                    "hd5": 1,
                    "no_reprint": 1,
                    "autoplay": 1,
                    "ugc_pay": 0,
                    "is_cooperation": 0,
                    "ugc_pay_preview": 0,
                    "no_background": 0,
                    "arc_pay": 0,
                    "pay_free_watch": 0
                },
                "owner": {
                    "mid": 2128509951,
                    "name": "葛平",
                    "face": "https://i0.hdslb.com/bfs/face/de6a30bfe06d595f5290ff13cefef283ccdd61f1.jpg"
                },
                "stat": {
                    "aid": 798083365,
                    "view": 5218677,
                    "danmaku": 21668,
                    "reply": 18527,
                    "favorite": 114434,
                    "coin": 443704,
                    "share": 26159,
                    "now_rank": 0,
                    "his_rank": 1,
                    "like": 704386,
                    "dislike": 0,
                    "vt": 0,
                    "vv": 5218677,
                    "fav_g": 0,
                    "like_g": 1
                },
                "dynamic": "#配音演员##葛平#",
                "cid": 264297221,
                "dimension": {
                    "width": 1908,
                    "height": 1080,
                    "rotate": 0
                },
                "short_link_v2": "https://b23.tv/BV1Yy4y1S7H1",
                "cover43": "",
                "tidv2": 2063,
                "tnamev2": "鬼畜综合",
                "pid_v2": 1007,
                "pid_name_v2": "鬼畜",
                "bvid": "BV1Yy4y1S7H1",
                "season_type": 0,
                "is_ogv": false,
                "ogv_info": null,
                "enable_vt": 0,
                "ai_rcmd": null,
                "rcmd_reason": "元老级鬼畜素材来啦"
            },
            {
                "aid": 202920176,
                "videos": 1,
                "tid": 95,
                "tname": "数码",
                "copyright": 1,
                "pic": "http://i1.hdslb.com/bfs/archive/0019038199ed421f1f778d5bb2abdea532ed111c.jpg",
                "title": "云顶天宫：老君山最新航拍【4K版】",
                "pubdate": 1606887130,
                "ctime": 1606887130,
                "desc": "片名：云顶天宫\n8K超高清版已发布    8K版链接：BV1pr4y1Y7oH\n目前在支持8K解码的电视机上打开云视听小电视应用，可以观看8K效果\n苹果电脑用户使用Safari浏览器（版本11以上）也支持8K播放，后续还会有更多的设备和浏览器支持8K效果\n拍摄地点：河南洛阳老君山\n摄影/后期：文云飞（真实）\n出品：8KRAW\n音乐：Arcadia - Jordan Critz",
                "state": 0,
                "duration": 312,
                "mission_id": 15173,
                "rights": {
                    "bp": 0,
                    "elec": 0,
                    "download": 0,
                    "movie": 0,
                    "pay": 0,
                    "hd5": 1,
                    "no_reprint": 1,
                    "autoplay": 1,
                    "ugc_pay": 0,
                    "is_cooperation": 1,
                    "ugc_pay_preview": 0,
                    "no_background": 0,
                    "arc_pay": 0,
                    "pay_free_watch": 0
                },
                "owner": {
                    "mid": 307050375,
                    "name": "真实-WenPhoto",
                    "face": "https://i0.hdslb.com/bfs/face/98d182be5124c836214bc0629ebebfbc3dcc39e6.jpg"
                },
                "stat": {
                    "aid": 202920176,
                    "view": 2633027,
                    "danmaku": 5611,
                    "reply": 3569,
                    "favorite": 90130,
                    "coin": 64205,
                    "share": 44585,
                    "now_rank": 0,
                    "his_rank": 23,
                    "like": 130382,
                    "dislike": 0,
                    "vt": 0,
                    "vv": 2633027,
                    "fav_g": 16,
                    "like_g": 14
                },
                "dynamic": "",
                "cid": 261984938,
                "dimension": {
                    "width": 3840,
                    "height": 2160,
                    "rotate": 0
                },
                "season_id": 167490,
                "short_link_v2": "https://b23.tv/BV1ca411F7PU",
                "cover43": "",
                "tidv2": 2102,
                "tnamev2": "摄影摄像",
                "pid_v2": 1012,
                "pid_name_v2": "科技数码",
                "bvid": "BV1ca411F7PU",
                "season_type": 0,
                "is_ogv": false,
                "ogv_info": null,
                "enable_vt": 0,
                "ai_rcmd": null,
                "rcmd_reason": "忽闻海上有仙山，山在虚无缥缈间"
            },
            {
                "aid": 628016650,
                "videos": 1,
                "tid": 212,
                "tname": "美食侦探",
                "copyright": 1,
                "pic": "http://i0.hdslb.com/bfs/archive/565b39c23bd5d4ee7acdec0edfa502956aff7dee.jpg",
                "title": "中国最便宜的串串？20块钱100串，10种蘸料无限吃！",
                "pubdate": 1607422713,
                "ctime": 1607422713,
                "desc": "活了18年，才发现，原来20块钱能买100个串！我吃吃吃吃吃",
                "state": 0,
                "duration": 824,
                "mission_id": 15266,
                "rights": {
                    "bp": 0,
                    "elec": 0,
                    "download": 0,
                    "movie": 0,
                    "pay": 0,
                    "hd5": 1,
                    "no_reprint": 1,
                    "autoplay": 1,
                    "ugc_pay": 0,
                    "is_cooperation": 0,
                    "ugc_pay_preview": 0,
                    "no_background": 0,
                    "arc_pay": 0,
                    "pay_free_watch": 0
                },
                "owner": {
                    "mid": 99157282,
                    "name": "盗月社食遇记",
                    "face": "https://i1.hdslb.com/bfs/face/c7fb5da587c2ec6b56ad47579933fda34c000457.jpg"
                },
                "stat": {
                    "aid": 628016650,
                    "view": 4993712,
                    "danmaku": 29706,
                    "reply": 7069,
                    "favorite": 51891,
                    "coin": 256980,
                    "share": 29489,
                    "now_rank": 0,
                    "his_rank": 3,
                    "like": 424849,
                    "dislike": 0,
                    "vt": 0,
                    "vv": 4993712,
                    "fav_g": 0,
                    "like_g": 3
                },
                "dynamic": "【山西第三期】从没见过这么便宜的串串！20块钱买了100串！还有10种蘸料随便吃......猜猜猛男小沐和乖巧树梢吃了多少？",
                "cid": 264307678,
                "dimension": {
                    "width": 1920,
                    "height": 1080,
                    "rotate": 0
                },
                "short_link_v2": "https://b23.tv/BV1pt4y1Y7wR",
                "cover43": "",
                "tidv2": 2150,
                "tnamev2": "美食探店",
                "pid_v2": 1020,
                "pid_name_v2": "美食",
                "bvid": "BV1pt4y1Y7wR",
                "season_type": 0,
                "is_ogv": false,
                "ogv_info": null,
                "enable_vt": 0,
                "ai_rcmd": null,
                "rcmd_reason": "结尾太暖，给我看哭了"
            },
            {
                "aid": 288010903,
                "videos": 1,
                "tid": 95,
                "tname": "数码",
                "copyright": 1,
                "pic": "http://i2.hdslb.com/bfs/archive/1cca325c69f318f1a4c5bdc5395915e3cbcc6e55.jpg",
                "title": "4套组网方案，让你家的WIFI网络超过99%的人",
                "pubdate": 1607400421,
                "ctime": 1607400421,
                "desc": "4套高质量无缝漫游WIFI方案，让你家的网络超过99%的人",
                "state": 0,
                "duration": 438,
                "mission_id": 15173,
                "rights": {
                    "bp": 0,
                    "elec": 0,
                    "download": 0,
                    "movie": 0,
                    "pay": 0,
                    "hd5": 1,
                    "no_reprint": 1,
                    "autoplay": 1,
                    "ugc_pay": 0,
                    "is_cooperation": 0,
                    "ugc_pay_preview": 0,
                    "no_background": 0,
                    "arc_pay": 0,
                    "pay_free_watch": 0
                },
                "owner": {
                    "mid": 338748561,
                    "name": "喵喵折-好物清单",
                    "face": "https://i0.hdslb.com/bfs/face/422c9ccf56a652b059df8a8346a63be890203c49.jpg"
                },
                "stat": {
                    "aid": 288010903,
                    "view": 1847051,
                    "danmaku": 3258,
                    "reply": 3201,
                    "favorite": 102600,
                    "coin": 50671,
                    "share": 15564,
                    "now_rank": 0,
                    "his_rank": 31,
                    "like": 84200,
                    "dislike": 0,
                    "vt": 0,
                    "vv": 1847051,
                    "fav_g": 0,
                    "like_g": 0
                },
                "dynamic": "",
                "cid": 264332485,
                "dimension": {
                    "width": 1920,
                    "height": 1080,
                    "rotate": 0
                },
                "short_link_v2": "https://b23.tv/BV1Tf4y1i7GS",
                "cover43": "",
                "tidv2": 2105,
                "tnamev2": "科技数码综合",
                "pid_v2": 1012,
                "pid_name_v2": "科技数码",
                "bvid": "BV1Tf4y1i7GS",
                "season_type": 0,
                "is_ogv": false,
                "ogv_info": null,
                "enable_vt": 0,
                "ai_rcmd": null,
                "rcmd_reason": "学会了，那么房子去哪找"
            },
            {
                "aid": 928037703,
                "videos": 1,
                "tid": 138,
                "tname": "搞笑",
                "copyright": 1,
                "pic": "http://i1.hdslb.com/bfs/archive/228c84a662d40fd200b202781a111a7963665698.jpg",
                "title": "《 不 要 笑 挑 战 》笑到牙齿都要掉了！",
                "pubdate": 1607247004,
                "ctime": 1607232529,
                "desc": "三连吗\n谢谢",
                "state": 0,
                "duration": 403,
                "mission_id": 15143,
                "rights": {
                    "bp": 0,
                    "elec": 0,
                    "download": 0,
                    "movie": 0,
                    "pay": 0,
                    "hd5": 0,
                    "no_reprint": 1,
                    "autoplay": 1,
                    "ugc_pay": 0,
                    "is_cooperation": 0,
                    "ugc_pay_preview": 0,
                    "no_background": 0,
                    "arc_pay": 0,
                    "pay_free_watch": 0
                },
                "owner": {
                    "mid": 337521240,
                    "name": "记录生活的蛋黄派",
                    "face": "https://i0.hdslb.com/bfs/face/9ba6c7a0d3a2ebfe9db2f46219ece98e210d0269.jpg"
                },
                "stat": {
                    "aid": 928037703,
                    "view": 7772325,
                    "danmaku": 28224,
                    "reply": 4413,
                    "favorite": 29257,
                    "coin": 82431,
                    "share": 10997,
                    "now_rank": 0,
                    "his_rank": 7,
                    "like": 419646,
                    "dislike": 0,
                    "vt": 0,
                    "vv": 7772325,
                    "fav_g": 22,
                    "like_g": 14
                },
                "dynamic": "三连吗",
                "cid": 263459325,
                "dimension": {
                    "width": 1920,
                    "height": 1080,
                    "rotate": 0
                },
                "short_link_v2": "https://b23.tv/BV1gT4y1M7Ej",
                "cover43": "",
                "tidv2": 2207,
                "tnamev2": "随拍·综合",
                "pid_v2": 1032,
                "pid_name_v2": "其他",
                "bvid": "BV1gT4y1M7Ej",
                "season_type": 0,
                "is_ogv": false,
                "ogv_info": null,
                "enable_vt": 0,
                "ai_rcmd": null,
                "rcmd_reason": "UP主真好看，所以旁边那个黄色衣服的是谁"
            },
            {
                "aid": 928046244,
                "videos": 1,
                "tid": 17,
                "tname": "单机游戏",
                "copyright": 1,
                "pic": "http://i0.hdslb.com/bfs/archive/dba71b730cb0f0477ed77a3ac75c37fbb7ac9649.jpg",
                "title": "赛博朋克终极视觉指南！【游戏众生相Remake】",
                "pubdate": 1607559908,
                "ctime": 1607559908,
                "desc": "什么是赛博朋克？重置，新的标杆。",
                "state": 0,
                "duration": 1312,
                "mission_id": 15279,
                "rights": {
                    "bp": 0,
                    "elec": 0,
                    "download": 0,
                    "movie": 0,
                    "pay": 0,
                    "hd5": 1,
                    "no_reprint": 1,
                    "autoplay": 1,
                    "ugc_pay": 0,
                    "is_cooperation": 0,
                    "ugc_pay_preview": 0,
                    "no_background": 0,
                    "arc_pay": 0,
                    "pay_free_watch": 0
                },
                "owner": {
                    "mid": 245869,
                    "name": "尚在天国EX",
                    "face": "https://i1.hdslb.com/bfs/face/4a6503e6bffb5e8f96ac98edf2d0c9fd467cf312.jpg"
                },
                "stat": {
                    "aid": 928046244,
                    "view": 1220733,
                    "danmaku": 4513,
                    "reply": 1593,
                    "favorite": 28770,
                    "coin": 53685,
                    "share": 8336,
                    "now_rank": 0,
                    "his_rank": 26,
                    "like": 64660,
                    "dislike": 0,
                    "vt": 0,
                    "vv": 1220733,
                    "fav_g": 0,
                    "like_g": 0
                },
                "dynamic": "什么是赛博朋克？重置，新的标杆。",
                "cid": 267222757,
                "dimension": {
                    "width": 1920,
                    "height": 1080,
                    "rotate": 0
                },
                "short_link_v2": "https://b23.tv/BV1wT4y1M7tu",
                "cover43": "",
                "tidv2": 2066,
                "tnamev2": "单机主机类游戏",
                "pid_v2": 1008,
                "pid_name_v2": "游戏",
                "bvid": "BV1wT4y1M7tu",
                "season_type": 0,
                "is_ogv": false,
                "ogv_info": null,
                "enable_vt": 0,
                "ai_rcmd": null,
                "rcmd_reason": "入坑视频，这是专业的赛博科普！"
            },
            {
                "aid": 970616660,
                "videos": 1,
                "tid": 214,
                "tname": "田园美食",
                "copyright": 1,
                "pic": "http://i2.hdslb.com/bfs/archive/84f9e1eddb0cc735c9ea0c1775a01f3f9614847c.jpg",
                "title": "愿一串串的红柿子给大家带来新一年的柿柿顺心",
                "pubdate": 1607518145,
                "ctime": 1607518145,
                "desc": "去年霜降之后整了一缸柿子醋，\n直到今年初雪才吃得。\n大冷天的围着火炉子吃着新捂的柿饼、\n烤点小肠蘸点醋就着热腾腾的鱼汤\n这才是属于冬天的幸福啊…\n愿这一串串的红柿子送走即将过去的2020年，\n带来新一年所有的你们万柿如意，好柿连连",
                "state": 0,
                "duration": 1212,
                "mission_id": 15310,
                "rights": {
                    "bp": 0,
                    "elec": 0,
                    "download": 0,
                    "movie": 0,
                    "pay": 0,
                    "hd5": 0,
                    "no_reprint": 1,
                    "autoplay": 1,
                    "ugc_pay": 0,
                    "is_cooperation": 0,
                    "ugc_pay_preview": 0,
                    "no_background": 0,
                    "arc_pay": 0,
                    "pay_free_watch": 0
                },
                "owner": {
                    "mid": 19577966,
                    "name": "李子柒",
                    "face": "https://i2.hdslb.com/bfs/face/82d27965dae3b2fe9e52780c6309c7b37ad4cbf2.jpg"
                },
                "stat": {
                    "aid": 970616660,
                    "view": 3298467,
                    "danmaku": 48516,
                    "reply": 6150,
                    "favorite": 25264,
                    "coin": 140062,
                    "share": 13753,
                    "now_rank": 0,
                    "his_rank": 10,
                    "like": 255652,
                    "dislike": 0,
                    "vt": 0,
                    "vv": 3298467,
                    "fav_g": 14,
                    "like_g": 17
                },
                "dynamic": "今年照旧做了吊柿饼，去年整的柿子醋也吃得了，滋滋地烤肉蘸柿醋，冬天快乐！",
                "cid": 264691362,
                "dimension": {
                    "width": 1920,
                    "height": 1080,
                    "rotate": 0
                },
                "short_link_v2": "https://b23.tv/BV1yp4y1z7yH",
                "cover43": "",
                "tidv2": 2152,
                "tnamev2": "美食记录",
                "pid_v2": 1020,
                "pid_name_v2": "美食",
                "bvid": "BV1yp4y1z7yH",
                "season_type": 0,
                "is_ogv": false,
                "ogv_info": null,
                "enable_vt": 0,
                "ai_rcmd": null,
                "rcmd_reason": "匆匆又一年，愿大家柿柿顺心"
            },
            {
                "aid": 798034969,
                "videos": 1,
                "tid": 201,
                "tname": "科学科普",
                "copyright": 1,
                "pic": "http://i1.hdslb.com/bfs/archive/912c538a338967abc501b231d52b027c2a8d9a46.jpg",
                "title": "【医学博士生】求求你们别再画内眼线了！",
                "pubdate": 1607295607,
                "ctime": 1607195378,
                "desc": "我现在觉得我不用学了，因为我终于发现我眼睛小是因为没有卧蚕，完全没有的那种没有TAT\n如果你一定要画内眼线和睫毛，视频结尾也提供了一些注意事项，帮你尽量减少伤害。\n希望这个视频会有人喜欢，鞠躬。\n爱你们~",
                "state": 0,
                "duration": 275,
                "mission_id": 15050,
                "rights": {
                    "bp": 0,
                    "elec": 0,
                    "download": 0,
                    "movie": 0,
                    "pay": 0,
                    "hd5": 1,
                    "no_reprint": 1,
                    "autoplay": 1,
                    "ugc_pay": 0,
                    "is_cooperation": 0,
                    "ugc_pay_preview": 0,
                    "no_background": 0,
                    "arc_pay": 0,
                    "pay_free_watch": 0
                },
                "owner": {
                    "mid": 4254605,
                    "name": "不想做实验的锦鲤仔",
                    "face": "https://i2.hdslb.com/bfs/face/b1bb87b6807e1faa2297be76d79cebacacdbc0f7.jpg"
                },
                "stat": {
                    "aid": 798034969,
                    "view": 2643273,
                    "danmaku": 4866,
                    "reply": 7730,
                    "favorite": 31384,
                    "coin": 32278,
                    "share": 24337,
                    "now_rank": 0,
                    "his_rank": 23,
                    "like": 147551,
                    "dislike": 0,
                    "vt": 0,
                    "vv": 2643273,
                    "fav_g": 0,
                    "like_g": 0
                },
                "dynamic": "就……大家都会画眼线吗？要小心哦~\n（本期视频我画了很浓的眼影，但是录完发现好像看不太出来……）\n希望本期视频也会有人喜欢，鞠躬。",
                "cid": 263367672,
                "dimension": {
                    "width": 1920,
                    "height": 1080,
                    "rotate": 0
                },
                "short_link_v2": "https://b23.tv/BV1ty4y1S7Kg",
                "cover43": "",
                "tidv2": 2111,
                "tnamev2": "美妆",
                "pid_v2": 1014,
                "pid_name_v2": "时尚美妆",
                "bvid": "BV1ty4y1S7Kg",
                "season_type": 0,
                "is_ogv": false,
                "ogv_info": null,
                "enable_vt": 0,
                "ai_rcmd": null,
                "rcmd_reason": "原来你就是海德堡李雪琴"
            },
            {
                "aid": 628115580,
                "videos": 2,
                "tid": 164,
                "tname": "健身",
                "copyright": 1,
                "pic": "http://i2.hdslb.com/bfs/archive/68835de4d226a18a64dcd06f6f89e7b7100221f4.jpg",
                "title": "站着减肚子！至少掉 8 斤，专攻内脏脂肪，家用八周燃脂计划",
                "pubdate": 1607080523,
                "ctime": 1607080523,
                "desc": "",
                "state": 0,
                "duration": 3761,
                "mission_id": 15328,
                "rights": {
                    "bp": 0,
                    "elec": 0,
                    "download": 0,
                    "movie": 0,
                    "pay": 0,
                    "hd5": 1,
                    "no_reprint": 1,
                    "autoplay": 1,
                    "ugc_pay": 0,
                    "is_cooperation": 0,
                    "ugc_pay_preview": 0,
                    "no_background": 0,
                    "arc_pay": 0,
                    "pay_free_watch": 0
                },
                "owner": {
                    "mid": 1531707,
                    "name": "叔贵",
                    "face": "http://i0.hdslb.com/bfs/face/6c579853b06c25f232e52a003ab8cf5b509057b6.jpg"
                },
                "stat": {
                    "aid": 628115580,
                    "view": 2922219,
                    "danmaku": 14040,
                    "reply": 6006,
                    "favorite": 245136,
                    "coin": 138214,
                    "share": 41694,
                    "now_rank": 0,
                    "his_rank": 41,
                    "like": 137526,
                    "dislike": 0,
                    "vt": 0,
                    "vv": 2922219,
                    "fav_g": 4,
                    "like_g": 13
                },
                "dynamic": "",
                "cid": 262763193,
                "dimension": {
                    "width": 3840,
                    "height": 2160,
                    "rotate": 0
                },
                "short_link_v2": "https://b23.tv/BV1dt4y1r7no",
                "cover43": "",
                "tidv2": 2129,
                "tnamev2": "健身跟练教学",
                "pid_v2": 1017,
                "pid_name_v2": "健身",
                "bvid": "BV1dt4y1r7no",
                "season_type": 0,
                "is_ogv": false,
                "ogv_info": null,
                "enable_vt": 0,
                "ai_rcmd": null,
                "rcmd_reason": "先收藏，说不定哪天能和孙子一起练呢"
            },
            {
                "aid": 373083159,
                "videos": 2,
                "tid": 71,
                "tname": "综艺",
                "copyright": 1,
                "pic": "http://i1.hdslb.com/bfs/archive/b22fc6926d38fd6919f36c068e92f8821228e9bd.jpg",
                "title": "【暴走大事件第七季】08蓝“赛博朋克”版水浒传正在播放，王尼玛整新活玩转另类直播！",
                "pubdate": 1607605452,
                "ctime": 1607605452,
                "desc": "女贼偷电瓶车后不会骑，咬牙推走15里地后被抓；“恋爱学院”内部曝光，套路太深让人防不胜防！凶宅直播要火？1分钟赚1块就问你心动不心动！用奇怪的方式打开水浒传，李逵喊你拯救世界！女子自述被劝酒尴尬经历，一个能喝都没有！蜗壳公寓零元购？王尼玛教你正确领取姿势",
                "state": 0,
                "duration": 1470,
                "redirect_url": "https://www.bilibili.com/bangumi/play/ep391242",
                "rights": {
                    "bp": 0,
                    "elec": 0,
                    "download": 0,
                    "movie": 0,
                    "pay": 0,
                    "hd5": 1,
                    "no_reprint": 1,
                    "autoplay": 0,
                    "ugc_pay": 0,
                    "is_cooperation": 0,
                    "ugc_pay_preview": 0,
                    "no_background": 0,
                    "arc_pay": 0,
                    "pay_free_watch": 0
                },
                "owner": {
                    "mid": 883968,
                    "name": "暴走漫画",
                    "face": "https://i0.hdslb.com/bfs/face/c93ff5df2cd0c0c9384b139c86d1a56a9540c9a2.jpg"
                },
                "stat": {
                    "aid": 373083159,
                    "view": 3146114,
                    "danmaku": 19547,
                    "reply": 2338,
                    "favorite": 845,
                    "coin": 154225,
                    "share": 5180,
                    "now_rank": 0,
                    "his_rank": 15,
                    "like": 192096,
                    "dislike": 0,
                    "vt": 0,
                    "vv": 3146114,
                    "fav_g": 0,
                    "like_g": 0
                },
                "dynamic": "冲！",
                "cid": 264995781,
                "dimension": {
                    "width": 1920,
                    "height": 1080,
                    "rotate": 0
                },
                "short_link_v2": "https://b23.tv/BV1JZ4y1g73Q",
                "cover43": "",
                "tidv2": 2155,
                "tnamev2": "语言类小剧场",
                "pid_v2": 1021,
                "pid_name_v2": "小剧场",
                "bvid": "BV1JZ4y1g73Q",
                "season_type": 0,
                "is_ogv": false,
                "ogv_info": null,
                "enable_vt": 0,
                "ai_rcmd": null,
                "rcmd_reason": "重新定义星期五"
            },
            {
                "aid": 670603235,
                "videos": 1,
                "tid": 230,
                "tname": "软件应用",
                "copyright": 1,
                "pic": "http://i2.hdslb.com/bfs/archive/ff83ee7a5f5f1d916cd4d7b86bd60c80d6ec4209.jpg",
                "title": "【白嫖福利】我做了个完全免费的编程自学网站，不要关注公众号，不要加小姐姐微信",
                "pubdate": 1607055419,
                "ctime": 1607055419,
                "desc": "临毕业建议去机构\n大一大二建议自学\n自学党，白嫖党的福利呀\n我真的的用了时间，用了时间，用了心血，希望大家帮帮忙三连加转发！！更多好物将免费分享！",
                "state": 0,
                "duration": 521,
                "mission_id": 15050,
                "rights": {
                    "bp": 0,
                    "elec": 0,
                    "download": 0,
                    "movie": 0,
                    "pay": 0,
                    "hd5": 0,
                    "no_reprint": 1,
                    "autoplay": 1,
                    "ugc_pay": 0,
                    "is_cooperation": 0,
                    "ugc_pay_preview": 0,
                    "no_background": 0,
                    "arc_pay": 0,
                    "pay_free_watch": 0
                },
                "owner": {
                    "mid": 384087053,
                    "name": "IT楠老师",
                    "face": "https://i2.hdslb.com/bfs/face/24c65a08f34df2da578ac5145ff9bdd030faea57.jpg"
                },
                "stat": {
                    "aid": 670603235,
                    "view": 1632233,
                    "danmaku": 14954,
                    "reply": 2253,
                    "favorite": 142345,
                    "coin": 150550,
                    "share": 7091,
                    "now_rank": 0,
                    "his_rank": 23,
                    "like": 163094,
                    "dislike": 0,
                    "vt": 0,
                    "vv": 1632233,
                    "fav_g": 0,
                    "like_g": 0
                },
                "dynamic": "我做了个自学网站，兄弟们给多多转发三连呀！拜托拜托…",
                "cid": 262647953,
                "dimension": {
                    "width": 1920,
                    "height": 1080,
                    "rotate": 0
                },
                "short_link_v2": "https://b23.tv/BV18a4y1H7ws",
                "up_from_v2": 8,
                "cover43": "",
                "tidv2": 2103,
                "tnamev2": "工程机械",
                "pid_v2": 1012,
                "pid_name_v2": "科技数码",
                "bvid": "BV18a4y1H7ws",
                "season_type": 0,
                "is_ogv": false,
                "ogv_info": null,
                "enable_vt": 0,
                "ai_rcmd": null,
                "rcmd_reason": "辛苦了，但是能提供个生发秘诀吗"
            }
        ]
    }
}