{
    "code": 0,
    "message": "OK",
    "ttl": 1,
    "data": {
        "config": {
            "id": 99,
            "type": "weekly_selected",
            "number": 95,
            "subject": "大 唐 新 说 唱",
            "stime": 1610035200,
            "etime": 1610639999,
            "status": 2,
            "name": "2021第95期 01.08 - 01.14",
            "label": "第95期(0115更新)",
            "hint": "",
            "color": 0,
            "cover": "",
            "share_title": "大 唐 新 说 唱 | 每周必看第95期",
            "share_subtitle": "非战斗人员立即撤离！中国最强说唱厂牌来炸场了！",
            "media_id": 1151888588
        },
        "reminder": "每周五晚18:00更新",
        "list": [
            {
                "aid": 458517543,
                "videos": 2,
                "tid": 162,
                "tname": "绘画",
                "copyright": 1,
                "pic": "http://i1.hdslb.com/bfs/archive/ec004880aa20b83eda0489f0846e71f0cfede6f1.jpg",
                "title": "彩铅手绘王冰冰，长达6小时的视频没人能看完吧",
                "pubdate": 1610103009,
                "ctime": 1610103009,
                "desc": "求个三连！工具：三幅霹雳马彩铅，FABRIANO水彩本细纹。2p视频稍微加了点速，实际耗时是八个小时，由于文件实在太大用只好降低画质了。如果有人想看原速的话，会偶尔发一些原速片段，因为原速视频剪辑渲染时间太长了没办法每次都能发啦",
                "state": 0,
                "duration": 22963,
                "rights": {
                    "bp": 0,
                    "elec": 0,
                    "download": 0,
                    "movie": 0,
                    "pay": 0,
                    "hd5": 0,
                    "no_reprint": 1,
                    "autoplay": 1,
                    "ugc_pay": 0,
                    "is_cooperation": 0,
                    "ugc_pay_preview": 0,
                    "no_background": 0,
                    "arc_pay": 0,
                    "pay_free_watch": 0
                },
                "owner": {
                    "mid": 28330240,
                    "name": "叶无趣",
                    "face": "https://i1.hdslb.com/bfs/face/9416d6dd723d271bdd805ccf2e44dc47436c5a07.jpg"
                },
                "stat": {
                    "aid": 458517543,
                    "view": 4202836,
                    "danmaku": 18169,
                    "reply": 5601,
                    "favorite": 51761,
                    "coin": 168647,
                    "share": 14221,
                    "now_rank": 0,
                    "his_rank": 10,
                    "like": 348082,
                    "dislike": 0,
                    "vt": 0,
                    "vv": 4202836,
                    "fav_g": 3,
                    "like_g": 7
                },
                "dynamic": "求个三连！",
                "cid": 279541957,
                "dimension": {
                    "width": 1920,
                    "height": 1080,
                    "rotate": 0
                },
                "short_link_v2": "https://b23.tv/BV1F5411n74s",
                "cover43": "",
                "tidv2": 2056,
                "tnamev2": "非二次元绘画",
                "pid_v2": 1006,
                "pid_name_v2": "绘画",
                "bvid": "BV1F5411n74s",
                "season_type": 0,
                "is_ogv": false,
                "ogv_info": null,
                "enable_vt": 0,
                "ai_rcmd": null,
                "rcmd_reason": "这合理吗，王冰冰手办打印机同学"
            },
            {
                "aid": 416198849,
                "videos": 1,
                "tid": 183,
                "tname": "影视剪辑",
                "copyright": 1,
                "pic": "http://i2.hdslb.com/bfs/archive/e6707e6bfcc1a4b59267b64f2df8cb0e83cd5150.jpg",
                "title": "【陈佩斯×林黛玉】夫  妻  相",
                "pubdate": 1610423822,
                "ctime": 1610423822,
                "desc": "BGM：世界上的另一个我(阿肆/郭采洁)",
                "state": 0,
                "duration": 228,
                "rights": {
                    "bp": 0,
                    "elec": 0,
                    "download": 0,
                    "movie": 0,
                    "pay": 0,
                    "hd5": 0,
                    "no_reprint": 1,
                    "autoplay": 1,
                    "ugc_pay": 0,
                    "is_cooperation": 0,
                    "ugc_pay_preview": 0,
                    "no_background": 0,
                    "arc_pay": 0,
                    "pay_free_watch": 0
                },
                "owner": {
                    "mid": 21778075,
                    "name": "_青红造了个白_",
                    "face": "https://i1.hdslb.com/bfs/face/58772b63be427a2340ce780c766cad11f68c8380.jpg"
                },
                "stat": {
                    "aid": 416198849,
                    "view": 8594660,
                    "danmaku": 17699,
                    "reply": 12549,
                    "favorite": 208413,
                    "coin": 413943,
                    "share": 217090,
                    "now_rank": 0,
                    "his_rank": 7,
                    "like": 527423,
                    "dislike": 0,
                    "vt": 0,
                    "vv": 8594660,
                    "fav_g": 0,
                    "like_g": 0
                },
                "dynamic": "",
                "cid": 281381858,
                "dimension": {
                    "width": 1280,
                    "height": 720,
                    "rotate": 0
                },
                "short_link_v2": "https://b23.tv/BV19V411t7X9",
                "cover43": "",
                "tidv2": 2002,
                "tnamev2": "影视剪辑",
                "pid_v2": 1001,
                "pid_name_v2": "影视",
                "bvid": "BV19V411t7X9",
                "season_type": 0,
                "is_ogv": false,
                "ogv_info": null,
                "enable_vt": 0,
                "ai_rcmd": null,
                "rcmd_reason": "贾宝玉：可恶，我要报警了！"
            },
            {
                "aid": 756111366,
                "videos": 1,
                "tid": 257,
                "tname": "配音",
                "copyright": 1,
                "pic": "http://i2.hdslb.com/bfs/archive/9b7818aef92105f41db3941466e4c155fc89eead.jpg",
                "title": "课 堂 请 勿 对 对 子 6.0！！！",
                "pubdate": 1610163603,
                "ctime": 1610149714,
                "desc": "非历史专业，全凭爱好创作，如有错漏，欢迎指正！无法兼顾平仄请您谅解，\n毕竟短短7字要藏君王名号 ，名著书名，考究对仗工整，\n还要前后倒装2句话逻辑内容皆通顺，已是极限！\n如果喜欢求个投币！投币过10万！我就是植物人，也出下集！！[抱拳]",
                "state": 0,
                "duration": 222,
                "mission_id": 15144,
                "rights": {
                    "bp": 0,
                    "elec": 0,
                    "download": 0,
                    "movie": 0,
                    "pay": 0,
                    "hd5": 1,
                    "no_reprint": 1,
                    "autoplay": 1,
                    "ugc_pay": 0,
                    "is_cooperation": 0,
                    "ugc_pay_preview": 0,
                    "no_background": 0,
                    "arc_pay": 0,
                    "pay_free_watch": 0
                },
                "owner": {
                    "mid": 90361813,
                    "name": "三十六贱笑",
                    "face": "https://i1.hdslb.com/bfs/face/4d8544c34eeca531793de4ade8abfa3d8dc7ae08.jpg"
                },
                "stat": {
                    "aid": 756111366,
                    "view": 11068477,
                    "danmaku": 73070,
                    "reply": 13677,
                    "favorite": 403259,
                    "coin": 1732347,
                    "share": 62785,
                    "now_rank": 0,
                    "his_rank": 1,
                    "like": 1581616,
                    "dislike": 0,
                    "vt": 0,
                    "vv": 11068477,
                    "fav_g": 0,
                    "like_g": 6
                },
                "dynamic": "非历史专业，全凭爱好创作，如有错漏，欢迎指正！无法兼顾平仄请您谅解，\n毕竟短短7字要藏君王名号 ，名著书名，考究对仗工整，\n还要前后倒装2句话逻辑内容皆通顺，已是极限！[打call]\n最后求个三连！！[打call][打call]你的三连是我最大的动力！！！[打call][打call][打call]\n投币过10万！我就是植物人，也出下集！！[抱拳]\n#搞笑##配音##脑洞##校园小子#",
                "cid": 279984604,
                "dimension": {
                    "width": 1920,
                    "height": 1080,
                    "rotate": 0
                },
                "season_id": 1813,
                "short_link_v2": "https://b23.tv/BV1xr4y1T7Ye",
                "pub_location": "广东",
                "cover43": "",
                "tidv2": 2044,
                "tnamev2": "动画配音",
                "pid_v2": 1005,
                "pid_name_v2": "二次元",
                "bvid": "BV1xr4y1T7Ye",
                "season_type": 0,
                "is_ogv": false,
                "ogv_info": null,
                "enable_vt": 0,
                "ai_rcmd": null,
                "rcmd_reason": "中国文化果然博大精深"
            },
            {
                "aid": 458577175,
                "videos": 1,
                "tid": 59,
                "tname": "演奏",
                "copyright": 1,
                "pic": "http://i0.hdslb.com/bfs/archive/3256071b6dbd2231f48314817fcfc9ff36aacd84.jpg",
                "title": "世界级音乐复刻《猫和老鼠》！全站第一弹！【尔东和小明】",
                "pubdate": 1610161210,
                "ctime": 1610131724,
                "desc": "我是文卓，由于尔东和小明在完成这个视频后双双体力不支，倒头大睡，这次由我来写简介。\n\n还原《猫和老鼠》中的音乐这样一个大家看起来很简单的事儿，它的难度远远超出大家的想象。想要复刻《猫和老鼠》中的音乐，无论是从音响设计、作曲技法，还是从它的演奏完成精彩程度上来说，都是世界级的难度。挑战还原它，除了需要非常大的勇气，还需要极其过硬的专业素养和坚韧不拔的毅力。\n\n旅美青年作曲家尔东为了扒这个谱子几天吃不下饭，古典演奏家，各大国家级跨年晚会乐队首席小提琴小明直呼猫和老鼠太难，练完可以去参加国际比赛了。这就是为什么",
                "state": 0,
                "duration": 241,
                "mission_id": 15323,
                "rights": {
                    "bp": 0,
                    "elec": 0,
                    "download": 0,
                    "movie": 0,
                    "pay": 0,
                    "hd5": 1,
                    "no_reprint": 1,
                    "autoplay": 1,
                    "ugc_pay": 0,
                    "is_cooperation": 0,
                    "ugc_pay_preview": 0,
                    "no_background": 0,
                    "arc_pay": 0,
                    "pay_free_watch": 0
                },
                "owner": {
                    "mid": 440544870,
                    "name": "尔东和小明",
                    "face": "https://i0.hdslb.com/bfs/face/ec6dd793f2e830cdf5d425e22f98de378788f446.jpg"
                },
                "stat": {
                    "aid": 458577175,
                    "view": 5869172,
                    "danmaku": 7434,
                    "reply": 4793,
                    "favorite": 207870,
                    "coin": 670852,
                    "share": 57133,
                    "now_rank": 0,
                    "his_rank": 6,
                    "like": 655701,
                    "dislike": 0,
                    "vt": 0,
                    "vv": 5869172,
                    "fav_g": 0,
                    "like_g": 3
                },
                "dynamic": "#猫和老鼠##搞笑##完美复刻##钢琴##小提琴#",
                "cid": 279940621,
                "dimension": {
                    "width": 3840,
                    "height": 2160,
                    "rotate": 0
                },
                "short_link_v2": "https://b23.tv/BV1J5411n7pq",
                "cover43": "",
                "tidv2": 2021,
                "tnamev2": "演奏",
                "pid_v2": 1003,
                "pid_name_v2": "音乐",
                "bvid": "BV1J5411n7pq",
                "season_type": 0,
                "is_ogv": false,
                "ogv_info": null,
                "enable_vt": 0,
                "ai_rcmd": null,
                "rcmd_reason": "DNA动了，已经在偷吃起司了"
            },
            {
                "aid": 246182323,
                "videos": 1,
                "tid": 158,
                "tname": "穿搭",
                "copyright": 1,
                "pic": "http://i2.hdslb.com/bfs/archive/2e53cefd0e0d3c5cae094c83c35a15d23d15917a.jpg",
                "title": "【冰冰vlog.002】我的行李箱真的不止这一件衣服啊喂(・Д・)ノ",
                "pubdate": 1610450562,
                "ctime": 1610450562,
                "desc": "出镜记者的行李箱大揭秘&穿搭技巧与心得",
                "state": 0,
                "duration": 478,
                "mission_id": 15784,
                "rights": {
                    "bp": 0,
                    "elec": 0,
                    "download": 0,
                    "movie": 0,
                    "pay": 0,
                    "hd5": 1,
                    "no_reprint": 1,
                    "autoplay": 1,
                    "ugc_pay": 0,
                    "is_cooperation": 0,
                    "ugc_pay_preview": 0,
                    "no_background": 0,
                    "arc_pay": 0,
                    "pay_free_watch": 0
                },
                "owner": {
                    "mid": 2026561407,
                    "name": "吃花椒的喵酱",
                    "face": "https://i0.hdslb.com/bfs/face/cb49e8804447945761979822437f76a9eabce318.jpg"
                },
                "stat": {
                    "aid": 246182323,
                    "view": 10172040,
                    "danmaku": 81078,
                    "reply": 54211,
                    "favorite": 177575,
                    "coin": 827474,
                    "share": 62253,
                    "now_rank": 0,
                    "his_rank": 1,
                    "like": 1105367,
                    "dislike": 0,
                    "vt": 0,
                    "vv": 10172040,
                    "fav_g": 0,
                    "like_g": 1
                },
                "dynamic": "我与这件小黄衫不得不说的故事……",
                "cid": 281527531,
                "dimension": {
                    "width": 1920,
                    "height": 1080,
                    "rotate": 0
                },
                "short_link_v2": "https://b23.tv/BV1Yv411W71Z",
                "cover43": "",
                "tidv2": 2114,
                "tnamev2": "鞋服穿搭",
                "pid_v2": 1014,
                "pid_name_v2": "时尚美妆",
                "bvid": "BV1Yv411W71Z",
                "season_type": 0,
                "is_ogv": false,
                "ogv_info": null,
                "enable_vt": 0,
                "ai_rcmd": null,
                "rcmd_reason": "你们都住B站吗！冰冰这评论区速度就离谱"
            },
            {
                "aid": 798592804,
                "videos": 1,
                "tid": 182,
                "tname": "影视杂谈",
                "copyright": 1,
                "pic": "http://i2.hdslb.com/bfs/archive/25d8e078ee1407cc1dc376cf2a1fb1f58ee7b1c8.jpg",
                "title": "【片片】全球第一烧脑神剧《暗黑》！五条时间线，纵贯一百年，暴击250万人脑细胞！高能解说第一季-上",
                "pubdate": 1610357855,
                "ctime": 1610357855,
                "desc": "《暗黑》系列正式开坑！\n这部德剧神作的大名相信很多人早就听说过。\n在全球范围票选的“网飞最佳剧集”活动中，它力压《怪奇物语》、《浴血黑帮》，\n甚至打败了《黑镜》，夺得冠军。\n《暗黑》全系列三季故事野心勃勃，从一个孩子走失的故事讲起，\n将时间线缓缓铺开，展开了一场纵贯百年的时间洪流。\n关注微信公众号：小片片说大片，更多宠粉福利等你来！",
                "state": 0,
                "duration": 1551,
                "mission_id": 15478,
                "rights": {
                    "bp": 0,
                    "elec": 0,
                    "download": 0,
                    "movie": 0,
                    "pay": 0,
                    "hd5": 0,
                    "no_reprint": 1,
                    "autoplay": 1,
                    "ugc_pay": 0,
                    "is_cooperation": 0,
                    "ugc_pay_preview": 0,
                    "no_background": 0,
                    "arc_pay": 0,
                    "pay_free_watch": 0
                },
                "owner": {
                    "mid": 10119428,
                    "name": "小片片说大片",
                    "face": "https://i2.hdslb.com/bfs/face/949fd3f0b9fe23703c970d494edc41ae52ee32de.jpg"
                },
                "stat": {
                    "aid": 798592804,
                    "view": 6460854,
                    "danmaku": 17517,
                    "reply": 4022,
                    "favorite": 91164,
                    "coin": 188458,
                    "share": 90674,
                    "now_rank": 0,
                    "his_rank": 7,
                    "like": 396046,
                    "dislike": 0,
                    "vt": 0,
                    "vv": 6460854,
                    "fav_g": 0,
                    "like_g": 0
                },
                "dynamic": "全员穿越！这部悬疑剧天花板没人敢碰？网飞第一神剧《暗黑》系列正式开坑！",
                "cid": 281076241,
                "dimension": {
                    "width": 1920,
                    "height": 1080,
                    "rotate": 0
                },
                "season_id": 1238609,
                "short_link_v2": "https://b23.tv/BV1oy4y127Vf",
                "cover43": "",
                "tidv2": 2001,
                "tnamev2": "影视解读",
                "pid_v2": 1001,
                "pid_name_v2": "影视",
                "bvid": "BV1oy4y127Vf",
                "season_type": 0,
                "is_ogv": false,
                "ogv_info": null,
                "enable_vt": 0,
                "ai_rcmd": null,
                "rcmd_reason": "又是一部不配合解说就看不懂的剧"
            },
            {
                "aid": 671121668,
                "videos": 1,
                "tid": 138,
                "tname": "搞笑",
                "copyright": 1,
                "pic": "http://i0.hdslb.com/bfs/archive/65ceff32b539b838b23a527a38a8c6ecd616a37e.jpg",
                "title": "万恶之源！你一定见过这些表情包",
                "pubdate": 1610200819,
                "ctime": 1610200820,
                "desc": "还真TM全是名场面！\n更多生活中的凉风详见微博@凉风Kaze",
                "state": 0,
                "duration": 560,
                "rights": {
                    "bp": 0,
                    "elec": 0,
                    "download": 0,
                    "movie": 0,
                    "pay": 0,
                    "hd5": 1,
                    "no_reprint": 1,
                    "autoplay": 1,
                    "ugc_pay": 0,
                    "is_cooperation": 0,
                    "ugc_pay_preview": 0,
                    "no_background": 0,
                    "arc_pay": 0,
                    "pay_free_watch": 0
                },
                "owner": {
                    "mid": 14110780,
                    "name": "凉风Kaze",
                    "face": "https://i1.hdslb.com/bfs/face/e0cc906bb531195e9ee9f3b575effdd2b056eaea.jpg"
                },
                "stat": {
                    "aid": 671121668,
                    "view": 3769858,
                    "danmaku": 8859,
                    "reply": 3246,
                    "favorite": 33171,
                    "coin": 90843,
                    "share": 4344,
                    "now_rank": 0,
                    "his_rank": 5,
                    "like": 382181,
                    "dislike": 0,
                    "vt": 0,
                    "vv": 3769858,
                    "fav_g": 0,
                    "like_g": 2
                },
                "dynamic": "万恶之源！你一定见过这些表情包\n寒冷的冬天只有粉丝的三连能温暖凉仔的秃头（暗示）",
                "cid": 280059202,
                "dimension": {
                    "width": 1920,
                    "height": 1080,
                    "rotate": 0
                },
                "short_link_v2": "https://b23.tv/BV19U4y1x7QA",
                "cover43": "",
                "tidv2": 2207,
                "tnamev2": "随拍·综合",
                "pid_v2": 1032,
                "pid_name_v2": "其他",
                "bvid": "BV19U4y1x7QA",
                "season_type": 0,
                "is_ogv": false,
                "ogv_info": null,
                "enable_vt": 0,
                "ai_rcmd": null,
                "rcmd_reason": "内藏UP主倾情演绎，请准备随时截屏"
            },
            {
                "aid": 288620563,
                "videos": 1,
                "tid": 201,
                "tname": "科学科普",
                "copyright": 1,
                "pic": "http://i0.hdslb.com/bfs/archive/3dcb4539ad14b7a433b82c3e08c84977acb99e7c.jpg",
                "title": "【皮肤科】几十年治痘经验总结，痘痘常用外用药全指南",
                "pubdate": 1610161442,
                "ctime": 1610101651,
                "desc": "在这里，我整理了一份常见的祛痘外用药膏的使用指南，全是我这些年的临床经验总结：\n1.闭口黑头的外用药指南\n2.红肿痘痘的外用药指南\n3.痘印痘坑的外用药指南\n\n图片获取方法：\n1.关注公众号【皮肤科王医生】，回复【祛痘药】即可获取\n2.百度网盘：\n链接：https://pan.baidu.com/s/1DUMHq9kbPk2YQNQQ_kKFng \n提取码：b8zw \n\n网上问诊方法：\n1.全价问诊：好大夫在线搜索“王瑞艳”\n2.关注公号【皮肤科王医生】后回复关键字【义诊】，首次问诊16.9元",
                "state": 0,
                "duration": 420,
                "mission_id": 15417,
                "rights": {
                    "bp": 0,
                    "elec": 0,
                    "download": 0,
                    "movie": 0,
                    "pay": 0,
                    "hd5": 0,
                    "no_reprint": 1,
                    "autoplay": 1,
                    "ugc_pay": 0,
                    "is_cooperation": 0,
                    "ugc_pay_preview": 0,
                    "no_background": 0,
                    "arc_pay": 0,
                    "pay_free_watch": 0
                },
                "owner": {
                    "mid": 4390920,
                    "name": "皮肤科的王医生",
                    "face": "https://i0.hdslb.com/bfs/face/de3120caa7cf2de197d7cfd786d3c23807aefe70.jpg"
                },
                "stat": {
                    "aid": 288620563,
                    "view": 4114944,
                    "danmaku": 9636,
                    "reply": 5753,
                    "favorite": 421223,
                    "coin": 255794,
                    "share": 83496,
                    "now_rank": 0,
                    "his_rank": 15,
                    "like": 292070,
                    "dislike": 0,
                    "vt": 0,
                    "vv": 4114944,
                    "fav_g": 4,
                    "like_g": 24
                },
                "dynamic": "啊呀呀呀，这可是我治痘这么多年的临床经验总结了，独一家啊朋友们，还不三连支持一下？",
                "cid": 279787939,
                "dimension": {
                    "width": 1920,
                    "height": 1080,
                    "rotate": 0
                },
                "short_link_v2": "https://b23.tv/BV1df4y1r7pP",
                "cover43": "",
                "tidv2": 2112,
                "tnamev2": "护肤",
                "pid_v2": 1014,
                "pid_name_v2": "时尚美妆",
                "bvid": "BV1df4y1r7pP",
                "season_type": 0,
                "is_ogv": false,
                "ogv_info": null,
                "enable_vt": 0,
                "ai_rcmd": null,
                "rcmd_reason": "痘友们收藏刚需了！"
            },
            {
                "aid": 416051487,
                "videos": 1,
                "tid": 24,
                "tname": "MAD·AMV",
                "copyright": 1,
                "pic": "http://i1.hdslb.com/bfs/archive/0539f16049a7d18e9538bf4357770f25eb9b49d2.jpg",
                "title": "这大概是你今年看到最美的视频！",
                "pubdate": 1610164814,
                "ctime": 1610158844,
                "desc": "久违的合作\n00:00~00:54 我\n00:54~01:48 冲仓\n\nBGM：Deep Blue (feat. Monika Santucci) \n辛苦审核大大了，如果有任何问题，\n请务必打回，我会认真修改的！\n不要白嫖，不要白嫖，不要白嫖，不要白嫖，不要白嫖，不要白嫖，不要白嫖，不要白嫖，不要白嫖，不要白嫖，不要白嫖，\n不要白嫖，不要白嫖，不要白嫖，不要白嫖，不要白嫖，不要白嫖，不要白嫖，不要白嫖，不要白嫖，不要白嫖，不要白嫖，\n不要白嫖，不要白嫖，不要白嫖，不要白嫖，不要白嫖，不要白嫖，不要白嫖，不",
                "state": 0,
                "duration": 110,
                "rights": {
                    "bp": 0,
                    "elec": 0,
                    "download": 0,
                    "movie": 0,
                    "pay": 0,
                    "hd5": 0,
                    "no_reprint": 1,
                    "autoplay": 1,
                    "ugc_pay": 0,
                    "is_cooperation": 1,
                    "ugc_pay_preview": 0,
                    "no_background": 0,
                    "arc_pay": 0,
                    "pay_free_watch": 0
                },
                "owner": {
                    "mid": 33159593,
                    "name": "努力の巳宝宝",
                    "face": "https://i2.hdslb.com/bfs/face/4f40c75d5159866b1068389e8b40b4e42769ea7b.jpg"
                },
                "stat": {
                    "aid": 416051487,
                    "view": 2136513,
                    "danmaku": 3750,
                    "reply": 2973,
                    "favorite": 125643,
                    "coin": 156679,
                    "share": 6522,
                    "now_rank": 0,
                    "his_rank": 14,
                    "like": 217774,
                    "dislike": 0,
                    "vt": 0,
                    "vv": 2136513,
                    "fav_g": 0,
                    "like_g": 0
                },
                "dynamic": "建议戴耳机 开护眼模式 观看",
                "cid": 279946060,
                "dimension": {
                    "width": 1920,
                    "height": 1080,
                    "rotate": 0
                },
                "season_id": 2973,
                "short_link_v2": "https://b23.tv/BV1fV41147xd",
                "cover43": "",
                "tidv2": 2041,
                "tnamev2": "动漫剪辑",
                "pid_v2": 1005,
                "pid_name_v2": "二次元",
                "bvid": "BV1fV41147xd",
                "season_type": 0,
                "is_ogv": false,
                "ogv_info": null,
                "enable_vt": 0,
                "ai_rcmd": null,
                "rcmd_reason": "1.25倍速好听哭了，白嫖失败"
            },
            {
                "aid": 886236881,
                "videos": 1,
                "tid": 138,
                "tname": "搞笑",
                "copyright": 1,
                "pic": "http://i0.hdslb.com/bfs/archive/7d6767ed929ac306bdc598dd77fc20dc47c68459.jpg",
                "title": "《烂活》",
                "pubdate": 1610515253,
                "ctime": 1610515253,
                "desc": "希望观众老爷喜欢这个系列！\n（希望你们喜欢，记得素质三连！）",
                "state": 0,
                "duration": 339,
                "mission_id": 15145,
                "rights": {
                    "bp": 0,
                    "elec": 0,
                    "download": 0,
                    "movie": 0,
                    "pay": 0,
                    "hd5": 0,
                    "no_reprint": 1,
                    "autoplay": 1,
                    "ugc_pay": 0,
                    "is_cooperation": 0,
                    "ugc_pay_preview": 0,
                    "no_background": 0,
                    "arc_pay": 0,
                    "pay_free_watch": 0
                },
                "owner": {
                    "mid": 5970160,
                    "name": "小潮院长",
                    "face": "https://i1.hdslb.com/bfs/face/834eb0de8d2f470bf03e4ea92831b14f3824c863.jpg"
                },
                "stat": {
                    "aid": 886236881,
                    "view": 20421970,
                    "danmaku": 57450,
                    "reply": 10416,
                    "favorite": 253257,
                    "coin": 424260,
                    "share": 129153,
                    "now_rank": 0,
                    "his_rank": 2,
                    "like": 970839,
                    "dislike": 0,
                    "vt": 0,
                    "vv": 20421970,
                    "fav_g": 861,
                    "like_g": 734
                },
                "dynamic": "烂  活",
                "cid": 281794308,
                "dimension": {
                    "width": 1920,
                    "height": 1080,
                    "rotate": 0
                },
                "short_link_v2": "https://b23.tv/BV1yK4y1W7Cv",
                "pub_location": "上海",
                "cover43": "",
                "tidv2": 2207,
                "tnamev2": "随拍·综合",
                "pid_v2": 1032,
                "pid_name_v2": "其他",
                "bvid": "BV1yK4y1W7Cv",
                "season_type": 0,
                "is_ogv": false,
                "ogv_info": null,
                "enable_vt": 0,
                "ai_rcmd": null,
                "rcmd_reason": "欢迎收看甲亢患者之间的对决"
            },
            {
                "aid": 543662798,
                "videos": 1,
                "tid": 201,
                "tname": "科学科普",
                "copyright": 1,
                "pic": "http://i0.hdslb.com/bfs/archive/39dfe09cf681b6aaab699311f9b993609dec8a9e.jpg",
                "title": "【医学博士】死亡前的征兆是什么？I 猝死前如何正确自救",
                "pubdate": 1610622913,
                "ctime": 1610622913,
                "desc": "点赞10w，咱们谈谈减肥的事！已经在筹备了！\n大家好，这期又是一个有深度的视频，希望大家多注意自己的身体，我们不仅是为自己而活，还为了那些我们爱着和深爱着我们的人、事而活，最后希望大家都能有个健康的身体！peace！\n您可能还喜欢：\n【干皮护理】：BV1jy4y1v7Pz\n【疫苗真相】：BV1ZK411M7ZB\n【不穿秋裤】：BV11y4y1m72Z\n【熬夜自救】：BV1bK4y1L7T2\n【狂犬病毒】：BV1JX4y1u7y6\n本期部分BGM：BV1oa4y1s71b",
                "state": 0,
                "duration": 582,
                "mission_id": 15417,
                "rights": {
                    "bp": 0,
                    "elec": 0,
                    "download": 0,
                    "movie": 0,
                    "pay": 0,
                    "hd5": 0,
                    "no_reprint": 1,
                    "autoplay": 1,
                    "ugc_pay": 0,
                    "is_cooperation": 0,
                    "ugc_pay_preview": 0,
                    "no_background": 0,
                    "arc_pay": 0,
                    "pay_free_watch": 0
                },
                "owner": {
                    "mid": 7788379,
                    "name": "兔叭咯",
                    "face": "https://i1.hdslb.com/bfs/face/7ab577c36aac95d53f03c9b6f92ea24ab1edfe98.jpg"
                },
                "stat": {
                    "aid": 543662798,
                    "view": 5821134,
                    "danmaku": 27110,
                    "reply": 11875,
                    "favorite": 188813,
                    "coin": 316157,
                    "share": 129535,
                    "now_rank": 0,
                    "his_rank": 3,
                    "like": 552762,
                    "dislike": 0,
                    "vt": 0,
                    "vv": 5821134,
                    "fav_g": 0,
                    "like_g": 4
                },
                "dynamic": "本期彩蛋太难了！看看谁能找到！记得@我一下。\n来了！来了！\n本期话题比较沉重，希望大家能够分享给关心你和你关心的人。",
                "cid": 282371256,
                "dimension": {
                    "width": 1920,
                    "height": 1080,
                    "rotate": 0
                },
                "season_id": 102,
                "short_link_v2": "https://b23.tv/BV1ti4y1c7nu",
                "cover43": "",
                "tidv2": 2179,
                "tnamev2": "健康科普",
                "pid_v2": 1026,
                "pid_name_v2": "医疗保健",
                "bvid": "BV1ti4y1c7nu",
                "season_type": 0,
                "is_ogv": false,
                "ogv_info": null,
                "enable_vt": 0,
                "ai_rcmd": null,
                "rcmd_reason": "代入感很强，已经开始心脏疼了"
            },
            {
                "aid": 416178430,
                "videos": 2,
                "tid": 47,
                "tname": "同人·手书",
                "copyright": 1,
                "pic": "http://i1.hdslb.com/bfs/archive/5b70310caf843fa1bede28689b010681c400233e.jpg",
                "title": "从零开始的天使生活（500张原画 猛男必看）",
                "pubdate": 1610512035,
                "ctime": 1610512035,
                "desc": "原作：天使降临到我身边，求个三连关注！",
                "state": 0,
                "duration": 182,
                "rights": {
                    "bp": 0,
                    "elec": 0,
                    "download": 0,
                    "movie": 0,
                    "pay": 0,
                    "hd5": 1,
                    "no_reprint": 1,
                    "autoplay": 1,
                    "ugc_pay": 0,
                    "is_cooperation": 0,
                    "ugc_pay_preview": 0,
                    "no_background": 0,
                    "arc_pay": 0,
                    "pay_free_watch": 0
                },
                "owner": {
                    "mid": 6410081,
                    "name": "Yの君",
                    "face": "https://i2.hdslb.com/bfs/face/128502ebc35e0a16362f1e7081261e26b0c6993c.jpg"
                },
                "stat": {
                    "aid": 416178430,
                    "view": 2134987,
                    "danmaku": 3185,
                    "reply": 3519,
                    "favorite": 132775,
                    "coin": 239464,
                    "share": 18660,
                    "now_rank": 0,
                    "his_rank": 9,
                    "like": 290713,
                    "dislike": 0,
                    "vt": 0,
                    "vv": 2134987,
                    "fav_g": 0,
                    "like_g": 0
                },
                "dynamic": "更新！求个三连！",
                "cid": 281767792,
                "dimension": {
                    "width": 1920,
                    "height": 1080,
                    "rotate": 0
                },
                "short_link_v2": "https://b23.tv/BV1BV411t7Pc",
                "cover43": "",
                "tidv2": 2041,
                "tnamev2": "动漫剪辑",
                "pid_v2": 1005,
                "pid_name_v2": "二次元",
                "bvid": "BV1BV411t7Pc",
                "season_type": 0,
                "is_ogv": false,
                "ogv_info": null,
                "enable_vt": 0,
                "ai_rcmd": null,
                "rcmd_reason": "出不去了，我保证这是我最后亿次看了"
            },
            {
                "aid": 928518458,
                "videos": 1,
                "tid": 130,
                "tname": "音乐综合",
                "copyright": 1,
                "pic": "http://i1.hdslb.com/bfs/archive/4b14a46445008b24e6aacc49fef113a48d410fc1.jpg",
                "title": "【世界级演唱】海豚音之王VITAS首唱《杀破狼》，中俄双语，挑战人类音域极限！",
                "pubdate": 1610098206,
                "ctime": 1610082798,
                "desc": "一箭生风雪，长啸动寒霜！｜《梦幻西游三维版》× VITAS｜杀破狼角色曲《杀破狼》",
                "state": 0,
                "duration": 265,
                "mission_id": 15534,
                "rights": {
                    "bp": 0,
                    "elec": 0,
                    "download": 0,
                    "movie": 0,
                    "pay": 0,
                    "hd5": 1,
                    "no_reprint": 1,
                    "autoplay": 1,
                    "ugc_pay": 0,
                    "is_cooperation": 0,
                    "ugc_pay_preview": 0,
                    "no_background": 0,
                    "arc_pay": 0,
                    "pay_free_watch": 0
                },
                "owner": {
                    "mid": 384513573,
                    "name": "梦幻西游三维版",
                    "face": "https://i0.hdslb.com/bfs/face/71214b93738032f3fc173d73817faa9ea7563b44.jpg"
                },
                "stat": {
                    "aid": 928518458,
                    "view": 5187183,
                    "danmaku": 17256,
                    "reply": 7633,
                    "favorite": 112175,
                    "coin": 131590,
                    "share": 50870,
                    "now_rank": 0,
                    "his_rank": 16,
                    "like": 264017,
                    "dislike": 0,
                    "vt": 0,
                    "vv": 5187183,
                    "fav_g": 0,
                    "like_g": 0
                },
                "dynamic": "#梦幻西游三维版##VITAS##杀破狼##动感视频#\n帅V高音，震撼人心！单曲循环，开启！",
                "cid": 279434252,
                "dimension": {
                    "width": 1920,
                    "height": 1080,
                    "rotate": 0
                },
                "short_link_v2": "https://b23.tv/BV1jT4y1N717",
                "cover43": "",
                "tidv2": 2020,
                "tnamev2": "翻唱",
                "pid_v2": 1003,
                "pid_name_v2": "音乐",
                "bvid": "BV1jT4y1N717",
                "season_type": 0,
                "is_ogv": false,
                "ogv_info": null,
                "enable_vt": 0,
                "ai_rcmd": null,
                "rcmd_reason": "开口即沦陷！不愧是海豚音王子~"
            },
            {
                "aid": 288698650,
                "videos": 2,
                "tid": 76,
                "tname": "美食制作",
                "copyright": 1,
                "pic": "http://i2.hdslb.com/bfs/archive/46f12bcea63b3c239be0480c89db23416ba6c785.jpg",
                "title": "泡面竟然是这样做出来的？！",
                "pubdate": 1610444802,
                "ctime": 1610444802,
                "desc": "泡面还是买吧~红烧牛肉值得你来一碗~\n【清平调】记得背诵，下节课我要抽考\n第一首：\n云想衣裳花想容， 春风拂槛露华浓。\n若非群玉山头见， 会向瑶台月下逢。\n第二首：\n一枝红艳露凝香，云雨巫山枉断肠。\n借问汉宫谁得似？ 可怜飞燕倚新妆。\n第三首：\n名花倾国两相欢，长得君王带笑看。\n解释春风无限恨，沉香亭北倚阑干。",
                "state": 0,
                "duration": 574,
                "mission_id": 15310,
                "rights": {
                    "bp": 0,
                    "elec": 0,
                    "download": 0,
                    "movie": 0,
                    "pay": 0,
                    "hd5": 1,
                    "no_reprint": 1,
                    "autoplay": 1,
                    "ugc_pay": 0,
                    "is_cooperation": 0,
                    "ugc_pay_preview": 0,
                    "no_background": 0,
                    "arc_pay": 0,
                    "pay_free_watch": 0
                },
                "owner": {
                    "mid": 1420982,
                    "name": "黑猫厨房",
                    "face": "https://i2.hdslb.com/bfs/face/4d3af34f4b4f4b17910cb759a1cee0fbd1de1a92.jpg"
                },
                "stat": {
                    "aid": 288698650,
                    "view": 4210362,
                    "danmaku": 13595,
                    "reply": 3798,
                    "favorite": 39657,
                    "coin": 162397,
                    "share": 8742,
                    "now_rank": 0,
                    "his_rank": 5,
                    "like": 410513,
                    "dislike": 0,
                    "vt": 0,
                    "vv": 4210362,
                    "fav_g": 0,
                    "like_g": 0
                },
                "dynamic": "手工技能增加~",
                "cid": 281502142,
                "dimension": {
                    "width": 1920,
                    "height": 1080,
                    "rotate": 0
                },
                "short_link_v2": "https://b23.tv/BV1Jf4y1k7vu",
                "cover43": "",
                "tidv2": 2149,
                "tnamev2": "美食制作",
                "pid_v2": 1020,
                "pid_name_v2": "美食",
                "bvid": "BV1Jf4y1k7vu",
                "season_type": 0,
                "is_ogv": false,
                "ogv_info": null,
                "enable_vt": 0,
                "ai_rcmd": null,
                "rcmd_reason": "你这不是牛肉面，是面牛肉"
            },
            {
                "aid": 543737516,
                "videos": 1,
                "tid": 76,
                "tname": "美食制作",
                "copyright": 1,
                "pic": "http://i0.hdslb.com/bfs/archive/0487c9c81c68ca10018bbeaedb38fea32671b258.jpg",
                "title": "14个简单有趣的小食谱",
                "pubdate": 1610502861,
                "ctime": 1610502861,
                "desc": "-",
                "state": 0,
                "duration": 443,
                "rights": {
                    "bp": 0,
                    "elec": 0,
                    "download": 0,
                    "movie": 0,
                    "pay": 0,
                    "hd5": 0,
                    "no_reprint": 1,
                    "autoplay": 1,
                    "ugc_pay": 0,
                    "is_cooperation": 0,
                    "ugc_pay_preview": 0,
                    "no_background": 0,
                    "arc_pay": 0,
                    "pay_free_watch": 0
                },
                "owner": {
                    "mid": 17495873,
                    "name": "胡仔一人食",
                    "face": "http://i2.hdslb.com/bfs/face/a8b58959ad0ab6186e284b824c9f5ddfc5512fdb.jpg"
                },
                "stat": {
                    "aid": 543737516,
                    "view": 6119607,
                    "danmaku": 5318,
                    "reply": 2237,
                    "favorite": 182600,
                    "coin": 67250,
                    "share": 18611,
                    "now_rank": 0,
                    "his_rank": 21,
                    "like": 228297,
                    "dislike": 0,
                    "vt": 0,
                    "vv": 6119607,
                    "fav_g": 0,
                    "like_g": 1
                },
                "dynamic": "无恰饭版，请放心食用| ᴥ•́ )✧",
                "cid": 281725473,
                "dimension": {
                    "width": 1920,
                    "height": 1080,
                    "rotate": 0
                },
                "short_link_v2": "https://b23.tv/BV1fv4y1Z7po",
                "cover43": "",
                "tidv2": 2149,
                "tnamev2": "美食制作",
                "pid_v2": 1020,
                "pid_name_v2": "美食",
                "bvid": "BV1fv4y1Z7po",
                "season_type": 0,
                "is_ogv": false,
                "ogv_info": null,
                "enable_vt": 0,
                "ai_rcmd": null,
                "rcmd_reason": "温馨提示：在减肥的可以退出去了"
            },
            {
                "aid": 756119932,
                "videos": 1,
                "tid": 17,
                "tname": "单机游戏",
                "copyright": 1,
                "pic": "http://i0.hdslb.com/bfs/archive/e588f6357cc6c782eaa178516448095d3f63d32c.jpg",
                "title": "\"是时候来一场文艺复兴了。\"",
                "pubdate": 1610099610,
                "ctime": 1610099610,
                "desc": "游戏：Deponia\n你是否还记得那些逝去的老梗！你又是否还能听到这些逝去的老梗！\n时代变了大人！是时候来一场文艺复兴了！\n喜欢的话一键三连支持一下吧！",
                "state": 0,
                "duration": 392,
                "mission_id": 15381,
                "rights": {
                    "bp": 0,
                    "elec": 0,
                    "download": 0,
                    "movie": 0,
                    "pay": 0,
                    "hd5": 1,
                    "no_reprint": 1,
                    "autoplay": 1,
                    "ugc_pay": 0,
                    "is_cooperation": 0,
                    "ugc_pay_preview": 0,
                    "no_background": 0,
                    "arc_pay": 0,
                    "pay_free_watch": 0
                },
                "owner": {
                    "mid": 1577804,
                    "name": "某幻君",
                    "face": "https://i2.hdslb.com/bfs/face/a7eda2f97431d13f89a43b310262d1b19be83c01.jpg"
                },
                "stat": {
                    "aid": 756119932,
                    "view": 3575757,
                    "danmaku": 27319,
                    "reply": 5465,
                    "favorite": 62756,
                    "coin": 139458,
                    "share": 5928,
                    "now_rank": 0,
                    "his_rank": 9,
                    "like": 359606,
                    "dislike": 0,
                    "vt": 0,
                    "vv": 3575757,
                    "fav_g": 4,
                    "like_g": 9
                },
                "dynamic": "时代变了大人！是时候来一场文艺复兴了！",
                "cid": 279768568,
                "dimension": {
                    "width": 1920,
                    "height": 1280,
                    "rotate": 0
                },
                "short_link_v2": "https://b23.tv/BV1br4y1T7A7",
                "cover43": "",
                "tidv2": 2059,
                "tnamev2": "鬼畜调教",
                "pid_v2": 1007,
                "pid_name_v2": "鬼畜",
                "bvid": "BV1br4y1T7A7",
                "season_type": 0,
                "is_ogv": false,
                "ogv_info": null,
                "enable_vt": 0,
                "ai_rcmd": null,
                "rcmd_reason": "是时候表演真正的技术了"
            },
            {
                "aid": 798609391,
                "videos": 1,
                "tid": 138,
                "tname": "搞笑",
                "copyright": 1,
                "pic": "http://i1.hdslb.com/bfs/archive/e0c55fa3de23053ed55ba020f96d0fed64de84e4.jpg",
                "title": "我把自己做成了模型",
                "pubdate": 1610251200,
                "ctime": 1610245991,
                "desc": "做的真不错！",
                "state": 0,
                "duration": 357,
                "mission_id": 15148,
                "rights": {
                    "bp": 0,
                    "elec": 0,
                    "download": 0,
                    "movie": 0,
                    "pay": 0,
                    "hd5": 0,
                    "no_reprint": 1,
                    "autoplay": 1,
                    "ugc_pay": 0,
                    "is_cooperation": 0,
                    "ugc_pay_preview": 0,
                    "no_background": 0,
                    "arc_pay": 0,
                    "pay_free_watch": 0
                },
                "owner": {
                    "mid": 546195,
                    "name": "老番茄",
                    "face": "http://i0.hdslb.com/bfs/face/bc5ca101313d4db223c395d64779e76eb3482d60.jpg"
                },
                "stat": {
                    "aid": 798609391,
                    "view": 5041556,
                    "danmaku": 29622,
                    "reply": 7436,
                    "favorite": 40729,
                    "coin": 91604,
                    "share": 6173,
                    "now_rank": 0,
                    "his_rank": 5,
                    "like": 419210,
                    "dislike": 0,
                    "vt": 0,
                    "vv": 5041556,
                    "fav_g": 7,
                    "like_g": 14
                },
                "dynamic": "",
                "cid": 280426776,
                "dimension": {
                    "width": 1920,
                    "height": 1080,
                    "rotate": 0
                },
                "short_link_v2": "https://b23.tv/BV1Qy4y127EF",
                "cover43": "",
                "tidv2": 2147,
                "tnamev2": "DIY玩具",
                "pid_v2": 1019,
                "pid_name_v2": "手工",
                "bvid": "BV1Qy4y127EF",
                "season_type": 0,
                "is_ogv": false,
                "ogv_info": null,
                "enable_vt": 0,
                "ai_rcmd": null,
                "rcmd_reason": "原来你就是女娲吗？"
            },
            {
                "aid": 586077847,
                "videos": 1,
                "tid": 76,
                "tname": "美食制作",
                "copyright": 1,
                "pic": "http://i1.hdslb.com/bfs/archive/733edcf11458837c87e68a5a3658628bfe847baa.jpg",
                "title": "相信我，隔着屏幕你也会流口水...",
                "pubdate": 1610357054,
                "ctime": 1610357054,
                "desc": "文字版菜谱在视频末尾(*￣ω￣) \n日更微博@绵羊料理 \n微信公众号：绵羊料理 \n油管同步更新：https://www.youtube.com/c/sheephoho",
                "state": 0,
                "duration": 323,
                "mission_id": 15310,
                "rights": {
                    "bp": 0,
                    "elec": 0,
                    "download": 0,
                    "movie": 0,
                    "pay": 0,
                    "hd5": 1,
                    "no_reprint": 1,
                    "autoplay": 1,
                    "ugc_pay": 0,
                    "is_cooperation": 0,
                    "ugc_pay_preview": 0,
                    "no_background": 0,
                    "arc_pay": 0,
                    "pay_free_watch": 0
                },
                "owner": {
                    "mid": 18202105,
                    "name": "绵羊料理",
                    "face": "https://i1.hdslb.com/bfs/face/54b5c9c2ad7f1baff195090bfd6afa365ef20c37.jpg"
                },
                "stat": {
                    "aid": 586077847,
                    "view": 7763800,
                    "danmaku": 13161,
                    "reply": 4186,
                    "favorite": 42857,
                    "coin": 206102,
                    "share": 9223,
                    "now_rank": 0,
                    "his_rank": 3,
                    "like": 469301,
                    "dislike": 0,
                    "vt": 0,
                    "vv": 7763800,
                    "fav_g": 5,
                    "like_g": 7
                },
                "dynamic": "听！是嘎嘣脆的卡路里！#美食##厨艺##料理制作##和绵羊一起料理#",
                "cid": 281087240,
                "dimension": {
                    "width": 1920,
                    "height": 1080,
                    "rotate": 0
                },
                "season_id": 134,
                "short_link_v2": "https://b23.tv/BV17z4y167SS",
                "cover43": "",
                "tidv2": 2149,
                "tnamev2": "美食制作",
                "pid_v2": 1020,
                "pid_name_v2": "美食",
                "bvid": "BV17z4y167SS",
                "season_type": 0,
                "is_ogv": false,
                "ogv_info": null,
                "enable_vt": 0,
                "ai_rcmd": null,
                "rcmd_reason": "我不是来学做饭的，我是来听相声的"
            },
            {
                "aid": 843553255,
                "videos": 1,
                "tid": 257,
                "tname": "配音",
                "copyright": 1,
                "pic": "http://i2.hdslb.com/bfs/archive/dae34d495103d2b8d5eae3c567c94aeb26606a34.jpg",
                "title": "蝙蝠侠：我的隐形战机是不可能被发现的！",
                "pubdate": 1610089816,
                "ctime": 1610034461,
                "desc": "下一期更新多啦a梦！\n微博@逗比的雀大巢\n嘻嘻嘻嘻！！希望大家喜欢！\n求三连求三连！！求三连求三连！！求三连求三连！！求三连求三连！！求三连求三连！！求三连求三连！！求三连求三连！！求三连求三连！！求三连求三连！！求三连求三连！！求三连求三连！！求三连求三连！！求三连求三连！！求三连求三连！！求三连求三连！！求三连求三连！！求三连求三连！！求三连求三连！！求三连求三连！！求三连求三连！！求三连求三连！！求三连求三连！！求三连求三连！！求三连求三连！！求三连求三连！！求三连求三连！！求三连求三连！！求三连求",
                "state": 0,
                "duration": 157,
                "mission_id": 15144,
                "rights": {
                    "bp": 0,
                    "elec": 0,
                    "download": 0,
                    "movie": 0,
                    "pay": 0,
                    "hd5": 1,
                    "no_reprint": 1,
                    "autoplay": 1,
                    "ugc_pay": 0,
                    "is_cooperation": 0,
                    "ugc_pay_preview": 0,
                    "no_background": 0,
                    "arc_pay": 0,
                    "pay_free_watch": 0
                },
                "owner": {
                    "mid": 5294454,
                    "name": "逗比的雀巢",
                    "face": "https://i0.hdslb.com/bfs/face/e56d8c14d3b74b4e32fbaf2ac4af119328c56c93.jpg"
                },
                "stat": {
                    "aid": 843553255,
                    "view": 6119037,
                    "danmaku": 2864,
                    "reply": 1771,
                    "favorite": 45596,
                    "coin": 84728,
                    "share": 8182,
                    "now_rank": 0,
                    "his_rank": 23,
                    "like": 351509,
                    "dislike": 0,
                    "vt": 0,
                    "vv": 6119037,
                    "fav_g": 8,
                    "like_g": 11
                },
                "dynamic": "这周是蝙蝠侠！\n下周是多啦a梦！\n嗷嗷嗷大家快用三连打我！！",
                "cid": 279052378,
                "dimension": {
                    "width": 1920,
                    "height": 1080,
                    "rotate": 0
                },
                "season_id": 1967,
                "short_link_v2": "https://b23.tv/BV1n54y147R4",
                "pub_location": "北京",
                "cover43": "",
                "tidv2": 2044,
                "tnamev2": "动画配音",
                "pid_v2": 1005,
                "pid_name_v2": "二次元",
                "bvid": "BV1n54y147R4",
                "season_type": 0,
                "is_ogv": false,
                "ogv_info": null,
                "enable_vt": 0,
                "ai_rcmd": null,
                "rcmd_reason": "什么？蝙蝠侠长得像吴彦祖？"
            },
            {
                "aid": 331048908,
                "videos": 1,
                "tid": 161,
                "tname": "手工",
                "copyright": 1,
                "pic": "http://i0.hdslb.com/bfs/archive/3023ea9b90af8a7f8ac7c907419ba8b076962c8a.jpg",
                "title": "你们想不想要摸摸我自己做的这个百大UP奖杯",
                "pubdate": 1610361056,
                "ctime": 1610361056,
                "desc": "想有机会摸到这个奖杯的小伙伴们，记得看我的动态！",
                "state": 0,
                "duration": 130,
                "mission_id": 15141,
                "rights": {
                    "bp": 0,
                    "elec": 0,
                    "download": 0,
                    "movie": 0,
                    "pay": 0,
                    "hd5": 1,
                    "no_reprint": 1,
                    "autoplay": 1,
                    "ugc_pay": 0,
                    "is_cooperation": 1,
                    "ugc_pay_preview": 0,
                    "no_background": 0,
                    "arc_pay": 0,
                    "pay_free_watch": 0
                },
                "owner": {
                    "mid": 591856754,
                    "name": "卢正义的雕刻时光",
                    "face": "https://i2.hdslb.com/bfs/face/32ba341fb2e1e08c0e1d0239fd958c32d86c73f3.jpg"
                },
                "stat": {
                    "aid": 331048908,
                    "view": 3767382,
                    "danmaku": 3798,
                    "reply": 3788,
                    "favorite": 23085,
                    "coin": 114643,
                    "share": 2118,
                    "now_rank": 0,
                    "his_rank": 13,
                    "like": 372161,
                    "dislike": 0,
                    "vt": 0,
                    "vv": 3767382,
                    "fav_g": 0,
                    "like_g": 0
                },
                "dynamic": "这次做的是百大UP奖杯，还让土豆上了色",
                "cid": 281122533,
                "dimension": {
                    "width": 1920,
                    "height": 1080,
                    "rotate": 0
                },
                "short_link_v2": "https://b23.tv/BV1hA411W7a7",
                "cover43": "",
                "tidv2": 2148,
                "tnamev2": "其他手工",
                "pid_v2": 1019,
                "pid_name_v2": "手工",
                "bvid": "BV1hA411W7a7",
                "season_type": 0,
                "is_ogv": false,
                "ogv_info": null,
                "enable_vt": 0,
                "ai_rcmd": null,
                "rcmd_reason": "限量百大奖杯不会有人不羡慕吧"
            },
            {
                "aid": 373603208,
                "videos": 1,
                "tid": 137,
                "tname": "明星综合",
                "copyright": 1,
                "pic": "http://i0.hdslb.com/bfs/archive/42063bac9558aae4d19aa8377c1e296978063c8c.jpg",
                "title": "我是圭贤，好久不见，2021礼物到了！",
                "pubdate": 1610164814,
                "ctime": 1610099560,
                "desc": "2021년 보고싶은 팬들을 위해 노래 커버랑 과거부터 최근까지 영상들을 제가 직접 편집해 봤어요!! 보고싶다 사랑해 \n2021年，为了想念的粉丝们我翻唱了歌曲，还“亲自”剪辑了从以前到最近的视频！！ 想你们了，我爱你们",
                "state": 0,
                "duration": 244,
                "rights": {
                    "bp": 0,
                    "elec": 0,
                    "download": 0,
                    "movie": 0,
                    "pay": 0,
                    "hd5": 1,
                    "no_reprint": 1,
                    "autoplay": 1,
                    "ugc_pay": 0,
                    "is_cooperation": 0,
                    "ugc_pay_preview": 0,
                    "no_background": 0,
                    "arc_pay": 0,
                    "pay_free_watch": 0
                },
                "owner": {
                    "mid": 612409882,
                    "name": "guixian88",
                    "face": "https://i1.hdslb.com/bfs/face/def3bbdcab74582b842dfdf715df842f4008e69b.jpg"
                },
                "stat": {
                    "aid": 373603208,
                    "view": 1676018,
                    "danmaku": 36049,
                    "reply": 27325,
                    "favorite": 48203,
                    "coin": 173844,
                    "share": 28671,
                    "now_rank": 0,
                    "his_rank": 8,
                    "like": 155711,
                    "dislike": 0,
                    "vt": 0,
                    "vv": 1676018,
                    "fav_g": 0,
                    "like_g": 0
                },
                "dynamic": "",
                "cid": 279731111,
                "dimension": {
                    "width": 3840,
                    "height": 2160,
                    "rotate": 0
                },
                "short_link_v2": "https://b23.tv/BV1wo4y1o7o2",
                "cover43": "",
                "tidv2": 2015,
                "tnamev2": "娱乐综合",
                "pid_v2": 1002,
                "pid_name_v2": "娱乐",
                "bvid": "BV1wo4y1o7o2",
                "season_type": 0,
                "is_ogv": false,
                "ogv_info": null,
                "enable_vt": 0,
                "ai_rcmd": null,
                "rcmd_reason": "终于等到你，发音太好了好感动"
            },
            {
                "aid": 798570984,
                "videos": 1,
                "tid": 31,
                "tname": "翻唱",
                "copyright": 1,
                "pic": "http://i1.hdslb.com/bfs/archive/512b112ee1f944c4a057c5712d72906927c56005.jpg",
                "title": "【原神】（声优填词翻唱）我真的不是一只羊（是甘雨才对）",
                "pubdate": 1610424317,
                "ctime": 1610382929,
                "desc": "原曲：别看我只是一只羊\n填词&翻唱：林簌\n曲绘：SRF讽\n视频制作：哈米伦的弄笛者",
                "state": 0,
                "duration": 170,
                "rights": {
                    "bp": 0,
                    "elec": 0,
                    "download": 0,
                    "movie": 0,
                    "pay": 0,
                    "hd5": 0,
                    "no_reprint": 1,
                    "autoplay": 1,
                    "ugc_pay": 0,
                    "is_cooperation": 1,
                    "ugc_pay_preview": 0,
                    "no_background": 0,
                    "arc_pay": 0,
                    "pay_free_watch": 0
                },
                "owner": {
                    "mid": 7223194,
                    "name": "林簌SUSU",
                    "face": "https://i1.hdslb.com/bfs/face/88e739c2439906ff564e99817eb89337529733dd.jpg"
                },
                "stat": {
                    "aid": 798570984,
                    "view": 5895614,
                    "danmaku": 7961,
                    "reply": 6065,
                    "favorite": 133353,
                    "coin": 159254,
                    "share": 38882,
                    "now_rank": 0,
                    "his_rank": 13,
                    "like": 334812,
                    "dislike": 0,
                    "vt": 0,
                    "vv": 5895614,
                    "fav_g": 0,
                    "like_g": 8
                },
                "dynamic": "之前问大家甘雨应该唱什么歌，票数最高的是这首：别看我只是一只羊。\nemmmm……按照我一贯的风格，肯定不会唱原词啦，所以自己填词翻唱了一版，可能有点鸡汤？也是我一贯的风格了……我好难不鸡汤啊……\n决定要唱是一拍脑门，感谢哈老板帮我做了视频，感谢画手SRF讽帮我做了曲绘，你们都是太棒啦，感恩。\n很少配到甘雨这样的角色：柔软而坚韧，认真而迷糊，寂寞却执着……真的很喜欢，希望你们也能喜欢她啦！",
                "cid": 281277268,
                "dimension": {
                    "width": 1920,
                    "height": 1080,
                    "rotate": 0
                },
                "short_link_v2": "https://b23.tv/BV1Dy4y12753",
                "cover43": "",
                "tidv2": 2037,
                "tnamev2": "同人动画",
                "pid_v2": 1005,
                "pid_name_v2": "二次元",
                "bvid": "BV1Dy4y12753",
                "season_type": 0,
                "is_ogv": false,
                "ogv_info": null,
                "enable_vt": 0,
                "ai_rcmd": null,
                "rcmd_reason": "懂了，这就用这首BGM去抽卡"
            },
            {
                "aid": 798566640,
                "videos": 1,
                "tid": 220,
                "tname": "动物二创",
                "copyright": 1,
                "pic": "http://i2.hdslb.com/bfs/archive/996761ab4a5fe44738cdff7e4c8e94dea855dedc.jpg",
                "title": "“我想活下去！”",
                "pubdate": 1610274073,
                "ctime": 1610274073,
                "desc": "被捕食者逃生、反击混剪 但无论是捕食者还是被捕食者 大家都在努力的活下去\nBGM：On My Own - Ashes Remain\n素材来自：《王朝》《生命故事》《七个世界，一个星球》《野蛮王国》《猎捕》《水深火热的星球》《生命》《鳄鱼妈妈》《地球脉动》《地球脉动2》《蓝色星球2》《动物搏击会》《自然界大事件》《大猫》《塞伦盖蒂》《猎豹兄弟党》《非洲猎手》《冰冻星球》",
                "state": 0,
                "duration": 188,
                "rights": {
                    "bp": 0,
                    "elec": 0,
                    "download": 0,
                    "movie": 0,
                    "pay": 0,
                    "hd5": 1,
                    "no_reprint": 1,
                    "autoplay": 1,
                    "ugc_pay": 0,
                    "is_cooperation": 0,
                    "ugc_pay_preview": 0,
                    "no_background": 0,
                    "arc_pay": 0,
                    "pay_free_watch": 0
                },
                "owner": {
                    "mid": 496783876,
                    "name": "幸运猎手",
                    "face": "https://i1.hdslb.com/bfs/face/3d935e9ad166e858a97dd8077e77107be3d85a84.jpg"
                },
                "stat": {
                    "aid": 798566640,
                    "view": 2186965,
                    "danmaku": 2688,
                    "reply": 3251,
                    "favorite": 29426,
                    "coin": 32457,
                    "share": 4464,
                    "now_rank": 0,
                    "his_rank": 25,
                    "like": 116180,
                    "dislike": 0,
                    "vt": 0,
                    "vv": 2186965,
                    "fav_g": 0,
                    "like_g": 0
                },
                "dynamic": "",
                "cid": 280663423,
                "dimension": {
                    "width": 2410,
                    "height": 1080,
                    "rotate": 0
                },
                "short_link_v2": "https://b23.tv/BV1Uy4y127oc",
                "pub_location": "四川",
                "cover43": "http://i1.hdslb.com/bfs/archive/310c3ea6604e8bd5eaad871e172462641c709477.jpg",
                "tidv2": 2170,
                "tnamev2": "野生动物·动物解说科普",
                "pid_v2": 1024,
                "pid_name_v2": "动物",
                "bvid": "BV1Uy4y127oc",
                "season_type": 0,
                "is_ogv": false,
                "ogv_info": null,
                "enable_vt": 0,
                "ai_rcmd": null,
                "rcmd_reason": "欢迎收看捕食失败集锦，吃顿饭真不容易系列"
            },
            {
                "aid": 886055401,
                "videos": 1,
                "tid": 171,
                "tname": "电子竞技",
                "copyright": 1,
                "pic": "http://i0.hdslb.com/bfs/archive/0ab5cc902514f5aea0610c43120a7bc5da17c71a.jpg",
                "title": "罗汉鬼套路：lol新版本最骚奶爸 小丑回春流！！",
                "pubdate": 1610104193,
                "ctime": 1610104194,
                "desc": "老光头大洗浴正式开业 先生女士里面请！！\n一位只要两个硬币 一键三连直接办年卡 终极vip 一条龙服务！\n              —— 一个跑的贼鸡儿快的解说~",
                "state": 0,
                "duration": 705,
                "mission_id": 15610,
                "rights": {
                    "bp": 0,
                    "elec": 0,
                    "download": 0,
                    "movie": 0,
                    "pay": 0,
                    "hd5": 1,
                    "no_reprint": 1,
                    "autoplay": 1,
                    "ugc_pay": 0,
                    "is_cooperation": 0,
                    "ugc_pay_preview": 0,
                    "no_background": 0,
                    "arc_pay": 0,
                    "pay_free_watch": 0
                },
                "owner": {
                    "mid": 51896064,
                    "name": "罗汉解说",
                    "face": "https://i0.hdslb.com/bfs/face/a2f144b849cc7352db4f6359b1ebdbb40b326742.jpg"
                },
                "stat": {
                    "aid": 886055401,
                    "view": 3440677,
                    "danmaku": 7006,
                    "reply": 3732,
                    "favorite": 36853,
                    "coin": 236785,
                    "share": 35968,
                    "now_rank": 0,
                    "his_rank": 8,
                    "like": 302064,
                    "dislike": 0,
                    "vt": 0,
                    "vv": 3440677,
                    "fav_g": 0,
                    "like_g": 1
                },
                "dynamic": "",
                "cid": 279801502,
                "dimension": {
                    "width": 1920,
                    "height": 1080,
                    "rotate": 0
                },
                "season_id": 3945652,
                "short_link_v2": "https://b23.tv/BV1FK4y1W7Mg",
                "cover43": "",
                "tidv2": 2070,
                "tnamev2": "MOBA游戏",
                "pid_v2": 1008,
                "pid_name_v2": "游戏",
                "bvid": "BV1FK4y1W7Mg",
                "season_type": 0,
                "is_ogv": false,
                "ogv_info": null,
                "enable_vt": 0,
                "ai_rcmd": null,
                "rcmd_reason": "你管这叫周更UP主？"
            },
            {
                "aid": 203563218,
                "videos": 1,
                "tid": 207,
                "tname": "财经商业",
                "copyright": 1,
                "pic": "http://i0.hdslb.com/bfs/archive/129c0e3723b5e826d32d4a52e322d14beadafe53.jpg",
                "title": "钱收割人的年代，6大新生存法则【干货多到变态】",
                "pubdate": 1610097571,
                "ctime": 1610097571,
                "desc": "人类开启全新的“三体文明”，未来10年的6大全新生存法则！",
                "state": 0,
                "duration": 620,
                "mission_id": 15417,
                "rights": {
                    "bp": 0,
                    "elec": 0,
                    "download": 0,
                    "movie": 0,
                    "pay": 0,
                    "hd5": 1,
                    "no_reprint": 1,
                    "autoplay": 1,
                    "ugc_pay": 0,
                    "is_cooperation": 0,
                    "ugc_pay_preview": 0,
                    "no_background": 0,
                    "arc_pay": 0,
                    "pay_free_watch": 0
                },
                "owner": {
                    "mid": 520155988,
                    "name": "所长林超",
                    "face": "https://i1.hdslb.com/bfs/face/feb90ae3d7dfac3699e3cc7d1efa0c04c9205470.jpg"
                },
                "stat": {
                    "aid": 203563218,
                    "view": 2825116,
                    "danmaku": 8504,
                    "reply": 4222,
                    "favorite": 124488,
                    "coin": 176270,
                    "share": 44661,
                    "now_rank": 0,
                    "his_rank": 23,
                    "like": 206433,
                    "dislike": 0,
                    "vt": 0,
                    "vv": 2825116,
                    "fav_g": 0,
                    "like_g": 0
                },
                "dynamic": "",
                "cid": 279752905,
                "dimension": {
                    "width": 1920,
                    "height": 1080,
                    "rotate": 0
                },
                "short_link_v2": "https://b23.tv/BV1nh41127Do",
                "cover43": "",
                "tidv2": 2087,
                "tnamev2": "商业财经",
                "pid_v2": 1010,
                "pid_name_v2": "知识",
                "bvid": "BV1nh41127Do",
                "season_type": 0,
                "is_ogv": false,
                "ogv_info": null,
                "enable_vt": 0,
                "ai_rcmd": null,
                "rcmd_reason": "干货满满值得反复观看"
            },
            {
                "aid": 713613142,
                "videos": 1,
                "tid": 201,
                "tname": "科学科普",
                "copyright": 1,
                "pic": "http://i1.hdslb.com/bfs/archive/81c95a761119f7a01ce21fa56b10b0694dd9e4d1.jpg",
                "title": "【亮记生物鉴定】网络热传生物鉴定22",
                "pubdate": 1610370169,
                "ctime": 1610370169,
                "desc": "",
                "state": 0,
                "duration": 340,
                "mission_id": 15417,
                "rights": {
                    "bp": 0,
                    "elec": 0,
                    "download": 0,
                    "movie": 0,
                    "pay": 0,
                    "hd5": 1,
                    "no_reprint": 1,
                    "autoplay": 1,
                    "ugc_pay": 0,
                    "is_cooperation": 0,
                    "ugc_pay_preview": 0,
                    "no_background": 0,
                    "arc_pay": 0,
                    "pay_free_watch": 0
                },
                "owner": {
                    "mid": 14804670,
                    "name": "无穷小亮的科普日常",
                    "face": "http://i0.hdslb.com/bfs/face/6de12181ed59518fc7beff2046fb3218d50206cc.jpg"
                },
                "stat": {
                    "aid": 713613142,
                    "view": 7406208,
                    "danmaku": 12382,
                    "reply": 2346,
                    "favorite": 27022,
                    "coin": 35399,
                    "share": 9157,
                    "now_rank": 0,
                    "his_rank": 24,
                    "like": 382094,
                    "dislike": 0,
                    "vt": 0,
                    "vv": 7406208,
                    "fav_g": 1,
                    "like_g": 3
                },
                "dynamic": "",
                "cid": 281189912,
                "dimension": {
                    "width": 1080,
                    "height": 1920,
                    "rotate": 0
                },
                "season_id": 730734,
                "short_link_v2": "https://b23.tv/BV1KX4y1K72A",
                "pub_location": "北京",
                "cover43": "",
                "tidv2": 2170,
                "tnamev2": "野生动物·动物解说科普",
                "pid_v2": 1024,
                "pid_name_v2": "动物",
                "bvid": "BV1KX4y1K72A",
                "season_type": 0,
                "is_ogv": false,
                "ogv_info": null,
                "enable_vt": 0,
                "ai_rcmd": null,
                "rcmd_reason": "好耶，每周的快乐源泉来了"
            },
            {
                "aid": 801016665,
                "videos": 1,
                "tid": 76,
                "tname": "美食制作",
                "copyright": 1,
                "pic": "http://i1.hdslb.com/bfs/archive/beb5219ae2406847e083589c3e6cc33bea09469b.jpg",
                "title": "花季少女怒切800刀牛肉！！拿来做传说中的宫廷御菜竟然不够……",
                "pubdate": 1610270844,
                "ctime": 1610270844,
                "desc": "这道菜厨房菜鸟做有亿点点费肉……我前前后后买了八九斤牛肉，视频拍完还做了一部分当零食！视频里忘记说了，这样你们大概就能猜到成本啦ฅ۶•ﻌ•）炸与烘烤的火候也至关重要！其实做了很多次，明明是一样的步骤但是肉片的烘干程度不到位，炸制时间长了或短了都会导致牛肉不够脆……素材量特别庞大通宵赶着剪还是拖了一天才弄完，久等啦~",
                "state": 0,
                "duration": 448,
                "mission_id": 15310,
                "rights": {
                    "bp": 0,
                    "elec": 0,
                    "download": 0,
                    "movie": 0,
                    "pay": 0,
                    "hd5": 0,
                    "no_reprint": 1,
                    "autoplay": 1,
                    "ugc_pay": 0,
                    "is_cooperation": 0,
                    "ugc_pay_preview": 0,
                    "no_background": 0,
                    "arc_pay": 0,
                    "pay_free_watch": 0
                },
                "owner": {
                    "mid": 29329085,
                    "name": "二喵的饭",
                    "face": "https://i2.hdslb.com/bfs/face/de4dd6ad6e9454e037eb369ab9cec59e72b59a80.jpg"
                },
                "stat": {
                    "aid": 801016665,
                    "view": 5132557,
                    "danmaku": 24718,
                    "reply": 4680,
                    "favorite": 58221,
                    "coin": 349186,
                    "share": 4899,
                    "now_rank": 0,
                    "his_rank": 6,
                    "like": 596325,
                    "dislike": 0,
                    "vt": 0,
                    "vv": 5132557,
                    "fav_g": 0,
                    "like_g": 2
                },
                "dynamic": "二喵的年度必看视频已送达！请务必查收！#美食圈##美食##日常#",
                "cid": 280644110,
                "dimension": {
                    "width": 1920,
                    "height": 1080,
                    "rotate": 0
                },
                "season_id": 2050,
                "short_link_v2": "https://b23.tv/BV13y4y1v7B9",
                "cover43": "",
                "tidv2": 2149,
                "tnamev2": "美食制作",
                "pid_v2": 1020,
                "pid_name_v2": "美食",
                "bvid": "BV13y4y1v7B9",
                "season_type": 0,
                "is_ogv": false,
                "ogv_info": null,
                "enable_vt": 0,
                "ai_rcmd": null,
                "rcmd_reason": "三连了这道菜能出现在我的饭桌上吗"
            },
            {
                "aid": 331142216,
                "videos": 1,
                "tid": 76,
                "tname": "美食制作",
                "copyright": 1,
                "pic": "http://i1.hdslb.com/bfs/archive/37d89153d8194c492ce4e35c439a981589604045.jpg",
                "title": "东北马卡龙！用鸡蛋做的宫廷料理，终于被我做出来啦！",
                "pubdate": 1610542097,
                "ctime": 1610542097,
                "desc": "拔丝地瓜啥时候大战雪绵豆沙？就在今天！",
                "state": 0,
                "duration": 886,
                "mission_id": 15310,
                "rights": {
                    "bp": 0,
                    "elec": 0,
                    "download": 0,
                    "movie": 0,
                    "pay": 0,
                    "hd5": 1,
                    "no_reprint": 1,
                    "autoplay": 1,
                    "ugc_pay": 0,
                    "is_cooperation": 0,
                    "ugc_pay_preview": 0,
                    "no_background": 0,
                    "arc_pay": 0,
                    "pay_free_watch": 0
                },
                "owner": {
                    "mid": 99157282,
                    "name": "盗月社食遇记",
                    "face": "https://i1.hdslb.com/bfs/face/c7fb5da587c2ec6b56ad47579933fda34c000457.jpg"
                },
                "stat": {
                    "aid": 331142216,
                    "view": 2369448,
                    "danmaku": 19818,
                    "reply": 2589,
                    "favorite": 21046,
                    "coin": 103657,
                    "share": 5407,
                    "now_rank": 0,
                    "his_rank": 12,
                    "like": 227025,
                    "dislike": 0,
                    "vt": 0,
                    "vv": 2369448,
                    "fav_g": 0,
                    "like_g": 3
                },
                "dynamic": "东北甜品神仙打架！拔丝地瓜大战雪绵豆沙，猛男小沐与乖巧树梢的厨房过招💥",
                "cid": 281980332,
                "dimension": {
                    "width": 1920,
                    "height": 1080,
                    "rotate": 0
                },
                "short_link_v2": "https://b23.tv/BV1EA411H78c",
                "cover43": "",
                "tidv2": 2149,
                "tnamev2": "美食制作",
                "pid_v2": 1020,
                "pid_name_v2": "美食",
                "bvid": "BV1EA411H78c",
                "season_type": 0,
                "is_ogv": false,
                "ogv_info": null,
                "enable_vt": 0,
                "ai_rcmd": null,
                "rcmd_reason": "一本正经的搞笑最为致命"
            }
        ]
    }
}