{
    "code": 0,
    "message": "OK",
    "ttl": 1,
    "data": {
        "config": {
            "id": 101,
            "type": "weekly_selected",
            "number": 97,
            "subject": "什么叫专业？",
            "stime": 1611244800,
            "etime": 1611849599,
            "status": 2,
            "name": "2021第97期 01.22 - 01.28",
            "label": "第97期(0129更新)",
            "hint": "",
            "color": 0,
            "cover": "",
            "share_title": "什么叫专业？| 每周必看第97期",
            "share_subtitle": "疯狂踩点+杰伦BGM！不燃起来算我输！",
            "media_id": 1164261188
        },
        "reminder": "每周五晚18:00更新",
        "list": [
            {
                "aid": 203807862,
                "videos": 1,
                "tid": 183,
                "tname": "影视剪辑",
                "copyright": 1,
                "pic": "http://i0.hdslb.com/bfs/archive/aee3ec95b8058581465048963c15ce50f301a633.jpg",
                "title": "呐~这个就叫专业~~~",
                "pubdate": 1611303198,
                "ctime": 1611303199,
                "desc": "BGM：龙拳—周杰伦\n素材：功夫、叶问前传、叶问、叶问2、叶问3、叶问外传：张天志、叶问4、霍元甲、精武英雄、一代宗师、（其余素材来自B站up主：天佑咏春、水帘洞主·孙）\n做视频以来做过的最长时间的混剪，人都搞傻了，算下来搞了刚好20天，修修改改了很多，但是感觉还有很多细节没处理好，大家多多包涵=_=\n如果看完此视频能在你心里留下一些中国功夫的印记，那么我将倍感荣幸。\n制作不易，如果喜欢本视频记得点赞哦~\n如果感觉还行的话再三连一下吧~\n你们的关注就是我最大的动力！\n以后应该会每月有更的。",
                "state": 0,
                "duration": 249,
                "rights": {
                    "bp": 0,
                    "elec": 0,
                    "download": 0,
                    "movie": 0,
                    "pay": 0,
                    "hd5": 1,
                    "no_reprint": 1,
                    "autoplay": 1,
                    "ugc_pay": 0,
                    "is_cooperation": 0,
                    "ugc_pay_preview": 0,
                    "no_background": 0,
                    "arc_pay": 0,
                    "pay_free_watch": 0
                },
                "owner": {
                    "mid": 238316459,
                    "name": "微小-时光",
                    "face": "https://i2.hdslb.com/bfs/face/a14dd1433d9cbc81574c0217e76d16cd168a5cab.jpg"
                },
                "stat": {
                    "aid": 203807862,
                    "view": 11455006,
                    "danmaku": 13795,
                    "reply": 6884,
                    "favorite": 339046,
                    "coin": 764237,
                    "share": 41779,
                    "now_rank": 0,
                    "his_rank": 2,
                    "like": 935867,
                    "dislike": 0,
                    "vt": 0,
                    "vv": 11455006,
                    "fav_g": 6,
                    "like_g": 2
                },
                "dynamic": "兄弟们我又回来啦！",
                "cid": 285834143,
                "dimension": {
                    "width": 1920,
                    "height": 1080,
                    "rotate": 0
                },
                "short_link_v2": "https://b23.tv/BV1Ch411y75c",
                "cover43": "",
                "tidv2": 2002,
                "tnamev2": "影视剪辑",
                "pid_v2": 1001,
                "pid_name_v2": "影视",
                "bvid": "BV1Ch411y75c",
                "season_type": 0,
                "is_ogv": false,
                "ogv_info": null,
                "enable_vt": 0,
                "ai_rcmd": null,
                "rcmd_reason": "这剪辑，丝滑度和艺术成分全部拉满！"
            },
            {
                "aid": 203766118,
                "videos": 1,
                "tid": 47,
                "tname": "同人·手书",
                "copyright": 1,
                "pic": "http://i1.hdslb.com/bfs/archive/2e01a6b4fd40ccde8e64d8f50e3f509651f18f6b.jpg",
                "title": "我的猫要去二仙桥",
                "pubdate": 1611358473,
                "ctime": 1611358473,
                "desc": "三连只要亿点点，不能要多了o,o\n\n（原版音频来自《谭谈交通》其中一期：BV16i4y1V7wW",
                "state": 0,
                "duration": 172,
                "mission_id": 15940,
                "rights": {
                    "bp": 0,
                    "elec": 0,
                    "download": 0,
                    "movie": 0,
                    "pay": 0,
                    "hd5": 0,
                    "no_reprint": 1,
                    "autoplay": 1,
                    "ugc_pay": 0,
                    "is_cooperation": 0,
                    "ugc_pay_preview": 0,
                    "no_background": 0,
                    "arc_pay": 0,
                    "pay_free_watch": 0
                },
                "owner": {
                    "mid": 404216060,
                    "name": "幾加乘",
                    "face": "https://i2.hdslb.com/bfs/face/847fd0c73b2b66dead7385047942c0bca72cfd6a.jpg"
                },
                "stat": {
                    "aid": 203766118,
                    "view": 9399827,
                    "danmaku": 9681,
                    "reply": 4724,
                    "favorite": 162558,
                    "coin": 383286,
                    "share": 108110,
                    "now_rank": 0,
                    "his_rank": 7,
                    "like": 615244,
                    "dislike": 0,
                    "vt": 0,
                    "vv": 9399827,
                    "fav_g": 0,
                    "like_g": 9
                },
                "dynamic": "",
                "cid": 286150264,
                "dimension": {
                    "width": 1280,
                    "height": 720,
                    "rotate": 0
                },
                "short_link_v2": "https://b23.tv/BV1rh411y73T",
                "cover43": "",
                "tidv2": 2037,
                "tnamev2": "同人动画",
                "pid_v2": 1005,
                "pid_name_v2": "二次元",
                "bvid": "BV1rh411y73T",
                "season_type": 0,
                "is_ogv": false,
                "ogv_info": null,
                "enable_vt": 0,
                "ai_rcmd": null,
                "rcmd_reason": "全片注入可爱魔法，超治愈~"
            },
            {
                "aid": 203794581,
                "videos": 1,
                "tid": 27,
                "tname": "综合",
                "copyright": 1,
                "pic": "http://i2.hdslb.com/bfs/archive/6735a1a137175a69c281b08f29e82c030e32063e.jpg",
                "title": "【咒术回战×李云龙】李云傩大爷初次登场",
                "pubdate": 1611373092,
                "ctime": 1611373092,
                "desc": "感觉两个人都有一个特点，天不怕地不怕，就做了一下，开心就好（PS：审核大大辛苦了）",
                "state": 0,
                "duration": 199,
                "mission_id": 15776,
                "rights": {
                    "bp": 0,
                    "elec": 0,
                    "download": 0,
                    "movie": 0,
                    "pay": 0,
                    "hd5": 1,
                    "no_reprint": 1,
                    "autoplay": 1,
                    "ugc_pay": 0,
                    "is_cooperation": 0,
                    "ugc_pay_preview": 0,
                    "no_background": 0,
                    "arc_pay": 0,
                    "pay_free_watch": 0
                },
                "owner": {
                    "mid": 85637457,
                    "name": "正川Kawa",
                    "face": "https://i0.hdslb.com/bfs/face/c2d1c5aeaff20e4ed9c6e00c012be6e4a388d5c2.jpg"
                },
                "stat": {
                    "aid": 203794581,
                    "view": 4424314,
                    "danmaku": 9677,
                    "reply": 2985,
                    "favorite": 112519,
                    "coin": 152995,
                    "share": 76533,
                    "now_rank": 0,
                    "his_rank": 6,
                    "like": 348143,
                    "dislike": 0,
                    "vt": 0,
                    "vv": 4424314,
                    "fav_g": 0,
                    "like_g": 0
                },
                "dynamic": "感觉两个人都有一个特点，天不怕地不怕，就做了一下，开心就好",
                "cid": 286211816,
                "dimension": {
                    "width": 1920,
                    "height": 1080,
                    "rotate": 0
                },
                "season_id": 59826,
                "short_link_v2": "https://b23.tv/BV1Sh411y7iM",
                "cover43": "",
                "tidv2": 2060,
                "tnamev2": "鬼畜剧场",
                "pid_v2": 1007,
                "pid_name_v2": "鬼畜",
                "bvid": "BV1Sh411y7iM",
                "season_type": 0,
                "is_ogv": false,
                "ogv_info": null,
                "enable_vt": 0,
                "ai_rcmd": null,
                "rcmd_reason": "跨服聊天竟毫无违和感？"
            },
            {
                "aid": 886351757,
                "videos": 1,
                "tid": 219,
                "tname": "汪星人",
                "copyright": 1,
                "pic": "http://i1.hdslb.com/bfs/archive/c85e0a8a3f0392a6c8e5f8f97a2482f5033e58d9.jpg",
                "title": "拉布拉多果然是谁都能摸的狗子",
                "pubdate": 1611664545,
                "ctime": 1611664545,
                "desc": "夕阳下的奔跑",
                "state": 0,
                "duration": 154,
                "mission_id": 15488,
                "rights": {
                    "bp": 0,
                    "elec": 0,
                    "download": 0,
                    "movie": 0,
                    "pay": 0,
                    "hd5": 0,
                    "no_reprint": 1,
                    "autoplay": 1,
                    "ugc_pay": 0,
                    "is_cooperation": 0,
                    "ugc_pay_preview": 0,
                    "no_background": 0,
                    "arc_pay": 0,
                    "pay_free_watch": 0
                },
                "owner": {
                    "mid": 39357711,
                    "name": "拉布拉猪奶茶",
                    "face": "https://i0.hdslb.com/bfs/face/2cb701e111c62869103d71ef12e4010dc2b2c444.jpg"
                },
                "stat": {
                    "aid": 886351757,
                    "view": 4705410,
                    "danmaku": 7759,
                    "reply": 6498,
                    "favorite": 63184,
                    "coin": 58374,
                    "share": 47265,
                    "now_rank": 0,
                    "his_rank": 20,
                    "like": 224241,
                    "dislike": 0,
                    "vt": 0,
                    "vv": 4705410,
                    "fav_g": 0,
                    "like_g": 0
                },
                "dynamic": "",
                "cid": 287993093,
                "dimension": {
                    "width": 3836,
                    "height": 2160,
                    "rotate": 0
                },
                "short_link_v2": "https://b23.tv/BV1UK4y1H7UG",
                "cover43": "",
                "tidv2": 2168,
                "tnamev2": "狗",
                "pid_v2": 1024,
                "pid_name_v2": "动物",
                "bvid": "BV1UK4y1H7UG",
                "season_type": 0,
                "is_ogv": false,
                "ogv_info": null,
                "enable_vt": 0,
                "ai_rcmd": null,
                "rcmd_reason": "第一狗称模拟器"
            },
            {
                "aid": 971297902,
                "videos": 1,
                "tid": 47,
                "tname": "同人·手书",
                "copyright": 1,
                "pic": "http://i0.hdslb.com/bfs/archive/480f7c6754504d25db2cd579091eb819ee8f0a19.jpg",
                "title": "【狗哥专场】晚上出门要注意安全",
                "pubdate": 1611398773,
                "ctime": 1611398773,
                "desc": "（狗哥：虽然我打不过，但是我也忍不了。）",
                "state": 0,
                "duration": 178,
                "rights": {
                    "bp": 0,
                    "elec": 0,
                    "download": 0,
                    "movie": 0,
                    "pay": 0,
                    "hd5": 1,
                    "no_reprint": 1,
                    "autoplay": 1,
                    "ugc_pay": 0,
                    "is_cooperation": 0,
                    "ugc_pay_preview": 0,
                    "no_background": 0,
                    "arc_pay": 0,
                    "pay_free_watch": 0
                },
                "owner": {
                    "mid": 627888730,
                    "name": "星有野",
                    "face": "https://i1.hdslb.com/bfs/face/9d7b590081c2e73da47a52ef1cb527dae1bbf332.jpg"
                },
                "stat": {
                    "aid": 971297902,
                    "view": 11214828,
                    "danmaku": 10411,
                    "reply": 9226,
                    "favorite": 123518,
                    "coin": 355617,
                    "share": 27287,
                    "now_rank": 0,
                    "his_rank": 3,
                    "like": 709805,
                    "dislike": 0,
                    "vt": 0,
                    "vv": 11214828,
                    "fav_g": 93,
                    "like_g": 124
                },
                "dynamic": "干完了，快带上鹅机！",
                "cid": 286429666,
                "dimension": {
                    "width": 2304,
                    "height": 1296,
                    "rotate": 0
                },
                "season_id": 71862,
                "short_link_v2": "https://b23.tv/BV14p4y1W78i",
                "cover43": "",
                "tidv2": 2037,
                "tnamev2": "同人动画",
                "pid_v2": 1005,
                "pid_name_v2": "二次元",
                "bvid": "BV14p4y1W78i",
                "season_type": 0,
                "is_ogv": false,
                "ogv_info": null,
                "enable_vt": 0,
                "ai_rcmd": null,
                "rcmd_reason": "狗哥帅气，鸡哥霸气，我太爱了！"
            },
            {
                "aid": 586165301,
                "videos": 1,
                "tid": 183,
                "tname": "影视剪辑",
                "copyright": 1,
                "pic": "http://i0.hdslb.com/bfs/archive/0e89fbbd60ac0fca401f40f58e569919723706fe.jpg",
                "title": "她要现在出道，绝对血洗B站了",
                "pubdate": 1611032330,
                "ctime": 1611032330,
                "desc": "二十年前的傻白甜，是真的太甜太甜了！我一个女生都顶不住啊！！我终于知道为什么当年她那么红了！",
                "state": 0,
                "duration": 134,
                "mission_id": 15478,
                "rights": {
                    "bp": 0,
                    "elec": 0,
                    "download": 0,
                    "movie": 0,
                    "pay": 0,
                    "hd5": 1,
                    "no_reprint": 1,
                    "autoplay": 1,
                    "ugc_pay": 0,
                    "is_cooperation": 0,
                    "ugc_pay_preview": 0,
                    "no_background": 0,
                    "arc_pay": 0,
                    "pay_free_watch": 0
                },
                "owner": {
                    "mid": 393063099,
                    "name": "新电图",
                    "face": "https://i0.hdslb.com/bfs/face/7ea75d92aabdacb21814855ed273e380dad4151a.jpg"
                },
                "stat": {
                    "aid": 586165301,
                    "view": 19122878,
                    "danmaku": 13340,
                    "reply": 13630,
                    "favorite": 209675,
                    "coin": 147879,
                    "share": 85454,
                    "now_rank": 0,
                    "his_rank": 13,
                    "like": 614135,
                    "dislike": 0,
                    "vt": 0,
                    "vv": 19122878,
                    "fav_g": 0,
                    "like_g": 0
                },
                "dynamic": "#可爱##古装女神# #仙女##童年回忆杀#\n二十年前的傻白甜，是真的太甜太甜了！我一个女生都顶不住啊！！我终于知道为什么当年她那么红了！",
                "cid": 284423469,
                "dimension": {
                    "width": 1920,
                    "height": 1080,
                    "rotate": 0
                },
                "season_id": 6872238,
                "short_link_v2": "https://b23.tv/BV1oz4y1U7fS",
                "cover43": "",
                "tidv2": 2002,
                "tnamev2": "影视剪辑",
                "pid_v2": 1001,
                "pid_name_v2": "影视",
                "bvid": "BV1oz4y1U7fS",
                "season_type": 0,
                "is_ogv": false,
                "ogv_info": null,
                "enable_vt": 0,
                "ai_rcmd": null,
                "rcmd_reason": "天啊童年女神太可爱了叭"
            },
            {
                "aid": 373855571,
                "videos": 1,
                "tid": 182,
                "tname": "影视杂谈",
                "copyright": 1,
                "pic": "http://i0.hdslb.com/bfs/archive/679b2e6a7721bbe6576e3f2a0574c78b98e41892.jpg",
                "title": "开年神剧！预定年度最佳？9.4分国剧《山海情》（1-4）",
                "pubdate": 1611717644,
                "ctime": 1611717644,
                "desc": "演技炸裂！好评如潮！\n2021开年第一好剧！\n9.4分国产剧《山海情》\n你看了吗？\n\n本期点赞过10万\n将于三天之内更新《山海情》第2P\n一千零一部，拯救你的剧荒\n点赞越多，更新越快哦",
                "state": 0,
                "duration": 1723,
                "rights": {
                    "bp": 0,
                    "elec": 0,
                    "download": 0,
                    "movie": 0,
                    "pay": 0,
                    "hd5": 1,
                    "no_reprint": 1,
                    "autoplay": 1,
                    "ugc_pay": 0,
                    "is_cooperation": 0,
                    "ugc_pay_preview": 0,
                    "no_background": 0,
                    "arc_pay": 0,
                    "pay_free_watch": 0
                },
                "owner": {
                    "mid": 927587,
                    "name": "木鱼水心",
                    "face": "https://i2.hdslb.com/bfs/face/e922d9dc09a2d21f1400ad0f02f75ecf1b3575c8.jpg"
                },
                "stat": {
                    "aid": 373855571,
                    "view": 3999412,
                    "danmaku": 18880,
                    "reply": 6416,
                    "favorite": 35027,
                    "coin": 111008,
                    "share": 25547,
                    "now_rank": 0,
                    "his_rank": 5,
                    "like": 262088,
                    "dislike": 0,
                    "vt": 0,
                    "vv": 3999412,
                    "fav_g": 0,
                    "like_g": 0
                },
                "dynamic": "9.4分！开年第一好剧！\n真实故事改编《山海情》\n#木鱼水心##山海情##国产剧#",
                "cid": 288302476,
                "dimension": {
                    "width": 1920,
                    "height": 1080,
                    "rotate": 0
                },
                "season_id": 108571,
                "short_link_v2": "https://b23.tv/BV1zo4y1R71Y",
                "cover43": "",
                "tidv2": 2001,
                "tnamev2": "影视解读",
                "pid_v2": 1001,
                "pid_name_v2": "影视",
                "bvid": "BV1zo4y1R71Y",
                "season_type": 0,
                "is_ogv": false,
                "ogv_info": null,
                "enable_vt": 0,
                "ai_rcmd": null,
                "rcmd_reason": "良心神剧值得安利！"
            },
            {
                "aid": 543814179,
                "videos": 1,
                "tid": 220,
                "tname": "动物二创",
                "copyright": 1,
                "pic": "http://i2.hdslb.com/bfs/archive/f049c6f9662f5f57285db1f65b410226b20f9982.jpg",
                "title": "“苏醒了，猎杀时刻！”",
                "pubdate": 1611717296,
                "ctime": 1611717296,
                "desc": "野生动物踩点燃向混剪\nBGM：Light That Fire - Oh The Larceny\n素材来自：《地球脉动》《地球脉动2》《王朝》《完美星球》《水深火热的星球》《生命故事》《蓝色星球2》《猫科动物：奇妙的动物家族》《地球：神奇的一天》《野蛮王国》《七个世界，一个星球》《冰冻星球》《猎捕》《猫科动物的故事》《生命》《非洲》《动物攻防战》《我们的星球》《大猫》《鸟瞰地球》《失败掠食者》《自然界大事件》《隐蔽王国》《荒野间谍》《鲨鱼》",
                "state": 0,
                "duration": 157,
                "mission_id": 15914,
                "rights": {
                    "bp": 0,
                    "elec": 0,
                    "download": 0,
                    "movie": 0,
                    "pay": 0,
                    "hd5": 1,
                    "no_reprint": 1,
                    "autoplay": 1,
                    "ugc_pay": 0,
                    "is_cooperation": 0,
                    "ugc_pay_preview": 0,
                    "no_background": 0,
                    "arc_pay": 0,
                    "pay_free_watch": 0
                },
                "owner": {
                    "mid": 496783876,
                    "name": "幸运猎手",
                    "face": "https://i1.hdslb.com/bfs/face/3d935e9ad166e858a97dd8077e77107be3d85a84.jpg"
                },
                "stat": {
                    "aid": 543814179,
                    "view": 3348112,
                    "danmaku": 2885,
                    "reply": 2062,
                    "favorite": 81370,
                    "coin": 103854,
                    "share": 9376,
                    "now_rank": 0,
                    "his_rank": 15,
                    "like": 249218,
                    "dislike": 0,
                    "vt": 0,
                    "vv": 3348112,
                    "fav_g": 0,
                    "like_g": 2
                },
                "dynamic": "",
                "cid": 288216822,
                "dimension": {
                    "width": 2410,
                    "height": 1080,
                    "rotate": 0
                },
                "season_id": 74622,
                "short_link_v2": "https://b23.tv/BV1pv4y1f7Qq",
                "pub_location": "四川",
                "cover43": "",
                "tidv2": 2170,
                "tnamev2": "野生动物·动物解说科普",
                "pid_v2": 1024,
                "pid_name_v2": "动物",
                "bvid": "BV1pv4y1f7Qq",
                "season_type": 0,
                "is_ogv": false,
                "ogv_info": null,
                "enable_vt": 0,
                "ai_rcmd": null,
                "rcmd_reason": "燃起来了！准备起飞"
            },
            {
                "aid": 203862502,
                "videos": 1,
                "tid": 17,
                "tname": "单机游戏",
                "copyright": 1,
                "pic": "http://i2.hdslb.com/bfs/archive/54b4d7fe5c4656f8037eed72fc21fa00f934755a.jpg",
                "title": "坚持了2年多，我终于在毕业前一个月被EA招入！！！！",
                "pubdate": 1611485410,
                "ctime": 1611470708,
                "desc": "即使过去了半年多了，却依然恍如昨日。至于为什么时间过去了那么久才做这个视频，因为我觉得等到一切走上正轨了才有底气说出我的故事，而现在一切都已步入正轨。【下集：BV1k5411N77n】希望我小小的经历能给迷茫的你带来一丁点的启发。那两年多度过的每一天都历历在目，大三时当室友得知我想通过玩游戏来进入游戏公司，都觉得我在做白日梦。但我没能说什么，因为连我自己都心里没底，我唯一能做的就是思考、尝试、失败、改进、失败、改进...... 事实一次又一次证明了每一次失败都会化作成功的垫脚石。绝望至极的时候希望也在缓缓",
                "state": 0,
                "duration": 415,
                "mission_id": 15610,
                "rights": {
                    "bp": 0,
                    "elec": 0,
                    "download": 0,
                    "movie": 0,
                    "pay": 0,
                    "hd5": 0,
                    "no_reprint": 1,
                    "autoplay": 1,
                    "ugc_pay": 0,
                    "is_cooperation": 0,
                    "ugc_pay_preview": 0,
                    "no_background": 0,
                    "arc_pay": 0,
                    "pay_free_watch": 0
                },
                "owner": {
                    "mid": 280127123,
                    "name": "_YMJ_",
                    "face": "https://i2.hdslb.com/bfs/face/36056e8a072010c54b99482960a24ac670d3ae21.jpg"
                },
                "stat": {
                    "aid": 203862502,
                    "view": 2159700,
                    "danmaku": 6881,
                    "reply": 3903,
                    "favorite": 26402,
                    "coin": 53596,
                    "share": 9435,
                    "now_rank": 0,
                    "his_rank": 16,
                    "like": 126365,
                    "dislike": 0,
                    "vt": 0,
                    "vv": 2159700,
                    "fav_g": 0,
                    "like_g": 0
                },
                "dynamic": "",
                "cid": 286915955,
                "dimension": {
                    "width": 1920,
                    "height": 1080,
                    "rotate": 0
                },
                "short_link_v2": "https://b23.tv/BV13h41117fT",
                "cover43": "",
                "tidv2": 2072,
                "tnamev2": "体育竞速游戏",
                "pid_v2": 1008,
                "pid_name_v2": "游戏",
                "bvid": "BV13h41117fT",
                "season_type": 0,
                "is_ogv": false,
                "ogv_info": null,
                "enable_vt": 0,
                "ai_rcmd": null,
                "rcmd_reason": "恭喜UP主！这就是热爱的力量啊"
            },
            {
                "aid": 373812862,
                "videos": 1,
                "tid": 138,
                "tname": "搞笑",
                "copyright": 1,
                "pic": "http://i2.hdslb.com/bfs/archive/d3774e56d1667ac47867e915f9949fb0c371c19c.jpg",
                "title": "《超级烂活》",
                "pubdate": 1611315390,
                "ctime": 1611315390,
                "desc": "希望观众老爷喜欢这个系列！\n（希望你们喜欢，记得素质三连！）",
                "state": 0,
                "duration": 346,
                "mission_id": 15705,
                "rights": {
                    "bp": 0,
                    "elec": 0,
                    "download": 0,
                    "movie": 0,
                    "pay": 0,
                    "hd5": 0,
                    "no_reprint": 1,
                    "autoplay": 1,
                    "ugc_pay": 0,
                    "is_cooperation": 0,
                    "ugc_pay_preview": 0,
                    "no_background": 0,
                    "arc_pay": 0,
                    "pay_free_watch": 0
                },
                "owner": {
                    "mid": 5970160,
                    "name": "小潮院长",
                    "face": "https://i1.hdslb.com/bfs/face/834eb0de8d2f470bf03e4ea92831b14f3824c863.jpg"
                },
                "stat": {
                    "aid": 373812862,
                    "view": 24487699,
                    "danmaku": 53815,
                    "reply": 12311,
                    "favorite": 208344,
                    "coin": 339371,
                    "share": 102332,
                    "now_rank": 0,
                    "his_rank": 2,
                    "like": 992599,
                    "dislike": 0,
                    "vt": 0,
                    "vv": 24487699,
                    "fav_g": 789,
                    "like_g": 617
                },
                "dynamic": "《超级大烂活》",
                "cid": 285948702,
                "dimension": {
                    "width": 1920,
                    "height": 1080,
                    "rotate": 0
                },
                "short_link_v2": "https://b23.tv/BV1do4y1o7oU",
                "cover43": "",
                "tidv2": 2207,
                "tnamev2": "随拍·综合",
                "pid_v2": 1032,
                "pid_name_v2": "其他",
                "bvid": "BV1do4y1o7oU",
                "season_type": 0,
                "is_ogv": false,
                "ogv_info": null,
                "enable_vt": 0,
                "ai_rcmd": null,
                "rcmd_reason": "我看出来了就是想把大家笑shi呗"
            },
            {
                "aid": 756357168,
                "videos": 1,
                "tid": 17,
                "tname": "单机游戏",
                "copyright": 1,
                "pic": "http://i0.hdslb.com/bfs/archive/66c400b4069462edb3a36ff9a311aa013aca0bd6.jpg",
                "title": "十年磨一键",
                "pubdate": 1611288006,
                "ctime": 1611205823,
                "desc": "游戏：Valakas Story",
                "state": 0,
                "duration": 516,
                "mission_id": 15775,
                "rights": {
                    "bp": 0,
                    "elec": 0,
                    "download": 0,
                    "movie": 0,
                    "pay": 0,
                    "hd5": 0,
                    "no_reprint": 1,
                    "autoplay": 1,
                    "ugc_pay": 0,
                    "is_cooperation": 0,
                    "ugc_pay_preview": 0,
                    "no_background": 0,
                    "arc_pay": 0,
                    "pay_free_watch": 0
                },
                "owner": {
                    "mid": 546195,
                    "name": "老番茄",
                    "face": "http://i0.hdslb.com/bfs/face/bc5ca101313d4db223c395d64779e76eb3482d60.jpg"
                },
                "stat": {
                    "aid": 756357168,
                    "view": 7502953,
                    "danmaku": 19473,
                    "reply": 6268,
                    "favorite": 74307,
                    "coin": 194508,
                    "share": 6368,
                    "now_rank": 0,
                    "his_rank": 4,
                    "like": 559203,
                    "dislike": 0,
                    "vt": 0,
                    "vv": 7502953,
                    "fav_g": 15,
                    "like_g": 8
                },
                "dynamic": "",
                "cid": 285286977,
                "dimension": {
                    "width": 1920,
                    "height": 1080,
                    "rotate": 0
                },
                "short_link_v2": "https://b23.tv/BV1gr4y1K78e",
                "cover43": "",
                "tidv2": 2071,
                "tnamev2": "射击游戏",
                "pid_v2": 1008,
                "pid_name_v2": "游戏",
                "bvid": "BV1gr4y1K78e",
                "season_type": 0,
                "is_ogv": false,
                "ogv_info": null,
                "enable_vt": 0,
                "ai_rcmd": null,
                "rcmd_reason": "这一次的反转，还是防不胜防"
            },
            {
                "aid": 928846913,
                "videos": 1,
                "tid": 76,
                "tname": "美食制作",
                "copyright": 1,
                "pic": "http://i1.hdslb.com/bfs/archive/75e565627a80436ff4bf94f0b7f462eda2b9fe26.jpg",
                "title": "【假期炸鸡指南】三种爆肉汁的炸鸡，学完还点外卖算我输！",
                "pubdate": 1611658809,
                "ctime": 1611658815,
                "desc": "三种爆肉汁的炸鸡，学完还点外卖算我输！",
                "state": 0,
                "duration": 274,
                "mission_id": 15844,
                "rights": {
                    "bp": 0,
                    "elec": 0,
                    "download": 0,
                    "movie": 0,
                    "pay": 0,
                    "hd5": 1,
                    "no_reprint": 1,
                    "autoplay": 1,
                    "ugc_pay": 0,
                    "is_cooperation": 0,
                    "ugc_pay_preview": 0,
                    "no_background": 0,
                    "arc_pay": 0,
                    "pay_free_watch": 0
                },
                "owner": {
                    "mid": 50660116,
                    "name": "上班族的便当",
                    "face": "https://i1.hdslb.com/bfs/face/7ea9421f12f55459f27fdd2f7a6892dc3d8fddcb.jpg"
                },
                "stat": {
                    "aid": 928846913,
                    "view": 2591833,
                    "danmaku": 5217,
                    "reply": 1579,
                    "favorite": 137429,
                    "coin": 48148,
                    "share": 29463,
                    "now_rank": 0,
                    "his_rank": 18,
                    "like": 131995,
                    "dislike": 0,
                    "vt": 0,
                    "vv": 2591833,
                    "fav_g": 0,
                    "like_g": 1
                },
                "dynamic": "【假期炸鸡指南】三种爆肉汁的炸鸡，学完还点外卖算我输！",
                "cid": 287776899,
                "dimension": {
                    "width": 3840,
                    "height": 2160,
                    "rotate": 0
                },
                "short_link_v2": "https://b23.tv/BV1LT4y1P7RG",
                "cover43": "",
                "tidv2": 2149,
                "tnamev2": "美食制作",
                "pid_v2": 1020,
                "pid_name_v2": "美食",
                "bvid": "BV1LT4y1P7RG",
                "season_type": 0,
                "is_ogv": false,
                "ogv_info": null,
                "enable_vt": 0,
                "ai_rcmd": null,
                "rcmd_reason": "馋哭了呜呜呜"
            },
            {
                "aid": 843848433,
                "videos": 1,
                "tid": 213,
                "tname": "美食测评",
                "copyright": 1,
                "pic": "http://i2.hdslb.com/bfs/archive/99977da3da170ac6cf8174f1b51210f297a8b327.jpg",
                "title": "试吃日本国宝级螃蟹【五辉星】真的有传说中那么好吃吗？",
                "pubdate": 1611309603,
                "ctime": 1611309612,
                "desc": "再次打破了最贵试吃记录，做为全站首吃分享给大家，真心求大家个一键三连！\n新的一年还请大家多多指教，我会更加努力产出更高质量的视频与大家分享，感谢支持！",
                "state": 0,
                "duration": 601,
                "rights": {
                    "bp": 0,
                    "elec": 0,
                    "download": 0,
                    "movie": 0,
                    "pay": 0,
                    "hd5": 1,
                    "no_reprint": 1,
                    "autoplay": 1,
                    "ugc_pay": 0,
                    "is_cooperation": 0,
                    "ugc_pay_preview": 0,
                    "no_background": 0,
                    "arc_pay": 0,
                    "pay_free_watch": 0
                },
                "owner": {
                    "mid": 2920960,
                    "name": "大祥哥来了",
                    "face": "https://i1.hdslb.com/bfs/face/c72fee3b75a352f6a8d6c3e98bf0e050afa0caa0.jpg"
                },
                "stat": {
                    "aid": 843848433,
                    "view": 5915611,
                    "danmaku": 18908,
                    "reply": 9741,
                    "favorite": 66087,
                    "coin": 558357,
                    "share": 19077,
                    "now_rank": 0,
                    "his_rank": 3,
                    "like": 583458,
                    "dislike": 0,
                    "vt": 0,
                    "vv": 5915611,
                    "fav_g": 0,
                    "like_g": 0
                },
                "dynamic": "这次别下次一定了呀兄弟们！吃了一辆车啊！",
                "cid": 285410086,
                "dimension": {
                    "width": 1920,
                    "height": 1080,
                    "rotate": 0
                },
                "short_link_v2": "https://b23.tv/BV1b54y1p7on",
                "cover43": "",
                "tidv2": 2151,
                "tnamev2": "美食测评",
                "pid_v2": 1020,
                "pid_name_v2": "美食",
                "bvid": "BV1b54y1p7on",
                "season_type": 0,
                "is_ogv": false,
                "ogv_info": null,
                "enable_vt": 0,
                "ai_rcmd": null,
                "rcmd_reason": "这螃蟹，一半是金钱的味道"
            },
            {
                "aid": 331326233,
                "videos": 1,
                "tid": 124,
                "tname": "社科·法律·心理",
                "copyright": 1,
                "pic": "http://i0.hdslb.com/bfs/archive/138b9c0e5b89ec05b0c0c099901f103b806ab9ca.jpg",
                "title": "【毕导】和！罗！翔！老！师！一！起！rap！",
                "pubdate": 1611373201,
                "ctime": 1611336096,
                "desc": "没想到竟然能和罗翔老师一起rap，真是非常的amazing啊！\n最近开始尝试拍一些vlog了，如果大家喜欢我的vlog的话就多多三连吧，我看以后还有没有有趣的vlog给大家拍！",
                "state": 0,
                "duration": 695,
                "mission_id": 15975,
                "rights": {
                    "bp": 0,
                    "elec": 0,
                    "download": 0,
                    "movie": 0,
                    "pay": 0,
                    "hd5": 1,
                    "no_reprint": 1,
                    "autoplay": 1,
                    "ugc_pay": 0,
                    "is_cooperation": 1,
                    "ugc_pay_preview": 0,
                    "no_background": 0,
                    "arc_pay": 0,
                    "pay_free_watch": 0
                },
                "owner": {
                    "mid": 254463269,
                    "name": "毕导",
                    "face": "https://i2.hdslb.com/bfs/face/a59d6b2dff6faa47bc07877b76f3194c598f5649.jpg"
                },
                "stat": {
                    "aid": 331326233,
                    "view": 4197512,
                    "danmaku": 42636,
                    "reply": 4056,
                    "favorite": 48105,
                    "coin": 145171,
                    "share": 14665,
                    "now_rank": 0,
                    "his_rank": 7,
                    "like": 375194,
                    "dislike": 0,
                    "vt": 0,
                    "vv": 4197512,
                    "fav_g": 82,
                    "like_g": 53
                },
                "dynamic": "我教唆罗翔老师rap既遂，他笑死了，这构不构成犯罪呢？\n这个视频给三连合不合适吗？合适的不得了！",
                "cid": 286073745,
                "dimension": {
                    "width": 1920,
                    "height": 1080,
                    "rotate": 0
                },
                "short_link_v2": "https://b23.tv/BV1xA411p7eq",
                "cover43": "",
                "tidv2": 2207,
                "tnamev2": "随拍·综合",
                "pid_v2": 1032,
                "pid_name_v2": "其他",
                "bvid": "BV1xA411p7eq",
                "season_type": 0,
                "is_ogv": false,
                "ogv_info": null,
                "enable_vt": 0,
                "ai_rcmd": null,
                "rcmd_reason": "鬼畜素材预定"
            },
            {
                "aid": 971478413,
                "videos": 1,
                "tid": 171,
                "tname": "电子竞技",
                "copyright": 1,
                "pic": "http://i2.hdslb.com/bfs/archive/4d6e1d30a7cc0d832fe87a52e1bcd6128790a5ef.jpg",
                "title": "靠谱盘点108：长手战神！TheShy十四杀奎因，斩获MVP！Xiaohu：我有上单辛德拉可以一战",
                "pubdate": 1611856407,
                "ctime": 1611856407,
                "desc": "因为马上要休赛了\n下期要等比赛打完再更新哦\n这次采访了WE的青训经理\n千万不要错过！\n点赞过10w下期继续更新\n求求大伙给我一个三连吧\n这个对我真的很重要！\n @靠谱电竞@超Carry的柴西",
                "state": 0,
                "duration": 1561,
                "rights": {
                    "bp": 0,
                    "elec": 0,
                    "download": 0,
                    "movie": 0,
                    "pay": 0,
                    "hd5": 1,
                    "no_reprint": 1,
                    "autoplay": 1,
                    "ugc_pay": 0,
                    "is_cooperation": 0,
                    "ugc_pay_preview": 0,
                    "no_background": 0,
                    "arc_pay": 0,
                    "pay_free_watch": 0
                },
                "owner": {
                    "mid": 279991456,
                    "name": "靠谱电竞",
                    "face": "https://i1.hdslb.com/bfs/face/f5694c95af22cfe15189a61d9874414128f1781b.jpg"
                },
                "stat": {
                    "aid": 971478413,
                    "view": 2822521,
                    "danmaku": 14315,
                    "reply": 3509,
                    "favorite": 16872,
                    "coin": 82688,
                    "share": 4220,
                    "now_rank": 0,
                    "his_rank": 10,
                    "like": 189484,
                    "dislike": 0,
                    "vt": 0,
                    "vv": 2822521,
                    "fav_g": 0,
                    "like_g": 0
                },
                "dynamic": "喜欢发育.JPG",
                "cid": 289167113,
                "dimension": {
                    "width": 1920,
                    "height": 1080,
                    "rotate": 0
                },
                "season_id": 93,
                "short_link_v2": "https://b23.tv/BV1ap4y1s7Qz",
                "cover43": "",
                "tidv2": 2070,
                "tnamev2": "MOBA游戏",
                "pid_v2": 1008,
                "pid_name_v2": "游戏",
                "bvid": "BV1ap4y1s7Qz",
                "season_type": 0,
                "is_ogv": false,
                "ogv_info": null,
                "enable_vt": 0,
                "ai_rcmd": null,
                "rcmd_reason": "TheShy四杀超神！"
            },
            {
                "aid": 458753948,
                "videos": 1,
                "tid": 21,
                "tname": "日常",
                "copyright": 1,
                "pic": "http://i0.hdslb.com/bfs/archive/ff2421738c6404313b9d797c18a6b13f0b1dba30.jpg",
                "title": "如何让室友相信我是他爸爸【粉丝问答07】",
                "pubdate": 1611462850,
                "ctime": 1611462850,
                "desc": "TMD烦死了，一个个都想和我击剑\n更多生活中的凉风请参见→微博@凉风Kaze",
                "state": 0,
                "duration": 569,
                "rights": {
                    "bp": 0,
                    "elec": 0,
                    "download": 0,
                    "movie": 0,
                    "pay": 0,
                    "hd5": 1,
                    "no_reprint": 1,
                    "autoplay": 1,
                    "ugc_pay": 0,
                    "is_cooperation": 0,
                    "ugc_pay_preview": 0,
                    "no_background": 0,
                    "arc_pay": 0,
                    "pay_free_watch": 0
                },
                "owner": {
                    "mid": 14110780,
                    "name": "凉风Kaze",
                    "face": "https://i1.hdslb.com/bfs/face/e0cc906bb531195e9ee9f3b575effdd2b056eaea.jpg"
                },
                "stat": {
                    "aid": 458753948,
                    "view": 3214798,
                    "danmaku": 26222,
                    "reply": 10687,
                    "favorite": 16334,
                    "coin": 59159,
                    "share": 4909,
                    "now_rank": 0,
                    "his_rank": 3,
                    "like": 292554,
                    "dislike": 0,
                    "vt": 0,
                    "vv": 3214798,
                    "fav_g": 0,
                    "like_g": 0
                },
                "dynamic": "如何让室友相信我是他爸爸",
                "cid": 286745977,
                "dimension": {
                    "width": 1920,
                    "height": 1080,
                    "rotate": 0
                },
                "short_link_v2": "https://b23.tv/BV1k5411E7yH",
                "cover43": "",
                "tidv2": 2207,
                "tnamev2": "随拍·综合",
                "pid_v2": 1032,
                "pid_name_v2": "其他",
                "bvid": "BV1k5411E7yH",
                "season_type": 0,
                "is_ogv": false,
                "ogv_info": null,
                "enable_vt": 0,
                "ai_rcmd": null,
                "rcmd_reason": "一句话反杀大师！"
            },
            {
                "aid": 501384571,
                "videos": 1,
                "tid": 138,
                "tname": "搞笑",
                "copyright": 1,
                "pic": "http://i0.hdslb.com/bfs/archive/be95ba2ac46c8c85e2ad6093f2113eeda6f6db06.jpg",
                "title": "热血动漫主角是如何战斗的",
                "pubdate": 1611829375,
                "ctime": 1611829375,
                "desc": "up主拍的视频很有趣，人也很帅，三连了！",
                "state": 0,
                "duration": 206,
                "mission_id": 15706,
                "rights": {
                    "bp": 0,
                    "elec": 0,
                    "download": 0,
                    "movie": 0,
                    "pay": 0,
                    "hd5": 1,
                    "no_reprint": 1,
                    "autoplay": 1,
                    "ugc_pay": 0,
                    "is_cooperation": 0,
                    "ugc_pay_preview": 0,
                    "no_background": 0,
                    "arc_pay": 0,
                    "pay_free_watch": 0
                },
                "owner": {
                    "mid": 474702359,
                    "name": "自来卷三木",
                    "face": "https://i2.hdslb.com/bfs/face/5b9a1bdea422f6bb2c02b7a8e5dee25d2e56bea0.jpg"
                },
                "stat": {
                    "aid": 501384571,
                    "view": 1861184,
                    "danmaku": 12542,
                    "reply": 4125,
                    "favorite": 11667,
                    "coin": 30060,
                    "share": 4649,
                    "now_rank": 0,
                    "his_rank": 23,
                    "like": 208612,
                    "dislike": 0,
                    "vt": 0,
                    "vv": 1861184,
                    "fav_g": 0,
                    "like_g": 0
                },
                "dynamic": "",
                "cid": 288961567,
                "dimension": {
                    "width": 1920,
                    "height": 1080,
                    "rotate": 0
                },
                "short_link_v2": "https://b23.tv/BV13N411o7F1",
                "cover43": "",
                "tidv2": 2154,
                "tnamev2": "剧情演绎",
                "pid_v2": 1021,
                "pid_name_v2": "小剧场",
                "bvid": "BV13N411o7F1",
                "season_type": 0,
                "is_ogv": false,
                "ogv_info": null,
                "enable_vt": 0,
                "ai_rcmd": null,
                "rcmd_reason": "本片充斥大量女朋友视角，请谨慎观看"
            },
            {
                "aid": 416364787,
                "videos": 1,
                "tid": 17,
                "tname": "单机游戏",
                "copyright": 1,
                "pic": "http://i2.hdslb.com/bfs/archive/cc20a7147ed2b1f957d1a5195b9487a0bdc06a46.jpg",
                "title": "你敢在公共场合抽烟！？",
                "pubdate": 1611288006,
                "ctime": 1611249610,
                "desc": "花了两天做了一期平时不怎么做的风格的视频  希望大家看的开心\n做的一般吧，但是如果大家反响不错会继续努力做的。\n喜欢的话不要忘了一件三连哦！",
                "state": 0,
                "duration": 556,
                "mission_id": 15774,
                "rights": {
                    "bp": 0,
                    "elec": 0,
                    "download": 0,
                    "movie": 0,
                    "pay": 0,
                    "hd5": 1,
                    "no_reprint": 1,
                    "autoplay": 1,
                    "ugc_pay": 0,
                    "is_cooperation": 0,
                    "ugc_pay_preview": 0,
                    "no_background": 0,
                    "arc_pay": 0,
                    "pay_free_watch": 0
                },
                "owner": {
                    "mid": 2206456,
                    "name": "花少北丶",
                    "face": "https://i1.hdslb.com/bfs/face/06c233a0136f738f8f54a08770dc7d484ae45081.jpg"
                },
                "stat": {
                    "aid": 416364787,
                    "view": 4575605,
                    "danmaku": 55243,
                    "reply": 12056,
                    "favorite": 81091,
                    "coin": 241893,
                    "share": 9768,
                    "now_rank": 0,
                    "his_rank": 5,
                    "like": 371373,
                    "dislike": 0,
                    "vt": 0,
                    "vv": 4575605,
                    "fav_g": 3,
                    "like_g": 0
                },
                "dynamic": "励志成为网红的王！",
                "cid": 285597781,
                "dimension": {
                    "width": 1920,
                    "height": 1080,
                    "rotate": 0
                },
                "short_link_v2": "https://b23.tv/BV1mV411q7YF",
                "cover43": "",
                "tidv2": 2154,
                "tnamev2": "剧情演绎",
                "pid_v2": 1021,
                "pid_name_v2": "小剧场",
                "bvid": "BV1mV411q7YF",
                "season_type": 0,
                "is_ogv": false,
                "ogv_info": null,
                "enable_vt": 0,
                "ai_rcmd": null,
                "rcmd_reason": "来自文化绿洲的良心科幻大制作！"
            },
            {
                "aid": 501451375,
                "videos": 1,
                "tid": 173,
                "tname": "桌游棋牌",
                "copyright": 1,
                "pic": "http://i2.hdslb.com/bfs/archive/c0819e4ea5280e5c62aa6620581eeb2e68686e3e.jpg",
                "title": "强力的卡片都伴随着风险【水无月菌】",
                "pubdate": 1611831619,
                "ctime": 1611830563,
                "desc": "起手没有未来融合直接右上角，10把有9把在右上角，剩下1把被宇宙旋风╰（‵□′）╯\n喜欢请三连点个关注！！持续更新！！感谢观看！！",
                "state": 0,
                "duration": 500,
                "mission_id": 15611,
                "rights": {
                    "bp": 0,
                    "elec": 0,
                    "download": 0,
                    "movie": 0,
                    "pay": 0,
                    "hd5": 0,
                    "no_reprint": 1,
                    "autoplay": 1,
                    "ugc_pay": 0,
                    "is_cooperation": 0,
                    "ugc_pay_preview": 0,
                    "no_background": 0,
                    "arc_pay": 0,
                    "pay_free_watch": 0
                },
                "owner": {
                    "mid": 1958342,
                    "name": "水无月菌",
                    "face": "https://i2.hdslb.com/bfs/face/f9c8a8ecb20f3e1a8cb7f93c579e06a40f01ecb2.jpg"
                },
                "stat": {
                    "aid": 501451375,
                    "view": 15896381,
                    "danmaku": 27356,
                    "reply": 14922,
                    "favorite": 134281,
                    "coin": 452127,
                    "share": 85887,
                    "now_rank": 0,
                    "his_rank": 2,
                    "like": 494017,
                    "dislike": 0,
                    "vt": 0,
                    "vv": 15896381,
                    "fav_g": 0,
                    "like_g": 6
                },
                "dynamic": "未来融合！",
                "cid": 288859184,
                "dimension": {
                    "width": 1920,
                    "height": 1080,
                    "rotate": 0
                },
                "short_link_v2": "https://b23.tv/BV1hN411o7Lm",
                "pub_location": "上海",
                "cover43": "",
                "tidv2": 2067,
                "tnamev2": "SLG游戏",
                "pid_v2": 1008,
                "pid_name_v2": "游戏",
                "bvid": "BV1hN411o7Lm",
                "season_type": 0,
                "is_ogv": false,
                "ogv_info": null,
                "enable_vt": 0,
                "ai_rcmd": null,
                "rcmd_reason": "阴间的诱惑警告"
            },
            {
                "aid": 203766255,
                "videos": 1,
                "tid": 124,
                "tname": "社科·法律·心理",
                "copyright": 1,
                "pic": "http://i2.hdslb.com/bfs/archive/3a810f6f5394cc388b62b72430661743b0a87a12.jpg",
                "title": "【罗翔】提前安装防卫装置防盗，谁碰谁死，犯法吗？",
                "pubdate": 1611633615,
                "ctime": 1611633634,
                "desc": "预先安装防卫装置是否成立正当防卫呢？我们本期视频好好的讲一讲。",
                "state": 0,
                "duration": 530,
                "mission_id": 15975,
                "rights": {
                    "bp": 0,
                    "elec": 0,
                    "download": 0,
                    "movie": 0,
                    "pay": 0,
                    "hd5": 0,
                    "no_reprint": 1,
                    "autoplay": 1,
                    "ugc_pay": 0,
                    "is_cooperation": 0,
                    "ugc_pay_preview": 0,
                    "no_background": 0,
                    "arc_pay": 0,
                    "pay_free_watch": 0
                },
                "owner": {
                    "mid": 517327498,
                    "name": "罗翔说刑法",
                    "face": "https://i1.hdslb.com/bfs/face/4e5d0a51273fe3f8fabc700b6a71bb8a38c9e21e.jpg"
                },
                "stat": {
                    "aid": 203766255,
                    "view": 2713200,
                    "danmaku": 19371,
                    "reply": 16594,
                    "favorite": 10764,
                    "coin": 32997,
                    "share": 4828,
                    "now_rank": 0,
                    "his_rank": 9,
                    "like": 222391,
                    "dislike": 0,
                    "vt": 0,
                    "vv": 2713200,
                    "fav_g": 0,
                    "like_g": 0
                },
                "dynamic": "软猬甲，似乎是一种非常符合正当防卫条件的装备。",
                "cid": 287699014,
                "dimension": {
                    "width": 1920,
                    "height": 1080,
                    "rotate": 0
                },
                "short_link_v2": "https://b23.tv/BV1rh411y7M1",
                "pub_location": "北京",
                "cover43": "",
                "tidv2": 2088,
                "tnamev2": "社会观察",
                "pid_v2": 1010,
                "pid_name_v2": "知识",
                "bvid": "BV1rh411y7M1",
                "season_type": 0,
                "is_ogv": false,
                "ogv_info": null,
                "enable_vt": 0,
                "ai_rcmd": null,
                "rcmd_reason": "穿戴反伤刺甲属于正当防卫吗？"
            },
            {
                "aid": 801291611,
                "videos": 1,
                "tid": 21,
                "tname": "日常",
                "copyright": 1,
                "pic": "http://i1.hdslb.com/bfs/archive/6ed7969b8decd05a2d37f9db84a9f9f63a3ce58d.jpg",
                "title": "试吃纽约评分最差和最好中餐！美国人真能区分中餐好坏？",
                "pubdate": 1611631867,
                "ctime": 1611631867,
                "desc": "",
                "state": 0,
                "duration": 366,
                "rights": {
                    "bp": 0,
                    "elec": 0,
                    "download": 0,
                    "movie": 0,
                    "pay": 0,
                    "hd5": 1,
                    "no_reprint": 1,
                    "autoplay": 1,
                    "ugc_pay": 0,
                    "is_cooperation": 0,
                    "ugc_pay_preview": 0,
                    "no_background": 0,
                    "arc_pay": 0,
                    "pay_free_watch": 0
                },
                "owner": {
                    "mid": 176037767,
                    "name": "我是郭杰瑞",
                    "face": "http://i2.hdslb.com/bfs/face/6182455e4d61159121c223ddc7a3a381f2d4d056.jpg"
                },
                "stat": {
                    "aid": 801291611,
                    "view": 4368421,
                    "danmaku": 28589,
                    "reply": 6522,
                    "favorite": 15915,
                    "coin": 86030,
                    "share": 4374,
                    "now_rank": 0,
                    "his_rank": 1,
                    "like": 327484,
                    "dislike": 0,
                    "vt": 0,
                    "vv": 4368421,
                    "fav_g": 0,
                    "like_g": 0
                },
                "dynamic": "",
                "cid": 287753483,
                "dimension": {
                    "width": 1920,
                    "height": 1080,
                    "rotate": 0
                },
                "short_link_v2": "https://b23.tv/BV1uy4y1p78C",
                "cover43": "",
                "tidv2": 2150,
                "tnamev2": "美食探店",
                "pid_v2": 1020,
                "pid_name_v2": "美食",
                "bvid": "BV1uy4y1p78C",
                "season_type": 0,
                "is_ogv": false,
                "ogv_info": null,
                "enable_vt": 0,
                "ai_rcmd": null,
                "rcmd_reason": "美食记者重操旧业啦"
            },
            {
                "aid": 971303411,
                "videos": 1,
                "tid": 257,
                "tname": "配音",
                "copyright": 1,
                "pic": "http://i2.hdslb.com/bfs/archive/e5231df8e0395e1b7c36af7baf7077201a89a73e.jpg",
                "title": "《 新 年 人 生 开 挂 指 南 》！ ！！",
                "pubdate": 1611813664,
                "ctime": 1611716523,
                "desc": "认真的简介",
                "state": 0,
                "duration": 266,
                "mission_id": 15708,
                "rights": {
                    "bp": 0,
                    "elec": 0,
                    "download": 0,
                    "movie": 0,
                    "pay": 0,
                    "hd5": 1,
                    "no_reprint": 1,
                    "autoplay": 1,
                    "ugc_pay": 0,
                    "is_cooperation": 0,
                    "ugc_pay_preview": 0,
                    "no_background": 0,
                    "arc_pay": 0,
                    "pay_free_watch": 0
                },
                "owner": {
                    "mid": 90361813,
                    "name": "三十六贱笑",
                    "face": "https://i1.hdslb.com/bfs/face/4d8544c34eeca531793de4ade8abfa3d8dc7ae08.jpg"
                },
                "stat": {
                    "aid": 971303411,
                    "view": 2730473,
                    "danmaku": 9284,
                    "reply": 2902,
                    "favorite": 14805,
                    "coin": 63701,
                    "share": 2791,
                    "now_rank": 0,
                    "his_rank": 12,
                    "like": 241122,
                    "dislike": 0,
                    "vt": 0,
                    "vv": 2730473,
                    "fav_g": 0,
                    "like_g": 0
                },
                "dynamic": "这是一期很特殊的视频，看就完事！\n你的三连是我最大的动力！！\n投币过5万，我们周末对对子9.0见！！\n#搞笑##配音##脑洞##日常##校园小子#",
                "cid": 288766882,
                "dimension": {
                    "width": 1920,
                    "height": 1080,
                    "rotate": 0
                },
                "short_link_v2": "https://b23.tv/BV1tp4y1W74Y",
                "pub_location": "广东",
                "cover43": "",
                "tidv2": 2044,
                "tnamev2": "动画配音",
                "pid_v2": 1005,
                "pid_name_v2": "二次元",
                "bvid": "BV1tp4y1W74Y",
                "season_type": 0,
                "is_ogv": false,
                "ogv_info": null,
                "enable_vt": 0,
                "ai_rcmd": null,
                "rcmd_reason": "过年凡尔赛技能预习"
            },
            {
                "aid": 586457504,
                "videos": 1,
                "tid": 212,
                "tname": "美食侦探",
                "copyright": 1,
                "pic": "http://i2.hdslb.com/bfs/archive/eaeaa3fae1895d9b914fc18e8f7d212ac6c40763.jpg",
                "title": "40元一把，辣椒致死量！肉串撸烤饼，绝！",
                "pubdate": 1611828019,
                "ctime": 1611828029,
                "desc": "没见过这么撒辣椒的！老板是个狠人！",
                "state": 0,
                "duration": 793,
                "mission_id": 15844,
                "rights": {
                    "bp": 0,
                    "elec": 0,
                    "download": 0,
                    "movie": 0,
                    "pay": 0,
                    "hd5": 1,
                    "no_reprint": 1,
                    "autoplay": 1,
                    "ugc_pay": 0,
                    "is_cooperation": 0,
                    "ugc_pay_preview": 0,
                    "no_background": 0,
                    "arc_pay": 0,
                    "pay_free_watch": 0
                },
                "owner": {
                    "mid": 99157282,
                    "name": "盗月社食遇记",
                    "face": "https://i1.hdslb.com/bfs/face/c7fb5da587c2ec6b56ad47579933fda34c000457.jpg"
                },
                "stat": {
                    "aid": 586457504,
                    "view": 8451063,
                    "danmaku": 29553,
                    "reply": 7314,
                    "favorite": 138648,
                    "coin": 480536,
                    "share": 91327,
                    "now_rank": 0,
                    "his_rank": 1,
                    "like": 584773,
                    "dislike": 0,
                    "vt": 0,
                    "vv": 8451063,
                    "fav_g": 0,
                    "like_g": 6
                },
                "dynamic": "【兰州第4期】风火轮烧烤：40元一把，辣椒致死量！热乎乎的肉串撸烤饼，太绝了！就没见过这么撒辣椒的，老板真是个狠人啊~~",
                "cid": 288685176,
                "dimension": {
                    "width": 1920,
                    "height": 1080,
                    "rotate": 0
                },
                "season_id": 365,
                "short_link_v2": "https://b23.tv/BV1mz4y1m71t",
                "cover43": "",
                "tidv2": 2150,
                "tnamev2": "美食探店",
                "pid_v2": 1020,
                "pid_name_v2": "美食",
                "bvid": "BV1mz4y1m71t",
                "season_type": 0,
                "is_ogv": false,
                "ogv_info": null,
                "enable_vt": 0,
                "ai_rcmd": null,
                "rcmd_reason": "大晚上看，保准饿哭"
            },
            {
                "aid": 928847972,
                "videos": 1,
                "tid": 233,
                "tname": "极客DIY",
                "copyright": 1,
                "pic": "http://i1.hdslb.com/bfs/archive/e4e9c245477d47acf249308c565c3ed2220c48f6.jpg",
                "title": "历时半年的项目，全程核能！",
                "pubdate": 1611280817,
                "ctime": 1611262344,
                "desc": "从6月末开始和核电站设计院接触，断断续续、修修改改大半年了，各种限制条件比较多，做视频的时候，文案也是慢慢修改审查，怕自己弄错，终于赶在年前发出来了，这次也算是圆满结束了项目，看下次有没有机会和航天联动，hhh\n模型原型：“华龙一号”核电站\n软件：乐高官方软件：ldd，我主页有教程和下载。\nBGM：\nFoxtail-Grass Studio - 登頂 コバルトス山岳\nXomu - Lanterns\n林ゆうき - DONOR／RECIPIENT",
                "state": 0,
                "duration": 612,
                "mission_id": 15900,
                "rights": {
                    "bp": 0,
                    "elec": 0,
                    "download": 0,
                    "movie": 0,
                    "pay": 0,
                    "hd5": 1,
                    "no_reprint": 1,
                    "autoplay": 1,
                    "ugc_pay": 0,
                    "is_cooperation": 0,
                    "ugc_pay_preview": 0,
                    "no_background": 0,
                    "arc_pay": 0,
                    "pay_free_watch": 0
                },
                "owner": {
                    "mid": 37607457,
                    "name": "凹凸赛克",
                    "face": "https://i0.hdslb.com/bfs/face/0ef80337464d68ff5303e056c8ae2a7d03131228.jpg"
                },
                "stat": {
                    "aid": 928847972,
                    "view": 3526517,
                    "danmaku": 11124,
                    "reply": 3638,
                    "favorite": 67532,
                    "coin": 287119,
                    "share": 9418,
                    "now_rank": 0,
                    "his_rank": 13,
                    "like": 318385,
                    "dislike": 0,
                    "vt": 0,
                    "vv": 3526517,
                    "fav_g": 0,
                    "like_g": 1
                },
                "dynamic": "这是一个开屏第一秒就可以刷“前方核能”弹幕的视频。",
                "cid": 285644392,
                "dimension": {
                    "width": 1920,
                    "height": 1080,
                    "rotate": 0
                },
                "short_link_v2": "https://b23.tv/BV1LT4y1P7q3",
                "cover43": "",
                "tidv2": 2104,
                "tnamev2": "自制发明/设备",
                "pid_v2": 1012,
                "pid_name_v2": "科技数码",
                "bvid": "BV1LT4y1P7q3",
                "season_type": 0,
                "is_ogv": false,
                "ogv_info": null,
                "enable_vt": 0,
                "ai_rcmd": null,
                "rcmd_reason": "核能本核太硬核了！"
            },
            {
                "aid": 928983663,
                "videos": 13,
                "tid": 17,
                "tname": "单机游戏",
                "copyright": 1,
                "pic": "http://i0.hdslb.com/bfs/archive/18fc03b1bcfb271a14941ad0394fd2b8b106b8f0.jpg",
                "title": "【C菌】 寂静岭再现? 恐怖游戏大作《灵媒》长篇实况连载 | 完结(共13集)",
                "pubdate": 1611830576,
                "ctime": 1611830576,
                "desc": "曾开发过《层层恐惧》系列的制作组新恐怖游戏《灵媒》今日发布啦! 游戏颇有经典恐怖游戏《寂静岭》的影子, 而本游戏的配乐也是《寂静岭》系列的配乐老师山冈晃来负责. 我有幸提前几个小时玩到, 录了前半个小时的游戏实况, 后续会每天更新2-3集, 就在这个稿件内更新, 点关注和收藏第一时间收看更新哦!\n---------\n在这些平台更了解我: \n微博@渗透之C菌\nInstagram: roshinichi",
                "state": 0,
                "duration": 20074,
                "rights": {
                    "bp": 0,
                    "elec": 0,
                    "download": 0,
                    "movie": 0,
                    "pay": 0,
                    "hd5": 0,
                    "no_reprint": 1,
                    "autoplay": 1,
                    "ugc_pay": 0,
                    "is_cooperation": 0,
                    "ugc_pay_preview": 0,
                    "no_background": 0,
                    "arc_pay": 0,
                    "pay_free_watch": 0
                },
                "owner": {
                    "mid": 4162287,
                    "name": "渗透之C君",
                    "face": "https://i0.hdslb.com/bfs/face/a12790be51aa6c9e3583fa94cb9b11cbfe0dacc2.jpg"
                },
                "stat": {
                    "aid": 928983663,
                    "view": 3748016,
                    "danmaku": 60189,
                    "reply": 4137,
                    "favorite": 62976,
                    "coin": 90673,
                    "share": 8899,
                    "now_rank": 0,
                    "his_rank": 17,
                    "like": 133497,
                    "dislike": 0,
                    "vt": 0,
                    "vv": 3748016,
                    "fav_g": 0,
                    "like_g": 0
                },
                "dynamic": "今年的第一个长篇实况, 持续更新!",
                "cid": 288917423,
                "dimension": {
                    "width": 1920,
                    "height": 1080,
                    "rotate": 0
                },
                "short_link_v2": "https://b23.tv/BV1oT4y1P7oE",
                "cover43": "",
                "tidv2": 2079,
                "tnamev2": "其他游戏",
                "pid_v2": 1008,
                "pid_name_v2": "游戏",
                "bvid": "BV1oT4y1P7oE",
                "season_type": 0,
                "is_ogv": false,
                "ogv_info": null,
                "enable_vt": 0,
                "ai_rcmd": null,
                "rcmd_reason": "C菌出品2月新番！"
            },
            {
                "aid": 373821965,
                "videos": 1,
                "tid": 17,
                "tname": "单机游戏",
                "copyright": 1,
                "pic": "http://i0.hdslb.com/bfs/archive/e970dd5b97c92fa902de1e6bccdf64de7af445a0.jpg",
                "title": "91年设计超绝动作游戏 但难度太高很难通关",
                "pubdate": 1611460816,
                "ctime": 1611317176,
                "desc": "囧的呼唤B面 系列 \n感谢大家的批评和监督。视频本质其实为娱乐休闲视频，勿作为科普视频参考，更不是什么所谓的硬核视频。 \n本期视频文案部分的客观事物内容参考wiki百科和百度百科，引用百科参考词条包括：Battletoads，rare，tradewest\n本期视频引用画面出处来自 \n1:37-1:47     Battletoads Walkthrough/Gameplay NES HD 1080p \n11:43-11:49  the rareware-microsoft buyout in a nuts",
                "state": 0,
                "duration": 943,
                "rights": {
                    "bp": 0,
                    "elec": 0,
                    "download": 0,
                    "movie": 0,
                    "pay": 0,
                    "hd5": 0,
                    "no_reprint": 1,
                    "autoplay": 1,
                    "ugc_pay": 0,
                    "is_cooperation": 0,
                    "ugc_pay_preview": 0,
                    "no_background": 0,
                    "arc_pay": 0,
                    "pay_free_watch": 0
                },
                "owner": {
                    "mid": 122879,
                    "name": "敖厂长",
                    "face": "https://i2.hdslb.com/bfs/face/71d85b84b0b2aa59009cd6af09b53aac309c3461.jpg"
                },
                "stat": {
                    "aid": 373821965,
                    "view": 2217707,
                    "danmaku": 7187,
                    "reply": 2784,
                    "favorite": 12563,
                    "coin": 44061,
                    "share": 1566,
                    "now_rank": 0,
                    "his_rank": 18,
                    "like": 143360,
                    "dislike": 0,
                    "vt": 0,
                    "vv": 2217707,
                    "fav_g": 0,
                    "like_g": 0
                },
                "dynamic": "",
                "cid": 285951192,
                "dimension": {
                    "width": 1920,
                    "height": 1080,
                    "rotate": 0
                },
                "short_link_v2": "https://b23.tv/BV18o4y1R7xF",
                "cover43": "",
                "tidv2": 2079,
                "tnamev2": "其他游戏",
                "pid_v2": 1008,
                "pid_name_v2": "游戏",
                "bvid": "BV18o4y1R7xF",
                "season_type": 0,
                "is_ogv": false,
                "ogv_info": null,
                "enable_vt": 0,
                "ai_rcmd": null,
                "rcmd_reason": "童年游戏！玩过的小伙伴举手"
            },
            {
                "aid": 713750958,
                "videos": 1,
                "tid": 138,
                "tname": "搞笑",
                "copyright": 1,
                "pic": "http://i1.hdslb.com/bfs/archive/feccdb43ec55230efcd279084856054e0de32089.jpg",
                "title": "我 真 是 公 主 ！",
                "pubdate": 1611549618,
                "ctime": 1611520570,
                "desc": "-",
                "state": 0,
                "duration": 79,
                "mission_id": 15709,
                "rights": {
                    "bp": 0,
                    "elec": 0,
                    "download": 0,
                    "movie": 0,
                    "pay": 0,
                    "hd5": 1,
                    "no_reprint": 1,
                    "autoplay": 1,
                    "ugc_pay": 0,
                    "is_cooperation": 0,
                    "ugc_pay_preview": 0,
                    "no_background": 0,
                    "arc_pay": 0,
                    "pay_free_watch": 0
                },
                "owner": {
                    "mid": 587618113,
                    "name": "姚姚不是P30",
                    "face": "https://i1.hdslb.com/bfs/face/f7dfb91a42f081980339cde0874f56ddcc9750b6.jpg"
                },
                "stat": {
                    "aid": 713750958,
                    "view": 5091841,
                    "danmaku": 5473,
                    "reply": 3314,
                    "favorite": 17489,
                    "coin": 19322,
                    "share": 20530,
                    "now_rank": 0,
                    "his_rank": 15,
                    "like": 295306,
                    "dislike": 0,
                    "vt": 0,
                    "vv": 5091841,
                    "fav_g": 0,
                    "like_g": 1
                },
                "dynamic": "",
                "cid": 287158642,
                "dimension": {
                    "width": 1080,
                    "height": 1920,
                    "rotate": 0
                },
                "short_link_v2": "https://b23.tv/BV1SX4y1K7Ee",
                "cover43": "",
                "tidv2": 2154,
                "tnamev2": "剧情演绎",
                "pid_v2": 1021,
                "pid_name_v2": "小剧场",
                "bvid": "BV1SX4y1K7Ee",
                "season_type": 0,
                "is_ogv": false,
                "ogv_info": null,
                "enable_vt": 0,
                "ai_rcmd": null,
                "rcmd_reason": "妈妈就不是小公主了吗"
            },
            {
                "aid": 798897669,
                "videos": 4,
                "tid": 17,
                "tname": "单机游戏",
                "copyright": 1,
                "pic": "http://i1.hdslb.com/bfs/archive/fb1a721f328988b35f962767fc34ab6bae671ab7.jpg",
                "title": "【散人】国产恐怖精品《纸嫁衣》 拯救媳妇之旅（完结共4P）",
                "pubdate": 1611821591,
                "ctime": 1611821592,
                "desc": "寒假到了，给大家带来一部超刺激恐怖的游戏。这游戏很多人私信推荐的，剧情扑朔迷离，希望大家喜欢。\n欢迎收藏三连，持续更新中。",
                "state": 0,
                "duration": 9488,
                "mission_id": 15777,
                "rights": {
                    "bp": 0,
                    "elec": 0,
                    "download": 0,
                    "movie": 0,
                    "pay": 0,
                    "hd5": 0,
                    "no_reprint": 1,
                    "autoplay": 1,
                    "ugc_pay": 0,
                    "is_cooperation": 0,
                    "ugc_pay_preview": 0,
                    "no_background": 0,
                    "arc_pay": 0,
                    "pay_free_watch": 0
                },
                "owner": {
                    "mid": 168598,
                    "name": "逍遥散人",
                    "face": "https://i1.hdslb.com/bfs/face/8a5de2d7486251e80307d8600cbf8649eb4035fe.jpg"
                },
                "stat": {
                    "aid": 798897669,
                    "view": 11626397,
                    "danmaku": 186773,
                    "reply": 11698,
                    "favorite": 148702,
                    "coin": 218703,
                    "share": 60387,
                    "now_rank": 0,
                    "his_rank": 13,
                    "like": 376348,
                    "dislike": 0,
                    "vt": 0,
                    "vv": 11626397,
                    "fav_g": 10,
                    "like_g": 0
                },
                "dynamic": "寒假到了，给大家带来最近最火热的国产恐怖游戏《纸嫁衣》，一起来探险解谜吧！",
                "cid": 288881220,
                "dimension": {
                    "width": 1920,
                    "height": 1080,
                    "rotate": 0
                },
                "season_id": 5878637,
                "short_link_v2": "https://b23.tv/BV1Dy4y117Vs",
                "pub_location": "天津",
                "cover43": "",
                "tidv2": 2064,
                "tnamev2": "单人RPG游戏",
                "pid_v2": 1008,
                "pid_name_v2": "游戏",
                "bvid": "BV1Dy4y117Vs",
                "season_type": 0,
                "is_ogv": false,
                "ogv_info": null,
                "enable_vt": 0,
                "ai_rcmd": null,
                "rcmd_reason": "全程看完这怕不是个搞笑游戏"
            },
            {
                "aid": 798787524,
                "videos": 4,
                "tid": 172,
                "tname": "手机游戏",
                "copyright": 1,
                "pic": "http://i1.hdslb.com/bfs/archive/36e954b84b25cb34dca0fc5c6d9632b82b3c2c72.jpg",
                "title": "《原神》互动视频- 偶像的治愈魔法",
                "pubdate": 1611321301,
                "ctime": 1611321301,
                "desc": "这样的话，与你的距离应该会更近些吧？",
                "state": 0,
                "duration": 277,
                "rights": {
                    "bp": 0,
                    "elec": 0,
                    "download": 0,
                    "movie": 0,
                    "pay": 0,
                    "hd5": 0,
                    "no_reprint": 1,
                    "autoplay": 0,
                    "ugc_pay": 0,
                    "is_cooperation": 0,
                    "ugc_pay_preview": 0,
                    "no_background": 0,
                    "arc_pay": 0,
                    "pay_free_watch": 0
                },
                "owner": {
                    "mid": 401742377,
                    "name": "原神",
                    "face": "https://i2.hdslb.com/bfs/face/853c4a846793dfbdafd8f16a40d6d8065bdb7c6f.jpg"
                },
                "stat": {
                    "aid": 798787524,
                    "view": 3114172,
                    "danmaku": 29301,
                    "reply": 9279,
                    "favorite": 85296,
                    "coin": 106978,
                    "share": 37220,
                    "now_rank": 0,
                    "his_rank": 14,
                    "like": 271567,
                    "dislike": 0,
                    "vt": 0,
                    "vv": 3114172,
                    "fav_g": 0,
                    "like_g": 0
                },
                "dynamic": "#互动视频##原神# #米哈游# #miHoYo# #芭芭拉#《原神》互动视频- 偶像的治愈魔法",
                "cid": 285809643,
                "dimension": {
                    "width": 1920,
                    "height": 1080,
                    "rotate": 0
                },
                "short_link_v2": "https://b23.tv/BV1jy4y117H2",
                "pub_location": "上海",
                "cover43": "",
                "tidv2": 2064,
                "tnamev2": "单人RPG游戏",
                "pid_v2": 1008,
                "pid_name_v2": "游戏",
                "bvid": "BV1jy4y117H2",
                "season_type": 0,
                "is_ogv": false,
                "ogv_info": null,
                "enable_vt": 0,
                "ai_rcmd": null,
                "rcmd_reason": "有谁不爱芭芭拉？"
            },
            {
                "aid": 331322251,
                "videos": 1,
                "tid": 213,
                "tname": "美食测评",
                "copyright": 1,
                "pic": "http://i2.hdslb.com/bfs/archive/31f0b2ee85da020a27840bfc16fae43e35b2fd50.jpg",
                "title": "试吃“拖鞋鱼”，世界上最懒的鱼，出锅后鲜香麻烦吃的非常上头",
                "pubdate": 1611734419,
                "ctime": 1611672845,
                "desc": "今天真的吃烤拖鞋了，三连能否安排一波，感谢感谢",
                "state": 0,
                "duration": 592,
                "mission_id": 15844,
                "rights": {
                    "bp": 0,
                    "elec": 0,
                    "download": 0,
                    "movie": 0,
                    "pay": 0,
                    "hd5": 0,
                    "no_reprint": 1,
                    "autoplay": 1,
                    "ugc_pay": 0,
                    "is_cooperation": 0,
                    "ugc_pay_preview": 0,
                    "no_background": 0,
                    "arc_pay": 0,
                    "pay_free_watch": 0
                },
                "owner": {
                    "mid": 476704454,
                    "name": "小文哥吃吃吃",
                    "face": "https://i2.hdslb.com/bfs/face/a70aa74915d9e1e3282312b2b6759bc4aae1ed18.jpg"
                },
                "stat": {
                    "aid": 331322251,
                    "view": 1554515,
                    "danmaku": 8155,
                    "reply": 1702,
                    "favorite": 6296,
                    "coin": 37971,
                    "share": 1132,
                    "now_rank": 0,
                    "his_rank": 40,
                    "like": 127875,
                    "dislike": 0,
                    "vt": 0,
                    "vv": 1554515,
                    "fav_g": 0,
                    "like_g": 5
                },
                "dynamic": "今天真的吃“烤拖鞋”了 #印鱼# #海鲜#",
                "cid": 288029655,
                "dimension": {
                    "width": 1920,
                    "height": 1080,
                    "rotate": 0
                },
                "season_id": 1719,
                "short_link_v2": "https://b23.tv/BV1sA411p7Jw",
                "pub_location": "福建",
                "cover43": "",
                "tidv2": 2149,
                "tnamev2": "美食制作",
                "pid_v2": 1020,
                "pid_name_v2": "美食",
                "bvid": "BV1sA411p7Jw",
                "season_type": 0,
                "is_ogv": false,
                "ogv_info": null,
                "enable_vt": 0,
                "ai_rcmd": null,
                "rcmd_reason": "鲜香麻烦非常上头"
            }
        ]
    }
}